candidate,index,out_v,error_v,s_common_v,s_ratio_v,s_rs_v,s_rd_v,original_realization_id
R37,1000,0.5146791602530518,0.014679160253051826,-0.40261518385562556,0.21984883290285312,0.018541240975040348,-0.4211564248306659,e62c1011922f87a66204b9e3678ca92dcb06a8da914ace4203cf85118121eab2
R37,1001,0.4903199436310455,-0.009680056368954526,-0.4210085289940392,0.23124158206229117,0.020737317565271602,-0.44174584655931076,5c67149564ed4eaac576e07fa7ed3801778f2f5a3f10c75725cc214790edd942
R37,1002,0.502202198440356,0.0022021984403559625,-0.41204457198432876,0.2256892804189196,0.019666994426755208,-0.431711566411084,3ccaa9edfd0fb67e7ec2466332eb8c9703e859880e9db19dddadc69e07797c7f
R37,1003,0.47868030532323647,-0.021319694676763534,-0.4297402490009279,0.23668345420823889,0.021813329707774953,-0.45155357870870283,1c04ba63874c976a25da86b41b5495992df19c44d784761c3ff1087a560f47c8
R37,1004,0.5183202968722798,0.018320296872279762,-0.39980970042566194,0.21816155411924618,0.018256703906415192,-0.41806640433207715,5bf8b41ba06ff981fc787c3a0260650c60582664301c31bcabf01cbbcb93c200
R37,1005,0.48584690624868543,-0.014153093751314572,-0.4243714731672872,0.23333290287722447,0.021147166293580905,-0.44551863946086806,34ab8ef930b0b7e54f93c2b37d8e72a641e69d7e6b6b6998a9df06d79b496eea
R37,1006,0.4848541282497769,-0.015145871750223083,-0.4251179974211957,0.23379634006854227,0.02123734135794444,-0.44635533877914013,9923e5b5d1f6be42342f6f9e774ebdb3612d32ed70db61bb03d21dfd147f8a77
R37,1007,0.4806393972269405,-0.01936060277305951,-0.4282824812601802,0.23576526111076784,0.02162402048067772,-0.44990650174085794,e7f466dd5219d5a657cd0ff650e616ee88c78a4583526988a33c583fd28e94fe
R37,1008,0.4942212632683505,-0.005778736731649525,-0.41806832497241575,0.22941989567920495,0.02038573319299709,-0.43845405816541283,708a088185e2777c8e5f400f127a0d6f775d6440cd80aba08722f6536fe24712
R37,1009,0.5159220817357844,0.015922081735784355,-0.4016382906584617,0.21927781302190308,0.018458667692672213,-0.4200969583511339,37064667c81af66cefe26765876a756001a896e6752e4be95c85c8bad44f3228
R37,1010,0.5112602378981925,0.011260237898192527,-0.4051792646779704,0.22145819985499077,0.018868567516005588,-0.42404783219397596,415f517ea2946b03492155e6089176b714ceab83896995f239133efe12d93753
R37,1011,0.48031792420472375,-0.019682075795276255,-0.42853770642385897,0.23591044726427438,0.021641594052344875,-0.45017930047620386,783e9082bd5d29de3ee6b9f45d8b63fa3b5bf542233cbe99fea330124c0224ab
R37,1012,0.47986583844895114,-0.020134161551048857,-0.4288752279954312,0.2361219183770331,0.02168430437931751,-0.4505595323747487,8e1382fe45f633555fb35c452f9fffdcf42c4ed231027a05641aaf918e6985c3
R37,1013,0.47624206257436885,-0.023757937425631148,-0.4315537952426069,0.23782498363145002,0.02204808601014657,-0.45360188125275347,ab45a277d9f19503f3131520aad66abfe7b689e1c903d5c3e3a69196217e5665
R37,1014,0.5097791048476896,0.009779104847689624,-0.40627545176130797,0.22215922218531603,0.01902149630466207,-0.42529694806597,c687caaa10e7fb3a5de25abf0b94a3362bd032f2dd21a9bee6ff4d9767d8f03b
R37,1015,0.48066753063812895,-0.019332469361871052,-0.4282960984091473,0.23573898665725018,0.02159093745267652,-0.4498870358618238,56436130d2a78866187d33b176b06ad06c36a1318c430a85a44f3c1caaa7c253
R37,1016,0.48220030938951775,-0.017799690610482255,-0.4270952336174667,0.23504157083821092,0.021493954029477545,-0.4485891876469443,2579480438b35ab0bd25e170b2a1780e830f921db9962f1cbdb4ba7d74626f55
R37,1017,0.49666010481401357,-0.00333989518598643,-0.4162164904594742,0.2282849960844729,0.02017675085473578,-0.43639324131421,9f208f21ca6f7fe0d70a416e343487bcdec1941d1763048b97a06c7beaae3d8c
R37,1018,0.5099518367639548,0.009951836763954836,-0.4061584815431525,0.22207450088366076,0.018995260112084543,-0.425153741655237,f513371f63fecfeaeecba2953defa58d916429f6a8b6eb4609e598153d2d38c3
R37,1019,0.5351983901560189,0.03519839015601889,-0.3869355643316069,0.2102754235489871,0.01680764138318366,-0.40374320571479055,38f10c3e7b3933dc3a059fc701c4e98c88fa0e987b4e3dd9c9bef094f79ddcbf
R37,1020,0.5099387836758695,0.009938783675869534,-0.4061993745895525,0.22206847790704257,0.01896879061226629,-0.4251681652018188,b11f0977485bde06d3ea1a35d1fad8e22758701c30e61bbe21cc2d3f1c48307d
R37,1021,0.5086546414934678,0.00865464149346784,-0.4071471110879708,0.22267896234154114,0.019105406797555746,-0.42625251788552654,f46122a0a793264aa170a75cf04bdbfa0d297aa8273750874da5ceb06da19e72
R37,1022,0.5187962032101983,0.01879620321019826,-0.39944463046885553,0.21794014489745586,0.018217829663028078,-0.41766246013188363,fdb0d14fe06709131f4ec63222ab03fd7bc2ab9ac87a611203f0ee2da207e84d
R37,1023,0.511125511291944,0.011125511291943946,-0.40524310295624766,0.2215335521813407,0.018912000703216865,-0.4241551036594645,6cc5da5906e0cba90d20fb839219af36ea6316070c4f32c73e3b5dd655678546
R37,1024,0.5013612895790616,0.0013612895790615642,-0.4126882486246675,0.2260811013395532,0.019736977027219462,-0.43242522565188696,df9a3112c78138e1b01a3f6ee3f2c7056f9a67982d948901c8b1ce9dee59f6b5
R37,1025,0.4865133089735669,-0.013486691026433073,-0.42390174081192367,0.23300971254025943,0.0210588421342976,-0.44496058294622126,7a6ec8a73ef2e1ad0578fcbae6fea396b1a29712cfcd2161c7477e0d399d7fb8
R37,1026,0.5109193195713939,0.010919319571393915,-0.40542067228618134,0.2216235416515768,0.018913205508486113,-0.42433387779466747,e5732a5459371cb49287c6de2e281316d169ac8f3ab466d50d439b14fe2ed984
R37,1027,0.5234703526288309,0.023470352628830904,-0.39588600918705585,0.21575626803958503,0.017813263446057128,-0.41369927263311296,7d475d42e1f591aa2330f1926b156152cfdc57bbbe03df30bc80b07a3ca1c056
R37,1028,0.5146101096215654,0.014610109621565393,-0.40264272195762635,0.21988829971219123,0.018566938733378082,-0.4212096606910044,032a2d0720eea3d7e4f8b967a1b9e70110b48cc9e79ae88ce2d37d4ab999190c
R37,1029,0.5096137464358086,0.00961374643580859,-0.40640993012275667,0.2222324740675888,0.0190275090062105,-0.42543743912896714,9f1f481c9fbde9ff3bd54bf295ff805f6d48684878fc3c1197aa060d9c48cb83
R37,1030,0.517984906952824,0.017984906952823954,-0.4000924723983308,0.21830865307883046,0.018262416879665063,-0.41835488927799586,a95426272b8b3fb5253db344ef7a272bd11bdafac4a9e92ce3bb276452a8a585
R37,1031,0.5131608127388374,0.013160812738837402,-0.4036962163234103,0.22058353691885277,0.018735428757147624,-0.4224316450805579,d89165d9e183d2f9cace4346dcf00b74e212666b8d64428029f2573b52500491
R37,1032,0.5158436180081278,0.015843618008127835,-0.4017107975920428,0.2193135849861593,0.018458186190137903,-0.4201689837821807,cbd0fd7685238342a51ff138633502ff3e33061949ab01b80473bd425457cd89
R37,1033,0.5142797096486489,0.014279709648648886,-0.40287064634960745,0.22005320265520756,0.01861787948040382,-0.4214885258300113,b4e6b8f51cfed74893b3b731bb22af6dd02fbe8867215ea3e5bd517cfa7f5078
R37,1034,0.48492998048555,-0.015070019514449973,-0.42505742834377064,0.23376256497332246,0.021233850801437148,-0.4462912791452078,e437a9a90902def137b73d891ed64df1d9464a65f82962093964b7bc50a1c3ba
R37,1035,0.492388306374022,-0.007611693625978022,-0.41942764888548273,0.23028422705939192,0.020570402616650576,-0.4399980515021333,2536f04ae312e1f2e2f862be00770172f10605657073458337e578d73659230a
R37,1036,0.4750747891761429,-0.024925210823857125,-0.4324660764969215,0.23835843111552862,0.022125392867067908,-0.45459146936398936,da3f6686b64229cd1c15701ede1fc253d9155549bd712c45bb4438ae3bacbf1a
R37,1037,0.4852896277547707,-0.014710372245229308,-0.42482501812173384,0.23358062919124725,0.021168120130380337,-0.4459931382521142,81b036b10dde30e545e460a935bc3994f2715bd1485debc494e935df813d736c
R37,1038,0.5074468183805165,0.007446818380516529,-0.4080449075047758,0.22324900957483937,0.019226555822451485,-0.42727146332722726,16e2ffd891d757b0aa105cb5f4b54392ac471e22a839df7099967643a628a6d2
R37,1039,0.4908392818553735,-0.00916071814462649,-0.4206614707854514,0.23098037077636105,0.020649635383635356,-0.44131110616908675,40bc4304838f45e64918759ab894b8ce2823713759ebf9d2fc644c8c906e3d10
R37,1040,0.5107058936827991,0.010705893682799061,-0.4056034258787951,0.22171585967822047,0.018914146738822912,-0.424517572617618,36bb075b148268779752a1fcc0af3c5a97d5ca44dedd2784707ab06659bed593
R37,1041,0.49298743265981737,-0.007012567340182629,-0.41900142472510543,0.22999537328464906,0.02049466092209636,-0.4394960856472018,93c89e6b15600786b843223f7444af8de69ce953e65d03b4dd4811229d35ee16
R37,1042,0.5110607487442125,0.011060748744212479,-0.4053729978847333,0.22153501766264802,0.01884851872028139,-0.42422151660501467,dfd5a4c1097795802d27770a7ea546a6a768472231a058cfa9638b3569efc28e
R37,1043,0.5163080118842007,0.016308011884200724,-0.401317750892449,0.21910873937413752,0.01844986392791302,-0.419767614820362,b8e889675e29f337dd7b378b9d59a550a199ee3982b26fb48a1472551f6fa36a
R37,1044,0.4620900871269371,-0.03790991287306289,-0.44220083937451604,0.24440220654370487,0.023301786856446877,-0.4655026262309629,7d88ed248be365d4dd102b20975e46ed71c21198448005cb74af80cce5be9ed2
R37,1045,0.4832361164388068,-0.016763883561193182,-0.4263683586025795,0.2345393998084917,0.021355220507201945,-0.44772357910978144,bd02b6f4179ec2c539d3fc8bafe059271a158f69a1612a6f4277ca967ed4d660
R37,1046,0.479391329302274,-0.020608670697725984,-0.42924723851348295,0.23633778354065402,0.021714164283912547,-0.4509614027973955,ed899b733b953d3c1f40c18db86c40c4ade07039790ce56b65e09c5f53ecfe4b
R37,1047,0.47687232772737964,-0.02312767227262036,-0.4311448565754734,0.23751067294436135,0.021938244656624643,-0.45308310123209805,3f51ba36235e46d70726caf617842bfcf960c912afdbbc0a4ba71ebfddcac79f
R37,1048,0.4792150137791551,-0.020784986220844903,-0.42934706413953433,0.23642874447769044,0.021755212407923285,-0.4511022765474576,8340e587cd68a57f38e065473181ee6ffea317d414726c8903951908ec95706c
R37,1049,0.49023980412028045,-0.009760195879719546,-0.42110053753074705,0.23126792634121818,0.020717657575844647,-0.4418181951065917,4e88ee3ba1d41acbbbedfef99c4758a043ac6994e3f1e3bef44cad3fca3263d6
R37,1050,0.5233569801116496,0.02335698011164955,-0.39599001524092264,0.21580369327565382,0.017808685655192526,-0.41379870089611515,64fdd8efedb16bd859c7154cbbd85205fb578c588f5b7de774924cb9edf8eaa8
R37,1051,0.4957549871842968,-0.00424501281570322,-0.41692074848947747,0.22870016408843447,0.020239789843695722,-0.4371605383331732,09282069eacf5b7438c0f2abae7b130a89bc704dbc63f22129239b88120e1dfb
R37,1052,0.5268927646448653,0.02689276464486534,-0.3932911266209037,0.214152607958412,0.01750704464796014,-0.41079817126886387,9a57678998f26f02008cd42d63259836b30f92eb53427805c606013c105d1aca
R37,1053,0.4844185881722003,-0.015581411827799707,-0.4254826049318467,0.23398813669059346,0.021246834224670115,-0.4467294391565168,68d7b3c14b11899f47c9770ddbb047f9afe9684a865236a3df0e0f2201563bd2
R37,1054,0.4942344382805377,-0.005765561719462298,-0.41811219607791744,0.22939089294955214,0.02033479491059341,-0.43844699098851087,11f2c374431f11297dd97dc23a2c538f346c9848f4d3232952e1bedfbe258ac7
R37,1055,0.5088478742905036,0.008847874290503599,-0.40701217127802536,0.22258411372270648,0.01907802808369379,-0.42609019936171916,86fe4acb408641906335006575a6322039b99af0d59e950800a533160ebcd1ae
R37,1056,0.523412512142732,0.02341251214273199,-0.39592117314158365,0.21578599854946448,0.017825411978672677,-0.4137465851202563,606ab44f3b48aa5b7ea2863b8978f3582dafe2a8218a05716b9330dfbe7dcb12
R37,1057,0.4819242305584466,-0.018075769441553424,-0.42732539961708105,0.23516210726734693,0.02149940745880643,-0.44882480707588746,12b9b8e6ecf5b81c29a64914752d7c9fa8dfd531bf23886984ff8499cca9d63a
R37,1058,0.4689691555109379,-0.031030844489062126,-0.4370229289889573,0.2412103496355165,0.022698885141037857,-0.45972181412999513,cd5045648ff04b60ae3378493748c8908502ed74101d87e1242eba74a87c5225
R37,1059,0.49297550157968195,-0.007024498420318048,-0.419057138999243,0.22998315312722467,0.02045458362760319,-0.4395117226268462,98fde14794aea847b8f10f5a95ab173cf2949931502a5f2ae793095a3709a220
R37,1060,0.47312935568670134,-0.026870644313298664,-0.4338845087646766,0.23927866498854203,0.02233641060620371,-0.45622091937088033,d71ebbc8abc736e7443253208829815208e9ae2cc55e577b329ca1c3dc2b61ed
R37,1061,0.5124711936608437,0.012471193660843705,-0.40425628546176645,0.22089414404809496,0.01876600131721173,-0.4230222867789782,eb0f65062f3e1131c16c189e6f9e563f9fdd926745c3269dd93b7e228f1d730a
R37,1062,0.4821118624347118,-0.017888137565288176,-0.42713325980077,0.2350912135128272,0.021524583612442177,-0.4486578434132122,2417207186adcd5b5e46400ce3f900ba23a737822f90ceea295992eed841f74b
R37,1063,0.5146439442139201,0.014643944213920124,-0.4026108003523161,0.21987701286432398,0.01857161268816593,-0.42118241304048204,f0f12e8567f17c2a8b36df534028bd493c70813370d9e12844d74575495c2447
R37,1064,0.47206372538478103,-0.02793627461521897,-0.4347045333644929,0.2397687539063817,0.022416487224135254,-0.45712102058862814,32a2adbf2f657d95b8dbe845d64cc67fac9fb5fa89b16e98c3bb5b7a7c7e4336
R37,1065,0.4903650997632716,-0.009634900236728416,-0.4209763028513741,0.23122167339393374,0.020733521968246658,-0.4417098248196208,c8cc13e1e2b9ac362e8f5ac45479ddc93836c92fac87eec6ed4e84edc9280d7b
R37,1066,0.4685204367530509,-0.031479563246949116,-0.43738339170528034,0.24140880046749422,0.022717104614854055,-0.4601004963201344,ed252da499bfd7d61f00aa053a0792bafc75655624466eff4a34fed7771aeae7
R37,1067,0.5261381558237996,0.026138155823799636,-0.39382647777381374,0.21451700280351998,0.017603763916613117,-0.41143024169042686,ac6a453c8aa341fd34d085cc145e22a1de7ba7aab324654e24cdfc4e113a93da
R37,1068,0.5011908170332842,0.0011908170332841639,-0.41281530552137835,0.22616133942194455,0.0197536866612554,-0.4325689921826337,788eaf4d7b470cfc9950db261b6e3d59388bc33ccc7b10cfaaab96d4b635a401
R37,1069,0.5153681497434317,0.015368149743431703,-0.402047283266916,0.21954299991030904,0.018519358276851042,-0.42056664154376705,3818455fd8467c8e78af2612e43afe549f01ac26e6a586d4c1d6d74ffe103116
R37,1070,0.5135935951304818,0.01359359513048175,-0.403403631438835,0.2203699786277211,0.01866816290830358,-0.4220717943471386,7fadc5caac7dc7fc86070fd086320eee6255b20bbd6aef24250745b80cdcbeb9
R37,1071,0.5103396351866443,0.01033963518664427,-0.4058974870606519,0.22188159574534455,0.01893285221501859,-0.4248303392756705,cf993a46a3eab552fc58bf3df6b1661dc2fd378bfbce6d0b5ef6ac9a5a3dbfd9
R37,1072,0.5028701767310431,0.0028701767310430615,-0.41154333668631243,0.22537675501490348,0.019605086671747284,-0.4311484233580597,588b60f960d58c82f9a34ad857ad5c92ca030382e7f6d5212e25499434388c79
R37,1073,0.5066152422057892,0.00661524220578924,-0.4087183014396875,0.22362148997654938,0.019262339256705608,-0.42798064069639313,f25b0ec4ad87a61973d9f9a41070608788c638693b0b0276fa09fd932ff6a978
R37,1074,0.4993021132647901,-0.0006978867352098739,-0.4142428130532838,0.22704361874619255,0.01992221221955064,-0.43416502527283446,73a3c5b56beefb70716a528cd01afc2b9f4557afcbdc93c7253c43dd0c3a66f7
R37,1075,0.4576116148815381,-0.04238838511846188,-0.44545693861692365,0.24651465698272526,0.02378618767426344,-0.4692431262911871,2051dc8d5d917169a29cf8ec4e3a8567c9c0b0f99520b23482fa4386c6488fb1
R37,1076,0.5108336937341837,0.010833693734183747,-0.4055280901985334,0.2216437664521464,0.018879721352879696,-0.4244078115514131,1e019274fe9de673f1fff933a2f494b44cb33291ae268d76bad4eb5f96dad713
R37,1077,0.5186263915065374,0.018626391506537443,-0.39958827814713926,0.2180137616416588,0.018219622568089167,-0.41780790071522844,51e0cce1a799b338ee2409ee4c6d4a00a0ba671ffb51ff1fcf664e51c7848f06
R37,1078,0.4879590111877645,-0.012040988812235476,-0.42279987818952586,0.23234137443670885,0.02094143534194591,-0.4437413135314718,04ced2d44dbd8f121b732db238647d884d0f1b1980d162889aa13990d3d623fe
R37,1079,0.5127929308016093,0.012792930801609259,-0.40401584307805943,0.22074218270167764,0.018734261162647925,-0.42275010424070736,b5fe96dfc2e2ab6de67f5ec4581ece16e984b8c0c09216c6462616b63e8890f6
R37,1080,0.5141112935827006,0.01411129358270058,-0.4029950771833552,0.22013139505092252,0.018633856459244938,-0.4216289336426001,b48a239c3ad3018fd5f0b5aacbf3c5b21e706d973a64344ea720d3211131982d
R37,1081,0.4910762007248779,-0.008923799275122102,-0.4204138043403779,0.23089783052213642,0.020690928351947493,-0.44110473269232536,7febb8bc558f219446cf2bc0974ee42ae3f4e47a633668811106aa7dd0a7b610
R37,1082,0.49182350083956217,-0.008176499160437833,-0.4198948002974592,0.23053407827319555,0.020586678124465952,-0.44048147842192514,4d1405fc8291dcb750253095a2816dbba59f61a196a052fd60a0e5f71c5f498b
R37,1083,0.4781341722366992,-0.021865827763300816,-0.43016870562047416,0.2369320107842222,0.02184765797398515,-0.4520163635944593,3b71a658334de6a2dfc48e0937c853bbb3bff2759eaa07fdac7895c3117157a0
R37,1084,0.5082405083903232,0.008240508390323198,-0.40748708686767965,0.22286366643497635,0.019120123001136496,-0.4266072098688162,201dc7b46b552cd8d35571ab7f0e7dc70899eaf9fd8c891c7d440f7a6ba97952
R37,1085,0.4843735797139057,-0.01562642028609429,-0.4255133996587803,0.23400924058783246,0.02125254075844231,-0.4467659404172226,c6e487baa454366dbaebb661ba34020c3eb113be8f1fb5eb65e4023d56874cc7
R37,1086,0.5048444983747911,0.004844498374791062,-0.41007784319792095,0.22444482389217185,0.019405902293211378,-0.42948374549113233,26648b60f84c2a3226b1bc4d62828715919a964ea30fb39260910f7a46ead2cd
R37,1087,0.4714717893514748,-0.028528210648525176,-0.4351528181335637,0.24004217381280615,0.022465764746024314,-0.457618582879588,0a3baedf55080ed62dccffca02cc82bb14dca25e03586b33d61adae61dd52c75
R37,1088,0.5086533070850532,0.008653307085053186,-0.40717062835276535,0.22266924035886107,0.019083926182478377,-0.42625455453524375,515f271a19fa3a29293a210eb431caefd487180bb6663775bfb47d76d0e3a26c
R37,1089,0.5030957847378679,0.0030957847378678682,-0.4113669143539388,0.22527138996924034,0.019587932792270925,-0.43095484714620974,44dc5fda4928378dc4fdb164a41de1799c34f4eb306f15cef9fd50befe06c060
R37,1090,0.5018789802181729,0.0018789802181728987,-0.412306557020903,0.225836213826071,0.01968293531561948,-0.4319894923365225,1716e88d765e2d53653282cc341738773a2fc237eb09c3072e6fa106670467e8
R37,1091,0.4988708801592381,-0.0011291198407619163,-0.41459535682050663,0.22723417071580848,0.019936492305555154,-0.4345318491260618,cbef300e93ed6775d532741b1ecbf26b8f53b568f460847e0a8a2cc6c08cfc4b
R37,1092,0.5061590666668256,0.006159066666825641,-0.40901491512664506,0.22385271443210128,0.019345256868778752,-0.4283601719954238,b47954d4f11c1d901b9a99387ddcd46ec3596cec0845c8e8f68094aa0af3abce
R37,1093,0.5215266869860962,0.021526686986096166,-0.39735453707269247,0.21666725278042462,0.017989984244078373,-0.41534452131677085,f704bd51069f219e89ee9474fab52c9bd03be3f713f200b5f1e3463d4affdd86
R37,1094,0.4803731046280584,-0.01962689537194162,-0.4284923948934773,0.2358855871086528,0.02163938966191416,-0.45013178455539143,8a6f6e5366929f204ea8ec95702815b4e6f625f20eaf08d9eb526e892a14a118
R37,1095,0.4941931864411715,-0.005806813558828505,-0.4181394290751538,0.22941638162009786,0.020346667082520965,-0.43848609615767475,13ce2ebdcb048b31e4e2c34ccb6713d1864bf892c8faa0cddf7451c1227f92cf
R37,1096,0.5185233190563621,0.018523319056362064,-0.3996488936961089,0.21806882403546352,0.01824437718740907,-0.41789327088351796,dccbd6e3b032b5b93806f4825cf4364c00209219ccc4d4e3f302bd02a4662d39
R37,1097,0.5047152394104717,0.004715239410471694,-0.4101509930154138,0.22451144904548975,0.01943595253778284,-0.42958694555319665,46282df6d5cd8ef819508a214a7b5819fe5f28efd11243a5008aaad5f0c2671a
R37,1098,0.5045061683987166,0.004506168398716648,-0.4102848706727527,0.22461858741877086,0.019476152082394525,-0.4297610227551472,24ca7fe23f47c495593f62c214de4c5249c07d6fd623ac0e8f14f5fdf36fe26b
R37,1099,0.4896682579765217,-0.010331742023478308,-0.42153931428532115,0.23153389554467588,0.020764238402015314,-0.44230355268733645,4e157dd9da5a6386905ad91f633696a9e415c7c7587b2d71199d696425e822d1
R37,1100,0.4824456971393043,-0.017554302860695703,-0.4269208924416737,0.23492142032157307,0.021460974100736243,-0.4483818665424099,ad58c571ba35e0cb4cfcca6c146412c90f8f31d75ad9407272e8487834680afd
R37,1101,0.5233749227442543,0.023374922744254345,-0.3959776165378225,0.21579495122820813,0.017806142959296892,-0.4137837594971194,c1e913c8939a1773f560e07a4c1a868c185b0a726adc299e21ccb0870cf5570d
R37,1102,0.4955799419243494,-0.004420058075650601,-0.41706531809628133,0.22877667272401947,0.020244013675878792,-0.43730933177216014,843d12fc001b0e47f1be437141fe80109f753d65240bfbf8cf2f08b1fbc935d0
R37,1103,0.5072483149334186,0.007248314933418598,-0.40823673895463436,0.22332883644323995,0.01921046696592276,-0.4274472059205571,d958de6fc6365a85f3b9b0c63a8e4c8fb88d81894c915a1bed9e2b1593079286
R37,1104,0.5025891006694461,0.002589100669446065,-0.4117560382834813,0.2255076753801386,0.019629656238397953,-0.43138569452187925,1cf6a0aafa1179c7d69515eddbf9c16b6761f50865092e4c2aa0af16ffb18d54
R37,1105,0.5058556311815996,0.0058556311815995965,-0.40923717753993216,0.22399654144263986,0.019377952672673778,-0.42861513021260594,5b88301585b1e60ea9bfa573b35648bf13acd9c4418bba371079dcc3dc567c0e
R37,1106,0.49722434412390104,-0.002775655876098959,-0.4158311026990126,0.22800482269425887,0.020089271344752604,-0.43592037404376516,ab5d08b4f93d0607a62f34680cfc7fba89ca28c8eba6ac5941d5f0cfcb87ecb8
R37,1107,0.4790655300020892,-0.02093446999791082,-0.4295031224147734,0.23648411055987134,0.02173254935248466,-0.45123567176725804,a9c09121c5d3070d390a311005a90bc8c6e22b4f57066e3593a70068aea66aeb
R37,1108,0.49571235138091274,-0.004287648619087259,-0.416960149192445,0.2287166885071125,0.02023661391089,-0.437196763103335,caf5249962f2dcd2ee94fb86b46911d7288e545a400b14550d82369304d0467b
R37,1109,0.5183188678489541,0.01831886784895409,-0.39980018054846067,0.21816554278971212,0.018265452515481805,-0.41806563306394245,796697d6eacd371add877e8d7479fa73310832cdfb9e7aa4bc49e0c0b1a33035
R37,1110,0.5041766096653628,0.004176609665362818,-0.4105817938501546,0.22475712296243872,0.01946622603736144,-0.430048019887516,edc042773c8fe4b7d4904bc745a70a29109a6b261b4ca4718e4d65b7ec058b29
R37,1111,0.4735535527047503,-0.026446447295249698,-0.4336256826067428,0.2390609162636768,0.02224807496030542,-0.4558737575670482,383a7749347a92a02395aff7a2b33384cac6f075673ca497933017074ea71d53
R37,1112,0.5055588105096342,0.005558810509634249,-0.40949137003232894,0.22412630980747078,0.019380624791306283,-0.42887199482363525,01dda93eb4ff3a85daadcc711da8890fc9d6920f79eb5bbc02b80ee25a768e08
R37,1113,0.49235705531089446,-0.007642944689105535,-0.41947070275538095,0.23029173773775144,0.020556386360060967,-0.4400270891154419,0226dadab7825e25902598f91713734fb5d60a34a2238767156fa742e165f503
R37,1114,0.4701705199497055,-0.02982948005029451,-0.4361044262589502,0.2406562241308815,0.022604011001406427,-0.4587084372603566,bbb62aa4070959e298546d86c867b942beb5e7b4761d4ff882f48f8f3b7ca9d3
R37,1115,0.5268452902788476,0.026845290278847633,-0.3933236192946291,0.21417451067264737,0.017512701025332807,-0.4108363203199619,830f4e2b7f677af797b6f8872308b1bf552f436927ac86542e2daf7823fc761a
R37,1116,0.511771349397842,0.011771349397841968,-0.4047957155014474,0.22121891517535539,0.018821057424631707,-0.4236167729260791,41c9871e061992ef2f6120d0639bd6a0ae95ee141350a347d48a070d0bda8b7c
R37,1117,0.508251532800553,0.008251532800553019,-0.4074637720784553,0.222863282310775,0.019131396271547356,-0.42659516835000266,d8a52f0dd83925511aa6a17d98a9eae86c14ece713b7ec4258c34b4cec05ca0a
R37,1118,0.5025116285024724,0.0025116285024724405,-0.41178464607649934,0.22555396679892908,0.019661643760679425,-0.43144628983717875,b082afc8616c986d6d3d88478d4d66721d29ecddcee18082586044e46bc409c2
R37,1119,0.4891727468086644,-0.010827253191335595,-0.4218641606833531,0.23178159689422406,0.020849516552547503,-0.4427136772359006,6f216544d10364835b693aafa37a420815990367c7e47a26b6e3c150ead8d5f4
R37,1120,0.5006350843452616,0.0006350843452616051,-0.4132533927930709,0.2264132530316275,0.019786556635092056,-0.43303994942816293,e433e2486986e063f1c078d1b7d07441a588743aeb70427106f48303b1c0f10c
R37,1121,0.5021283457421499,0.0021283457421499286,-0.41208128134771815,0.22573068036241267,0.019690039688553623,-0.43177132103627175,4cac1f048ce8cfc0eae62324609b678c92ba2534053a33a1b0533b24ea1bc421
R37,1122,0.5071395248699837,0.007139524869983704,-0.40831221462824874,0.22337979667655844,0.01922368936243405,-0.4275359039906828,b6f4426f163e768a638c297609de290bd75358b02ad0a7715770a5817a1ec0b3
R37,1123,0.5312194386357247,0.03121943863572474,-0.38992505118180265,0.21215066902456692,0.01718814343366558,-0.40711319461546824,ca353db713659804455bd0868846f56a2fdaa43dc190366052de58efbe016fbe
R37,1124,0.5155893247252723,0.015589324725272302,-0.4018944366839228,0.2194353451210297,0.01848812677906831,-0.4203825634629911,96a4d48ac68ab8a8b48309810860ddd707f57f806a887bfa33bb61cdc9bbdba9
R37,1125,0.5055866952602819,0.005586695260281882,-0.4094850487152227,0.22410864953881135,0.01936612518120003,-0.4288511738964227,7dcf8cd706156da46157449bc7a9763372e52900e80ed46e5667ed8a0d70c9b0
R37,1126,0.5256304681558517,0.025630468155851682,-0.3942347656616667,0.21474852967345714,0.017631146842623787,-0.4118659125042905,c4da9e94c416262c0300bc0e5ae7bf08827a0df0002c6a06fecc37aabbcbaf27
R37,1127,0.47601969208228323,-0.02398030791771677,-0.431762667052609,0.23791651134968583,0.022035177823381342,-0.45379784487599034,ffc8ee3cd55d6a4a33f4cf0edfebcc8156860e32819188f1ca3e0be917f83d46
R37,1128,0.4927830558024382,-0.007216944197561803,-0.41913723618994997,0.23009689767297922,0.020528279578004238,-0.4396655157679542,2fa1eab2fbc9e4757348c5b4d2617bf72a8e4ffe2ef902c495014e227bf471ae
R37,1129,0.5153609820561689,0.01536098205616887,-0.40207000169490476,0.219540616300371,0.018505615452918626,-0.4205756171478234,c81b48dc16af9892919fcefe0f4cbd413ce8c955a338bca610636f1c5cf51283
R37,1130,0.5340773481555854,0.034077348155585385,-0.38777558894905045,0.21080464866332702,0.0169168541888018,-0.40469244313785224,d343e8e21d253ae6cb6670ac9b581bdf0c299fa3054f49bb0a09a0cc68d5c7d0
R37,1131,0.5091109522513324,0.009110952251332405,-0.40683163450084164,0.2224545795596474,0.01903876230922659,-0.4258703968100682,3a3ab0918c2ef622c822268384ef8be58bcf914d04c17ceb15fcdc42c06ef692
R37,1132,0.470826763797934,-0.029173236202066022,-0.43560229079309426,0.24035486386192648,0.022553718465379326,-0.4581560092584736,a0b3b00eced0b7df002eed7f2028bd8701500e1077cd94c0739246673c4ebbe8
R37,1133,0.4787611098900477,-0.02123889010995228,-0.4297139416852464,0.2366341701203207,0.021777199277697504,-0.4514911409629439,18779360394b554157598edf2d62a92328b73a331c905b9baad2d2a8a9847ffa
R37,1134,0.5104822642070657,0.010482264207065661,-0.40577274626973353,0.22181859219692449,0.0189322190620577,-0.42470496533179125,39286fd2e538cfd9e3da8ca1d49a7bac088c570cedc228d883bfcd544c750db8
R37,1135,0.5283900610067849,0.028390061006784872,-0.3921190739351642,0.21346237891922776,0.017402841951645657,-0.40952191588680986,77434b926cbcdbc87ccb1348f617a351b2a78dd98a611cd44316a1952d79ae75
R37,1136,0.510760431802664,0.01076043180266395,-0.4055773346423095,0.22168603680839377,0.018897369487239007,-0.4244747041295485,d0f0cc3eede4445ef96e2261d2c98c3e29b7742a7747f8aa8ca6347bbfcdb205
R37,1137,0.49341967019416866,-0.006580329805831342,-0.41868085911632447,0.2297924136100764,0.020451984051914177,-0.43913284316823864,503fff7b6a50a281efbeaeb4078e50b00063f445e3516a62e1ca950ee4558cbe
R37,1138,0.4729755478315605,-0.027024452168439517,-0.434070884520216,0.23932676330318203,0.022291321043074002,-0.45636220556329005,fbd40508928d1104db142e704900edf9413e0952c88efea42da7001f107ed7b2
R37,1139,0.48278108977617373,-0.017218910223826267,-0.42667416648022655,0.23476353370247496,0.021426450462361673,-0.44810061694258824,ddd80ef94a5413ba36467ed449565df874e5d6eaeb7fa15f04d836dddc6a2dbc
R37,1140,0.4930188907627542,-0.0069811092372458194,-0.4189774385616917,0.2299814962372883,0.020492776956442492,-0.43947021551813414,f38cd6ed4c727fd318ca32c25c07707b7fdd04bdcaf1c2f7f8b6335fec40df7c
R37,1141,0.4832633096888903,-0.016736690311109692,-0.4263258186322547,0.23453523249685276,0.021372323180725416,-0.4476981418129801,6db2fadb01eedf832d57601024dccbdee5f85ce7876af5f9656d450d64e1b723
R37,1142,0.5040533175501711,0.004053317550171132,-0.41064062432003273,0.22482460923268374,0.019504297072667393,-0.4301449213927001,5218f734dd25b1155a2125eef6c6dbce5e0142fd60046aa924bf567c734fb3cf
R37,1143,0.4816449241423335,-0.018355075857666492,-0.42753096757359493,0.23529394328944445,0.021528459502646997,-0.4490594270762419,cb5447a9ee94f916f0d19efff4d5eace6fe1cc9697a56d86327a6ccf2ce29ada
R37,1144,0.49962487530494504,-0.0003751246950549625,-0.4140071234027292,0.22688734970922317,0.01988378800785854,-0.4338909114105878,803f0a843110a0defd42c5839354d264033a76b9e5fee555bc133ac330e293c1
R37,1145,0.501268472039279,0.001268472039279045,-0.4127323856654032,0.22613187539312155,0.01976568256041996,-0.43249806822582315,126c700f5882363a8a50310cb7179c5fdd9295c44e3d3902f00f0a70ce6ebdb8
R37,1146,0.48848695125954666,-0.011513048740453335,-0.42241657720174297,0.23208910749374762,0.020880818892876137,-0.4432973960946191,c9f420d313c61e0529d2b63b87f427a721f4b07d982e54181f127c68b00401b3
R37,1147,0.4994591242412365,-0.0005408757587634927,-0.41413325953055313,0.22696612254046938,0.01989949277519283,-0.43403275230574595,2c661724eaa7b13f9caf6ae3f8c09876d8f5a0b44eddf6b309b282fa177017a3
R37,1148,0.5022265325529447,0.0022265325529446933,-0.4120202514083551,0.22568071471767892,0.019670589013501407,-0.43169084042185646,ad84745fd16dcb9813229411477cfa357565b0d8e74f1b7da833aeb1d9e13741
R37,1149,0.49839068413487797,-0.0016093158651220296,-0.4149077799109925,0.22747465072182854,0.020020760766332326,-0.4349285406773248,dcf61406e044e57e72dd534341c240d6161bae870c8d6dad9ec2f3017d482a88
R37,1150,0.5185881909111263,0.01858819091112629,-0.39959043050170967,0.21804147890339784,0.018246263652543004,-0.4178366941542527,bea24f48acbf8f9e69d513fdea5bb7eb04e57b2f85575d3d46c08991a6f4de00
R37,1151,0.46583680582611375,-0.03416319417388625,-0.43939349728205673,0.24265705422997877,0.022960305588950403,-0.46235380287100714,c890edeb7e5720a7128e2fcc717d8fb2458a7aaae128b993951e4e73c328a053
R37,1152,0.4833826449230474,-0.01661735507695261,-0.4262241667075511,0.2344837394876246,0.02137165613384908,-0.44759582284140015,f2f51ada1c84629ff6a33334bd03c946ee6098d481a6d4c13726f89f1e65c86f
R37,1153,0.48789861100364607,-0.012101388996353935,-0.42281843362740723,0.23237675458388934,0.02096753777018575,-0.44378597139759296,2381e556aab14f0e968cf2f03ec19ef7d9ae501dbd3cab1caa02a940d3562649
R37,1154,0.47931311029774015,-0.020686889702259847,-0.42932718630860905,0.2363656929481512,0.02170209979384669,-0.45102928610245574,a3c994e3c01ecc3206c9578e00c86bc6e4d35eab1fe4b061686c3d029ca119d9
R37,1155,0.5245186180346197,0.024518618034619744,-0.3950639519214534,0.2152728811972488,0.01774090523652209,-0.4128048571579755,cfefed7708d8dc924f9b1036db2cf529b1c34f1c0197f3611284825f90ede435
R37,1156,0.523093384058001,0.023093384058000987,-0.3961876403112553,0.21592783338327676,0.017834013227649118,-0.4140216535389044,319c3e29a4f1ec096496dd8c6c77e10015fbb17edf32e41e95dec2056a1de365
R37,1157,0.5063875497567258,0.006387549756725841,-0.4088855064582538,0.2237284326224662,0.019285679393339295,-0.4281711858515931,6cefd0eb2cf01d21b9dff7182f857a5f8543a8a46e162d66ee5e0ea30546aeb8
R37,1158,0.49185362804488597,-0.008146371955114029,-0.4198809374562523,0.23051530063684178,0.020574831908715636,-0.44045576936496794,44e7ce2c4f5a9e9f49c7a4a7b9de464e0dd1387011847ddde5aba383d298ec9e
R37,1159,0.5141246186630213,0.014124618663021282,-0.4030092835660065,0.22011892083714818,0.01861427905414495,-0.42162356262015144,68ddaa5b24f9414bc2d55e03bc032f2910d78390ec09aa5b7edc973ac62212b3
R37,1160,0.5178910231972129,0.01789102319721292,-0.40014929295572343,0.21835798295207864,0.018283336474216948,-0.41843262942994036,99cea557cfb277312f7c99c81bad3b58f36d323dca656531db2f23b98336c784
R37,1161,0.4813578695278802,-0.018642130472119822,-0.4277596794539905,0.23542438452328185,0.02154454479628659,-0.4493042242502771,8fb44c18d80ff19d4c721cc3089fca89a1ecfead16c679a598b9c1cb987d06ba
R37,1162,0.5094075419251074,0.009407541925107399,-0.4065684248256522,0.22232933115069195,0.019045118737865872,-0.42561354356351805,397628e3b8858085b88893d746495dcb60b1dbe5d91c80b0fe99d416ab530c91
R37,1163,0.5161479442221224,0.0161479442221224,-0.4015018061896441,0.21916265857906023,0.018411755484238203,-0.4199135616738823,8478f4e787bd7397259c7f8c2f4487550dd3d8d0299f42a770344441634587b3
R37,1164,0.4793353207503346,-0.02066467924966542,-0.42930438186097314,0.23635954835461323,0.021707357424126678,-0.4510117392850998,664d10e4a65e124732a16497dcd9707a6edfa866fcaadbcd6840b9171315fe38
R37,1165,0.5066254509797241,0.006625450979724112,-0.408714839776987,0.223616955233468,0.01925953534497447,-0.4279743751219615,f6617234be9c5ee3df627af561a3284e73743bb4582334d9046d64fb0be1f16d
R37,1166,0.49577281384895944,-0.004227186151040563,-0.4168902982412583,0.22869744127411765,0.020252292153488508,-0.4371425903947468,fc05f66e4f5f1806196aae7a33df51d86c7e9ef233b373edab9537fa62bcd82b
R37,1167,0.49918791624553505,-0.000812083754464954,-0.414292539350867,0.2271081041099068,0.0199618344344733,-0.4342543737853403,27aa953de4aae92682cd7e9c42de3538e68b1263b3b99283ec7d475a001d3223
R37,1168,0.5084015739712882,0.008401573971288157,-0.4073730017629469,0.22278318866128127,0.01909668777980785,-0.4264696895427547,60578706ae6f425122f359462522d45e26f042371f7d0a0989fd711839569d44
R37,1169,0.4936564728391739,-0.00634352716082609,-0.4184984874685991,0.2296829855564692,0.02043374182216968,-0.43893222929076875,2d88faae03504440f2ddef8c11c98339788137fd6757ec069fb65548c494fe5f
R37,1170,0.4963051974897461,-0.0036948025102538917,-0.4165164613635365,0.22844028967971552,0.020182058997947307,-0.43669852036148377,d8c102e645cc8002404f1af435465167a289449793ea6cde9f49c453e36e7a8c
R37,1171,0.4989470442214672,-0.0010529557785328159,-0.41449148076739134,0.22721599504519777,0.019970254661502092,-0.43446173542889344,6dc866859711d87b702167d79658d850fe597a71a891496850a4c777f8c3db29
R37,1172,0.5151329991494673,0.015132999149467308,-0.40223881430037334,0.21964923635532696,0.01852982920514028,-0.42076864350551363,1df5ce5f3dcbc968ec1aebb3ed6aa2ad9d768fde142860cd54059ab7346fde68
R37,1173,0.4862341526833913,-0.013765847316608681,-0.42408160969624187,0.2331522235110116,0.021111418662890655,-0.44519302835913255,a9bc3284c1718a1eef7d480abb936b30ac821f51922c38343eba88372bc90498
R37,1174,0.5117076340401656,0.011707634040165615,-0.40483762964842507,0.2212502905652094,0.018831475740996865,-0.42366910538942193,4a81f73b5a9426a02ed24ca2f0b6d33d7c2b16403b9ae61eca11ec83cedbe6e9
R37,1175,0.4943910439827357,-0.005608956017264299,-0.4179636280904953,0.22933287556813473,0.02035106152288708,-0.4383146896133824,369f41156d188f1e3ef6e34c8fe39b3354614ced8978749ac0a9f57b4bfc43f1
R37,1176,0.5106213067535441,0.010621306753544113,-0.4057100943970081,0.22174246890331095,0.018887421704806884,-0.424597516101815,d47cad99ef72f745db2349ff3d5bf5fd171e68b9dfc007a992661f549f0d7565
R37,1177,0.5136399573577306,0.013639957357730603,-0.4033672214411006,0.22034743000063406,0.018663819280083736,-0.42203104072118436,7d284a5aa2e44c0aaef3571ecb3e01315e94f0a0c2ba3f26851617c7c184e399
R37,1178,0.48831956033452184,-0.01168043966547816,-0.4225141028829704,0.23217719910609208,0.020920147664606852,-0.4434342505475773,7f6960330d3764a4d7fac1b449de0393096535a0be93f0e7a9a204a6b8eca534
R37,1179,0.5125439147939674,0.012543914793967437,-0.4041852580932416,0.22086529769842844,0.018772668651807666,-0.42295792674504923,71c70684efb8038f1bd1ea51c0938a62d5f3638cdd91a8de2d6808f26c7dc3fc
R37,1180,0.49834555788233725,-0.0016544421176627466,-0.4149690831185101,0.22748880380500963,0.020004262245754592,-0.4349733453642647,6e4e6b2896396541f0badc302bc5c105a5f2c707b2b17a215e4a227a292a3312
R37,1181,0.47741427611724263,-0.02258572388275737,-0.4307584634469021,0.2372484811648428,0.02186924944139176,-0.45262771288829384,7e368c9f8a76bf858f7199facec74a27777e045a5642867dc925ed756289029d
R37,1182,0.498839372214799,-0.001160627785200985,-0.4145820546403101,0.22726304373986447,0.01997201641970941,-0.43455407106001953,91fd3ba3aba9688ffbbe091d9fcefbac2eb296a665b00ea77e427276819ea897
R37,1183,0.46183294802051167,-0.03816705197948833,-0.44234040379108963,0.24454061127907545,0.02337040938353065,-0.46571081317462026,622a1ddfef6d2e97fbe4642d63721c4d28b0bcfd69dfdbc0f67c3cdd65f93dd9
R37,1184,0.5143223406669319,0.014322340666931943,-0.40284570094952604,0.22003068968948766,0.01860783921472463,-0.4214535401642507,af7bfa2e629605f2fc98cfdd36c3f8614e789157c595c338e152f43acf96317d
R37,1185,0.5106295670880769,0.010629567088076941,-0.4056838025658459,0.22174294247071863,0.018901041187795654,-0.4245848437536416,08f81868ebc4877d644bdbaa6610f21e58bacae6ab15343b06cd2364d4beeeee
R37,1186,0.5033981907017901,0.003398190701790149,-0.4111248599225723,0.22513541472641174,0.019572984765125572,-0.4306978446876979,144bdf5e730854a80896de4487ce7c322cba76a73787b69c78064fa5ead59188
R37,1187,0.513478023578253,0.013478023578253007,-0.40349038676261756,0.22042265997031138,0.01867746658900258,-0.42216785335162016,5ffa71fb5bdfead82ea5c30b11d865884d07b7fe8fecfedd1a885e061e2c88c4
R37,1188,0.4836216075882911,-0.01637839241170891,-0.4260428476723277,0.2343719136883688,0.021350489852204963,-0.44739333752453264,4f465ddb1d135e0100fafdadcf1fdd719e2bf1705ee1b5b87a89037b312f377e
R37,1189,0.506774858549988,0.00677485854998805,-0.40857884734483574,0.223555493405236,0.019266069732818147,-0.4278449170776539,0a5e459cb4153f18a0adf207f335349289044bad013d65e5ec13c8db46824efb
R37,1190,0.49143999349985035,-0.008560006500149653,-0.42015819616861183,0.23072201451078633,0.020642916426480445,-0.44080111259509225,0d0504ee024f32a9bc91e24079c0c63b660f060645e6d005c4635f58728488e7
R37,1191,0.5180007760980792,0.018000776098079152,-0.4000442227819516,0.21831346839960125,0.01829135700862546,-0.41833557979057706,69b6828c2e46c7219fd1dec46b8125afb9b6cfa6dae822f28fe9573caf79e390
R37,1192,0.5071995686678337,0.007199568667833667,-0.408227602070989,0.22336624796329987,0.019252446927805374,-0.4274800489987944,3858375acb84059d5f3db48818af8f396dde75b15b5b015e1e7842c03de042c9
R37,1193,0.5115955876835192,0.011595587683519204,-0.40493223770632036,0.22129885097156632,0.018832732118406158,-0.4237649698247265,9897734cebafce0064aad10d7d3990720c56d180baae0b93f8000c80e6b1a4f1
R37,1194,0.4833486629496411,-0.016651337050358928,-0.4263019407024541,0.23447949145991115,0.021328521108684113,-0.4476304618111382,d35b91f4ff361cf2ab03cb9e6c0be034ed723ff8e568db530a14b4c17de4707a
R37,1195,0.4851000539088326,-0.014899946091167404,-0.42491672800912667,0.23368621568164774,0.021227851677084394,-0.4461445796862111,7b8315630d9a280a29b53209627cc581fed1f31f4ebeb1d6b50f1000b866a447
R37,1196,0.5182788042784559,0.01827880427845585,-0.39986504742901174,0.21817337699825995,0.0182408532837541,-0.4181059007127658,d4656f2c0fd776da5039fbc6f6bb5c876d1708ae6c2d1efefc5b7872923476d7
R37,1197,0.5189601146238683,0.018960114623868263,-0.39930927406453964,0.21786692005456282,0.018212283022292976,-0.41752155708683264,10edef2cb5c95253de1b94cc07c75db7f8b7d658408f8fd0352c679f9c5aa8b8
R37,1198,0.49520130602000223,-0.00479869397999777,-0.41736117068271167,0.22894910484311884,0.020268519501763022,-0.4376296901844747,76502fb7d29996be66cf18aaf60536f66b736459ec5439a35ae247a6e0be3e6c
R37,1199,0.5285817254513432,0.028581725451343187,-0.3920022596390017,0.21336347359831526,0.01736234377881442,-0.4093646034178161,edc782bae68354b19d33d39e194ec640f84104dbc4e47acbfe242dfbb76a66fb
R37,1200,0.4877742220964987,-0.012225777903501323,-0.4229255725722942,0.23243211368779235,0.020969327401645275,-0.44389489997393944,b727fdd760619fc02985fe6b8a14f5d68b280cea551dd21d4f321417463782f0
R37,1201,0.5037354697902852,0.003735469790285162,-0.4108828768461161,0.22497364681353452,0.0195322083904765,-0.43041508523659255,964df0160daf244a629203e5dfb61553e44c301b4850116ba1bc931bf8f4317b
R37,1202,0.5045184754367509,0.0045184754367508795,-0.41025060016506926,0.22462144958242494,0.019496149499890324,-0.42974674966495957,e2dcb433abf05e474d64134359269c5c786dac914fe91dc8b7d18f974a266ca1
R37,1203,0.4932449642772849,-0.006755035722715075,-0.418819724697245,0.22986973734272756,0.020459874994105048,-0.43927959969135005,d828674eb534c0a3a757c28cc85861ac2c63dcd685a939435fe180a4bbd5ab82
R37,1204,0.49165228887159307,-0.008347711128406932,-0.4200129465223541,0.23061615760250237,0.020609684341325325,-0.4406226308636794,a9b54723d3e4746ee2379d6c7634c53e57fd35aea6dcad64f1207bec194f0cd8
R37,1205,0.4914206508541843,-0.008579349145815707,-0.4201552153693993,0.2307357600356302,0.020658152350930565,-0.44081336772032986,d052e348c8195b55a14ace89057adff872ce9a84658891aa1380ebab15906e37
R37,1206,0.4978518412194006,-0.002148158780599374,-0.41532894922792435,0.22772085868191536,0.020056384067953167,-0.43538533329587753,78f068d20a65e4a779c3d6bdb25275a96e6da567850388becc953f9c40fd501e
R37,1207,0.5124994840035924,0.012499484003592354,-0.40422408527675996,0.22088446669446862,0.018772424056088664,-0.4229965093328486,f52f69e9ac2d87c60efac2bfc5c6f566a768fb21846c50f41458122f1ff7883a
R37,1208,0.48178770497790646,-0.01821229502209354,-0.42743979303207236,0.23522169680905575,0.021501800293019565,-0.4489415933250919,f3e6f479ca67019e69f83cd702f9e0839feefa7306adb4b50512e55ed81c98a5
R37,1209,0.4830069136716344,-0.016993086328365603,-0.42649098236029703,0.23466418656615695,0.021418695386008425,-0.44790967774630547,840ea0034e0cad6b9929a207fa50ab49798792c996c684c24a0a849435b1de7e
R37,1210,0.49728114766067777,-0.002718852339322231,-0.415775773359214,0.2279842462423195,0.020096359562712492,-0.4358721329219265,bbd4e34624c1296060c893107c740d42397b7ccda0bd2e47c3dc8c168979dc72
R37,1211,0.5269599915417911,0.026959991541791073,-0.3932227658561813,0.21412653579482654,0.01751515286673588,-0.4107379187229172,90a0e36d2d42032a1be3f0aba4fe6d3fb07d39a4cb0b0b3cf7131a8c2a7afee2
R37,1212,0.4902518721460105,-0.009748127853989486,-0.42106521061895336,0.2312717637773841,0.020739158467907418,-0.44180436908686077,653afa2336cbda83fbf52bf91fe2fa517511c3de85197decbe401211ca42ede0
R37,1213,0.4814838047501211,-0.01851619524987891,-0.4276895503389623,0.23535471188594903,0.021509936716467882,-0.44919948705543017,5dc7eecf7be252ba179d59e14d8cb8de241d29eb75ce1f10ffece2b0db583f38
R37,1214,0.49165520527677375,-0.008344794723226245,-0.42002262027651843,0.23061279554404188,0.020601485405782684,-0.4406241056823011,f917d8ad754c50d3553d92e1218da383c7b5867f714f84f8357f7fa2a427b661
R37,1215,0.5045284899670048,0.004528489967004834,-0.4102610723210235,0.22461091838255848,0.019480382222046712,-0.4297414545430702,666e58a5148b21dc240277fd8fe77e1048076bf10f210032a02a6c009aac0f25
R37,1216,0.5092020658245657,0.00920206582456573,-0.40676760134180956,0.2224084013289196,0.019024600658014826,-0.42579220199982437,a626953a1a8869cad016eb4dd25da0e11431c36da8debc55b6196965b77a110a
R37,1217,0.4797818488511725,-0.020218151148827523,-0.4289168901782811,0.2361677015023054,0.021709256413164825,-0.45062614659144595,114d3a221f408d22fd071ff5240219b68e5bf2dfb563f1e5480f811a810a9e8a
R37,1218,0.5203415703483723,0.02034157034837225,-0.3982857926893131,0.21721068377527003,0.018067787430613477,-0.41635358011992657,110e4e0dc666cf65f0e8b3482e2286727a4272371b75fa7cd64a724c1b6860bb
R37,1219,0.5218676260333417,0.02186762603334169,-0.3970993332645809,0.21650742325292266,0.01795775662063222,-0.4150570898852131,be50d4200d84928b19fb49f6bbe1c8ce1aa8ea7f17b293ee4944b09bb3381907
R37,1220,0.5085247533280794,0.008524753328079449,-0.407249500982602,0.22273746124529856,0.019112710753997574,-0.42636221173659955,8f5eed83826c3beeec1352ef51ad1e8f2e9106af82b30ec6945157a124631145
R37,1221,0.5262681813351797,0.02626818133517972,-0.3937143874061287,0.21446060565424988,0.017603411951185536,-0.4113177993573142,6266ff197b000534c71b3d2e183a4f694554bcbe3976b8cb6752163d0878b55e
R37,1222,0.49824889944576056,-0.0017511005542394376,-0.41500101071167794,0.22754776270627552,0.020047257350436557,-0.4350482680621145,ad85dc52172e4607f944373121a3bfecf8d774aca5507346092699f8560dd3e8
R37,1223,0.49606735314865547,-0.0039326468513445345,-0.4166274501655905,0.22857289327543803,0.02025916819264278,-0.4368866183582333,3445c5fda54ed6ef29362ed4a2ab2dbb445c7687070fc046af943a1522b1608d
R37,1224,0.5150152473593594,0.01501524735935944,-0.4022953456968251,0.21971374631943458,0.018566073471021988,-0.42086141916784714,f3f69ca7b9172e11922c791d99ea87b7aa046562d4a88d5c550dbbd2e7f7abd8
R37,1225,0.507814886986937,0.007814886986936997,-0.40777030866229086,0.22307560469467833,0.019190450363532886,-0.42696075902582376,e308fb6dd7fffbb26ca33c6767f710bea54890ec3229be4584fde72e1abb05d4
R37,1226,0.5001661692370165,0.00016616923701651132,-0.4135935578217682,0.22663814257687676,0.01984136366599267,-0.43343492148776086,065593cb016c52254ef8b3463babfdbe3a6ec6933b86cbf535ad58b3be70e428
R37,1227,0.5096701644943642,0.009670164494364197,-0.40635539342180976,0.22221059228672077,0.01903289557581587,-0.42538828899762565,6a3cf5f2faea6791fb701dc45ec84f836963cf3492c947064cadafdc12571616
R37,1228,0.5116877409084912,0.011687740908491229,-0.40481869525466885,0.22127004692975194,0.018860699302417516,-0.42367939455708636,a9cd118724e2a35190a367e12bbb512db013d227876b8974c4bc80979b03a70a
R37,1229,0.4840173822004854,-0.015982617799514598,-0.42572425965115396,0.23419444447962715,0.02133231465405018,-0.4470565743052041,3fff221201c4d82fa4d252b238bb00ce9da7cae8377b17d684f0d6073b077f7f
R37,1230,0.4837068478416757,-0.016293152158324276,-0.4260104422325232,0.234320772930842,0.021315551814580388,-0.4473259940471036,e12cb5b63c0b846aad16022c9d1f51110777c401e43e4e487ca2ebc9a4d3b439
R37,1231,0.4907661801706207,-0.00923381982937932,-0.4207006834753768,0.23102549457350485,0.020675152835816446,-0.44137583631119326,7ccfffb7f022b3018df32ee07a779446c7e699ab56e02d6107289cdfd7a69cf5
R37,1232,0.5074802522550983,0.007480252255098296,-0.40805768329356346,0.22322027438777473,0.01919143274099298,-0.42724911603455645,4a553f50d145289229d42a666f906895f64eed69d612eb31f5dd266ff3ffa4f2
R37,1233,0.4832900028543494,-0.01670999714565058,-0.42626646701831133,0.23453590667626575,0.02140267316711011,-0.4476691401854214,efdeb05d36d5067c5b25f7a0d617057aaaa5f3db57ce3635143cb993ce1e19f2
R37,1234,0.4921701483163696,-0.007829851683630373,-0.41967628641936416,0.23035412250589155,0.020515979296209456,-0.4401922657155736,66c7cb52155d043c58d7b9288d723a65dc06000de531a42ca8d3a76cefaedd16
R37,1235,0.47527279848521053,-0.024727201514789465,-0.4323406740037281,0.23825832283263543,0.02208798583077135,-0.4544286598344995,7ae85f142fadb775a00357d2dbd38298db67261d6d3d546712cd437ddc315155
R37,1236,0.4933090475158781,-0.0066909524841218815,-0.41875193826476353,0.22984752718068108,0.020471558048299334,-0.43922349631306284,533c375e8fc737675eedd17c744a96e85bb38f59d9f53cebcf5c589c05835fce
R37,1237,0.5210224536233241,0.02102245362332411,-0.3977531615268549,0.2168984068936089,0.018021826130181464,-0.41577498765703635,ff8029dfd67eacb310d4789869699528ea26eec55f33ccf8182072b02cf43d02
R37,1238,0.47937399183444884,-0.020626008165551157,-0.42924854633887116,0.23634993585953604,0.02172566269010048,-0.4509742090289716,0a4a70e60e4a0f98485fdba0ae9040438d34d8d772c32cc22869161d9012e791
R37,1239,0.5245575462856542,0.024557546285654208,-0.3950550588659191,0.2152490762729496,0.017721546839990072,-0.4127766057059091,69cd3e6f5e2c7f0efdadee4eb9eced22abfe0b97a11626d21773e491b48881a2
R37,1240,0.48167351639492306,-0.018326483605076938,-0.4275142437948011,0.23527770075249022,0.0215205788550897,-0.44903482264989075,cb95634300e580ae44cec46f94053f87a0d9aba36cf300bdd1477dca8ff666a4
R37,1241,0.48462981363095503,-0.01537018636904497,-0.4253203612699445,0.23388837770521223,0.021228197070239988,-0.4465485583401845,bc92ed4c62f00844160d158385e35821abeb49461f32df9c4fac4237fbca3a1b
R37,1242,0.4763156654942664,-0.023684334505733595,-0.43154082282626016,0.23777800920158787,0.02200759778845781,-0.45354842061471795,7d8ab5cef7e7a3f7dbf23c0660cec913a17f3f7bcbd516157a4b14b03e8b3e5f
R37,1243,0.45870999493038944,-0.04129000506961056,-0.44468739795812434,0.2459859545737921,0.023642255594729912,-0.4683296535528543,e173d18e9aeec6c04ab78eb3a7c0e3b8f8347c32268c3a9c642c181a39157bf3
R37,1244,0.510199546377988,0.010199546377988034,-0.4059700563484817,0.22195840390098592,0.018973375726745068,-0.4249434320752268,918858a7d259c827a0c31246ddc4ed9ac014bf11908e6f61fb45c8bf2091157b
R37,1245,0.5044868739649477,0.004486873964947735,-0.4103117730850695,0.22462227391458006,0.019466387372045292,-0.4297781604571148,ea4dd66e6c9633d1618fdc55a995ea522f3b2f5cb8d20a178c2e9380c3cb190a
R37,1246,0.5115829747793073,0.011582974779307253,-0.4049060849171382,0.22131665175943604,0.018863609300866974,-0.42376969421800514,272820448ec952d3bce3855d47b5e9ed2765b5cf613fadfa276884a11747c507
R37,1247,0.4953527663518067,-0.004647233648193305,-0.41717976022543335,0.22890317345820727,0.020313293345490608,-0.43749305357092394,cfc65dfadf391027b5f626fe4fd2e3aa278d94b0d1e5b9aac414219f0fd0b629
R37,1248,0.4878279068294966,-0.012172093170503384,-0.4229092519026412,0.23239918085344882,0.02094455490212822,-0.44385380680476944,e79f1e6384637ad1eab13266c33c039ed5d91e7299e46534e79c73820e945d95
R37,1249,0.5008879865220255,0.0008879865220254857,-0.413032662698674,0.22630527985867216,0.01978894850933513,-0.43282161120800916,e9ed50aa7ce39fd881b5f27125be8ac63a77a1cfce6c5ae8ccc90fbd70da8da2
R37,1250,0.49309401810092157,-0.006905981899078428,-0.4188931502627244,0.22995546506458905,0.020508889933226873,-0.43940204019595125,b14f990719fc0ffef22afcd17c746ab70e073e49199d3dc7403cf69520367809
R37,1251,0.4955261050736166,-0.004473894926383393,-0.4170901661502079,0.2288091658039585,0.020264082728854545,-0.43735424887906243,2f4f7541f36af4b84412d763b2af1f08cd4fbd1859b4b4199697f4396a5453cc
R37,1252,0.5029655540565696,0.0029655540565696192,-0.41143393358086555,0.22534354933451406,0.01962658254408128,-0.43106051612494684,3623a6b43a7fb67067a470e1783473854eccd07dcfdedd3b74e5a403c851d319
R37,1253,0.5252492791948642,0.025249279194864194,-0.39455675046810507,0.21491578546484272,0.017637410230790185,-0.41219416069889525,e26250e9aa090b9a599e1e6f29a81463c92edb619cc32f202191fd19a32d2892
R37,1254,0.49216871252780336,-0.007831287472196635,-0.41960554207059847,0.23038242601934003,0.020579654984040775,-0.44018519705463927,93067730d383972bb756716f6e851709e3cf88020a1814ffa5b24a9c0742a4dc
R37,1255,0.4931317850767154,-0.006868214923284599,-0.41885897342560435,0.229938501415305,0.020509014702502812,-0.4393679881281072,cf9e6621e392620c3a42a8f90976b34682567ea9e7f6159273fdf8137deddd9d
R37,1256,0.49587961610149955,-0.004120383898500446,-0.4168291495464213,0.22864188137792849,0.020227306604717846,-0.43705645615113914,d8a176132db0062d00f93c439a8ffcb86ea02f0f4fa8e1566fbcca4e6b74d481
R37,1257,0.4946355544164718,-0.005364445583528221,-0.4177825542055047,0.22921757487604366,0.02032629777329134,-0.438108851978796,1960ec3c9504e4030a747eb3cdb8ad9bc91e91b858fb5c7f738586501a425804
R37,1258,0.4942599161230852,-0.0057400838769148255,-0.4180379199555944,0.22940248748158124,0.020383527503784037,-0.43842144745937844,6e07004be0e105aab875c77f7a0f4b2eab2c75ba64d71aff1cf3d3f33a1b9ca3
R37,1259,0.516207601033104,0.016207601033104035,-0.40143915831444776,0.21914067050129044,0.01842109134406653,-0.4198602496585143,a4f2a5577812fea5a6e9e8164acece4d492955ef4cacac570725358caf500d31
R37,1260,0.49911525952051194,-0.0008847404794880553,-0.41437914192385605,0.2271326723377443,0.019943101375816272,-0.43432224329967234,0634e07579cc3103dbd7464f750d06f618d5ea154eb4419972f7aab2f7d55aa0
R37,1261,0.5216646375028868,0.02166463750288683,-0.3972603693363443,0.21660036461378915,0.017970179945616994,-0.4152305492819613,963153ab5774c4fbd8613d60c738ca90815ab3aaa3a831d6dee50a55bbb13368
R37,1262,0.5144565130197007,0.014456513019700745,-0.40275242968619823,0.21996485921322786,0.018588644370128755,-0.421341074056327,68177b38e990cb207ce0b5020c99bb2bf20442da7aef784235a953acf05804b8
R37,1263,0.49446196193232383,-0.005538038067676165,-0.4178534824011283,0.2293185154995221,0.020391774298957964,-0.43824525670008624,ced20c27c98e6309759b022331d539b741f1377b904d0709b62bc1aef9ae0bad
R37,1264,0.5271455180593863,0.027145518059386253,-0.39309525225488806,0.2140337727513762,0.017486146623932178,-0.4105813988788202,666335a24d9863cc17dde86fa9ced94cd96b3bf63b1c3f7915f4ff9c4ad85b43
R37,1265,0.498098515327408,-0.001901484672591991,-0.41513706741708023,0.2276104333098653,0.020041899601325186,-0.4351789670184054,39a4b8585903488fa4fe2f7776edd1a4138a846120d0790d8689cf39e68d2bb4
R37,1266,0.4989803876947112,-0.0010196123052887973,-0.41448692888076677,0.22719282710707805,0.019949362666694698,-0.43443629154746144,0aea76c38620eb86482991ca8c718cab76365b315d8d73ff37673ab672cc7aee
R37,1267,0.484705916196861,-0.015294083803139014,-0.42520229287442146,0.23387451650911517,0.021273370071904444,-0.4464756629463259,0013c6ca22aa0a06f4cc7848595152d3a7e3d021e1e7b2a9423a0f62defabe41
R37,1268,0.4883600689223433,-0.011639931077656707,-0.4224835248677273,0.23215767287295183,0.020915910439088206,-0.44339943530681547,c7c22dea907f3a6134a6d4860f2da1c200bc09aacdadce2b9e5ecb47778fe737
R37,1269,0.5091878246972292,0.00918782469722923,-0.40677439597961196,0.22241967393498013,0.01903247594517415,-0.4258068719247861,35e98f11ff9eed41b149093c25657482f2fa1b82e0855606b147eb0109e6b6a3
R37,1270,0.5117033624591123,0.011703362459112299,-0.404851746501139,0.22124707672691968,0.018821203476350176,-0.42367294997748917,0c2100233d13b55f996a60043e191f9be282c9fc225b99d8da180bf1e5c28eea
R37,1271,0.5114459871703854,0.011445987170385363,-0.40503374585690294,0.22137317382102337,0.0188563008925719,-0.42389004674947484,9d5c46733219d05627a3b67fbd62abd1ebf74fe4a011f418a7cde8fb4558ee94
R37,1272,0.48854352298640236,-0.011456477013597643,-0.4223590334182455,0.2320689070808604,0.020889390371737662,-0.44324842378998314,062b2ee4734944025114dab8199c94fd0f25b180797822f7f82aa4d6a7af8903
R37,1273,0.5169543383007338,0.016954338300733784,-0.4008529402653511,0.218798132139171,0.018371662006495405,-0.41922460227184655,3afa8eb1e183b4ed08e4e3452665798c0d96b701a9013c962687972885ff1545
R37,1274,0.48871799042151043,-0.011282009578489571,-0.4222336842189256,0.2319841178150932,0.020867275705630392,-0.443100959924556,2461c91296f12a5ac28a6e4a329f92116f2b98d33db5ffd14c0adf272e70a572
R37,1275,0.5024213954147216,0.0024213954147216388,-0.4118598811392108,0.22559367009809334,0.01966372952848791,-0.43152361066769873,27e718f9eb3b11a36e18b6e5c52ea0d31395ad4b3c8d7d90a52a5120a5a40f95
R37,1276,0.48767126894675283,-0.012328731053247166,-0.4230219257069507,0.23247352307297733,0.020962560219502015,-0.4439844859264527,0b3785a4d069faf0367d47a72e71d71006fd4f9e4ae268ab9b74d567bf571f72
R37,1277,0.5042523148789557,0.004252314878955721,-0.410518214543367,0.2247234174519751,0.01946431018029159,-0.4299825247236586,88fb44cd0583c6f05f571cf5f4c91a81dd39fae39938922119fd365e96ebe3d6
R37,1278,0.49702284855832013,-0.0029771514416798706,-0.41593155636996404,0.22811906792646175,0.020153289741479726,-0.43608484611144377,ca6460cc6ba148c1d12f03bf5b8c8c354fedca62e56a3816d3e732310a9ea185
R37,1279,0.5091371371859919,0.00913713718599185,-0.4067747583963799,0.22245548449675578,0.019068105298565823,-0.42584286369494573,36a32117adc8f592bd173ba83925ea2f86751b4e4905f47d106385e75a2aa55a
R37,1280,0.5046225209874311,0.0046225209874311,-0.410210833474592,0.22456031471316357,0.019454897975867552,-0.42966573145045955,1ff985b3bc50d885e0ec66628362fb5a5c3f9df6ff09cb8969de48b58d349eb8
R37,1281,0.49991493104985296,-8.506895014703808e-05,-0.4137447567289211,0.22676776055105374,0.019895382186593178,-0.4336401389155143,f281d059ca14ba7aca46715884aa35b27aa62bbc85ff9edf9fd85e6a2e534e0f
R37,1282,0.5202643816667765,0.020264381666776465,-0.3983359029759443,0.217250997326443,0.018083045838470892,-0.41641894881441516,4a9d13d820775bfbe1cd13c3cc0ec88a997f1d95f800c7fc8f95c1abc9f02d5f
R37,1283,0.49903699489621745,-0.0009630051037825549,-0.41445769259587106,0.22716310513105725,0.01993425883312173,-0.4343919514289928,c20f8c63acd42520a99f6427d3b6825739adba029f5688589c8763a02fbf68c3
R37,1284,0.5075267323009622,0.0075267323009622356,-0.4080359921463418,0.22319482079905878,0.01917682472588788,-0.4272128168722297,ed6026c94b1a7930990ee2983765232bbb54b207cbd18943b40c93c28f232848
R37,1285,0.5224705065870625,0.02247050658706251,-0.3966467364259828,0.2162230858758446,0.017899717662853185,-0.414546454088836,ba1c7f8e3ef89c59a7aedf6761f6d468db1c427f51ddedfb0fdf8366c6228e09
R37,1286,0.506380912309842,0.006380912309841946,-0.4088709797843038,0.2237404645606836,0.019304974668531708,-0.4281759544528355,a7a2e7a231f75f351c8b7a95216a522facfa1a996dd29ad1309192bb6f6a7a9e
R37,1287,0.531940752654195,0.03194075265419505,-0.38940003906907505,0.21180562612367448,0.017105606589136985,-0.406505645658212,39f56d50dcd4eab6601b68156bab7a71a2e70409646383f577ca79525f23a1c3
R37,1288,0.506963461403438,0.006963461403437954,-0.40841149933434195,0.22347398942379182,0.019268239756620845,-0.4276797390909628,4192eaea0f6ee054f4efa64ea142d9e927046f381721d87066660a12cd37d650
R37,1289,0.5202685999518886,0.020268599951888566,-0.39831357755568664,0.2172543538077763,0.01809756502993301,-0.4164111425856196,709ba60ed8eb6ae805d90818bb2447dd96cd11aa90736d8dd5d176178cf4b700
R37,1290,0.5094157357244407,0.009415735724440655,-0.40658451562752224,0.2223191084503063,0.019026850636545196,-0.4256113662640674,e2ec84c8a85f1b2ae93e4c44a6fd0d3a986b657ff0e6fd714b3af4119c58174b
R37,1291,0.45701715507248153,-0.04298284492751847,-0.4459620766054967,0.24677046772471556,0.0237894294219672,-0.4697515060274639,823985e262bce223cbbccbc6f3590afb9af151749a708229aff92e4cf493838a
R37,1292,0.5246914319259457,0.024691431925945695,-0.39492818969084453,0.21519326079137047,0.01772916594594821,-0.41265735563679273,149dcd2e22bd94cf99fb0a04453cf32b5267cca58c20e2d06ca9a8db1982a424
R37,1293,0.5000459697373834,4.5969737383355636e-05,-0.41365358764393606,0.22670421032192536,0.01987741649995732,-0.4335310041438934,4e88fe93e20ad775c3286ab97abcac178465ac8bf22644fd7c0ce9a8d1e083e9
R37,1294,0.500469572450019,0.0004695724500189957,-0.41336561264735533,0.2264962938245951,0.019813487500917427,-0.43317910014827277,c6b8e98fce726aac501946f9f5eb680ff42f558fb1ace1e26f9dc12893b9dfc2
R37,1295,0.49933257066277026,-0.0006674293372297413,-0.41420140198543676,0.22703490038465773,0.019934199391939342,-0.4341356013773761,e1ae1f80753935880babbd9a3f72ccd08e329549629deca43a82f752b2bf4ff4
R37,1296,0.5220127639998318,0.022012763999831764,-0.39697203686946136,0.216444259151447,0.01795824071671629,-0.4149302775861777,d491e370273e65e686647e75b6c0e87b47c03f9392dae0c2d49561a8d26d2c9f
R37,1297,0.4873851687130968,-0.012614831286903216,-0.42324145384345774,0.23260522009978354,0.02098449317805468,-0.4442259470215124,dbb52bcf9d2aad50ab8d2019791f80dc9c700647e914b6843c55e0294713c8bf
R37,1298,0.4823326094160043,-0.01766739058399569,-0.42700407547237823,0.2349762463637827,0.021474208627593607,-0.4484782840999718,ff3a24198727e8f69e72de6cf511a1b5ac6babe7be4d0ea4ed2aba3296cdc690
R37,1299,0.5008352498503641,0.0008352498503640948,-0.4130558080177258,0.22633651387542902,0.019808609866566147,-0.4328644178842919,f12c373551518eb21047ae58cadc0daac40a93d784ec206ed8af4458e7a938dc
R37,1300,0.5137220841230765,0.013722084123076517,-0.4033381801464227,0.22029981949653413,0.018630729423322778,-0.4219689095697455,898551c147fccc27dccb89cb278ab30e2b77410b5bd2ab1e755fc361db8963f2
R37,1301,0.48666753679611263,-0.013332463203887368,-0.42377711625648035,0.23294064935614425,0.021052091227904076,-0.4448292074843844,b08b29a6c918b79fa6336c2a84c82bfa5d14daa74c794e2ec641ad60a6f80271
R37,1302,0.5044191256441521,0.004419125644152144,-0.41037145403516856,0.2246520184793567,0.019466291461772423,-0.429837745496941,6a5b7b41a2787efcb85d0eb81d35bd330071ffe0248d882263ebea6b150fcae9
R37,1303,0.5078217837947998,0.007821783794799808,-0.4077651071016499,0.22307247644319644,0.019189922892371498,-0.4269550299940214,8032d352e8d9a0499caf715b1e9118c65dcbac46a9ee1a1f112cad84d47178d7
R37,1304,0.4921420649749093,-0.00785793502509069,-0.4196872781584087,0.2303728818805755,0.020529242801371153,-0.44021652095977987,f8272684d1bb025335b8857445a4c8990c6a41d796e79aa5d9500f563c735038
R37,1305,0.5224252045039148,0.02242520450391483,-0.39667341696435954,0.21624704346610119,0.01791033498392143,-0.41458375194828095,66c2adaec506a5ef19b249905fac1ffe90affa5fd5bde85389cc4fc751232ae5
R37,1306,0.5130229691025565,0.013022969102556514,-0.4038177902566847,0.2206420953449129,0.01873320021657052,-0.42255099047325523,fe5f0d4eec854757b34d68dfe3493870ac519f7801da7e26fe078a0f77b50a2d
R37,1307,0.5227175681970815,0.022717568197081484,-0.3964480923121606,0.21611143443298625,0.01788738827690597,-0.41433548058906655,ed777040deacef617ce165afe90a46295d28efdaaf278c767e7c36ceeb298758
R37,1308,0.5036056611871629,0.0036056611871628785,-0.4109631455730215,0.22503986728350256,0.019558294496991802,-0.4305214400700133,78aad0747c7ac86b791995a27436841d5d414942853bf853704896bc91bcb827
R37,1309,0.4899301871710302,-0.010069812828969793,-0.42127138309361867,0.23143516214138932,0.02079947059457997,-0.44207085368819865,9bbfc14e91b3ab013dbee8742be7614ac804d5ef77563ab550b08de24d62fe30
R37,1310,0.526387503687805,0.02638750368780496,-0.3936343636731267,0.21440100303588336,0.01758382119932002,-0.4112181848724467,e53ada2471b8b9b36320ae74f921c5f4b4101d78d780f962f764cd67b5475ef8
R37,1311,0.48430181513554205,-0.015698184864457954,-0.42552240258170027,0.23405815580657613,0.02129695451572598,-0.44681935709742626,8b616113e7869d36258b18b5b03350f44e7d3a230c2badee2d6c8573e7b4d8d4
R37,1312,0.49065906986105357,-0.009340930138946435,-0.4207627202232444,0.23107965867758004,0.020698298565957857,-0.44146101878920224,bd16946ba7751de3291a7985c6ca68b0541904cbc2eb56765ad9a257335e43d3
R37,1313,0.5157709503520482,0.01577095035204823,-0.4017540178120826,0.2193490244521014,0.01847201554606009,-0.4202260333581427,36632802a4baa520c9ae8aef2f7f371759c462963dbc3f7e0d3e1d88ac2c4eb5
R37,1314,0.4801689733948453,-0.019831026605154678,-0.42864075079045205,0.23598215875541612,0.021661783360190107,-0.45030253415064214,7d527c4ca2da501119780db16739751fa60776855952f95f23f0e1916ba0908d
R37,1315,0.5020589188683211,0.0020589188683211024,-0.41215117282477887,0.22575739896279362,0.01968181255040418,-0.43183298537518305,24e8f3f44a5d095f6ba19e29ef7514857ca245031b3ab617c6740965658014e7
R37,1316,0.47263487454479036,-0.027365125455209638,-0.4342879005297212,0.23949613619462945,0.02235218592976885,-0.45664008645949006,a3ba6bc6caf1e65efc7090d7fc9e21a7e474be856deec09abe1faf6f993d62a5
R37,1317,0.48933375634905496,-0.01066624365094504,-0.4217637335212631,0.23169938792019104,0.020817521159559465,-0.4425812546808226,b578e54eb2e1befb00dbdd54d413eabedcaa460bf1e7b38bd4b88646a00bb744
R37,1318,0.47291626834314493,-0.02708373165685507,-0.43410523481773333,0.2393567415450893,0.02230412413622264,-0.45640935895395596,ed92f8178dcc4cf7358128e20fd5086e811a9711f089d9e6426c5bb748cd4a00
R37,1319,0.5008816366564146,0.0008816366564146083,-0.4130299567065198,0.22631036200680485,0.019795383653544947,-0.43282534036006476,780caf3a27a93c887da0ef7c04ee243023a6f2ab4c8c4c0172ce17bd15ed319f
R37,1320,0.5230736070860151,0.023073607086015135,-0.3962104059356203,0.2159332592072507,0.017828056239440542,-0.41403846217506085,937590cf8ec64132950c5385277702d851399c8e16418f1aa1c63173f9e411f2
R37,1321,0.5099566815080541,0.009956681508054066,-0.4061702978103328,0.22206688627922003,0.018981737374053606,-0.42515203518438643,a2b2b4c0f6496961613f30f66906717520c72a0fc02f33dfd8331668628179f9
R37,1322,0.5193957497753614,0.019395749775361404,-0.39901455147212705,0.21764845911010688,0.018141183374043367,-0.4171557348461704,030d596756fc5b6510d93d9dec4c63e41a5205165f5403d86317d240986cf274
R37,1323,0.4787924213634547,-0.02120757863654532,-0.4296852124414464,0.23662053295411095,0.021777926733387763,-0.45146313917483416,02df9edcda28efa6b51f162f4ab43e810fb2d8e126b1bd5189ce4d854f960d3d
R37,1324,0.4997507777189134,-0.00024922228108659183,-0.41389193616334374,0.22683763735012613,0.019891669268454256,-0.433783605431798,44cd4e8b8cfa53bf80df00aaaad74595d68fdaace95695998367232b3023c83d
R37,1325,0.505024204683586,0.005024204683585998,-0.4099218412859198,0.22436684876219593,0.019405928119236044,-0.4293277694051558,02097ecf296c609ada2c6235f8511116422ca8dec1832e52bd7d66325172ec29
R37,1326,0.5029123504941178,0.0029123504941177547,-0.4115323235304448,0.225347387088506,0.01958122532328363,-0.4311135488537284,d08101219bf93cc5913f910dc5fc4b90f23748fffafbf37af472edba80859ad1
R37,1327,0.5254022862656902,0.025402286265690188,-0.39441749119204184,0.21485202011426996,0.017643274518249038,-0.4120607657102909,07e1f66b87c3aa61f8c860c1ac92e40e79399d6277afa7cd8bb096e00a79a77b
R37,1328,0.5001906629730661,0.00019066297306613578,-0.41357938070261185,0.22662599866603675,0.019836308314730825,-0.4334156890173427,6635b7eced3141fb325b9b1299ef005d3b6efdafb6c7a5a6cb33e3cb70964acd
R37,1329,0.5219532327923808,0.021953232792380817,-0.39702851227716873,0.21646723477351665,0.017952978634932282,-0.414981490912101,9b367c1627f13185fa763a4ea0d63b4a500b021f1eb80be68a591477fc2e6ede
R37,1330,0.49664322702683195,-0.003356772973168054,-0.41626507019029724,0.22827956704735025,0.020147031952201636,-0.43641210214249887,9797d951d100330e447eb00cd1b8f95bc5105e83b28401e8d9ea8f64eb35ada4
R37,1331,0.49797529411916464,-0.0020247058808353646,-0.4152503099877103,0.22766172263114814,0.020036567637293005,-0.4352868776250033,7687a5c86e5d36c71759e2d900f144850d93f46a775f38ef8c5f499c67d27b6b
R37,1332,0.5022753345992703,0.0022753345992703178,-0.4119717045934289,0.2256617572390483,0.01967590494233387,-0.43164760953576276,4127a5859a255d8708dbd077cb1e08b205e9280913beb3d2b8a6ce282ee562b6
R37,1333,0.49559833494077665,-0.0044016650592233475,-0.41701580829627516,0.22878166307511427,0.020273758926976665,-0.43728956722325185,2711b3164898d1fc12425aeb1364397e9f5124b9977e3d3bda807380285b4ab3
R37,1334,0.5057210304024999,0.005721030402499938,-0.4093810877940834,0.22404584725110452,0.019355303354062832,-0.4287363911481462,061940c0f57308cb6540bdd2907c8c5f940999bad3ffb9a53550545ccaf6c831
R37,1335,0.48520537271660324,-0.014794627283396755,-0.4248549710770896,0.23363198961091253,0.021204504072367732,-0.4460594751494573,b2c8fccb02cf0fb186c176495f20c86a1e681cc61908d07e5d151eb163ee5e7b
R37,1336,0.5034846425816317,0.003484642581631725,-0.4110776259145357,0.22508727864587477,0.01954846568860689,-0.43062609160314264,e1d01aea9a325d3f5082dd34e1bd46fd59c1e4f97811a4295b29b38a6ac6dbc5
R37,1337,0.5185643810039835,0.0185643810039835,-0.3996393534715457,0.21804117756770572,0.01822150083193288,-0.4178608543034786,301bf0f14ddcd765fccd4ede7407f5dd19571612c8a28ec58d4cb5505703c3d2
R37,1338,0.5191136897296178,0.0191136897296178,-0.3992209450025943,0.21778535454483589,0.018174882043538742,-0.41739582704613304,c6e943e708127a9617f0ac784be15f7667603b957ed6b3a13fd64f62a855e7a4
R37,1339,0.5059889114387444,0.00598891143874436,-0.4091785929497932,0.22391775564066185,0.01932845916576524,-0.42850705211555845,fd145e94d849abcc64734bf92bf176743614a14db83f07daa7b05bd21672328d
R37,1340,0.5238973305881645,0.023897330588164456,-0.3955712466758547,0.21555091663297363,0.017765293295046274,-0.413336539970901,2d0cc0da1c11db30b317c00bbe4b4996b9592c39885748a059c367d1c520b0f6
R37,1341,0.5258283923695299,0.02582839236952994,-0.3941026456698938,0.2146485714847092,0.017597248649762302,-0.4116998943196561,38deaf0c49d4c8324f7396118864d203b3b7b54db0270e2d67ef2bd16fda70e6
R37,1342,0.47815167369915734,-0.021848326300842658,-0.4301544131008532,0.23692321540507713,0.021846008854650545,-0.4520004219555037,509c9d8f692a63c3e39b94f2324a3196f78a89423b2ca17889701283b98a57be
R37,1343,0.49535483697018634,-0.004645163029813659,-0.41720489207349826,0.2288935407941783,0.020291094757429174,-0.43749598683092744,dec730422e8a3b19e9527235486fd370dd9af31fdf8a98d65d553d9b3d6e44f8
R37,1344,0.49462051416758546,-0.005379485832414543,-0.4177989801019415,0.22922291606555534,0.020323426014584613,-0.4381224061165261,670af4cc558eb38d79f235ce84fe9ff8e8919206296979fcd8fbcdbec91341aa
R37,1345,0.49621597444334986,-0.003784025556650139,-0.41657764059948493,0.22848330283080123,0.020194482531058756,-0.4367721231305437,cafcd23380c086b62807ab992063b24d1cee98a4c0607ba8a29dff13e0a09e48
R37,1346,0.50610104677336,0.006101046773359986,-0.40908213388003867,0.2238713557883409,0.01933028884832158,-0.4284124227283602,603ec440dbf8f34548cead61e68f44c78674f767b66028bd4b69a5fb70ccb69c
R37,1347,0.4768014744597422,-0.02319852554025781,-0.4311697888071741,0.2375537516804009,0.02196885727681387,-0.45313864608398796,1efe2b5df70d77082fda624b382167508e57491392087cd9698210edf32213f8
R37,1348,0.4726383069099387,-0.027361693090061312,-0.43427824053732444,0.2394995059234737,0.022360385654811476,-0.4566386261921359,855cc458cd2c7ef978044288b98a4dd928e87d278b6285dd3eb4e825537267f9
R37,1349,0.49776640571521,-0.002233594284789975,-0.4153943515120278,0.22776363407771158,0.020066458321697678,-0.4354608098337255,7074f415e029e34f4ad654953aa333da6720e94e25a41d660bea893c3fb2fbb6
R37,1350,0.5125176434341194,0.01251764343411943,-0.4042198496630247,0.22087202818320173,0.018762103351689378,-0.4229819530147141,c8719f2b751cabf76695e9ba9bf2e47971e45525508f7cd5337b4d00d9b99358
R37,1351,0.4967232802834587,-0.0032767197165413098,-0.4162052390530248,0.22824403917332878,0.020141419646816358,-0.4363466586998412,fe87b20005fc177030876f9b326480bb88d6c0d446a90b1e94f07476b494ef3a
R37,1352,0.4910450671477298,-0.008954932852270225,-0.420465972071327,0.23090315372805634,0.02067016769239281,-0.44113613976371985,bc22d01bc1c7ab021fa7863a8c9c714a92d12b75854816c5d149c97978ce9cd0
R37,1353,0.4883102386578566,-0.01168976134214339,-0.42254905585503844,0.23217205364587984,0.020897525718360642,-0.44344658157339906,91f464d8dacee5d06da92d894f7f54f6924c0ee3ae2e73a0c1cb5c14edc35437
R37,1354,0.5172934036374464,0.01729340363744636,-0.40060917360980003,0.21863531371677733,0.018330726911877326,-0.41893990052167734,e2aa5854c5ac9ccc8825aa1ed773dc36453efdca97f9ec890e0b2774da044cab
R37,1355,0.4943792349857681,-0.005620765014231921,-0.4179800602647769,0.22933688732326848,0.020346857190880013,-0.43832691745565694,1257ff8631197b99cd7433baedd43d01256bef91edb4de34c1fef673d487667d
R37,1356,0.4782832853498251,-0.021716714650174884,-0.4300479568577251,0.2368655641544437,0.021841585725581127,-0.45188954258330627,4e0b14099f0677c9992627e7d5df30c3eefe8be5aea99d37395de197b969803f
R37,1357,0.48229546965718706,-0.01770453034281294,-0.42706870280171233,0.23498225726035285,0.02144790585949671,-0.448516608661209,3652969e56b219370f6b74922aba235bfcbd2aea80c56baf27e7e55c7da3afb4
R37,1358,0.4811736080939568,-0.018826391906043183,-0.427877556567314,0.23551625783709138,0.021577479553434385,-0.4494550361207484,01a22f78f08432210bc340ff5a99c4c497928b68188065729603aeee8f34647c
R37,1359,0.49695265392816057,-0.0030473460718394296,-0.41599466513331873,0.22814692403346243,0.020149591466803066,-0.4361442566001218,146c2a1b1f5f00c362638f97717dd8dd4e91f7b64da56734f90fa6480a3fe145
R37,1360,0.48699920625741155,-0.013000793742588446,-0.4235802090187545,0.23276688769517517,0.02097678318579791,-0.4445569922045524,cf3c16604c67e0440d6524098919e932fff29e1be5c4161fb38a82de43af2d5d
R37,1361,0.5094449806712287,0.009444980671228675,-0.40653466886630124,0.2223132815931874,0.019045947160036745,-0.425580616026338,7fefd8d2ad87f3a552380216eb38d5352fd2f2c9e0135620014baad7efe5cca9
R37,1362,0.5009271612561901,0.0009271612561900788,-0.41305484855968405,0.2262698419694197,0.01974241768957771,-0.43279726624926174,86285296bf424d5c25b9aad52a48b91e4a906e3aa88d21a3602739440044e297
R37,1363,0.5136662696109167,0.01366626961091666,-0.40339749069014824,0.22031658712899774,0.018617841783923592,-0.42201533247407186,d86a061219abb4b2de722c04e4c593a3777d8581e12e3fb4a59f208e32ff7f87
R37,1364,0.5141477457102168,0.01414774571021682,-0.40304748714888594,0.22008752797636338,0.018563784401920407,-0.42161127155080635,28e2ce4a81f0a21bfab6e23410c92c3f1c1b643824a72d9cd5aa471573e0f6f3
R37,1365,0.48499112052222904,-0.015008879477770964,-0.4250381236360062,0.23372332780928864,0.021204265991285564,-0.44624238962729174,9c1d116aeab89f76f601f5c93bc5e0aa7e253dccb598aaab05212b8a9a6d9119
R37,1366,0.5160230588989789,0.016023058898978926,-0.40155069412257927,0.2192363388401677,0.018460991778878045,-0.4200116859014573,dc391f7643414f0283e86b8c16198a7992ade7668ce9f3b46c28b023ce2cb1dc
R37,1367,0.49157836133528177,-0.008421638664718234,-0.42002871920935747,0.23066514568793578,0.020650786083257048,-0.4406795052926145,98c62ec3b29f76be240431b54be215a85d4a8a9a17a60d9f1970097c493a0982
R37,1368,0.4963029301467863,-0.003697069853213719,-0.4164962249239488,0.22844826858446726,0.02020015612249288,-0.43669638104644165,4c177ae4b830a59154d1ab1233bd0157058a18627517f43802c8969d4f65ac29
R37,1369,0.4964610752756864,-0.003538924724313608,-0.41639672871039235,0.22836616111288882,0.020167796757692667,-0.436564525468085,0b4ab83774f258f7702fe3d85ce5b509977456f066692ea9098882b7c27fbaa6
R37,1370,0.503596680342492,0.0035966803424920535,-0.41101487253738556,0.22502716589725724,0.01951972962856449,-0.43053460216595,48118c8ce144e63e49422743503fb8ee58f9d7c45f8364384bbe8f0016660f6d
R37,1371,0.5088688061144644,0.00886880611446439,-0.40697837341300774,0.2225802164422738,0.019091029735769902,-0.42606940314877767,bd74e89eefdcd75564030321635dfc85a6b04c8fad112b67072ebb4863b67dcf
R37,1372,0.5064255547593526,0.006425554759352581,-0.40883903393770776,0.22371957958439384,0.01930006261553995,-0.4281390965532477,f91ad537eb75982c653b3a2b8a4ac9cb6cfb27e3a130be247e3b4fc5db480352
R37,1373,0.4952324262390886,-0.004767573760911414,-0.4173050883139699,0.22894809160152438,0.020295547444539448,-0.4376006357585093,891915b76e00570844cd88a8d284dab4a8883d7be523a5f92cf80fca5dced1d1
R37,1374,0.49631653050818225,-0.003683469491817748,-0.4165035187189771,0.2284343689422275,0.02018260958273892,-0.43668612830171605,92a2228a19db583ee850e5c41e99804ebb5ccbe478113d48e0e0b17267c712ab
R37,1375,0.49749388849451703,-0.0025061115054829664,-0.4156200736653002,0.22788226226167274,0.02007222542902267,-0.43569229909432283,49184588e122ed249ccb497132a0a84118096fc2bdce902e0d232f79b28fa6bd
R37,1376,0.5026319090065816,0.002631909006581612,-0.411699143069088,0.22549622760636748,0.019646656071823452,-0.4313457991409115,6fc9b76c95c988c3709c10e7b674e282fa8f9e6e0a9eebd9768734e833f64913
R37,1377,0.5109936040346499,0.010993604034649884,-0.40536253045700354,0.22158944054773166,0.01890817531922992,-0.42427070577623344,9e62c52655accea5e984790a94b7a6a827c9f4496c444e2db72c369ca22a58c0
R37,1378,0.48587602758506354,-0.014123972414936459,-0.42438849363254616,0.23330561901882335,0.02111137220255025,-0.44549986583509643,6fb2f5cad4019ab9de1d2f6c31dbf3537705b13c01a7889f1558e9d4c8ca1292
R37,1379,0.4878205764127048,-0.01217942358729518,-0.42289423042229923,0.2324074299353564,0.020960314724206758,-0.443854545146506,6c7f26afd3427b07d78dc035b07505b748638c94a53a4fdb880bfc01f5ed876c
R37,1380,0.4848358431101596,-0.015164156889840408,-0.4251305626486079,0.2338044966580479,0.021239215333743965,-0.44636977798235183,b50aa9c5e63bebe947225075e34d9f065a6c9659c1d01efda1269a9c6cc07bbf
R37,1381,0.5084063067223197,0.008406306722319679,-0.4073335846090046,0.22279505717089132,0.01912826486638901,-0.4264618494753936,835cb3f6090c8e2c223287d0c4da37bf99d1354921ba8859b647b198fe944dfa
R37,1382,0.4970622829708202,-0.002937717029179776,-0.4159233223630295,0.2280930924073112,0.020131431225796467,-0.43605475358882595,62c20d235a7ba10433f9fd5a7a3b29c40ccf0a686126dde97af7bee11c62d3c9
R37,1383,0.49393742443546174,-0.006062575564538264,-0.4182869441628175,0.22955148171456638,0.020408009633157625,-0.4386949537959751,be393f27ed8843854e04ebfc883226d92ee91173fc779d28238e70773514c1ee
R37,1384,0.5056430870956248,0.005643087095624777,-0.40944008801630577,0.22408236172946963,0.019362317721316767,-0.4288024057376225,527dd718b6c4bc6592d35089c7d915645f194328b21c3e34bb3bfb3ed53905f5
R37,1385,0.4778801316072774,-0.02211986839272262,-0.4303849087145575,0.23703974773856434,0.021847293381285587,-0.4522322020958431,59f8323acf172b73b257d245c399693bf07620a3cb03be3b44caeb3b2a75568d
R37,1386,0.5140710733486595,0.014071073348659535,-0.4030441285080081,0.2201447604497741,0.01862269619577007,-0.42166682470377814,59aacf0faa77a2251dc4c71c507a7bf9f20d394177176ebf008fbcf4def11502
R37,1387,0.5244324582405304,0.02443245824053042,-0.39514833667388366,0.2153078997002371,0.017733731363295247,-0.4128820680371789,ce8728714fccd85f96402d51185f4864092c9131cc41bf6260e533d6096614cc
R37,1388,0.4894254513000016,-0.01057454869999841,-0.4216643979370353,0.23166605009519534,0.020833851126677665,-0.442498249063713,ed6c5d26bef6808fa8d292952621171fbd6346d1bf626d66ba0c061a63aef614
R37,1389,0.48985871933270464,-0.01014128066729536,-0.4213484181602066,0.2314609595101558,0.02078675043005249,-0.4421351685902591,82a507a117e3b3d233bd04f84b96afe5f358c46e38bb2510bea81eeae968fa69
R37,1390,0.49112985773553075,-0.00887014226446925,-0.4204207957933593,0.23085372416173847,0.020643326265058822,-0.4410641220584181,f2f3cfc69ed6f4e75f6dd0dfa19c0a999deec44a4b3b0f7b212aaad1e5815f90
R37,1391,0.5267986362653709,0.026798636265370934,-0.3933243949672504,0.21420861297187202,0.01754641548824682,-0.4108708104554972,8b805b56fdd000e92138eef9ff3c725bc3faa09d0a9119c00471f087368cb8fc
R37,1392,0.5332051335248211,0.03320513352482113,-0.38849211169101305,0.21119343026424664,0.01694737441874014,-0.40543948610975317,21db64acc0e0fd8ac1e147270ee00a93a8182c170de2b2951162f6568a6682e1
R37,1393,0.4792862657252699,-0.02071373427473011,-0.4293497831145545,0.23637813667774027,0.021703245120463014,-0.45105302823501753,83ac491e83e59ec8fbf62595c44498b4b15e966ee41a0ea55e1f181e8330eeea
R37,1394,0.5259291437650804,0.025929143765080376,-0.39398476234203667,0.2146157982184008,0.017623417047382444,-0.4116081793894191,5f6cd390c466f59c01d0c0e55043679957841cb65c62e9054033fdf355702a2e
R37,1395,0.5150419675545468,0.015041967554546787,-0.40231487017366113,0.2196860553903053,0.018528620303474744,-0.4208434904771359,c2a096b4b89522791de705d9f7ea6bbfdc0bf4301c06b459fb3e00174c4fb55b
R37,1396,0.5138956132712229,0.013895613271222906,-0.4031778878060424,0.22022792014736678,0.018638976244345563,-0.421816864050388,f3cc60a56b54a6c103a7267663166b92ff8b9ab43748bb2a777c056040857d41
R37,1397,0.5094852181549223,0.009485218154922315,-0.4064824875121184,0.22230154903277669,0.019060305276717503,-0.4255427927888359,40ff728fa7fc694efd3b49bfe104f4c676093e4d82c3c790726171466909f724
R37,1398,0.48696841352289577,-0.013031586477104229,-0.4235034379211143,0.23281736142409634,0.021065642463539227,-0.4445690803846535,e80c9de0c23083b684a8e1869c46786106c17c105521bc2fd0beb10f7c053124
R37,1399,0.5016186891276699,0.0016186891276699367,-0.4124655868070414,0.22596677162458628,0.019733978221065582,-0.43219956502810697,aa74a0f4334ce59dcb593da7ec9ee033f87206c0d786da9c8b39dba82d69a92a
R37,1400,0.5217926005322269,0.02179260053222687,-0.39713473207745653,0.2165489866138438,0.01798162057511553,-0.4151163526525721,c3d4075821f09aa8e60dad7f431713fd62536439febeb35dba810cb42fe40ec2
R37,1401,0.5005761753966298,0.0005761753966297967,-0.41328510309208033,0.22644658434424325,0.01980403279820309,-0.4330891358902834,bf862db9be5069ccffd3ac6ef62d46622ab642666bb9e1ef41cbed86018a2875
R37,1402,0.47309714481761045,-0.02690285518238955,-0.4339307080794053,0.23928652530464503,0.022321171264942367,-0.4562518793443477,3296654a642ab9e3fe779184204e61498305e898c9c61754101f4029a3333b81
R37,1403,0.5002485083930834,0.0002485083930834353,-0.4135141648612754,0.2266047104573872,0.019847628026749494,-0.4333617928880249,99df0d98f90b6fc587546c5df37956ff0cbb82801f314d566698e63465da9c0a
R37,1404,0.4416442154382154,-0.058355784561784585,-0.4572958326107894,0.2539421184170623,0.025294202111667656,-0.48259003472245704,41806fa85cf38ad8b003e82b34c7092bc912561952597b7f5d9f5cf3fc6a6163
R37,1405,0.491208861468337,-0.008791138531663023,-0.4203157449085533,0.23083545034417857,0.02067757788990194,-0.4409933227984552,b363e92528dc8c5c6a1e8c4aee25ab29cfb835df5183cbfc68c3f94d016bb281
R37,1406,0.5014381697982839,0.001438169798283928,-0.41260000763390847,0.22605424495939608,0.019754241142441845,-0.4323542487763503,cedc91b635f709bb57614eeb04df960b9ba1760d31854a027f5594d904c86602
R37,1407,0.4862970860590434,-0.013702913940956574,-0.4240213179241032,0.23312684132461056,0.021116182362558945,-0.44513750028666216,3169fc9cab2e357c3ba333cd1da542129350bfd4baaebaec0dc479bc45fb7b25
R37,1408,0.48241265029224767,-0.01758734970775233,-0.42699955419831076,0.23491643427210887,0.021416657172953477,-0.44841621137126425,af12ccde616f9f0d5120e927b7ac345b526d4520ca6085d06c5ecb10f2bb667d
R37,1409,0.5343380858366884,0.0343380858366884,-0.3875914353358801,0.2106783443615565,0.016882626693616457,-0.40447406202949654,60c89310b3a73398e243905774a178ec32d2213815ba50d801e4f90132c24bc5
R37,1410,0.5007494008789932,0.0007494008789932227,-0.4131382165645114,0.2263693561096964,0.01980024782744072,-0.4329384643919521,41b4dbc13cbe8f8a3bdafec5fdbdc7a7658f35f9bbd3e627f433d0319a4d23dc
R37,1411,0.5108805735186441,0.010880573518644132,-0.4054889200073996,0.22162873381914552,0.01888427381544572,-0.42437319382284533,ba847c5b9d1bfe5abcff8a810f307fd51465f8f37208cd10b1fdc9095cfd2839
R37,1412,0.5058185201935868,0.005818520193586751,-0.40930291770001603,0.2240024146921168,0.01935095584210875,-0.4286538735421248,90d954bde7d52f75a3c7f9b32d224e2c02cb74109eaa1d3364487fccf46afdcc
R37,1413,0.47602143002598907,-0.023978569974010933,-0.4317767768510602,0.23790765044871343,0.022019262023183342,-0.4537960388742435,2c4c8591549ca78678d805cef8f1c1e6a5bc3fe9cb78e6c5ed4f85fb8dab8e79
R37,1414,0.5049261897126238,0.0049261897126238186,-0.4099641286229805,0.22442329864856025,0.019441234337070002,-0.4294053629600505,5b8e0d0110119f48c3b54a9294d5ccddb008016bc73d686f6518d1527ee6b934
R37,1415,0.47620262332849794,-0.023797376671502057,-0.4316234619008178,0.23783153809038432,0.022019807139975395,-0.4536432690407932,524b718943879a656dbd2f1cc1fc8fd33f4985f527c831678bafcd311838cac7
R37,1416,0.511094210806545,0.011094210806545046,-0.405302642372343,0.2215372623245966,0.018885941138425098,-0.4241885835107681,162589f33e1f764e26cae1d746a7fa80328f4471d065d2c48e64bc99d2c88ba2
R37,1417,0.5010271970471161,0.0010271970471160685,-0.4129439510580754,0.22623161828349422,0.019759642754456505,-0.43270359381253193,bbef70fd17f2fba95259a7f78bfb0da053a6f2e92c5718b3f28d5fbdeb20a9ed
R37,1418,0.4945291057581014,-0.005470894241898616,-0.41781666853777766,0.22928319610679226,0.020374861837903446,-0.4381915303756811,58b7c1c45aa45462c5be208d70103980452beb681a93529c53002e0135ac2257
R37,1419,0.4982341147131053,-0.0017658852868946973,-0.41502365821337006,0.22755045322744344,0.020038624120758422,-0.43506228233412847,edfe37fdc4e4fa74430e9b4ab14ab42b5071da07ffe0c7a025431480250f885a
R37,1420,0.49265175404860817,-0.00734824595139183,-0.41929671785605793,0.23013901074811227,0.020490651820083305,-0.43978736967614124,f8337246626285e1616aa45cdaf651c82507f0eeaacf7a5054c9aeec302b6e90
R37,1421,0.49890599202037955,-0.0010940079796204483,-0.41454456401633005,0.22722778455248502,0.01995550254431998,-0.43450006656065004,d674202c4c3ca2c7b3827e7d1f4da4f31c1236e06406d96f50bc284c2bd721fb
R37,1422,0.4946814492276843,-0.005318550772315689,-0.41771306064982977,0.22920798516937482,0.020351454844459913,-0.4380645154942897,bfab7190f0c576bcb8cc24acfd8e98131f5d4e5db75b59f439aba800604d98d2
R37,1423,0.5156551185350393,0.015655118535039314,-0.40180053104772884,0.2194182662187073,0.018518000694842874,-0.4203185317425717,fa052279e5c8e2d8f518f087c31b5c545f72d1aa60614e94e484608ffb73129e
R37,1424,0.5040308920742429,0.004030892074242898,-0.41065950191984213,0.22483673001858068,0.019506979058659633,-0.43016648097850174,a82b706bc159daa7464cf83f2e5cf640f57a567fa4add29a06ee77cb55201b68
R37,1425,0.49069893107396645,-0.009301068926033551,-0.4207082741033231,0.23107092138792085,0.02071678433625926,-0.4414250584395824,a7fa39d7c1ac0399e8fe6da42cb2d5edb45afc40e3365246c6e688acf840e8d7
R37,1426,0.49104978958415213,-0.00895021041584787,-0.4204730781524454,0.23089762858016744,0.020661089503944737,-0.44113416765639013,95aa68d900ee5971d74005f2e6f4914bccf73d9aeb8d48deab39797fcfaf01e4
R37,1427,0.4996613056144743,-0.0003386943855256952,-0.4139492882470552,0.2268820752938295,0.019907431170301897,-0.4338567194173571,19915a4d86c76f15e2aede79c012dca9963a895760df08319347ffa0f227fcab
R37,1428,0.5228770020482627,0.022877002048262707,-0.39633826688388996,0.21603320163786371,0.01786406819591874,-0.4142023350798087,f2b4e87af4a2f2671c7de4fca977029a43f8f1f5ffbb997b814b31efeb662e2e
R37,1429,0.49445581495401214,-0.0055441850459878594,-0.4178801302714904,0.22931397116351915,0.02037390602777396,-0.43825403629926435,8093cdbc9ab62be55465fedf264c53c0be90492dc6518ed944621f6aba1f6cca
R37,1430,0.4916575694989884,-0.008342430501011577,-0.4200074170559408,0.23061604623646664,0.020612337708496232,-0.44061975476443704,c88d0b28fd63bd7fd4e6d0e87b2b020eae266242c635a201b59376c036ca8b9a
R37,1431,0.5174326639850959,0.01743266398509591,-0.40053208899959647,0.21856010675871107,0.01829406225891286,-0.4188261512585093,7b2ec3ae5d216e2a1e56f0c17abd5cb0a446151f7d86bf2a1ac4ef58ce3f54bb
R37,1432,0.5177045204450945,0.017704520445094518,-0.4003091524483923,0.21843795283150255,0.0182833766073064,-0.4185925290556987,19d97af93beced14e835664e8e87ea1eb4434024e21c0ab9cf1dc42da55f7d83
R37,1433,0.4968638198089006,-0.0031361801910994025,-0.4160918936192799,0.2281794401909914,0.02013349338135148,-0.43622538700063135,8811c89ae156284aa62e7a92d1215e2b15b14ce4292e9e6e4592d0490b55e1d0
R37,1434,0.5016620684351647,0.0016620684351646986,-0.412411746759424,0.22595553026678553,0.019749656887073506,-0.4321614036464975,6b2b626bf6c07e670f6b52ed5c707ad044204989b20a0b77db23c284a695b7b4
R37,1435,0.4896629649409292,-0.010337035059070798,-0.4215183349944071,0.231542793351968,0.020783625854764468,-0.44230196084917156,f9fa2a58f0464c0073e6a24755885d2586b7c9ecdf9eb8e35cdd8fa3db5df90f
R37,1436,0.48794850453810046,-0.012051495461899542,-0.4228035535612675,0.23234730206327073,0.020945525282636965,-0.44374907884390447,db5ed60cb90521207e88d320be60aefcfc5531fb8f4f101afc419145e714e000
R37,1437,0.49580620359493066,-0.004193796405069339,-0.41685970363099417,0.2286840301772983,0.02025417836180121,-0.4371138819927954,06202e78a1868041ea74f1fed0d172ef98b6f0dee9edb89e4144fd26dab6592b
R37,1438,0.5036498558247455,0.0036498558247455293,-0.41093635416005936,0.2250178544251678,0.019549677345138135,-0.4304860315051975,9052ac990e135e7d85f7f8a5a2958488dfe76e6f16bbf9b2f9ff3ecba844706c
R37,1439,0.5178008156251803,0.017800815625180322,-0.40019855377821995,0.2184049229423846,0.018305646053274623,-0.41850419983149456,dac09e6e06be4003c027bb55aaa02e3028525a2fb6ff687cdf0f12ba65856d31
R37,1440,0.5076287342333006,0.007628734233300571,-0.4079950412608061,0.22313178592137217,0.019134265290969107,-0.4271293065517752,23be12a4b87b5e21f05084fe021909f001c8da46b833b91dad1db8c13da7e5e8
R37,1441,0.49539952856605707,-0.004600471433942932,-0.4171900497165386,0.2288658253416027,0.020270800483333386,-0.437460850199872,785e5408fc1b0a350a4a689e3dffccd5e728236571f9616565ebf5fc8e40790c
R37,1442,0.5025672463872461,0.002567246387246147,-0.41178020220995043,0.22551534369317108,0.019625242588195875,-0.4314054447981463,875bce0b60b204ee25ddbe01e7f307cae3b3680f0001646b081fce2d6ee40e7d
R37,1443,0.51311320059463,0.013113200594629948,-0.40377532213942074,0.22059230774397784,0.018704646674267456,-0.4224799688136882,fe6e59a62646658add536db75a33179eac3f807fd337723885d7dd5f2a1413e2
R37,1444,0.49232906745128013,-0.0076709325487198665,-0.41949125573867513,0.2303057025501726,0.020560074680835018,-0.44005133041951017,63268bb67244807181c99477f96453cf73d2b76276a2c51f7cbb1184f190f1ac
R37,1445,0.49184995303583023,-0.008150046964169766,-0.41982859107639403,0.23053700908274122,0.020622713544544206,-0.44045130462093823,e30fe1b8ec51dcb4f7b6c33c591dcdb4668622f907e59d07f896c69a7913f849
R37,1446,0.5036041638003099,0.003604163800309923,-0.4109583126637953,0.2250437069056412,0.019564550573743553,-0.43052286323753886,bf05f5c85114856888f94d6581c57d16593870209e0996a96156132636d87851
R37,1447,0.505220251139447,0.005220251139447019,-0.40980012270362715,0.22426228345655405,0.019362222104740503,-0.4291623448083676,1ff52bddc7c2cd48e805ce654c597a14b05aff6cf1a87051f9b1178dc09d217f
R37,1448,0.5067462228448156,0.00674622284481563,-0.4085903660790203,0.22357205284784212,0.019276869808332,-0.42786723588735226,4228963bd38620c8d166788092c480fcfdbbaecc86f57df4ab4dd8562144743f
R37,1449,0.5194837864188993,0.01948378641889925,-0.3989187675282838,0.21761966997375354,0.01816028620961165,-0.41707905373789544,b59ad6a2eff5191df01bf8d4bcad55cf958f5862a5b26e7ace32bb21165745d0
R37,1450,0.4831587219249718,-0.01684127807502822,-0.4264022628871001,0.23458240169213915,0.021381270248589112,-0.4477835331356892,6544e220833b6ac16eb0af02139a282fd786e312223538ef3a16caa624b66917
R37,1451,0.512308573938195,0.012308573938194955,-0.40437048212755605,0.22097333165976948,0.01878809059599145,-0.4231585727235475,734934e3f74aae5c25bb893ca8d3e84f5d839d25a33d39b3e5694ec0dd4d6db7
R37,1452,0.4756087318664788,-0.024391268133521216,-0.4320891791283075,0.23810172190457737,0.022057132340423596,-0.45414631146873113,1008efdbcc9fabbf70f8a1e926f3836cf4bdf3836befd6d0c3d210d022011a5f
R37,1453,0.5112359984141956,0.011235998414195647,-0.40520299250109026,0.22146706593780408,0.01886556968725896,-0.4240685621883492,d7684029694276c42433edf01323e8c5cda8c361848dbe9c78c28d1f9f50e054
R37,1454,0.4749153115123719,-0.025084688487628126,-0.432596041140568,0.2384284692127099,0.022130448642425894,-0.4547264897829939,3bdc1d9cbb3e7a24741a23fe105300c74ec91f09b0cffb0c2623a30d9ff5a046
R37,1455,0.5046520682501536,0.004652068250153629,-0.4101751790373031,0.22455015982054008,0.019462570301888544,-0.42963774933919163,1249a7aac68e3fb5764c3553ee7848a19c45ad03af4d1e2946d87ba7e363ae9a
R37,1456,0.5271448236671554,0.027144823667155427,-0.3931003672297798,0.21403471630067683,0.017484532685786897,-0.41058489991556674,7f64ae29f8e27d84afcff82f6eaf9b953104b009a32cebe3845fdc0a22e156e6
R37,1457,0.508411590834333,0.00841159083433296,-0.4073502162553559,0.222785395559799,0.019110287432121086,-0.42646050368747696,5e1827844d80372e09a0534f50109283ead1959f04e8ceb11a618156e6ae7729
R37,1458,0.47848481839892365,-0.02151518160107635,-0.42993602383496193,0.23675898645518775,0.02179097453770678,-0.4517269983726687,2df2eb22ee2cf50cfd9ee9d438c5aab136a60bca199604e94b693a3eb1971819
R37,1459,0.510640499501372,0.010640499501372025,-0.4056672106035533,0.2217418953039996,0.018908290002222952,-0.42457550060577626,5b6a798fdca7ddf4680b43b2432216e5a67c3939128883d41b6469f81677f3c6
R37,1460,0.4839901024784634,-0.016009897521536587,-0.4257883500026239,0.23419312495698594,0.021298949955673992,-0.4470872999582979,f3aa7dbf22b1a8c2f7b2640833bd0f371b642d06eae6b0ebda623255f634a783
R37,1461,0.5059156133584737,0.005915613358473681,-0.4092283771247726,0.22395595135020566,0.019341762787819343,-0.42857013991259196,c50488cdc265ec232d56facea8003d5eb9a4e224d3edf36d6b1794ce656f036d
R37,1462,0.4922356985302956,-0.0077643014697044155,-0.41957970698901675,0.2303425340604249,0.02055268056591654,-0.4401323875549333,4388c7213fcd127d0cf535c4b0f8d6ba2610e2069981953f23821eda72246eba
R37,1463,0.5183674749277634,0.01836747492776336,-0.3997845204384885,0.21813568770141897,0.01824342748217471,-0.4180279479206632,8e2cd5ad188b91357c9c2f3a57a86b52a8e64713c00280cf2d89615010244fc1
R75,1000,0.5121439837467607,0.012143983746760734,-0.36491790323524254,0.26735057925476485,0.08489162763714359,-0.4498095308723861,498b74b3ae91cc691b95546cab189711433e3164ee7b1b4342e8a99007b2832f
R75,1001,0.49531602766041316,-0.004683972339586839,-0.37457746895164157,0.27772117955440934,0.09043244507858858,-0.4650099140302301,16c53aa9bf6d7c78d7fb46d102af2c201df9192723c17dd91d7e06dc33cd9f9f
R75,1002,0.4850821969172425,-0.014917803082757475,-0.3804453884354484,0.28401464042006475,0.09379194620234056,-0.47423733463778894,05fcb59df086fff28e16c3ff2aacc1608d54f67cf6e3ddeb61a2a22af71cda3f
R75,1003,0.48766557945118927,-0.012334420548810732,-0.37891384542143147,0.282451411441658,0.09299448873094222,-0.4719083341523737,220b0df92c7f9a4d0b0cccacfbbfbdf96e4785592610ad0b0dcfd83f71983e02
R75,1004,0.5108077412561042,0.010807741256104175,-0.3656754843641215,0.2681799796650197,0.08534223748295894,-0.45101772184708044,e7a837cc1779af5c613c6a84cb4847911218087b35babc1b76853e3177a94fd6
R75,1005,0.4928092091888643,-0.007190790811135717,-0.3760978543108624,0.2792264677400874,0.09117754058465621,-0.4672753948955186,8d3060149de3d082575591f7f26fec8cc66ad607fff32fdb87f14e2a608f8ec3
R75,1006,0.4872884002815387,-0.012711599718461308,-0.3791323782781937,0.2826820467599623,0.09311585762086545,-0.4722482358990591,19bd25635840cdb144a23d6b4c3e181882b7ddde5be2c3206fae182143a760b8
R75,1007,0.4896879868163408,-0.010312013183659208,-0.3778042910122427,0.2811854405905796,0.09228329508445825,-0.470087586096701,decc6dd42ece2a61512617a62fea36d3d01f6a041d865c2faea76c32826535f1
R75,1008,0.49965904637738734,-0.0003409536226126608,-0.3721240635050508,0.27503039733485507,0.08896836558232968,-0.46109242908738046,bd3ad99df3a4c5970a360b32a41c0098fd7e141d12f8de42d8e688d88c5df8bc
R75,1009,0.4990734634412792,-0.0009265365587208252,-0.3724907232608241,0.2753744463242396,0.08912908469382749,-0.46161980795465163,c15c441be343d0f42162745ab18af20603c6e854de1e768bc5ee6f107df1b87a
R75,1010,0.5072615263411453,0.007261526341145297,-0.36768207116696877,0.27038060615394166,0.08653957057045725,-0.454221641737426,6dcba2fd5040b1d347d693cd579fce1deb8aee09284eb40196ee7fa4c1997e1d
R75,1011,0.4805502275494392,-0.019449772450560787,-0.3829861035967592,0.28682621022144955,0.09533315842306996,-0.47831926201982916,51ab5a9e83a3191eb8834922a195f4c30dbaacffc7b8e0908cf4c2a7ff462a67
R75,1012,0.4935841246718105,-0.006415875328189491,-0.3755466714009612,0.278797845414011,0.09102450971353036,-0.4665711811144916,46161e06366a123246201759febe7357dfaed45b73a80ab3b25d60ce40808ba4
R75,1013,0.48624237318418595,-0.01375762681581405,-0.37970638013937574,0.28333651092256334,0.09348332085287547,-0.4731897009922512,d8ec6266f7940d3e0a1488558d173c84cab6661d9274d9271bc4a13435c90302
R75,1014,0.5070620464886859,0.0070620464886859136,-0.3677959265831898,0.2705039969526394,0.08660603366104445,-0.4544019602442343,503a3ad44ebe061de28e70920963a03e5fa4b93a4358fa4373c8c334e23c5ed2
R75,1015,0.47555531018611685,-0.024444689813883147,-0.3858727112392667,0.2898798404929871,0.09694348487335377,-0.48281619611262044,515504095dfe1c28096af96720b4a94856ea9ff017a2d31fead97a81e2663e27
R75,1016,0.4877868633717932,-0.012213136628206778,-0.3788854461985939,0.2823585267353697,0.09291580363607274,-0.47180124983466665,7f42000767b455652e981a02af239640699471f34e8b231ca1c8fe033ef884c2
R75,1017,0.4944628182156326,-0.0055371817843674065,-0.3750385966781501,0.2782600740914145,0.09074077575233945,-0.46577937243048956,0113eacb7bc617bfe3b16e7b399df58e981d5ada5ff71014a1e6e861fbd6864b
R75,1018,0.508129861646099,0.008129861646098968,-0.36721855635486755,0.26982934102825223,0.08622006285081844,-0.453438619205686,db4490090df477090b78dae1812c50b55ce9bcd534ea6f080efa847f5f2f91d1
R75,1019,0.5151199117307345,0.015119911730734459,-0.36321368125834036,0.265511254540743,0.08390441391157277,-0.44711809516991313,a90e8287588590b2513b38a69282f022c50b4d6764f037a147aaaf963f9d729d
R75,1020,0.5089680209941086,0.00896802099410865,-0.3667436044359055,0.2693085351960604,0.08593673297810765,-0.45268033741401315,fdc8a14e00be1ae8ec526f2f15ea68df5fc52b4687b7785b86b3ba5a75ee8856
R75,1021,0.5005487324259145,0.0005487324259144666,-0.37159802619046717,0.2744895347234926,0.08869052162825897,-0.46028854781872613,2afd9bec2e2a00a283ea5f7402f9d1893e25b1fd6b3e9924d3103b1a9a55bbac
R75,1022,0.5143426313955153,0.014342631395515282,-0.3636051936545668,0.2660177143417351,0.08421511751445172,-0.4478203111690185,a1304b5eee20b8c9f3427847b4d3dba6fa8f5bfbc26e65f94677d1fd041513b8
R75,1023,0.4929397943541641,-0.007060205645835926,-0.3759212882327126,0.2791916745527556,0.0912310304363993,-0.4671523186691119,5034219ba819872944b437325aedd56872dd9b17a88a23bf5a1097515f31e607
R75,1024,0.4977235515097449,-0.0022764484902551008,-0.373248010996382,0.2762167232466935,0.08959271774850248,-0.46284072874488447,38c84831d575598a2f9cb3a31c4ecf7c7118a4b836c373b06b38fea7d1f8c7e0
R75,1025,0.48965202483939263,-0.01034797516060737,-0.3778487228670235,0.28119592987020486,0.09227156843669311,-0.4701202913037166,d3daca5af9aa32b28fdc3fa8d9705112b842b25d4bd4496d903f8ce25307fd80
R75,1026,0.5040967545904086,0.004096754590408591,-0.3695422456489637,0.27231224929819897,0.0875411264737171,-0.4570833721226808,26cbcb6f6213bd774cddd7cf5e44baf04724b50531b024b2f9901eba8e05d4d4
R75,1027,0.5018462975324,0.0018462975323999542,-0.37085913784059377,0.2736861705310089,0.08825660161071203,-0.4591157394513058,1a58174530a8b72d1fb1b804fcbc68b8f0c16b627235edff06ca6f6d39120b13
R75,1028,0.5019619838399882,0.001961983839988246,-0.37080072308748296,0.27361102504788365,0.08821066350414215,-0.4590113865916251,48ec59ba9c18c7321071e939cd32ec4f10b5755080ca4d8875ded530e75d2ecf
R75,1029,0.49994942594341496,-5.0574056585039884e-05,-0.3719146312281219,0.274870095224342,0.08891277961028105,-0.46082741083840295,a01cd8ace543b6dbafed3995a191068c85f2170c18ed2bdcc940e7a45685fe23
R75,1030,0.49320562360833503,-0.006794376391664969,-0.3758312335105969,0.2789991447125232,0.09108352795722474,-0.4669147614678216,c47c4f28dc37fac79756d56b0174e28e95bc88be09637aecec2478394d1ec337
R75,1031,0.5051614622193696,0.005161462219369639,-0.36888120477593045,0.2716783728201868,0.08723777043222161,-0.45611897520815203,d2d0577a597cf4c5efa1f9d2395a6d47124fd0b4b4a041672eaa9ea92d18ab8b
R75,1032,0.5081335407720582,0.00813354077205819,-0.36723074733930555,0.26982043433909897,0.08620506066944617,-0.4534358080087517,5ff0befde440fff17968bf8ff7239d631886a126fe3117c816e0a84a65d97ef8
R75,1033,0.5057661138496105,0.005766113849610455,-0.3685619238185224,0.2712923404004763,0.0870113784912151,-0.45557330230973747,77c8a55bc69e30cb649c81b770bf187edf6fc1144251903e424b819951888e21
R75,1034,0.4953847209727157,-0.004615279027284314,-0.3745446890772604,0.2776765020658591,0.0904041575272289,-0.4649488466044893,82c44e3a5055561db252c1b56e5c43a46dcb79e0de2697052d19fc8d0cd2085b
R75,1035,0.49865061406430483,-0.0013493859356951687,-0.3726824847322054,0.2756601689979316,0.08931892663182893,-0.46200141136403433,4ba683ccc310ebe73cc27d7473acbc2acdb049bd551d62ba3a259637daae2668
R75,1036,0.4826923801359332,-0.017307619864066814,-0.3818196275475292,0.2854828723381425,0.09457305856437793,-0.4763926861119071,e8b931e74b862fea4c3dd74d3ead9c279afe1d84b19d090a23656220fff3767e
R75,1037,0.5005165889920272,0.0005165889920272226,-0.37165035946802666,0.2744928784540107,0.08866769871999741,-0.46031805818802407,11619502808750493b50e74f593bfc7cadb9d190984f5bb0618a996dadd6b941
R75,1038,0.5055889821815202,0.005588982181520152,-0.36864089447810927,0.2714120155279762,0.08709156828892156,-0.45573246276703083,406c5e4da5f66c5f9afbaf454b6bf253e746b4c1933c1eaf26ced7d76a39483b
R75,1039,0.4966838478942254,-0.0033161521057745724,-0.373885351282419,0.27683447584690113,0.0898918002056916,-0.4637771514881106,5e1406ef6eabaf1a8d70f253881408d4a6bffa50a334524896bdca8d91f06a3a
R75,1040,0.5053532685699555,0.005353268569955549,-0.368812900226297,0.27154000455898125,0.08713355444583275,-0.45594645467212974,00413c6809d9ad348a3f6e7fd226b8f103ffae88bebac1cec9ca8f69401e7f2d
R75,1041,0.4974252350921431,-0.002574764907856908,-0.3733959560753823,0.2764101880715526,0.08971221003386143,-0.4631081661092437,e3514d97ef50bd060a4c0c83d2cc5b829f6c0ed6abd180f0c632d799a6142104
R75,1042,0.5086266720993359,0.008626672099335875,-0.3670051298602741,0.26948852041701915,0.08598595548688212,-0.4529910853471562,7b6c00fc81605589d5675f7e00e03d9533f7109d50593e0570cb65d02e65cf12
R75,1043,0.5113873709429048,0.011387370942904762,-0.3653024202563392,0.26784017487541734,0.08518896474724771,-0.45049138500358693,b474e5eda4a05ce8ba8d7c91733218fd034a7e76a9fed9fe0fc337839057b5cb
R75,1044,0.48597341591062254,-0.014026584089377458,-0.38000476978005554,0.2834356658238813,0.09343328093385354,-0.4734380507139091,43fa6bb1a23b5e74f7c331e4142c79542777adb2cc32127a3faafcbba1317504
R75,1045,0.47651596257928475,-0.023484037420715254,-0.38530746334892246,0.28929667827607963,0.09664294660161843,-0.4819504099505409,87c60c427ce9c23363baf1859aa5659930697d1ed31cb78510779c213d91ca71
R75,1046,0.494038406260511,-0.005961593739489013,-0.37537866239603745,0.2784771797906304,0.09078784859261171,-0.46616651098864914,aba529856cb96ec38acaace58ec6294a0cdaa6833ed0af96598e578652b207e2
R75,1047,0.499383620915852,-0.0006163790841480221,-0.3723113111244817,0.27518532587751415,0.08902967031527328,-0.461340981439755,86ad0d4d2ccfd88616460c2de4ea3f41f0d1a8d05f9b778ae036ff6196965a70
R75,1048,0.4753702272293152,-0.024629772770684788,-0.3858924279723851,0.2900321375455726,0.09708592355938005,-0.48297835153176516,2796e4c2fd6ae13767b1eac2f3d326250d482bbf45c68427795dae2d7a301062
R75,1049,0.48369684267316404,-0.01630315732683596,-0.38127398522789957,0.2848510353821084,0.09421404276815862,-0.47548802799605816,7cdff49eb4c05379dd3f641bedf4fc46a7efc84fe49599afa43cc471424f6f7e
R75,1050,0.5049342687999875,0.004934268799987485,-0.3691015060300559,0.27177733260699866,0.08722657959197068,-0.4563280856220266,6e0055d4bb200ba98aebebaddb4b5b6a6b3a343098a2be44baee75e6e1268726
R75,1051,0.49510125148543715,-0.004898748514562845,-0.3747829123135128,0.27781400667032763,0.09042255051357125,-0.465205462827084,31139e9923ca4caaa8026089d54ce685c4639ea3bce9fa7509dbd20644c10095
R75,1052,0.5125711082987783,0.012571108298778277,-0.36466668484708264,0.26709021830614793,0.08475687588260661,-0.44942356072968925,5a7188f0796f624eab0d346145468566c55a241f174e9bf1632aff60c5b1fbd4
R75,1053,0.48501895333273354,-0.014981046667266462,-0.38051067853835907,0.2840426792427441,0.09378733997356456,-0.47429801851192366,782423a0616d0cda00bd5a233770f89eaefc8b6f4975fef6c4850b5e4edfeea9
R75,1054,0.4841981652690112,-0.015801834730988784,-0.3809891675962913,0.2845391778409187,0.09404459404277302,-0.47503376163906436,ab5fb6788355ade12093784fb919633fcf64425713d88d6c27d77424eb82459e
R75,1055,0.49563314156554417,-0.004366858434455834,-0.3744536903301699,0.27749862045017104,0.09027177528508606,-0.46472546561525596,0957000949ceff27aa9a638700a8fa215d13fd5e033af277e48cd8f51d095ca8
R75,1056,0.5131634131992462,0.013163413199246188,-0.36427324949246365,0.26674933175501525,0.08461270700878341,-0.4488859565012471,749bd100e581adcfe2a7a28e943dd281e4ca80007d6d2911204f9ca9cb66fa63
R75,1057,0.4841766130393928,-0.0158233869606072,-0.38087686161204953,0.2846127907421886,0.09417435993616384,-0.4750512215482134,c93164e589a35a89c85bddd77645465e019b38dc8612270e8336c6e601abc97d
R75,1058,0.4735109297116762,-0.026489070288323813,-0.3869404435191067,0.29118175513297145,0.09771153337341812,-0.4846519768925248,9966891bee61a4f5270c3d081ab550ba029ea42c2f5ee0c36daa903c96473843
R75,1059,0.5053100893798983,0.005310089379898297,-0.3688911983916751,0.2715413196534203,0.08709572045758274,-0.45598691884925785,c6092f238ac67234e74892636fb4293cbf29000caf2d7322ce95dc0118df0551
R75,1060,0.49428963558770667,-0.005710364412293334,-0.37519682835396706,0.2783389984979073,0.09074058432092372,-0.4659374126748908,3a172b408568a0fda8834a1f67751c9b2329e065bea56a0bfb9ed73ee0549f79
R75,1061,0.5022938297844254,0.002293829784425383,-0.3706189545125501,0.2734029165487737,0.0880934392924986,-0.45871239380504875,4fb99a8622c885951029a2a0c99fd99412657f23790a31caee0fbb3c16d55ff9
R75,1062,0.4938221543713972,-0.006177845628602796,-0.375376153475221,0.2786674562642597,0.09097937952664918,-0.4663555330018702,8997ba0b82c6ffb3542b2fc717cf87fb93f1d4d28997682a8fcc602562c762fd
R75,1063,0.4988191292825521,-0.0011808707174478794,-0.37262056371696267,0.27554043073769174,0.08923014887921038,-0.46185071259617305,40aa4f46cad3e87b3ba9dfca7ef10f5a5daa0ff248e6ee8290ab43396b25afe8
R75,1064,0.4805581196262639,-0.01944188037373612,-0.3829495595854343,0.2868361455377639,0.09536136574504671,-0.47831092533048103,46162ee4f707f665cd0d5b993fb5e3b67b931dc18979e62990c1fdee56d5d754
R75,1065,0.49444142624015425,-0.005558573759845753,-0.375103021666535,0.2782493272774141,0.09069781644414661,-0.46580083811068157,e65b9dc8b9ce77dfc2219b2dccb81d1835b650111f96f5e0ab88d6a7db4870f3
R75,1066,0.49081542367270437,-0.009184576327295635,-0.37720760397942155,0.28046687641015905,0.09186307442044826,-0.4690706783998698,f61f5739172682a0a4b663538fd4bcd0d3659b6827346b04bd0acae393766094
R75,1067,0.5130075868101415,0.01300758681014147,-0.3643653012257932,0.26684301906985836,0.08466036845696177,-0.449025669682755,b7579fc0a705ebcd868b29165bc8c4eb06f461db447fa247be1a4a2a124dc370
R75,1068,0.4954570250785551,-0.004542974921444898,-0.3745236227746982,0.2776225005788214,0.09036068919147228,-0.46488431196617047,e51649b67d5b0030d985f19369eb2e6bd3ba236b465e581bc5a4a5c17f66ead9
R75,1069,0.5129865596204879,0.012986559620487892,-0.3644229053894854,0.2668369970540097,0.08462554435926702,-0.4490484497487524,424e1a070271f2a46bf5917cc1ad3055b70f8b5cc05d84b53fe0e664ad9f13ba
R75,1070,0.5030783091983223,0.0030783091983223043,-0.3701685711515649,0.272920733892961,0.08783644831717857,-0.45800501946874345,faf230fff6b570cf1daf870caf1ebf94b5d4694a221266369b5dde10ed33f00b
R75,1071,0.5094743196228897,0.009474319622889693,-0.36648593512187727,0.26898182500097934,0.08573885744004067,-0.45222479256191794,80df9b953c6da18a8759ca249d531b3a89bfe1ad50bd36e9d8dc127d2f5e6a1a
R75,1072,0.5048433752290746,0.004843375229074631,-0.3690989348309781,0.2718585988000068,0.08730913138451774,-0.45640806621549584,111f5961961415ee4981ab836377b72f32e5eb1f0dcd97f4e0fb9f58356de7f3
R75,1073,0.49721353675858215,-0.002786463241417847,-0.3735540158993882,0.27652336046046966,0.08974635251077553,-0.46330036841016375,3951d2efd53411fd511b6fa83c0352362c478e13927e2e5bdf45006c1ec6db33
R75,1074,0.4917667558193294,-0.008233244180670618,-0.37666387116532923,0.27988281794803405,0.0915508823653694,-0.46821475353069864,df9427d6ef953086e7187a1060bcf34cb4962d7071c68deae0b10ce011de9b81
R75,1075,0.4855020907844869,-0.014497909215513083,-0.3801847494890671,0.28376550353153307,0.09367312878699953,-0.4738578782760666,e01afcf18efed7651bf3eef6621969ddb9dfba3a91875e571a0a4fb0d8dad549
R75,1076,0.498728336300456,-0.0012716636995440123,-0.37277530549947097,0.2755462175809531,0.08915856483121765,-0.4619338703306886,a9a89cb8b0a4e9feea0a994109e3c466a579a17b2b05bf36efd7b790c73fe334
R75,1077,0.5035754067012097,0.0035754067012097046,-0.3698506447742305,0.2726283682708347,0.08770304588371947,-0.45755369065795,c289608ce1e105cfc5e6eae6a84575bd17075ed46dddc1170c1b2ff4cb355076
R75,1078,0.5020525586989983,0.0020525586989983413,-0.3707824109595912,0.27354118672732863,0.08814998124753304,-0.45893239220712423,96d72e8c140398b9802acb7b1607f7fc65724cc4931ae6d0c56df60844ad24d3
R75,1079,0.5061380231214534,0.006138023121453395,-0.3684315049055693,0.27102531757208204,0.08680956511929735,-0.4552410700248667,7bc891382b70fb309ec08758e3cd9962ccec321b5140f250a02d3150977e99b4
R75,1080,0.5099625066215256,0.009962506621525646,-0.36617797757172593,0.26869287037709766,0.08560388159123472,-0.45178185916296065,bce23d8bc6ec728cdf6f796bc3d3b234378464611a2c1ca6494a5159a2a32df5
R75,1081,0.49939435542650934,-0.0006056445734906601,-0.3721754231762922,0.2752384174482537,0.08915070586010765,-0.46132612903639986,3b8c2448d393c038555863164719befd752c275ca5ff4870940d0d72a260ee97
R75,1082,0.4968193509884854,-0.0031806490115146024,-0.3737771269705905,0.27676815392232673,0.0898795904370315,-0.463656717407622,c6d9d9a40041d75092edc4c28b5fddb69fa8cd79539f069809febd1095fe3e71
R75,1083,0.48976808572701913,-0.010231914272980869,-0.37778296811607165,0.281124998546797,0.0922335144887612,-0.47001648260483286,765147d3028dac3b446f436500f6ebeb864924b6cb569efeda7e6a191a7b12df
R75,1084,0.49348774824162966,-0.006512251758370335,-0.3757249911062105,0.27880174154641185,0.09093924599330659,-0.4666642370995171,630ccbfcdfd8a8bf97411ecd721fa757d341c6e6336830d9c91b44436404a856
R75,1085,0.49706164176661016,-0.0029383582333898373,-0.3735960575941936,0.27663772028680067,0.08983969148970385,-0.46343574908389745,75a1c1f70925f818fd2833947ff2b9b74109f56926d00eebb5cadd29075934ab
R75,1086,0.5032862411874812,0.0032862411874812203,-0.37002226390010196,0.27280482785979926,0.08779369590974828,-0.45781595980985024,f8d5acc4f75fa53e6a2f923a41ef2f370de6f2f8062df9664f7cb118473d993b
R75,1087,0.4896327254192018,-0.010367274580798225,-0.37790223883437235,0.2811873610361616,0.0922362416189754,-0.4701384804533478,b6ed7ee341317a1163f1c84fa0a0533210a2031b770ce709686b71faf773c916
R75,1088,0.497513755057002,-0.002486244942997984,-0.37337270877787354,0.2763413902838605,0.08965503589492377,-0.4630277446727973,40673779aae3890116a2c4997bc8325a49d782783b52c227ce73658d6d050458
R75,1089,0.5035488281248333,0.0035488281248332587,-0.3698805172590828,0.2726376075101815,0.08769734888064012,-0.4575778661397229,c98cc6adceccb404cac0884a04267318c53946bbcdb53fab8a84661aa0469eba
R75,1090,0.5029544601280848,0.002954460128084757,-0.37021512010651186,0.2730086224848084,0.08790106243155245,-0.4581161825380643,56212cb62b4e3310c001b6798125d3e0d6733da43309018892d0c5a6c8745565
R75,1091,0.5032272710377454,0.0032272710377454494,-0.3700714905808473,0.272833445844306,0.08779770055388238,-0.4578691911347297,44b5daf087728ab3ca54ee60d6647b48df3370047fe5c75e980812a87bf2648a
R75,1092,0.4976161013181166,-0.0023838986818833785,-0.3732762902977624,0.2762965082309653,0.08965836308208412,-0.4629346533798465,ae513b7baaf7de93506de52b2d2f0d6908e3926b88fef3205d860c4008d1e1f1
R75,1093,0.5112077156209975,0.011207715620997538,-0.36542977967709783,0.2679403401567765,0.08522545031822755,-0.45065522999532537,7feae8c1461f45ba6cc4e567c309c93c023f5014811b2a42d1f51cf7528d907d
R75,1094,0.49063055186241966,-0.009369448137580338,-0.37726525956376944,0.28060453818962905,0.09197190840774432,-0.46923716797151377,ccdbb495dbe689a7d1b5f04ea5078f95f44fb193a40a12cc1168cd3b3c469df4
R75,1095,0.5063411906046624,0.006341190604662428,-0.3683158634628451,0.27089908336262336,0.08674115163120079,-0.4550570150940459,09542b0b69f88b71b052c86031fe22ea6d773418f8c6884c226868808a559add
R75,1096,0.5121904039297883,0.012190403929788318,-0.364825671605556,0.267351999683168,0.08493916388038994,-0.449764835485946,03353a5e65c8e3ba3dd273b48f5305156eae1885bfee4d24e59ec5d2991c2bc6
R75,1097,0.5000425668580034,4.25668580034122e-05,-0.3718675255872834,0.27480960277694805,0.08887583998330637,-0.46074336557058976,39541d71f07f9fc810e3eafc83654b45c7b35d2335d7302746b7ab8cca7f9cd4
R75,1098,0.5082202995018177,0.008220299501817685,-0.36717927733842715,0.26976769946410195,0.08617806079488839,-0.4533573381333155,8b51cbd1579dff1de086fb7f1281cea0f8f4c4ae0570b18d89691bafc3c8c531
R75,1099,0.4939559886891714,-0.006044011310828601,-0.3754098649418622,0.278535551655979,0.09083061918504788,-0.46624048412691005,d0357876e72a4b242e0e38050e800cf6b0e4f215261dea455461bd30fa71bee5
R75,1100,0.48807951687686857,-0.011920483123131431,-0.3787364435946548,0.28216845682124064,0.09280023502391323,-0.471536678618568,1ca12d8e2cf3b4024bc25e7ec36fe39864cd6306a30bbcb0351ae45598f47469
R75,1101,0.5111990547006561,0.011199054700656075,-0.365460303402246,0.267934612485406,0.085204460784283,-0.450664764186529,c94ce32574cf341ba0a797cb7990544f04ee9d44a68fef37c838235e324a5421
R75,1102,0.5026353873147794,0.002635387314779414,-0.3704013301754936,0.2732025870325292,0.0880019219447824,-0.458403252120276,01294e850561837b71597aa379940e48a21db57a563e097e1fbbb61e762a0f0a
R75,1103,0.489007075815081,-0.010992924184918984,-0.37825135241730956,0.281577800990087,0.0924521247814322,-0.4707034771987418,7a13001c3acb4d404b0dce95f9587865d38150abfa2e74fbd2fd6c83ca6f3d2d
R75,1104,0.5042306577635216,0.004230657763521606,-0.3694678810248073,0.27222829615566824,0.08749435564326458,-0.4569622366680719,759cbfc9f9c7b2f3a32652005d70819bea71465d2ff810286e29a28bd2a1ec9a
R75,1105,0.5101521476868098,0.010152147686809831,-0.36599844542794346,0.2686088750868093,0.08560965237283756,-0.45160809780078104,9e0a2904f04aa266227342f1b00808044b6406c8c2c2960f93de2ef33087d890
R75,1106,0.49341428199679643,-0.006585718003203567,-0.37568684957108034,0.278882371561247,0.09103894677570686,-0.4667257963467872,85f6f2ead2c2a7608b4c5bd6dcdc136b564489366a5385eb4676c84595389add
R75,1107,0.5028528401625295,0.002852840162529513,-0.37031522092017455,0.2730496883283906,0.08789207786830336,-0.4582072987884779,fd66ba059d9f4da927fab6ea0b82dcbca972ca23510d9095c2d462bbd6121441
R75,1108,0.5126262183781236,0.01262621837812361,-0.36462408860903694,0.26706003154139824,0.08474798723687976,-0.4493720758459167,71665c15802f07c505623b198f631342d27bf48c2555bb2b4b8915b0a88cb2ca
R75,1109,0.514260056977274,0.01426005697727395,-0.36366274076965144,0.26606415947261464,0.08423278908778889,-0.44789552985744036,d7525a69333d56bd1978d6f35f0ac3e46ad0b74ea57de4e9d5cf7772f41c1c3e
R75,1110,0.49023111034001854,-0.009768889659981461,-0.37758939098072536,0.2808057707322773,0.09201107524191464,-0.46960046622264,b68bd944ef0057dfccf2a981aeee681f5dd13d130fe57b8c0fde53262cf96bb7
R75,1111,0.4888667798783987,-0.011133220121601284,-0.3783238839985428,0.2816670990194799,0.09250515702020848,-0.4708290410187513,59f4ceb1be29fe7acfe77090807e4b1bedaffd242650375772d743b008c8941c
R75,1112,0.5102037526121256,0.010203752612125583,-0.3660330763671965,0.26854732628944333,0.08553078810584505,-0.4515638644730416,ec45a577dc9d84d95953bc5599ccf94da3861902394a2809f31fcb746a1e4248
R75,1113,0.4954783061849332,-0.004521693815066785,-0.37451570925027583,0.27760717742997,0.09034932280483204,-0.4648650320551079,f4fb0b46df9746e35e62f18144cc2a3941127b5f2bdabaae8f094dd70e785ce4
R75,1114,0.4915360842745625,-0.008463915725437476,-0.37675795996353434,0.280041412660551,0.09166243267878384,-0.46842039264231816,4971640a35c6c47229124dc1a92b62a6ec4372e6e7477f273d7d024fa57ce788
R75,1115,0.5111790258445825,0.011179025844582524,-0.36544879712905215,0.26795622574454536,0.0852318271800193,-0.45068062430907146,9983a0b3b07f7e0e012b8d4ae2eaa7559c25ef74591a229259272eeb9606f267
R75,1116,0.5145397601690536,0.014539760169053562,-0.3635644586309363,0.2658618794107875,0.08407965009531936,-0.44764410872625565,fbc72baf1eba7dc946d7ac7f109d53d8840570ff305718ff2e53ea2e066cda82
R75,1117,0.4929716532795551,-0.007028346720444889,-0.3759609621756498,0.2791466680137631,0.09116618692593821,-0.467127149101588,a2558e0516487746f2c81b236d2e87f8faeb335e87b28df6b3488720c13d3b3a
R75,1118,0.5075640916584025,0.00756409165840255,-0.3675640314867553,0.27016766875587217,0.08638565301249448,-0.45394968449924983,c262851ab83a2723d7d9991baafbdb34d7e88864d80e6ba4dbf98e0f87a99445
R75,1119,0.4937325295435396,-0.006267470456460422,-0.3755141515891143,0.2786838146971313,0.09092673890257419,-0.46644089049168846,5694b546cfebfecbf200fea343dc6dcdd5e577cef2cce80b6a93fb7ed873d5dd
R75,1120,0.5009982991234453,0.0009982991234452898,-0.3713775658101237,0.27419480553865205,0.08850602263359017,-0.4598835884437139,9457c8e2c615051d165fff3f6a7bab5379cd0ddefcf7315061758eb69f977db8
R75,1121,0.502844509894468,0.0028445098944680502,-0.37028519768011947,0.27307215660336204,0.08792955776330232,-0.4582147554434218,436a35f5613c37f380152381f78b720f8f52e7b803831f8b290cc3aba4c1afd3
R75,1122,0.49216126675129834,-0.007838733248701657,-0.37637048446585997,0.279669372525661,0.09148413029273098,-0.46785461475859097,82d56261e2c1de48fedaade912319ed9849316caad633bcf52a15ab8b6bf7ddb
R75,1123,0.5226045194620362,0.022604519462036232,-0.3587052645575277,0.2609839518567219,0.08163131957795808,-0.44033658413548576,2af7403d9115d400f061fa4ece574db285cc0b7865d87bef8c723b38410da2c9
R75,1124,0.5036936590346937,0.0036936590346936526,-0.3697781447373117,0.27255831083318416,0.08766923846452834,-0.45744738320184003,bf8cc1b8570b00649255b06d39690d61721f0347ac05a6c9aa59d19cde4d3ee7
R75,1125,0.49788684365209135,-0.0021131563479086513,-0.3731383859347885,0.27612257020460074,0.08955337723720651,-0.462691763171995,0767007ad20167e3e81df580058dcf8c8882a251d1653bb93ad7be588a072aff
R75,1126,0.5207785277518111,0.020778527751811104,-0.3598794741736774,0.26205747214169156,0.08211773505485287,-0.44199720922853025,fe03c0cb11549c8bbcdab76a889932b2f9ad8f85fc145c6ad6bc133156e472e3
R75,1127,0.4834941817630853,-0.016505818236914716,-0.381326992358005,0.2850058180292485,0.094342321850246,-0.475669314208251,fa25d6d82f48ae352839f47d9ce9a39cd319e30f5ceb4847e91fb09fb25c5dfb
R75,1128,0.4914414780300065,-0.008558521969993516,-0.3768480543708868,0.28008426953968735,0.09166024235424397,-0.4685082967251308,ed0f07a7f8c4d653cb4e808c6e735229121886a8f79cab2071bad7743ef88d1d
R75,1129,0.5034188744824722,0.003418874482472245,-0.36996915910972306,0.2727123456033718,0.08772776604851029,-0.45769692515823335,06e4678ac82848db93191a4a92c7621c9bf09d7964e041145dcfbc55face8982
R75,1130,0.5173197913037735,0.01731979130377348,-0.36193804777820526,0.2641596325297759,0.08319060864067329,-0.44512865641887855,a7ddc8d5f82d138661e909433b207411568f3bd12520fce47432a3238b6f068a
R75,1131,0.4900918767429155,-0.009908123257084511,-0.3776314546138614,0.2809074660010932,0.09209173869416247,-0.46972319330802387,c39918fbaf18de48a00d63a15ea944c390d0aeade4bbcf109bdc779b70e502ae
R75,1132,0.48719799458824886,-0.012802005411751138,-0.3791853380721704,0.2827373749055947,0.09314470586950951,-0.47233004394167993,5b6fabd810a04781933daffcfb8b7e37d8a790c2aefcd103bc4da658bf7c7f0b
R75,1133,0.4888716959540067,-0.011128304045993298,-0.3783053754953581,0.2816722827739695,0.09251959502629042,-0.4708249705216485,18b51f1bbb3f6ca8ca72616ffae7f3741b118a1230c7edf247090ef1c23fb84a
R75,1134,0.49510216572660837,-0.0048978342733916325,-0.37473022959102764,0.27783785974001857,0.09047274494450477,-0.4652029745355324,e9d3f79508ce39eaa6871ebc7fff54a71c554526f81780480a1b6183230b5468
R75,1135,0.5029331893719577,0.002933189371957745,-0.37025308101321147,0.2730067968227179,0.08788025631611217,-0.45813333732932365,e37ef7dcb7f5e008ac6d3bb9eb968d35d1356d74e2e62bd86692ba877d3f7e2c
R75,1136,0.5147946490527591,0.014794649052759068,-0.36336970747493524,0.26572733094168266,0.08404247720421505,-0.4474121846791503,6907423fd470a757720eaa10d3eab9922489238b9b2d3d3ef2dcba42c3848b71
R75,1137,0.503653848092013,0.003653848092012968,-0.3697948193841775,0.27258570871722976,0.08768829902514097,-0.4574831184093185,9a47f6a7273205fdc28425f8f72784ceba387e340e1e2de09bcabfcd5e331854
R75,1138,0.47600050489009993,-0.02399949510990007,-0.3856090782602897,0.28961072942580685,0.09680619029566198,-0.4824152685559517,cae2904aa4f4359fcae660a4c567cd4ad420095eb8d9e07d12c078d959993bba
R75,1139,0.4822515150685251,-0.017748484931474906,-0.382051925256096,0.2857625444816702,0.09473658185362224,-0.4767885071097182,3c0af11de188b2e201c360f29cfd55a88185d36a37645a75e954c45bbafc6f56
R75,1140,0.48753676874940705,-0.012463231250592954,-0.37908436325948264,0.28248689951064865,0.09294471788090736,-0.47202908114039,de8b8200566b3a9eaac70d84ab778be20adfe97b2bf6dfab15c25cae9d4987ae
R75,1141,0.4928352206679125,-0.007164779332087479,-0.37607515882184067,0.27921263209911507,0.09117505268819476,-0.46725021151003543,f05b947b9bd8a1dc52233f5b2984fb4ea611f1855bf34b8ee57113934ac1afe3
R75,1142,0.4896321077444594,-0.010367892255540578,-0.3778693462234164,0.2812017867612927,0.09226711364958451,-0.4701364598730009,c9bbc5027700c42ef0a8cafecad387b4694ef81870ab54bba0e2d147c6c03d81
R75,1143,0.48560698525669715,-0.014393014743302845,-0.3801483138898714,0.2836924555855795,0.09361829864064376,-0.47376661253051516,18527305ab8449809ecfe903fd0b6c224f1baf0b2bda1deb72595ca7b2e9c855
R75,1144,0.4944565429464158,-0.005543457053584222,-0.37506381513334475,0.2782527660494784,0.090720858482806,-0.4657846736161508,393ba127bffcaf50c461ff6f1e8924a9ef087abb1d3e5ea6b455cfffc0481944
R75,1145,0.49816995425069205,-0.0018300457493079514,-0.3729197734619192,0.27597393881105936,0.08951405208009976,-0.46243382554201895,6442f1f7ee33a7c7f13bf32b6c23c027734adf60475ff7aab923bec10db97efc
R75,1146,0.48748837462860417,-0.01251162537139583,-0.37906655271911344,0.28253636473598565,0.0930030883764289,-0.47206964109554234,cce3d86ccf6beba73792e72aac713fb0f937ce87874814f31462f48a79fd6d3b
R75,1147,0.5112869928766041,0.011286992876604063,-0.3654119497917854,0.26787866845310254,0.08517269355720986,-0.45058464334899523,13c4af30a124dd1380382303a109cc4497f0c1ec866e78d2dadb3e550261ce8a
R75,1148,0.5087586763295701,0.008758676329570059,-0.36684005254613794,0.2694496498361556,0.08602962356308666,-0.4528696761092246,3f76e326302286c02ab3695f2304e8c683f6e6f6fac907f2e43a1af76cef6a22
R75,1149,0.5007026265265231,0.0007026265265230869,-0.3714303199126384,0.27442928278140766,0.08871412282508846,-0.46014444273772687,f7363759178c92a26b35185340ec0b15017602945e113d06fa2afcf89924c3d1
R75,1150,0.5087404734039167,0.008740473403916704,-0.3668633895656245,0.2694548612434491,0.08602316646063683,-0.4528865560262613,dbd63b62e81958c52f5f7c45c46644bd7b1c15cd5e7ea076b7c930febefaa0fe
R75,1151,0.48046713266562197,-0.019532867334378035,-0.38313272418710875,0.28682859935608473,0.09526223726253033,-0.4783949614496391,facb3ea756565de7c5403dcdda2765bad733c0f29d8beada8c67925eca94d57c
R75,1152,0.485253036656193,-0.014746963343806985,-0.38027345955064185,0.28394546548637806,0.0938087357110571,-0.474082195261699,0bc3aa71f67e52cf496bce6879aa58e7f66b594395b88ad7fd32f7644afb9119
R75,1153,0.49686886966837707,-0.0031311303316229333,-0.3737194737098506,0.27674971070959586,0.08988997385467055,-0.46360944756452116,b2bc3ddc31c78a91513119c5ef4ec03483072463d0fde6aa04e039d5e877b0c9
R75,1154,0.4946405706170466,-0.005359429382953418,-0.37502792473587615,0.27810767313595997,0.09059371076802186,-0.465621635503898,058bf0957200a00df87527b00f53e68383b548bfa06a6afde281402af9903d11
R75,1155,0.5149115422793556,0.01491154227935565,-0.36325259040583846,0.26567761756715774,0.08405132236423854,-0.447303912770077,362903d0bb61e04075cfc262a7908873c0a212af845e927b2ce91b50300934fa
R75,1156,0.5007332825472784,0.0007332825472784466,-0.3715507899416176,0.2743479966596275,0.0885726016888187,-0.4601233916304363,d4898480e17eed59f2945b88cfa675b21560943f9edf00ffc3979b73ec33ddac
R75,1157,0.49719840331681664,-0.0028015966831833605,-0.3735716284104553,0.27652771768803924,0.08974190348281155,-0.4633135318932669,3950caefb170f3687d78f865b43605c26cc5b6d756d28bd7d16e7ff8935b42f5
R75,1158,0.4892392900948997,-0.010760709905100307,-0.37814111418786084,0.28142287039328123,0.0923523132993508,-0.4704934274872116,28c6634d513f896378307e16180f1bee0eed82c806c329afea22f9b39d78a2a1
R75,1159,0.499030720047812,-0.0009692799521879847,-0.37254472592173776,0.275389024226979,0.08911666126611006,-0.4616613871878478,af1742eb5a7f507cb1e4d339cebcbc6dbd5708932ff266bc18134833698a1fff
R75,1160,0.5163271841368272,0.01632718413682721,-0.36254619053114356,0.2647554021537355,0.08348230688816372,-0.4460284974193073,aa0d6ca8e953eecc6084fb3e0059eff34ea19079f20f914bf4a7d098db27218b
R75,1161,0.496409214741213,-0.003590785258786977,-0.3739905067179228,0.27703017338058683,0.09003492002162546,-0.4640254267395482,9b84bcaf9dad7c857aeee10c4aeec3129191ecdccce6cced5364313f1bd1f40f
R75,1162,0.5052957621225875,0.005295762122587533,-0.3688368472507942,0.2715808185714952,0.08716239494609807,-0.45599924219689225,46a2950d0b8d653c1177cae9001e8f56eaf2cf95afcd7f8f469e75fb9286791a
R75,1163,0.5140041309220804,0.014004130922080416,-0.3638725307383988,0.2661928623830162,0.08425659701381677,-0.4481291277522156,11aeae1b2282db3e5f9d59f200028c0933fdb0cb0530499aa99101b4fe2c49b7
R75,1164,0.49877767730915895,-0.001222322690841049,-0.372664291100687,0.275556866308637,0.08922472075829353,-0.4618890118589805,f43bb47fb25e455d797afcf57bdb7b2cf469a8d81f553a2294b09087c6f48fe8
R75,1165,0.49339925259189704,-0.006600747408102958,-0.3758214668532174,0.278831888649613,0.09092115522300429,-0.4667426220762217,5f99fdaf2d2ef3e467e7efa32b9983022695fa4b7c5f0377ac5e8087aefc9589
R75,1166,0.5047504488972068,0.0047504488972067715,-0.36917357856779115,0.27190586745882894,0.08731907817493334,-0.4564926567427245,c695535c55dbda64217d70232b96627858988515d154d2741d9aee475bd2a10e
R75,1167,0.5030001393746203,0.003000139374620292,-0.37014925832469536,0.27299758738111346,0.0879229582187658,-0.45807221654346114,fafccd11ef86f46d8b63ab6434705341c2d28df734a0a9a9d2b10986ac73c404
R75,1168,0.49849639545061747,-0.0015036045493825312,-0.37281935734634297,0.2757322893007125,0.08932261062754099,-0.46214196797388396,06029798c5270710cb286670ae90ccdf72f341142d268235ae5712d72066f2f6
R75,1169,0.503138455436506,0.003138455436506038,-0.3701093679718476,0.2728947667671324,0.08784008278120864,-0.45794945075305626,2dfcab641a6c5f536008d8ff7e0ce93e00ddc52fea515a4073013227e29f1f69
R75,1170,0.4880053715405025,-0.011994628459497503,-0.3787691108812589,0.2822200170439463,0.09283546160331681,-0.4716045724845757,5c9fb46b012b952b49d2d3f5b2d912e34105b34f8af74a3a5fbc090986558e28
R75,1171,0.5000340855652097,3.4085565209673874e-05,-0.3718253914006092,0.2748374852205683,0.08892478952026366,-0.4607501809208729,ec68c3c56a887d75054cb890a1ee06351f13aeabd4d2a97f3f7bdaf92f19eabb
R75,1172,0.49717034011816097,-0.0028296598818390306,-0.3735454300125654,0.27656488068512275,0.08979216567884002,-0.4633375956914054,1beededf68c2e857ec6fbcb023dc0be0b45e0d42c56c5d82c4a9d8e33693e0f6
R75,1173,0.48670044297521886,-0.013299557024781139,-0.37953771138751197,0.28301199113952935,0.09324313544577338,-0.47278084683328536,453fb1a7f3ccd5fb6ddb6dc76abeae651ef0c8f52f1faf7ba98b866bbd86c302
R75,1174,0.49899467051235247,-0.0010053294876475327,-0.3724554699183209,0.2754615704512326,0.08923383549207212,-0.46168930541039305,fe22c12cc11d662c1a010327e644aff2878507ecc687a7e24783df006aeea58c
R75,1175,0.49943858562251353,-0.0005614143774864688,-0.37226928914908486,0.27515674530757833,0.0890221007330359,-0.46129138988212076,013847604ca2122fa53c4a8ba9c68de1945687ec40567c1653fe6045ada3905b
R75,1176,0.505749329568525,0.00574932956852503,-0.36863134688279003,0.2712765470607794,0.08696087361938439,-0.4555922205021744,3cec48d290b296d70783d084fc4b67b89172215977a3ff106c09804e339fa682
R75,1177,0.5011062881778496,0.0011062881778496347,-0.3712965723134833,0.274136740848,0.08848845469125836,-0.45978502700474166,7882b15507200da450cf3dd0b816f28c0636cb9480f0dee7b36c9ba061a17e14
R75,1178,0.4997890203019571,-0.0002109796980429013,-0.3720602968020672,0.27494405470020244,0.08891390629916883,-0.46097420310123605,1e5ed0c4ea7cf4e0d89664840c9e1ba85022f1c1d425a6e6a80d9d185c22d724
R75,1179,0.5002920997335046,0.00029209973350463603,-0.3717668580066494,0.2746373460157979,0.08875391701247322,-0.4605207750191226,175603c4f831cdf1ef11c55fa9060eed4e4c200cf7eec49a38b3afd167275ff6
R75,1180,0.5011155990521783,0.0011155990521782844,-0.37128549929028887,0.27413340342293185,0.08849065377778742,-0.4597761530680763,b1ef71db37d9a8d44d9a3e6d9e0f4ab3c8d5e328bdb87d7eb8f699378023c0d7
R75,1181,0.4828134130926941,-0.0171865869073059,-0.381794491103977,0.2853869166220443,0.09448967107005576,-0.4762841621740328,ae5c2907df627c5072967c667adeb8699a5bccfc0f521aca0c44fbae7ea6f280
R75,1182,0.507091323407871,0.0070913234078709975,-0.36785278639472374,0.2704513911068761,0.08652499790951422,-0.454377784304238,60c1b93671b02e3294c425288f0fbda772d93135088cc32b3d5fbd235cbd5985
R75,1183,0.4801595763338679,-0.01984042366613209,-0.3832139076136918,0.2870642040548573,0.09545725024801137,-0.47867115786170317,4ae64fa39c66cc9b5e9b5507ba15a3328a395de469f1f6e7e87e35c34c39b4f9
R75,1184,0.5094489332714356,0.009448933271435589,-0.3664534524046753,0.26901976781302855,0.08579304161069089,-0.4522464940153662,c80ce00cee4a5bb7c1a662ddd95e0cc3196dcbae9d50465bf46040880ca03578
R75,1185,0.5115309839301163,0.011530983930116312,-0.3652938304603133,0.26771768059903706,0.08507076536888042,-0.4503645958291937,7d75bdb5ddca149052311bd7c33114ffa760f25ef5ebb7806a7abbbbbef2e7be
R75,1186,0.506307645074616,0.006307645074616008,-0.36825196807808647,0.2709579895451598,0.08683200550611658,-0.45508397358420305,ad2e490ce427cb10f2b37f2c4fe37113462331fa948b25b843959bec857b0422
R75,1187,0.5127252974116591,0.012725297411659064,-0.36454040498619217,0.2670120477990079,0.08474184530591179,-0.44928225029210395,5935ec8bd1e8da5c9b06d0791087ba9766d1bbcb6c1f7000dddc737dcbb04e18
R75,1188,0.49323293719745454,-0.006767062802545465,-0.37575985818114305,0.27900935175190655,0.091129422661335,-0.46688928084247805,00ef04175f2aaf3d5b9883a7809aa2aaf222c922c5ee0327e6bedbc1a2532e54
R75,1189,0.491144645951366,-0.008855354048634023,-0.37700602760877744,0.2802724231511822,0.09176940934679348,-0.46877543695557095,300027c3ecf69fd0a45e59510c8dc499c5622349ac4ad14642781c31e3cb9406
R75,1190,0.4903627957368421,-0.009637204263157895,-0.3774062480920603,0.2807755356824112,0.09207241163638107,-0.4694786597284414,3eabb4e9bc08e042657f7427c43ea018f753dd5212898ef9b364e5fd3a179d8c
R75,1191,0.5164818932699297,0.01648189326992966,-0.3623707611433655,0.2646995858365997,0.08351420526491693,-0.44588496640828246,f9e0dc1eaf426ee569816d2cfef2e7bcbb242a1024cd029df399c6babb8c5b5e
R75,1192,0.5101369012603606,0.010136901260360598,-0.36603343215700557,0.2686060604627442,0.08558934438424146,-0.451622776541247,75febf2ca1e5932374a2e9cb4a520b5e70c3d2c0c0dd37aa45f852c8aefb5b3e
R75,1193,0.5020908311794472,0.0020908311794471945,-0.37070707709057427,0.2735410734327934,0.08818753488750623,-0.4588946119780805,c87f365b29f5630aa52c8eff06bd69def903d6adf2e0b45c9c49430c2ebe6184
R75,1194,0.48897111007095645,-0.01102888992904355,-0.37823485927888295,0.2816158584208237,0.09249842878138226,-0.4707332880602652,88b1d236b9da05e7071e15c6dbb5d4f99bdbfe6a9385a0b4754ac4e0009b69ef
R75,1195,0.5123736406790115,0.012373640679011477,-0.3648026178003746,0.26720008045120563,0.08479877155101834,-0.44960138935139293,cdf481ea711dba6f5eba103f85a7bf96f0603990d0f145cd495b1954411252ca
R75,1196,0.5090525887370743,0.009052588737074263,-0.3666670281203336,0.26927026612555555,0.08593675206538873,-0.45260378018572234,23c54794ecd377e14319cdd7e0a1bfb4858bb837b0ca6ae5a57aafe2fd895e63
R75,1197,0.5135164661769177,0.013516466176917707,-0.36408208073781634,0.26652613608016323,0.08448509571125506,-0.4485671764490714,0a8ab13e4a7da1cdd03296c4f6ddebf7c6d766f03a3446b0e6f08981f91e37a0
R75,1198,0.5118214150285744,0.011821415028574367,-0.3651450855583296,0.26752943579193206,0.08495689301276729,-0.45010197857109685,81046c99729dfdf79644b1686d2e59cffe5c3c27a6c22806b3724c40453db98b
R75,1199,0.5138169149108038,0.013816914910803835,-0.3639841394057133,0.26630702209968465,0.08431495239682804,-0.4482990918025413,469f85484f8276910faf4b8ced13c10f94af359003cc91e1105427d9b30eaaca
R75,1200,0.49017128870747767,-0.00982871129252233,-0.3775598317114667,0.2808719219820335,0.09209200612630013,-0.4696518378377668,c4e0bcfb8dde621835199bafd5873128147dec333ae9417db5bb8b5cec8e02e3
R75,1201,0.4958826164086587,-0.004117383591341284,-0.37425837694985103,0.2773702220304339,0.09024103355550837,-0.4644994105053594,a3b44c9be9fc6d70c39ab6c2afe126a51bdb19602b0d41ac46381ca08f0187e1
R75,1202,0.49848212754127164,-0.0015178724587283643,-0.37274176385113544,0.27578116627017846,0.08941028434461074,-0.4621520481957462,6c2a84b9445e679fc4232d899ca3f9b72b6f24e183d1095ce36db32a2337b880
R75,1203,0.49966814842504437,-0.0003318515749556328,-0.3721150136184319,0.27502537272958105,0.08896786592036507,-0.461082879538797,d6a513ff819714eeb0fff462c1df9799f626d0549ccfdc5464c1b2d0c939d421
R75,1204,0.5030807849103883,0.0030807849103883234,-0.37011146112229953,0.27294346332738584,0.0878877327662361,-0.4579991938885356,9165278e4d3ce00a79e6081f1ca877f1a89a0448c7d3ee649ee1610665adac40
R75,1205,0.4990879474075252,-0.000912052592474788,-0.3724079371207748,0.2754011084820489,0.08919713992166152,-0.4616050770424363,9ecac6c5521c3dd47ee54a859d8283366708bad3577441ea8301a341c917065d
R75,1206,0.49775787886474515,-0.0022421211352548487,-0.37318977134318027,0.2762106289385028,0.08961574326691268,-0.46280551461009295,95b08f58533683df482223d3cea81332ce19380a0e79b8e16b75cf22deededee
R75,1207,0.5041872369173512,0.004187236917351234,-0.36953632814552184,0.2722353932068028,0.08746722913404184,-0.4570035572795637,f5c1d85788f80b762898d599b1c75cafb00ff2489aaf9bc314bf2964ee6ce53b
R75,1208,0.47733212977393347,-0.022667870226066533,-0.38483334123943,0.2887989099113998,0.09638223929168477,-0.4812155805311148,6951a9d79a10b850a066bf393aa7e2fc560a1bf2ee070dc1b68d9a86c774ea20
R75,1209,0.49400349012812034,-0.005996509871879663,-0.37535552535103633,0.27851698989164714,0.09083922721612898,-0.4661947525671653,178209e8e78d8ebac0aba145d2b2e3f1edb6c3b2e74e6a81789ae9d7ad78dd7c
R75,1210,0.5071720441149904,0.007172044114990395,-0.3677885081090266,0.27041026258646367,0.08651600853195036,-0.45430451664097693,9959360be9d221c0f544803c4cc87ed5e5752b9e484b1c0ac7773e887b863b0c
R75,1211,0.5140119845422473,0.01401198454224728,-0.3638054913887313,0.26621634978632636,0.0843136040919607,-0.448119095480692,2911d0442b9bc027c0dec656df30d91546c888895bb34b259978024b35af790b
R75,1212,0.4846690689138627,-0.015330931086137312,-0.3806350401505666,0.284290735800209,0.09397321572492574,-0.4746082558754923,5efa76017d6ecc83e7a90d6c08a68149f34076fbffbf3e07ddfdafa57abf3b6a
R75,1213,0.504055079425064,0.004055079425064001,-0.36965890335407403,0.2722936049829072,0.08746415330587021,-0.45712305665994424,4219174c10a4735dfac809332e2ffb782f0234f9da0654f062c3402e2060e2c0
R75,1214,0.49745920740340305,-0.0025407925965969524,-0.3734044697960631,0.2763761169202339,0.08967388202220236,-0.46307835181826545,4cd2c23a1d76099e9a3fc05a9d9882a0d3dcc8b01efc8a3a43de0a16b5603989
R75,1215,0.501486019528477,0.001486019528477045,-0.3710566811048405,0.2739131769032386,0.08838483635081829,-0.4594415174556588,e7f136ff2c83c09c57e1a098468c90d58b6ecc2b7deed13c8658321b097733cd
R75,1216,0.5085692898596503,0.00856928985965033,-0.36703437326651744,0.2695264139527118,0.08600922731945312,-0.45304360058597054,63e261dd64a1cf727900d81e18937ac410fa800cb4f236c4f6e7e38aef5f65c3
R75,1217,0.49642445542472136,-0.003575544575278644,-0.3739308274401016,0.27704385015559263,0.09007843643554182,-0.4640092638756434,01f4c8a654e2933ae6f6ad12f9cad9d4e96ba9f30eadcc6029142d08fb9f7b1e
R75,1218,0.5060038201216304,0.0060038201216303655,-0.3685198263225816,0.27110118476967837,0.08684127160838757,-0.4553610979309692,cd614e49bb599571f35a743a4deee7ed9df0a4b87509931bdc1425e1b5b42f33
R75,1219,0.5044947491875998,0.004494749187599845,-0.3692971464331315,0.27207347842776036,0.08742490521119463,-0.4567220516443261,a6f0b5ecc4ee5b410007628e422a2aeaac40801896b24da75672bfb17ae33b15
R75,1220,0.5060116828146926,0.006011682814692554,-0.36842946386123454,0.2711374448878115,0.08692271295719421,-0.45535217681842877,e44ed7674a824f1ac6d3c9753ee47915fca1795b4359c20639f4d3cd655b4165
R75,1221,0.5212231232172775,0.021223123217277484,-0.35957369979058706,0.2618048578152596,0.08201800791996608,-0.4415917077105531,f71cdcc10fcc7457f4667064ea7adff9d61f8135b2dddf6cf850ccd2a7d21ba0
R75,1222,0.5090626010144127,0.009062601014412697,-0.36663272153903426,0.2692761934907956,0.08595983272127851,-0.45259255426031275,a551744b394a6039939e5e1cd856bea46a5d5de2bca5f8d43492e8d8d77668e6
R75,1223,0.5025504885762404,0.002550488576240406,-0.3704044191427533,0.27327557419842685,0.08807336462705018,-0.45847778376980347,5bb98699ba72986a203ecc2db5a287a88d0bbaefc7118323c1edaa091cb63ade
R75,1224,0.5093722984538359,0.009372298453835914,-0.36644511359556414,0.26908999511235354,0.08586743831457146,-0.4523125519101356,e5f61c2f20d997b4c6a8dd429ead8525d3b187253d472358e1cba37a872e67d2
R75,1225,0.4986633967412618,-0.0013366032587381893,-0.3726662834162673,0.27565596003578763,0.089322818327654,-0.46198910174392127,1967251a8757a5738f3ff4a0b89ed4cd47e3639921e3e317df1cf9ccd168eca8
R75,1226,0.5046056632976712,0.004605663297671203,-0.36923327312276844,0.27200580696854443,0.08738917040716021,-0.45662244352992865,d7bec224820b500210f10192ef64df5d9571a4a78bd9e495978c0607ac83ec90
R75,1227,0.5019742261382002,0.001974226138200197,-0.3707790832464986,0.2736091530801149,0.08821961145686562,-0.45899869470336424,040173c9075183a98d491dc75a10b3fb426af20252046d823cffff0d9be4fcbe
R75,1228,0.5074067106128978,0.007406710612897771,-0.36760388758003604,0.2702888294832528,0.08648688569323473,-0.4540907732732708,38a7a1170734f8dfd1d644aa774a3f74a591278fa983067f457975e3cbcf22ff
R75,1229,0.4897045554114662,-0.01029544458853382,-0.37776990811104066,0.28118606642969973,0.09230111237417941,-0.4700710204852201,c7b2b2bfaeb1d07a4e0c144f219255ac08373bdfdd2b48a0a75f1314ada65eb2
R75,1230,0.4931153898959351,-0.006884610104064881,-0.3758829975519634,0.27905591586995154,0.09111441709396982,-0.46699741464593325,94b9ed6ab4a525e6dff7fa3abe1f5b551d3a3d13103794a1489d2b2bba291d83
R75,1231,0.4888365791186301,-0.011163420881369901,-0.37831444660787494,0.2816987336128249,0.0925415103088874,-0.47085595691676235,544b361028b9d572bbfd63e139baf69496d94e5d369c77059b308763d837670b
R75,1232,0.5086306746823747,0.008630674682374662,-0.36702221920043354,0.26947805714689627,0.08596694754667948,-0.45298916674711304,000809ae06fbab2500c78e07837d0e8be3b908c336b42209a9812d87c9a28d54
R75,1233,0.487928551079825,-0.012071448920174976,-0.37878765598173014,0.2822791130814945,0.09288528509062942,-0.4716729410723596,aa94fca603497884ed1ebdfe7ee20b48d561f851e9a7253d017f0e2f9346f4b4
R75,1234,0.49330389486653403,-0.006696105133465968,-0.37583780239745235,0.2789097185212237,0.09099081732249754,-0.4668286197199499,6b20d20a85482b5859e3ae7963b7e97c3b4f50e906a7d7cccb174d198db8827e
R75,1235,0.4780844578077577,-0.021915542192242288,-0.38440040222048955,0.2883394076215246,0.09613920651127983,-0.4805396087317694,4fd7975d6a773973b5716e6b53115974ae4528a3cdaa5068d4e1af589cb95938
R75,1236,0.49320640250789644,-0.006793597492103565,-0.37586884893966754,0.2789820222839778,0.09104759781414398,-0.46691644675381155,3045c650893a42d83390c136bd91b1bf40763789f4dc3913c11469d1124fae27
R75,1237,0.5163164417767082,0.016316441776708213,-0.36245274940559147,0.26480756123120136,0.08358118652840561,-0.4460339359339971,451fb3a7cba592f4316554600268727a31ccc85de4ab0f578ccc8793fa22728b
R75,1238,0.4924812805547384,-0.007518719445261612,-0.3762848760217127,0.2794275258712066,0.09128508786035025,-0.46756996388206296,387e9fe10a739dac51ffb2104bc30c7c7ca54410d6032853f95c6428342484d1
R75,1239,0.5083895612148248,0.008389561214824814,-0.36704518274987546,0.2696791922846733,0.08615660090973554,-0.453201783659611,5f9b172ad2922f71e124ca29b35610595d3e13b40f9033f80a205fca550cf633
R75,1240,0.4820731521367114,-0.017926847863288575,-0.3821602081053409,0.28586924138158465,0.0947891373289142,-0.4769493454342551,71330a6f633c4628ae836a2b8a4b566955d475cfb9a79e7859a256299f77dea1
R75,1241,0.49431211969145966,-0.0056878803085403384,-0.3752229631313849,0.278307384179256,0.09069590261356351,-0.46591886574494845,944d5c3a29695729f093f3ceec4df3f0687bc14952bdc290801ca90e320793e7
R75,1242,0.48038937449594576,-0.019610625504054235,-0.38308473900909895,0.28692230600750024,0.09537993650295075,-0.4784646755120497,f5e4dd4837e821adbdf2c430287b0c8a3ef5cf960186e1dbae7e46f8972a59e7
R75,1243,0.4805506197446289,-0.019449380255371074,-0.38307893531595827,0.28678176591189486,0.09524229825391572,-0.478321233569874,c8111183bd7357b0424e0ce0ce5d58f7545aef9d4d5e1d8ee14939236a0e6bd6
R75,1244,0.5058495319260116,0.005849531926011564,-0.36857372321194004,0.2712121448170846,0.08692528321111462,-0.45549900642305463,69823bed3201fc24780333bd6002855b79e042099939ecbdd6fccff646784e1e
R75,1245,0.49790386535647474,-0.0020961346435252604,-0.37306284036873527,0.276141275980338,0.08960985579597033,-0.46267269616470563,f757167116a527cf8a2dcd6f79ec30a5e1968b4626330d17222a547ce0ec6e52
R75,1246,0.509268144505005,0.009268144505005016,-0.3665393249427432,0.26913869816326674,0.08586903569189515,-0.45240836063463835,0fa16b645d4bf2f42d5cfa21a4aeb3dc4ab397dc2f27fcdcadb8ce78bf10601b
R75,1247,0.48795193091302214,-0.012048069086977864,-0.37873081383027574,0.28228406686700697,0.09291865995186913,-0.47164947378214483,353b55ab78783b28cc3acf19cab084200073271f85cefb9e8c6c1228e1fc26fc
R75,1248,0.48691973363791813,-0.013080266362081872,-0.37941703085972145,0.2828762246685295,0.09316770923866881,-0.47258474009839024,c6ed5e930ec9a4e633c75b5557d1de2691c4b4f223abcced10b4ca46a40311bc
R75,1249,0.5186823917710908,0.018682391771090767,-0.3611835550834349,0.2633039016898379,0.08271212414812046,-0.4438956792315554,87bc072a0a184b58117e4569ef71b0c596a0f921791b52f04b89d6089b3c26c8
R75,1250,0.4883541145944547,-0.011645885405545287,-0.3785027825341115,0.28203509143708905,0.09278370017003326,-0.4712864827041448,17a2d3d9e201756b556a2d8b510246bb6d5c7b9ceef093409d39a83869895b28
R75,1251,0.5051979736274814,0.0051979736274814226,-0.3689050493372853,0.27163566187153926,0.08718313720289662,-0.4560881865401819,ad3af3816321a3df893845bbf3fb69cfa4e516eb3760f939e29d4a2b8ee43471
R75,1252,0.4892952439138472,-0.010704756086152789,-0.37801029528263763,0.2814346558472744,0.0924295082059556,-0.4704398034885932,26836341647490e4861259ee73bbd9b585c4bb3b5a2640aa69b826fa08604a45
R75,1253,0.5119901850161288,0.011990185016128807,-0.3650683952127424,0.2674171373939427,0.08488293978757148,-0.4499513350003139,16a511e7df81f3c3f86254e24287104b104f8c5915051b05189807e01418f705
R75,1254,0.5010555890319205,0.0010555890319204897,-0.3712734955520244,0.2741923179875151,0.0885555702115029,-0.4598290657635273,0b7a412e0b5dc2a8c5590f7613179592e8254190840f5464ca227191789837e9
R75,1255,0.49585745341531584,-0.004142546584684159,-0.3742349993904138,0.27740229433686436,0.09028479464165744,-0.4645197940320713,ae75940c2709c29f09d365c2bfff7f362ed78cea03885ff276d9d528c3eca240
R75,1256,0.505724851637642,0.0057248516376420255,-0.36861898658688336,0.27130312219879005,0.0869936289053484,-0.45561261549223175,f8abf92b7256529d59d4419fe091c087da598478768cbc86c169298302a2232a
R75,1257,0.49982839419862934,-0.00017160580137065562,-0.372075759645636,0.27490357295664997,0.088865693133832,-0.46094145277946796,b6983ec801be0b333dd414ed006f9ea192ea6b2341a2edf21cd83f99eaacc25d
R75,1258,0.5042166861040536,0.004216686104053569,-0.36951757733116475,0.27221756484924325,0.0874587761836609,-0.45697635351482563,38167ba87951d076d18e2494137723d4c39302b28b9583a65e9c3795934f448b
R75,1259,0.5012913292864857,0.0012913292864856762,-0.3712129566862519,0.2740121301592796,0.08840565181615367,-0.4596186085024056,e86695cf252a4f16c199e9eead326d45d6ca96af3c69e063c8d25873f3247ab5
R75,1260,0.492147916219221,-0.007852083780779007,-0.37642242860927483,0.2796589905211261,0.09144777621648865,-0.46787020482576347,e52f48ea7593cf0f2cf288cdd980763dabfaa07cf4def9a64ee324cd10f8c4c7
R75,1261,0.5105699547006054,0.0105699547006054,-0.36582378071360855,0.26832178931908646,0.0854098989622822,-0.45123367967589073,7b5b237f44efa004a7c2de5084361f0f0ddf4c52899570d9b26d18e306bcaa49
R75,1262,0.5048604636120311,0.004860463612031074,-0.36913126244442224,0.2718282362633889,0.08726260504117778,-0.4563938674856,6deac635ba4c204241ac99814e5b50b5563de04bef5e11450d66be3caee31a3f
R75,1263,0.4958193348984533,-0.004180665101546688,-0.37433019872254913,0.2773916932148352,0.09022659385356066,-0.46455679257610977,091522a93d1244c81dfa18becaa215192fe48900702afc2c8817dc799e8faf7b
R75,1264,0.5087748880768822,0.008774888076882204,-0.36686654141060754,0.26942207503070326,0.08598880432539951,-0.45285534573600705,25342a9820b57923341a142448c9c37be009e6f15cfd8405f219a042cbecd393
R75,1265,0.4967832805590676,-0.0032167194409323807,-0.3737626257137921,0.27680609457926303,0.089924781722367,-0.4636874074361591,4edc7c0f554efabf4138ea86a1b49d68825eaaa4f4263a46508747c2d652da7c
R75,1266,0.500934914915097,0.0009349149150970071,-0.3713779776760182,0.27425005894622045,0.08856107010821135,-0.45993904778422956,f2ae6b86d028644a726f6d1d8c239dc4c928fbb25f9553d20c918f898e1e5e1f
R75,1267,0.4856380310365345,-0.014361968963465477,-0.3800852875615034,0.2836937754348414,0.0936511316540897,-0.4737364192155931,0e49126f8e40f5f0bbad1d68cce494bbace74dc00c21e55f2db0cb1679c50c24
R75,1268,0.49983287019265,-0.00016712980735000826,-0.3719995826342556,0.27493288699646246,0.08893309567933466,-0.46093267831359025,9745a5d96e8fe49d86c2d3fe2e9483839010e233c88e5c95d77bf873cdb7e128
R75,1269,0.5117200128482197,0.011720012848219663,-0.3651830015403929,0.26760288508865165,0.08501138431845522,-0.45019438585884813,5988bc25df89ae1d199f840acb93de6eb7da060c98e7bb071fd1fea6e9830562
R75,1270,0.5118070747703529,0.011807074770352921,-0.36512474562528574,0.2675518313121313,0.08498945849948839,-0.45011420412477415,2bbc2ec3a7f4a7ce9edec9599ce78ff9e713648409c7d01530ae914722e431c7
R75,1271,0.5071888575705641,0.007188857570564089,-0.3677625430272332,0.27040823195931885,0.08652696044570225,-0.45428950347293545,b75ecc8b47a3bc2c19c156008da3e3c1f208c9bff4c12386cc4f649c86d6f064
R75,1272,0.4862127973537228,-0.013787202646277197,-0.3798329397632837,0.2833059952923641,0.09338952541072229,-0.47322246517400596,22ee797f0e06b8232564457e65449bb74be5af7253bf9021f9a9913931982971
R75,1273,0.5054863810058445,0.005486381005844532,-0.3687654089567688,0.271445629690268,0.08706292521188358,-0.45582833416865237,39a0b58d6c7a3ac58327b025c08d6fe14d22111fc8388b038636b2ece73ea16f
R75,1274,0.4915532146643912,-0.008446785335608775,-0.3767451869501417,0.28003234231765917,0.09165974884258835,-0.46840493579273,24b157438c51b8330624f0bd53b7ead13810d3df98c2a34cb8cf219e76de3562
R75,1275,0.502921899293922,0.002921899293921948,-0.3702219344986078,0.27303380249630094,0.08792283524699707,-0.45814476974560486,a8590b6e0eeea2208429cb4955891e9fc71c9bb6dda8f30161674fbc84334f7f
R75,1276,0.48385050675609476,-0.016149493243905244,-0.38112096212888896,0.2847865689219926,0.09422608785754814,-0.4753470499864371,cdfdd44cc4bc07e2685720ddab18c2d5776cf11169de5e2789b138ee559d893c
R75,1277,0.5006474971363428,0.0006474971363428228,-0.37160682050714144,0.27439874024622096,0.08859532999265024,-0.4602021504997917,4e60b885736805a48f762ff7a639164b05c3f1627586ba8b928319150790228c
R75,1278,0.49920177529668,-0.0007982247033200274,-0.37232043182646135,0.27534202098792565,0.089181805074695,-0.4615022369011563,5ea4465a680d7aa72f86f04df0c9f55fd24df3cf999de0ebd044a114794fc957
R75,1279,0.5066404358145542,0.006640435814554202,-0.36809192570808497,0.2707368745008507,0.08669091164680824,-0.4547828373548932,0c230e93be31c6c05499548b649b39fbb08a20b7e8bf07bb4d56bf8e5e3867ac
R75,1280,0.5053932868457993,0.005393286845799317,-0.368827910711315,0.27149788506066636,0.08708392970500888,-0.4559118404163239,7ed8c8950a3d0d8afa952ac6c7bf237f78dfed79f3cfcb7ffb2fc187b6eaebfd
R75,1281,0.4967380007855628,-0.0032619992144372056,-0.37376079983477906,0.2768455524935909,0.08996515257620137,-0.4637259524109804,d94537ea0d05c785efd94232dde0ce64f08a0bb21d79c80c67ed2d2aa7d9679d
R75,1282,0.5106904911282903,0.010690491128290347,-0.36576659300105074,0.26824192359980753,0.08535862709928219,-0.4511252201003329,5752558cda3c99e329ab5b025784cc02920d5cee0c20cc8ccf90b85b888b59ac
R75,1283,0.49269944438100327,-0.007300555618996729,-0.376152526663767,0.2792971369976979,0.09122087366581444,-0.4673734003295814,1a53315dc67a6ea2cf217846fb1dbe090da510d66af9d3556afa7b72a9c946b6
R75,1284,0.5057388491002807,0.005738849100280663,-0.36866654830101064,0.2712698983167051,0.0869366241661998,-0.45560317246721044,e4ce6b99064af2db67e9debe978b454378c81c2c27c6f1d444aae16e1740256d
R75,1285,0.49504267842953115,-0.004957321570468853,-0.37478226123260333,0.2778658727586554,0.09047474214235374,-0.46525700337495707,e2df526aa1ed66b752db2b470e1e5326202ce2960dcd594cd867a23192c34809
R75,1286,0.4995020415074627,-0.0004979584925373093,-0.37220610297096945,0.2751299490060239,0.08902689752053916,-0.4612330004915086,215d7c104d22cad171e9e94b05757faa49e93427e238e5773f0c85899da90935
R75,1287,0.5219512932497856,0.02195129324978562,-0.3591643831298783,0.26135045810416585,0.08176826653922668,-0.440932649669105,e8878352f8fe51e92de0a46adba07bd5fb89dcd3daeeae1cc551d49d51136fe3
R75,1288,0.5097842202330484,0.009784220233048369,-0.3662134543261897,0.2688336227546148,0.08572689559151997,-0.45194034991770965,973576c30ad57ef0a0f2a17e6638188138df0117e549bd8a0da6f7b7f53b4093
R75,1289,0.5135219077361363,0.013521907736136263,-0.36409947439981805,0.26651244194265494,0.08446270474274595,-0.44856217914256397,2d75391852da5e8680099549aac8a31cc3524752494ae57a34093731a93a91eb
R75,1290,0.48814454737041646,-0.01185545262958354,-0.37872828004025727,0.28211538778535333,0.09275124776522473,-0.47147952780548197,8edffcd8588fabc8e44fc5e268d6932b4ee79372e796325d6de83a22b2ace2df
R75,1291,0.48407691173683043,-0.01592308826316957,-0.38107781323382695,0.2846055869920307,0.0940666803751172,-0.4751444936089442,2c7e454937a70a5f28ce4fa1ae80d5738dc79d5f3e764d31a1a64d21293e7dfc
R75,1292,0.5170982661761448,0.01709826617614485,-0.36195203723116953,0.26434787371267265,0.08337185509708786,-0.4453238923282574,74827ab42edc5e49d2b82c908567c7aa66066249d0e14abeac0047ac683fe9ad
R75,1293,0.4948006936398671,-0.005199306360132883,-0.37487449018022917,0.2780376376187796,0.09060039252866499,-0.46547488270889414,59573dd363a6e9872cdfee2975e52b26c66184bf9b29ef47090a197f69bf4116
R75,1294,0.5035028726148056,0.003502872614805641,-0.3699215161221427,0.2726603816648969,0.08769962360382555,-0.45762113972596824,3e53e9cf36d2a9859a831143698a666af02ee1c1d049e9dc00aa02de78006656
R75,1295,0.49832538030486295,-0.0016746196951370473,-0.3728721126465109,0.2758594440063584,0.08942338768310301,-0.46229550032961386,3748d5b9c144c393ba5c8accfbf235aaff3fc985d79ac8c15883d8fde27cbc69
R75,1296,0.5113283790236893,0.011328379023689328,-0.3653387981734522,0.26787597243689704,0.08520657335017094,-0.4505453715236232,d0a0e548d36d52d609f0fae1d3f1595e8e1fac4679b16fcd02509503a07bbf13
R75,1297,0.4975966878526372,-0.0024033121473627794,-0.3733519574834574,0.27627975906427105,0.08960378032254233,-0.46295573780599975,ff155ccc7a468ad2d87007d7e8bc19d30d7b0ba528a3e58274cefbd63c90ca9a
R75,1298,0.4984734132590866,-0.0015265867409133826,-0.37276091835029673,0.2757792805521112,0.08939882137696285,-0.4621597397272596,49f49b273439ad8af7af372373336c904cffba5bbd1d15d33a40dafc891892b6
R75,1299,0.5010796125686613,0.0010796125686612923,-0.3712590035536219,0.2741782838030241,0.08854878202621315,-0.45980778557983504,b44c4a47274efee1f3dfaa5545aea73a0d7440ec48b0efbbc39d9b4cc75e5f0c
R75,1300,0.5101722116203836,0.01017221162038362,-0.3660738791825655,0.268557769999509,0.0855208304082262,-0.45159470959079173,a3141505193a91de304767f8f34597f9522deb6c16535b1d7dfed71af6599520
R75,1301,0.4895554298091218,-0.010444570190878188,-0.3779374529238668,0.2812393458841061,0.09227061942217271,-0.4702080723460395,36142b1dcdda84cdfed5c2c851a47e2fe67905b8449c3df87b8b78fa43542a49
R75,1302,0.498812377019217,-0.0011876229807830097,-0.3726106369886536,0.2755500204833747,0.0892447019890479,-0.4618553389777015,ed249e134a97a30e95b863abccae2c0a57b1278e94b5ba9e02dbe4e4857f43be
R75,1303,0.5005002572764071,0.0005002572764071234,-0.37158364113376746,0.27453830798885775,0.08874648742197401,-0.46033012855574146,9490ba03115b92614ce3c5422d531933a1f46f670920623ca0f0c32908ad2284
R75,1304,0.4840166710684084,-0.0159833289315916,-0.3811060987589065,0.2846474370289291,0.09409438764947585,-0.47520048640838236,47e38c36dc915c63ca34064d926650c6fa0811f0dd016f981dcd7a9a677234fe
R75,1305,0.5065169053274676,0.006516905327467626,-0.3681560881419008,0.270816998887327,0.08673895481637661,-0.45489504295827743,9d03611e79d0e380fed8ed51456bf3da6feb7874b89050d4d7b4d3eadae6e99f
R75,1306,0.5024829066211554,0.0024829066211553563,-0.370470881871951,0.27330473552278367,0.0880692945868082,-0.45854017645875916,ed3cb8a028c1ad324e1a204e9c4f43bd5223d791722471d7773e6913c591e120
R75,1307,0.5164500880844045,0.016450088084404513,-0.36237650450140796,0.26472450538051384,0.08353625312980983,-0.4459127576312178,e6c509a0677ad898816096f236c1f3368532cb05d9c35a08a9d12b5829bd903e
R75,1308,0.4973334492086806,-0.0026665507913193887,-0.37342473552990807,0.2764771619784309,0.08976479421347688,-0.46318952974338495,0ed2be606ae1c05d03f062d9f413f57d19605480e97f6a75364334f812df956c
R75,1309,0.5052476454073426,0.0052476454073425716,-0.3688561166940252,0.2716134650860768,0.08718540673906425,-0.4560415234330894,6794f786202ea14f980cbabbdf635c1c9b7d3bcc14016419a46b3ef5441e321c
R75,1310,0.5161425661633828,0.016142566163382832,-0.3625966265408579,0.26489309641284375,0.0835947831424148,-0.4461914096832727,9879f0a68ec60aed9bb3039330568f2b202a5ae8e516ee885587521ea6882c9a
R75,1311,0.4954906856377785,-0.004509314362221517,-0.37446701087022993,0.2776186816504761,0.09038517621536116,-0.46485218708559106,adc6fd3e48b9742f6b8833a08857839da2a3855b2c364cc6839cfeaf55168889
R75,1312,0.49296226169290847,-0.0070377383070915345,-0.3759182192746934,0.2791742090586979,0.09121509942135123,-0.4671333186960446,ddad8f5a206711131bf69163eab8ef59dfff77948179520a778292ae98f7c7c2
R75,1313,0.5187638171463836,0.018763817146383643,-0.361009291017915,0.26331280582634714,0.0828081603173896,-0.44381745133530465,2d892da3897572630ebcea54f6b7240bdeab600d962d8a2a3fe0c2916ce67be5
R75,1314,0.49388788807664485,-0.006112111923355146,-0.37543723700511455,0.2785814277051389,0.09086280920258162,-0.46630004620769616,f11cd4da6c5239333b11bae1810c938dae150aa1d77d8840eee2d455d4dd689d
R75,1315,0.5053708814665958,0.0053708814665958116,-0.36884521337114873,0.27151116686271537,0.087088560177141,-0.45593377354828973,21eea53794388771216be065aede695fab18b80249921b87d0c3a54b7f640617
R75,1316,0.4918203930722558,-0.00817960692774422,-0.3766311747581417,0.2798493950196061,0.09153380764053524,-0.46816498239867693,79bd9829ebff4d0afc7d5594a759068b22bc0cbcc05c3cfba17a9e384729954e
R75,1317,0.48653705175955547,-0.013462948240444528,-0.3795780953696376,0.2831376350554919,0.09334858737067306,-0.4729266827403107,e94e766a19014265fbb3f9979e1dd37ed5c67e5ae6580bbfa81569e88c802d9b
R75,1318,0.4753211356047946,-0.02467886439520539,-0.38592735549131746,0.29006012191531394,0.09709644416965522,-0.4830237996609727,f0d757b3d15037cbbfed92a16de2655d309fe3297c1856f97edbf8f470ebfdcc
R75,1319,0.5028254612603018,0.0028254612603018092,-0.370282214454864,0.2730903500006724,0.0879492427732404,-0.4582314572281044,4557993001f589d002b66fff9e3746ac2198e1e16df96809b9540b53772c3c8b
R75,1320,0.5236757432356175,0.023675743235617497,-0.3581883619293812,0.2602787238101888,0.08118454284549817,-0.4393729047748794,8581fcaf274f323b5f044e2a6391a8c35accf95390cd8c23a768519b0026de24
R75,1321,0.5107161327065473,0.010716132706547254,-0.3657609369364562,0.26822123777843254,0.08534076931020446,-0.4511017062466607,432c24070a42e9ff810f6935d43ddc80979910a5dade85780d762c7742ffaaed
R75,1322,0.5091468755608635,0.009146875560863466,-0.36668737781038974,0.2691769607336158,0.08583327182842092,-0.45252064963881067,cac1ff0ebf77ba19b644f333724bfd0591f024d658d6989005827135ac92b3fd
R75,1323,0.48910833611400295,-0.01089166388599705,-0.37815877673916676,0.28153109989870856,0.09245171152912518,-0.47061048826829194,f96bf669dc9f5a82b83f0dc859e356880ece6f339a46d9940ee29cd51fde32d3
R75,1324,0.49846395305812,-0.001536046941879976,-0.37276435162977295,0.2757868876959762,0.08940471188108974,-0.4621690635108627,51c791688c2d90d7e67e21441b34214b6ea3803c65a818e11256e712ea1daddf
R75,1325,0.49774894328989394,-0.0022510567101060586,-0.3732299860872892,0.2762018621309279,0.08958686908728328,-0.4628168551745725,17fee0daf8868c3b4fbd27b28d68b76e20b50bcfc9b1b548afe28e45509a50c7
R75,1326,0.49269732749317746,-0.0073026725068225384,-0.37615282915633186,0.2792974390114145,0.09122102443324856,-0.46737385358958045,793608a48a0c2a6fdb347da5d39635db0f18b7c65887a9cb7af976a713c100d2
R75,1327,0.5159302704913834,0.015930270491383403,-0.3626534509629078,0.2650548383407325,0.08372811285927859,-0.4463815638221864,4fd32cbd03f283e9b0bcbbe92fc17a240fcb221dc17d284dfabf53edd78eb477
R75,1328,0.49464555357171663,-0.005354446428283366,-0.37497500161220637,0.2781287818881355,0.09064128108203233,-0.4656162826942387,ea362b51722fe1372120818eade1c59c5807836819b051e3308e59a19e4afae2
R75,1329,0.5017641986264855,0.0017641986264854692,-0.3709455315657152,0.2737172944599835,0.0882445286771259,-0.4591900602428411,1f935bd082d4d8d730d6f467fc49202aca9f235b97382b7861cf50f3d3c96058
R75,1330,0.49663688199301037,-0.0033631180069896294,-0.3738617271276724,0.2768884154685892,0.08995755190475302,-0.4638192790324254,2973e229ea48c1f652d5f8dc23e428a9b26a7f023eab6f655a337aa6bf62301c
R75,1331,0.5039251863786782,0.003925186378678225,-0.3697286560423892,0.27237699187537356,0.08751266385417898,-0.4572413198965682,93079fca4f2ff1a7a139b837b9b2b92ab025ac0aa4c4312a3ba4464a6e07d246
R75,1332,0.5088872496022686,0.00888724960226861,-0.36675936964409617,0.26937312278327136,0.0859934379612233,-0.45275280760531944,f735fd8dec81819edc7a915aec3cad07b2c76eb8bd4217550556e5bd06ea996b
R75,1333,0.5043723752181596,0.004372375218159585,-0.36937767156878143,0.27214465950282046,0.08745582371842973,-0.4568334952872112,112a7a588dd94ce9cb360f2521814cf7a901006f600e3342a917c5e86ffaf7d7
R75,1334,0.5010560877457564,0.0010560877457563844,-0.37128874936801753,0.27418472286796236,0.08854034818395362,-0.45982909755197116,fbfe18bebc8bf185676952dffb1b08d6abd70f5a8084f6b60347dff843e2e4d7
R75,1335,0.4807499936681394,-0.01925000633186058,-0.38281922608858326,0.28672708648960343,0.09531747344531181,-0.4781366995338951,b55d9b7445825ef838bd3677330c90cdf448bebf17133ef52444b1920563a9eb
R75,1336,0.5059928400619845,0.005992840061984528,-0.3684323585816894,0.27115180377649684,0.08693562448565216,-0.45536798306734155,a715e13866cbd5099886373c85dc9fa9b25c55e98013db74e0b1110777f7c183
R75,1337,0.5167349289387644,0.016734928938764382,-0.3622303863628591,0.26454065323341774,0.08342546005198818,-0.4456558464148473,0c6f6af8b331d69394497dfb7e1fa7910ef412ed465a5a5ea43599bed1ce22d5
R75,1338,0.500542896486098,0.0005428964860979546,-0.37162220093913917,0.2744825863979664,0.08867148592839684,-0.460293686867536,4a3f0ef3d44e5622fd5c405e1ef29219cfa29454d489123cc434902ce34c7128
R75,1339,0.5099623173763713,0.009962317376371321,-0.3661995725260905,0.2686826967182393,0.08558291045519403,-0.45178248298128454,7267f10db684c4abd3a14eabb7ed70740388ac0ba4db63b91f11c02b9a0bb04b
R75,1340,0.513704110447704,0.013704110447704032,-0.3640341706976636,0.26638187846629724,0.08436479311746543,-0.448398963815129,b910c61cc3afb8bfffd3b510ce4bbd9166367994e14c1c11a12f11fc386ca746
R75,1341,0.520948747565778,0.020948747565778025,-0.3597674451482707,0.26195756158396494,0.08207383900982958,-0.44184128415810026,c51e01f7a1a7b8235e5f75a1fd5968a2a9e365acf15eaee8e97a675d7de6b935
R75,1342,0.4981963386207114,-0.0018036613792886125,-0.3729501864435836,0.27593601130425505,0.08946091808246327,-0.46241110452604683,0627e514218a443405eeac468d7d423847596846888f48f9a841c6a6cc6f9ae2
R75,1343,0.500353726256249,0.00035372625624896514,-0.37170137550952376,0.27461370928224926,0.08876302152748737,-0.46046439703701114,15c8671ac653d83207002a2ad98a8c600d635ef21c17ba73842469f1808af755
R75,1344,0.4902902172913846,-0.009709782708615389,-0.3774933640023688,0.2807984863048598,0.09205180430367538,-0.4695451683060442,a007b6c3f998bba62b34067cb4e726c366bbbd5ecc450af6b3f4cfdb42dd890b
R75,1345,0.49557440087509164,-0.004425599124908364,-0.3744574862645471,0.2775490284443278,0.0903202853120543,-0.4647777715766014,b3b5710ca6d8dc3616351148f421bbdf403fed76a6537f6f2695bbb2b0ad5fb7
R75,1346,0.49844822956655593,-0.0015517704334440663,-0.3727601592139972,0.2758022272506168,0.08942214764361824,-0.4621823068576154,b7d4fd72a4d8e9826b3b50a53b7fc2565823e9977652f0b339020b723e33bdcf
R75,1347,0.48641248890350147,-0.013587511096498528,-0.379631972979887,0.2832222777508302,0.09340629126088669,-0.47303826424077366,1e7d5e983734bc9c5f37663a9acea1ce4c55962569a944c86c8f0fbe6910ee59
R75,1348,0.4895155263711064,-0.010484473628893598,-0.3779633669578229,0.281262836879116,0.09228115340020458,-0.4702445203580275,ff7c929e0d1bac32c48a576192cc46420f793e77adeccdc6b0e557ec00fb3f06
R75,1349,0.5023187589052747,0.002318758905274665,-0.3705650692561635,0.2734068829408663,0.08812434831278457,-0.45868941756894804,df96abda0ebf5959d60b39b1ef42d2bf1bdb9d9955961b69c4dc0bab2eba01c9
R75,1350,0.5098638755360545,0.0098638755360545,-0.3662226573051873,0.2687590880035718,0.08564775935097815,-0.45187041665616545,02e4346fd7417742fdca5953edf1b987f60e00d6581a93b11cc57aa5aa329b81
R75,1351,0.5043130598091978,0.004313059809197828,-0.3694213574818473,0.27217743964283614,0.08746676090191251,-0.4568881183837598,810a49af6c59862e53b89408ea8fa5a4aa2c38edd29dc8e48061e4251c7ad5f6
R75,1352,0.4908744315283197,-0.009125568471680279,-0.37715071413709933,0.28044305968384936,0.09186770261529972,-0.469018416752399,18c496b167563ac36eeb3ddeaa4236b5b7748f2757155f393c12ab23624e80ad
R75,1353,0.4880037819857846,-0.01199621801421541,-0.3788087469054074,0.28220347731008355,0.09279910385737988,-0.4716078507627873,86a03dcf8fb0413de0f7b5b184926e4e9fe7e0ca9cb47e53eeeab6c570074fc4
R75,1354,0.5090113187106042,0.009011318710604233,-0.36673856127051957,0.26927358598449913,0.08590430534923932,-0.4526428666197589,7b363b92d8928d2a495f954769d93c94efa3652069d1951afa88c2bb5937f564
R75,1355,0.4960951183470923,-0.003904881652907699,-0.3741731441629104,0.2772232990427689,0.09013672696131368,-0.4643098711242241,428bc0c08682aa956d455c5b74bc1d7d3c0124f524d36ba81c48becf42e4c94e
R75,1356,0.48024266282858413,-0.019757337171415867,-0.3831412711082108,0.2870251081537146,0.09545447259960926,-0.47859574370782004,0764efc9e94894391ca1198a8868fde7c8ce486368625ae2909fa1a1ef3bd420
R75,1357,0.49363815220632606,-0.006361847793673936,-0.3755863936429642,0.27873350575661376,0.09094030893513169,-0.46652670257809586,15e04a39af87816ac3c0454d52fd4666a2e2231e94987fd57fedcfdc36a534e9
R75,1358,0.49872387401517415,-0.0012761259848258488,-0.37263177439227746,0.27561862821394756,0.08930274101780884,-0.4619345154100863,e25e674d6fcc1763a184d9ffea92234c763b97e8df8f75cba488eaa079106690
R75,1359,0.5064841759539228,0.0064841759539228105,-0.3681287135196986,0.27085899233174965,0.08679463557190036,-0.454923349091599,b7581e174a1a6afd74591e24a79ced3cc09a75dbd5a3012b4415e071dd34137d
R75,1360,0.49210225033812605,-0.007897749661873954,-0.3765421100074873,0.27964314149040326,0.09137208648665962,-0.4679141964941469,1d5aa85ea59af1c9abc1e400f4293fcf23bc14742366c0f11b0b9394c21d34e1
R75,1361,0.4992809091370224,-0.0007190908629776116,-0.3722893033110726,0.27528580527680674,0.08914115362127042,-0.461430456932343,069627a378d8ab66984998500eb7277244fdc3e953349464a888b2c99bb5f46a
R75,1362,0.5084082105940612,0.00840821059406116,-0.3671335001166218,0.2696229779005228,0.0860562278422119,-0.4531897279588337,390aac862c8339d54caf9e9b1293dc6a6fd93b99bcfa60ea8b80bc63aa037a32
R75,1363,0.504296259602568,0.0042962596025679645,-0.3695090352240572,0.2721506829125008,0.08739616530047217,-0.4569052005245294,1a2627be24b3ca5c4fe528787db4fe2d60bcf0afbfd60e81ee9463fec719c036
R75,1364,0.5073396585700285,0.0073396585700284955,-0.3677650070908597,0.27027317351534424,0.08639066996991439,-0.4541556770607741,b1db2335a160ed778f1f09f923204cde596dca9510af6894043d2a0db1742345
R75,1365,0.49467695109174153,-0.005323048908258465,-0.3750344916244393,0.2780717383579891,0.09055449254576946,-0.4655889841702088,9b0bc1e65a99fd4c9c150589181ef1d41833e7aba9125040ed36166305f539ac
R75,1366,0.5080754512680093,0.008075451268009348,-0.36728516020741186,0.2698465755232438,0.08620399541953788,-0.45348915562694975,08593c318e251142d6cbc70c53c2379fb039c0c17bf3b3f5a10d40e87b40cc00
R75,1367,0.502035623329182,0.002035623329181946,-0.3706713343208459,0.2736063109770361,0.0882706438166131,-0.458941978137459,fe0c2842df2a97660b4b2b3ad6ec57ccde3a407ea89d40363d096fb0609cf895
R75,1368,0.5103678390505487,0.010367839050548722,-0.3660063182555007,0.2684139232849226,0.08541076415717226,-0.4514170824126729,ca49070fcca21ab9d56f3821d1490018814e814a8c89749b977ed1729fed134d
R75,1369,0.49704410212186917,-0.002955897878130831,-0.37362670381292384,0.2766388927118401,0.08982554080537816,-0.46345224461830203,d3528f35bb14b52bb96904b8c114f8bd0ff065a03313bf781667aa994b2cd39b
R75,1370,0.49770504952870886,-0.002294950471291135,-0.37328112098424293,0.27621578501756733,0.08957522452544585,-0.4628563455096888,444ee6af8fa93cadeb81f85cd4dde82d2a8fe94119df8d01c68c85c389be9067
R75,1371,0.49764596676835965,-0.002354033231640351,-0.37326351036962335,0.27627611163947874,0.08964435645466708,-0.4629078668242904,cc7002860ae54df52a544d99eb8c8afdb12ec8b13e6ea7806e63bdcaa1500963
R75,1372,0.5028154003541834,0.0028154003541833728,-0.37032697134735637,0.2730779374446883,0.08791445177101007,-0.45824142311836646,b1ec3313c90e9a5ddd2008ec0ed12eb1af7dbd4d9795180a924cbbe1cc3f6453
R75,1373,0.48922691039153254,-0.010773089608467457,-0.378088016808401,0.2814601931322539,0.0924161847280534,-0.4705042015364544,da5f3c1f2b29dcaa8e84dde4cc51e4d3780b98b3e2621683b792676b40a0b48a
R75,1374,0.49128973222953454,-0.008710267770465463,-0.37692754474976436,0.28017989161271173,0.09171611923782956,-0.46864366398759394,02c44fb1fb8ed56ec8ba676bf534c36677bb5efaa74fa5fca296af48d17663b8
R75,1375,0.4974139389163881,-0.0025860610836119236,-0.37343271411654555,0.2764022829904354,0.08968592593216262,-0.4631186400487082,32977ebac8a0f5f43f9db188c446f33a6ec87efc4f66cf08c85591e2cef493aa
R75,1376,0.4906551928565477,-0.009344807143452316,-0.37724219168521167,0.2805937334890769,0.09197263764647105,-0.46921482933168274,411b74a97a77b0218e9dc1cb58ce9381abd883fd35dc475675541b48e82ed947
R75,1377,0.5065557838917173,0.006555783891717293,-0.368144132800844,0.2707894295827381,0.08671736318231607,-0.4548614959831601,899947730d3167be5203c6cfd568413468afa309d1e0ad3ed4e164d424442ab5
R75,1378,0.4958702314941592,-0.004129768505840792,-0.37430586853125325,0.2773593079327252,0.09020637366709856,-0.4645122421983518,f00de4b63a43ee5b4ad7ad9db379b912eb28a7af1c9d32bfc529ff0293cc5f31
R75,1379,0.4883329401899369,-0.011667059810063107,-0.3786131375932571,0.28200345139940414,0.0926968826027756,-0.4713100201960327,c1ea75904df15a9e1c4383c9c5fbe49fccc59cb4884ef14420d89cf6f5914b9c
R75,1380,0.5080663090586562,0.00806630905865624,-0.3673066908020757,0.26984269483106776,0.08618934943002993,-0.4534960402321056,accdcaaeacd23afe1fb60e64070a950b5257cbb9ca0950039c71d89ff1159a22
R75,1381,0.5044479081233232,0.004447908123323185,-0.3692822832459754,0.2721217390700237,0.08748059744703597,-0.45676288069301135,2511384e44dce0b3daf2e9b454f26ca8ba916049c3fd124567abb75c9d82372f
R75,1382,0.4948263728760215,-0.005173627123978508,-0.3749183188308518,0.2779956190336921,0.09053645961826617,-0.465454778449118,d262efe077eac02f73f66f4e1419ef1e4e21fa002284a9889e13fdd1bcc17f88
R75,1383,0.4982388902745582,-0.0017611097254418007,-0.37294521777007716,0.2759020336488994,0.08942942476386082,-0.462374642533938,0f902efabf5e8605acb6092493cf36b4a7f58da20d923b80ea9c7dd65234991c
R75,1384,0.4984129492765833,-0.0015870507234166942,-0.37279751131870076,0.2758166865125198,0.08941793085316942,-0.46221544217187016,c528eb6d69a248ee544c9960a5314eeb5784740b7b9ed213e09ee1a9dee339f1
R75,1385,0.5017108921169371,0.0017108921169370905,-0.37100825202525556,0.2737356090822456,0.08823148306961781,-0.45923973509487337,f5417d1b7be17d6d935b1ee07d8779a1c8fdee8a811070852786b16f1604cb70
R75,1386,0.5040244770137994,0.004024477013799377,-0.36962116294376457,0.2723379872933115,0.08752740582142918,-0.4571485687651938,079ed1a84e7c0e0ab0f2aeb09eb722ea81e5021068147bb1b44ceb1098e50755
R75,1387,0.5091267195384231,0.009126719538423145,-0.3666263985405972,0.26922311005330907,0.08590991078301048,-0.45253630932360767,ecef407ae6e770e71ee6823216b8a27cca3ffccddf90dd37625ebff33c9d9be2
R75,1388,0.49778773415535543,-0.0022122658446445675,-0.3731554138618533,0.276201903582783,0.08962419665185635,-0.46277961051370964,ea14b004c068e4e5806d32384514d61e0f97dee0791ac4f162c4318db37d3af4
R75,1389,0.5092661085128832,0.009266108512883231,-0.3665824740206425,0.2691206468756672,0.08582940986534601,-0.45241188388598846,bee88b9a82081da5051a3ab1b750e76b80bdc3ea969938352480026d55247d56
R75,1390,0.4956672048982802,-0.0043327951017198,-0.3744461537672572,0.27747238381068956,0.09024930692706097,-0.46469546069431816,9cdba6688f87a16fe0ae8e349a4c588a44ff31aa6441f83630c56a63228753d1
R75,1391,0.5192211164992335,0.019221116499233526,-0.3607279905188118,0.26303965618555514,0.0826756609261492,-0.443403651444961,bc239a4287f3f999b419a2ce84780f64f18aefb02c6f851230638b7350f8ee44
R75,1392,0.500067077547744,6.707754774404329e-05,-0.3720292462237091,0.27470960304562386,0.08869497993376929,-0.4607242261574784,590814c457172069bdeacfc6482ba9d3931653854b279c742166f00a2eadb2db
R75,1393,0.4871672125022226,-0.012832787497777387,-0.3792783691796688,0.2827210481531217,0.0930818635632873,-0.4723602327429561,6312fb8610fd6319aa850f31ad8dda3e52231d581249b4ced22db69e6cb904ec
R75,1394,0.5038827603638036,0.003882760363803639,-0.3697137826944769,0.27242012851760233,0.08756323717036385,-0.45727701986484076,df54280eae59ba3829c903eaae3d00e4a57f3991aeb7370ec013a4581a6e1bc7
R75,1395,0.5078109548223445,0.007810954822344507,-0.3674116895500262,0.2700200051406866,0.0863141603656735,-0.4537258499156997,3bc542d3164e6814314ef5ec8497ed09af6fe785601160781fc0ecd0168554f2
R75,1396,0.5152657893496826,0.01526578934968259,-0.3630571668948859,0.26545604346263596,0.08392746001519305,-0.4469846269100789,88f27b14e456aa4edd87c27d92a30d2473006750345db01b559f7ac32fc06c82
R75,1397,0.5030625469183191,0.0030625469183190868,-0.37004729467332675,0.2729889819357886,0.08796533459912517,-0.45801262927245195,69f9c5bfff6289353e7ad88e3a215fb22b0fe53928915fddc0e9eb0abaac0dc4
R75,1398,0.5018533103973579,0.0018533103973579212,-0.37079503714671447,0.2737098158708066,0.08831229729744938,-0.45910733444416385,a5d61ad70d5046ae9111d9271e8b8af51680e979611fc272c60efc28bcb74a1c
R75,1399,0.4999073439502422,-9.265604975777775e-05,-0.37193966782975413,0.27489501203882905,0.08892517812395201,-0.46086484595370614,bec4f68b2aa34a01a880c73f4637045879165f285c450b72b548a48e4c2d5f86
R75,1400,0.5045858940714384,0.00458589407143839,-0.3692134756846218,0.2720315698659482,0.08742483202363724,-0.4566383077082591,246102a41bcd3a6f9613d2502f6243ea5e8fdbcaf6f6b487f61c6689e11f18b8
R75,1401,0.5035463062306043,0.003546306230604257,-0.36987654750854826,0.27264317390367004,0.0877049001493959,-0.4575814476579442,304a74b1455e06f571514746e315457e331d00b4d1f53df808c0290f38b073f3
R75,1402,0.4848701802894797,-0.015129819710520298,-0.3805299277049937,0.2841633298337761,0.09389836598127926,-0.474428293686273,0abf3c893f2df9578ecce581e2cb29e264a82391bba341016909aac367ff18fe
R75,1403,0.49741230654087193,-0.002587693459128071,-0.37336081408371474,0.27643741811633127,0.08975701107447392,-0.46311782515818867,a2c2a2f3abc1426c25367c48ae869989c25fe8e05c2d7fdbeb4e13f479908622
R75,1404,0.4837656495919517,-0.016234350408048326,-0.38124555504957425,0.2847999074630222,0.09417712993823509,-0.4754226849878093,cfe0f4ef27b685c20cebaaf42122495a64f9ef213ab892057c7981949ac0ccf8
R75,1405,0.4920197663322098,-0.007980233667790215,-0.37638341281940035,0.2797891366332264,0.09159743022352622,-0.4679808430429266,d5de2fad0c3f8d501345989c654331abdcb5364bb89b9d0b676c4d494b69b3a7
R75,1406,0.4919751651176552,-0.008024834882344789,-0.3764812223223015,0.2797834876166352,0.09154287645548445,-0.46802409877778595,a5d5ba579b19003c656bec84d8e248b0f4253d938ebb8eae0447216881102f69
R75,1407,0.4929023323607751,-0.007097667639224925,-0.3759699160721415,0.27920362651642244,0.09121866848035169,-0.4671885845524932,2a247462e1db61065ff879ffdf8e75e1b6e6e6e5908f3c1da425da717ccfe12a
R75,1408,0.49329704621411585,-0.006702953785884147,-0.3758354838652782,0.27891716371217945,0.09099942177954036,-0.46683490564481855,b925e071a579c60ee08387111e0f2b95a4da3150739f867ce1d2f435f17c658b
R75,1409,0.5196443603589722,0.019644360358972213,-0.360567690998911,0.262739953858224,0.08245610835876849,-0.4430237993576795,663141435f86eba08167f525542b7e290a74053355b6b17fa17e7a8ab43ae09b
R75,1410,0.49550834457149484,-0.004491655428505159,-0.37447681983134556,0.2775987353551873,0.0903603254395145,-0.46483714527086006,b729fc59d815807e7582361c3970f5b5f2907c30d743f26a870dfdfe88395f2b
R75,1411,0.49657631334961394,-0.0034236866503860597,-0.37393349845372775,0.27690994288488335,0.08994319365801949,-0.46387669211174726,b58155d0949e21e6061a8f48b02056fbb985aef82f6b0b5bb7d08076bba48a0f
R75,1412,0.5029078199677239,0.0029078199677239347,-0.37021207700183706,0.2730499647090997,0.08794392620818116,-0.4581560032100182,4d03ae93b33ea0a5c1ec96515453272a76b17f50a038ec6138bce6cceff2e5e2
R75,1413,0.5050894780902727,0.005089478090272714,-0.3690691061598624,0.2716531828384762,0.08711862975854502,-0.4561877359184074,2c84f3e3ce9d48b37d86a78627ea9f2c12395ab21f3467fcc3480f04336761a0
R75,1414,0.4985593814549951,-0.0014406185450048792,-0.37273555645139517,0.2757164581035323,0.08934867987783474,-0.4620842363292299,88b5ae7f4aadd3ae0d82c313678565b995e6a229d28d17f466bfc4eb127399ef
R75,1415,0.48361296222447836,-0.01638703777552164,-0.3812578436658758,0.2849320812426897,0.09430315940975184,-0.4755610030756276,f198a2b31ea22f3d8bfea0a8dfff8165f95944908ddaf231e71c69c6fa847cb6
R75,1416,0.5047206425713826,0.004720642571382605,-0.3691747573951985,0.2719314900740142,0.08734411137641494,-0.45651886877161346,2732d410668ce896aee1add4009a1462eb8e09092f9e2b58e0b4e697a6374600
R75,1417,0.5070021104954638,0.0070021104954638425,-0.36790761402565597,0.27050306527795437,0.08654925826512638,-0.45445687229078235,58141bb901e3f407290f69d3296ecf38634f6133981ed7ca2e2d5b5e47b3dca3
R75,1418,0.48990119027547213,-0.010098809724527869,-0.37770181841577233,0.2810452103428598,0.09219430113497361,-0.46989611955074595,9e84371b844041da29f8b48bddb086a5c4a4f1f028786153c1638dd129c93b8d
R75,1419,0.4954295951473281,-0.0045704048526719054,-0.37452707584032197,0.2776448838257917,0.09038134590563077,-0.4649084217459527,cc0e84594507ca30ecfc15be184028d09a76f23902ee58172355d730e8fbdbb9
R75,1420,0.5088355567865163,0.008835556786516263,-0.3668619760080689,0.26937167990427324,0.08594069190023876,-0.4528026679083077,b9479c6cd64c8642ae57d7b54d5561aab8be2e5284c95df2bd8d66c4e8050d8c
R75,1421,0.49901034113297776,-0.0009896588670222362,-0.37250390995897686,0.2754268660340233,0.08917491105453487,-0.4616788210135117,af3cd0279101b549fcff2b365323d8fded96ab90d192245a81299d693cb801b6
R75,1422,0.5011970625939132,0.0011970625939131674,-0.37124052432661614,0.2740817691726459,0.0884615070093378,-0.45970203133595394,21fb40ddec4df29b88d86c5418db8c3ae000acf030d53f0558e324d67d8bb7e2
R75,1423,0.5058411579333991,0.0058411579333991215,-0.3685014393562819,0.2712543851865977,0.08700366550845678,-0.45550510486473866,e68769a97305adc56427ecdb7b12a377fe8119dd01ca5810599b0beb9f559ab7
R75,1424,0.4962084095368362,-0.0037915904631637964,-0.3741250216095007,0.27714508252522463,0.09008257172047429,-0.46420759332997497,5cc8e208ead8b19e2cd3e6fdcf782ce0d123ac0a715197eda7d7fdeac87e6582
R75,1425,0.498227303518213,-0.0017726964817870172,-0.3729363805503604,0.27591537321453985,0.08944718293935966,-0.46238356348972004,f221f3f703c5a03a81b0b3088a8923a9319ae0740faddef9950a513a3f3f34da
R75,1426,0.4978286231863714,-0.0021713768136286116,-0.3731312922979733,0.2761766766412314,0.08961103049224477,-0.4627423227902181,383f4d34ea836bd8d627f8a5d94c92fe1be295e1d259530c4f7f53644cb3fc04
R75,1427,0.5032091588050919,0.003209158805091872,-0.3700020917444693,0.27288101828873756,0.08787997241650294,-0.4578820641609722,b307d4503dce4d0afffc413bafc1653a58cb6ebc7a1b4214e8205d916d115275
R75,1428,0.505625345339805,0.005625345339804966,-0.36870133729990084,0.27135254101136996,0.08700187236141953,-0.4557032096613204,ce51042a21b05ccc5ae5a79ce8cd769d22a5e938425accc638cc617683f4c7fb
R75,1429,0.5090873109245252,0.009087310924525194,-0.3666620430314099,0.2692414657470058,0.08591044423130087,-0.45257248726271077,8e1cef3d2d7bdedbbf7c29494e2db264b17b82a2f0469e446074f8d82640bc36
R75,1430,0.502069708969964,0.002069708969963946,-0.37068512749831417,0.27357028725860677,0.08822772350944968,-0.45891285100776386,fb94b162e0db563673af732b09f11405d07fc6056a49b85df0faba631ad5de1f
R75,1431,0.5082184202433546,0.008218420243354618,-0.36722114983014276,0.2697496042981761,0.08613902938310472,-0.4533601792132475,5e3426311a5fee1198d61c6e6a3d4a53ad5d76c022ce00d71c961b6aef4da768
R75,1432,0.5021186995182408,0.002118699518240841,-0.37077965573627847,0.2734831348429409,0.08809330697480165,-0.45887296271108013,7d92246c7623b376bf4f4544ae868651a02849ac95be6e2d153fb5d0a6e18591
R75,1433,0.49591867834608705,-0.00408132165391295,-0.3742348348868755,0.2773487901403339,0.0902313726968962,-0.46446620758377166,cd985fb56ec884cd9b4a5dee6b7090635a6d808f01b8959755980bd5ef4d305e
R75,1434,0.5041361773798263,0.0041361773798263,-0.36946626149242756,0.27231153592620777,0.08757840517999402,-0.45704466667242155,3f53a103f637022503b5da6f55ef2b351d9479ff2327ebe1cb3810f3c483c75a
R75,1435,0.4937661542710978,-0.0062338457289021765,-0.3755325025893198,0.27864477122084796,0.09087851992618808,-0.46641102251550787,a0f3353d760c6d4ea52905e82daf137c70c47f36a79f139a6a92b1644e802186
R75,1436,0.4954194014525714,-0.004580598547428594,-0.37457533746794086,0.2776326668761299,0.09034499814215947,-0.4649203356101003,0ba03637c51d2efbc0878ebe5c703d5a6a7c239a4560854b2fe684a42b5358db
R75,1437,0.5014730373943441,0.0014730373943441233,-0.37104052063896487,0.273932020112437,0.08841175979295454,-0.45945228043191944,b6f9f62f1f8e949e49f2cd5225e16c2bfb6c59b2927578efbf21d712a488182e
R75,1438,0.5043304839228309,0.004330483922830863,-0.36949680135901364,0.2721254694409234,0.08737706876141661,-0.45687387012043024,60f3829f35e8b34b21d75c9a362c1be5cb73bddbcaf5ba4e49e473458d21da24
R75,1439,0.5067920399004643,0.006792039900464286,-0.36798851601357385,0.2706521932311156,0.08665793522432871,-0.45464645123790254,503ab46e8a9882f53aeaf869c179dfbc388dd11dbc9cad51035b8ad81b8d940d
R75,1440,0.5067426686952443,0.006742668695244314,-0.3681109624169845,0.2706397025818185,0.08658422137332626,-0.45469518379031076,ae1e2624f04f68bc8069865b976e053b2da4c256f00bb0f313868d8c4b8c30a6
R75,1441,0.4943187338819993,-0.005681266118000683,-0.37515246428693344,0.27833395392508836,0.09075772178162166,-0.4659101860685551,f393dfcc84220a094cca31f36e93723778ff1823da9087fcff7df202df1360c4
R75,1442,0.5037100285276637,0.003710028527663667,-0.3697541054413286,0.2725546223385772,0.08767756961791288,-0.4574316750592415,c73640bdd1d2426cc7369b8037f5907a12a9d1a15b97092e00a4be65532dca4c
R75,1443,0.519378562446163,0.019378562446162984,-0.36071692434549046,0.2629070337518032,0.08254857157905797,-0.44326549592454845,662980d760e17f1b9c35de08032e1a85ff4f9a191aca3e00f8d3ff5bc6e4ba67
R75,1444,0.4879214602938863,-0.012078539706113722,-0.37881164783207677,0.28227418972864715,0.09286836581260878,-0.47168001364468554,60fd836c23a751cac3c72cf7401d9cfa1409701222153a30a713872d21bce500
R75,1445,0.5019226705757914,0.0019226705757914297,-0.37074921020539464,0.27367011937122343,0.08829551426852611,-0.45904472447392075,2ed687fada990702381ca03da5be7c000effc99fafd6cf7597b0d6cc186341f0
R75,1446,0.49765027087164015,-0.0023497291283598454,-0.37323256919334075,0.27628750161926796,0.08967121702259762,-0.46290378621593836,e9d702cedac25d08407c770a50112dd758f9d4dfa7804bb4c7103cdfea836fa9
R75,1447,0.4977286520459432,-0.0022713479540568127,-0.37327961281861366,0.2761944950029162,0.08955468859360936,-0.46283430141222304,d3c28b969e410819c9e06199cda285491b3ac1365a043e92b274f9d9c0429721
R75,1448,0.5038104743341179,0.0038104743341178526,-0.3696808015358819,0.27250052240275496,0.08766012163481399,-0.4573409231706959,5101dd81e924c9f788a84cf0f3931695fbd8e300479505e9c9236d7168bd32dc
R75,1449,0.49576128932374963,-0.004238710676250368,-0.37442736810094435,0.27739866805806235,0.09018498400759016,-0.4646123521085345,8c4bab2baefcb6256938d30520ccc8b34ad85a3c6ea2fc3633248734be6b9cc8
R75,1450,0.5068644473005834,0.006864447300583443,-0.36802960800196916,0.27056954780960873,0.08655474380862418,-0.4545843518105933,7ab1efc1834247906daacfc21e723568d57822290b7b8614179a7c9322ec4e02
R75,1451,0.5062644760693858,0.006264476069385849,-0.3682895316833861,0.27097993941067705,0.08683517356898401,-0.4551247052523701,b207b30b4407c6042a68fe99cdb1e63350b8ff7a5838c4852ce6ce6b258cc253
R75,1452,0.4899508264249375,-0.01004917357506252,-0.3777148497535067,0.2809943648310766,0.09213693995432322,-0.4698517897078299,c7bd47650caa621927732ca2a299bb92dd5977d590ff1089f74498dd67064ad9
R75,1453,0.499032958502936,-0.0009670414970640029,-0.3725037717720173,0.27540609817694256,0.08915421229093388,-0.4616579840629512,79ea8278ac343c4dc60a7c0ee264a7f1e8eaf412fac194a55aa64f70a9ebc848
R75,1454,0.4837280686245234,-0.01627193137547661,-0.38121441059413114,0.2848516277494416,0.09424442245237606,-0.4754588330465072,687c45fc32250d486553caf2748148ff61e10ac55c2ea07b12c927f4bdd2d544
R75,1455,0.4935638254281045,-0.006436174571895492,-0.37563209320635244,0.27877548558013754,0.0909594389769613,-0.46659153218331373,8e061f1b57a8ff4a0ddd967622796687b8c6a905acd4d3527e5a8a69c807ea99
R75,1456,0.5128869247879846,0.012886924787984588,-0.36447834613718044,0.2668992545987746,0.08466008153018438,-0.44913842766736484,1021ba2bc8ef8328ea1994960acd3288eebeeebb06faf97594fa4672e20d1bc0
R75,1457,0.49720700485247,-0.0027929951475300085,-0.37351371896736385,0.27654760021925706,0.08979074073557515,-0.463304459702939,5a0cbe39a64da4ca4d11c9c853f4d28952f28e4ff9b4b51c092ff8d76bd2ac02
R75,1458,0.49479062938452295,-0.005209370615477049,-0.37493276399867353,0.2780198477943071,0.09055346579497037,-0.4654862297936439,401089a54f34d13a50d5b6f11aa94b054069045ed2ffeb2e80b37f23b8600dc2
R75,1459,0.518614779548572,0.018614779548572047,-0.36111366722495924,0.26339639398636505,0.08283956037388542,-0.44395322759884465,38d3a673264c9c3ea7a6fe0976063bfdba887883f7c537143d5d9b8e5fe6a5ed
R75,1460,0.5024155940059011,0.0024155940059010783,-0.3705968920616588,0.2733061741317341,0.08800772810090468,-0.4586046201625635,328b8ea63560fb6ea1739a56ebdbb254b6311a7dcb0950db7c36ca6d98b3e255
R75,1461,0.5005477550078048,0.0005477550078047955,-0.37157190520119276,0.27450168033209416,0.08871572773149779,-0.46028763293269054,43ae6619721e03300548021ed95f2cc15408ff1206a370a5c97a7991cf804877
R75,1462,0.49365166702559093,-0.0063483329744090655,-0.37563427993428244,0.27869788973673665,0.09088074976959545,-0.46651502970387787,2d1c80e98678f51f41f22af547eefef525355251e1925afd48b4a6719a592c07
R75,1463,0.5101338581897282,0.010133858189728229,-0.3661215538112571,0.2685680041793849,0.08550722727375634,-0.4516287810850135,b8703032b6d759d461004787a577d353432b77d0a4e8a8902316f9fbe9fab3b3
