candidate,capacitance_f,frequency_hz,gain_real,gain_imag
A75,2e-13,1000.0,-6.000003684201746,0.0007053090066713631
A75,2e-13,1029.2005271944283,-6.0000036793034335,0.000725904400910269
A75,2e-13,1059.2537251772892,-6.000003674114878,0.00074710119146544
A75,2e-13,1090.1844923851281,-6.000003668618879,0.0007689169394215583
A75,2e-13,1122.018454301964,-6.000003662797228,0.0007913697186558036
A75,2e-13,1154.781984689459,-6.000003656630616,0.0008144781308116238
A75,2e-13,1188.5022274370194,-6.000003650098616,0.0008382613207097499
A75,2e-13,1223.2071190499325,-6.00000364317957,0.0008627389922092063
A75,2e-13,1258.9254117941682,-6.000003635850538,0.0008879314245314788
A75,2e-13,1295.6866975170205,-6.000003628087237,0.0009138594890613434
A75,2e-13,1333.5214321633252,-6.0000036198639295,0.0009405446666382888
A75,2e-13,1372.4609610075634,-6.000003611153362,0.0009680090653528448
A75,2e-13,1412.5375446227558,-6.0000036019266645,0.0009962754388625793
A75,2e-13,1453.7843856076636,-6.0000035921532495,0.0010253672052429113
A75,2e-13,1496.2356560944354,-6.00000358180072,0.0010553084663883793
A75,2e-13,1539.926526059494,-6.00000357083477,0.001086124027980433
A75,2e-13,1584.8931924611159,-6.00000355921904,0.0011178394200382683
A75,2e-13,1631.1729092278408,-6.0000035469150355,0.001150480918069778
A75,2e-13,1678.804018122563,-6.000003533881979,0.0011840755648400813
A75,2e-13,1727.8259805078665,-6.00000352007666,0.0012186511927757123
A75,2e-13,1778.279410038926,-6.000003505453325,0.0012542364470230088
A75,2e-13,1830.2061063110596,-6.000003489963505,0.0012908608091798043
A75,2e-13,1883.6490894898043,-6.000003473555856,0.001328554621720079
A75,2e-13,1938.6526359522113,-6.0000034561759925,0.0013673491131318129
A75,2e-13,1995.2623149688839,-6.000003437766307,0.0014072764237888608
A75,2e-13,2053.5250264571505,-6.000003418265778,0.001448369632578287
A75,2e-13,2113.4890398366515,-6.000003397609772,0.0014906627843051935
A75,2e-13,2175.2040340195276,-6.0000033757298175,0.001534190917897785
A75,2e-13,2238.721138568345,-6.000003352553391,0.0015789900954360004
A75,2e-13,2304.092976055851,-6.0000033280036815,0.0016250974320277682
A75,2e-13,2371.373705661661,-6.000003301999314,0.0016725511265576485
A75,2e-13,2440.6190680419863,-6.000003274454082,0.001721390493333301
A75,2e-13,2511.8864315095866,-6.000003245276701,0.0017716559946560416
A75,2e-13,2585.2348395621975,-6.000003214370446,0.0018233892743424063
A75,2e-13,2660.725059798817,-6.000003181632882,0.001876633192224553
A75,2e-13,2738.4196342643686,-6.000003146955498,0.001931431859658034
A75,2e-13,2818.3829312644616,-6.000003110223351,0.0019878306760663686
A75,2e-13,2900.681198693162,-6.000003071314685,0.002045876366552688
A75,2e-13,2985.3826189179686,-6.000003030100538,0.0021056170206096045
A75,2e-13,3072.557365267456,-6.000002986444293,0.0021671021319593685
A75,2e-13,3162.277660168389,-6.0000029402012585,0.0022303826395573116
A75,2e-13,3254.617834980469,-6.0000028912181556,0.002295510969792534
A75,2e-13,3349.6543915782872,-6.000002839332621,0.0023625410799208045
A75,2e-13,3447.466065731505,-6.000002784372674,0.002431528502765642
A75,2e-13,3548.133892335766,-6.000002726156151,0.0025025303927245766
A75,2e-13,3651.741272548389,-6.000002664490081,0.002575605573118739
A75,2e-13,3758.3740428844544,-6.000002599170063,0.00265081458492495
A75,2e-13,3868.120546330535,-6.000002529979598,0.0027282197369307357
A75,2e-13,3981.0717055349864,-6.000002456689341,0.0028078851573536826
A75,2e-13,4097.32109813543,-6.000002379056368,0.0028898768469680456
A75,2e-13,4216.965034285838,-6.000002296823352,0.002974262733782474
A75,2e-13,4340.102636447455,-6.00000220971772,0.0030611127293141936
A75,2e-13,4466.835921509648,-6.000002117450768,0.0031504987865062484
A75,2e-13,4597.2698853087395,-6.000002019716649,0.0032424949593357387
A75,2e-13,4731.512589614823,-6.000001916191434,0.0033371774641624396
A75,2e-13,4869.67525165865,-6.000001806531958,0.003434624742868566
A75,2e-13,5011.872336272742,-6.000001690374758,0.0035349175278420403
A75,2e-13,5158.221650723077,-6.000001567334811,0.003638138908856954
A75,2e-13,5308.8444423099045,-6.000001437004299,0.003744374401906697
A75,2e-13,5463.865498818564,-6.000001298951222,0.003853712020046707
A75,2e-13,5623.413251903514,-6.000001152717995,0.0039662423463054704
A75,2e-13,5787.61988349123,-6.000000997819915,0.004082058608724191
A75,2e-13,5956.62143529013,-6.000000833743554,0.004201256757587159
A75,2e-13,6130.557921498234,-6.000000659945064,0.00432393554490687
A75,2e-13,6309.57344480196,-6.000000475848376,0.004450196606229567
A75,2e-13,6493.816315762142,-6.000000280843295,0.004580144544829018
A75,2e-13,6683.439175686176,-6.000000074283441,0.004713887018358102
A75,2e-13,6878.599123088107,-5.99999985548416,0.004851534828030091
A75,2e-13,7079.457843841412,-5.999999623720228,0.004993202010403221
A75,2e-13,7286.181745132311,-5.9999993782234435,0.005139005931844651
A75,2e-13,7498.942093324594,-5.999999118180082,0.005289067385751979
A75,2e-13,7717.915155850161,-5.9999988427282025,0.0054435106926126135
A75,2e-13,7943.282347242854,-5.999998550954793,0.005602463802983957
A75,2e-13,8175.23037943654,-5.999998241892761,0.005766058403479532
A75,2e-13,8413.951416451991,-5.9999979145176905,0.005934430025848603
A75,2e-13,8659.643233600696,-5.9999975677444635,0.00610771815923973
A75,2e-13,8912.5093813375,-5.999997200423673,0.006286066365740943
A75,2e-13,9172.759353897844,-5.999996811337807,0.006469622399292108
A75,2e-13,9440.608762859283,-5.999996399197213,0.006658538328067896
A75,2e-13,9716.279515771113,-5.999995962635813,0.006852970660432379
A75,2e-13,10000.000000000055,-5.999995500206588,0.007053080474569538
A75,2e-13,10292.00527194434,-5.999995010376791,0.007259033551896813
A75,2e-13,10592.537251772948,-5.999994491522833,0.007471000514371705
A75,2e-13,10901.844923851339,-5.999993941924951,0.007689156965805325
A75,2e-13,11220.184543019699,-5.9999933597614525,0.007913683637299225
A75,2e-13,11547.819846894648,-5.999992743102729,0.008144766536925934
A75,2e-13,11885.022274370254,-5.999992089904802,0.008382597103776644
A75,2e-13,12232.071190499388,-5.999991398002627,0.00862737236650343
A75,2e-13,12589.254117941748,-5.999990665102845,0.008879295106486657
A75,2e-13,12956.866975170273,-5.999989888776222,0.009138574025762534
A75,2e-13,13335.21432163332,-5.999989066449567,0.00940542391984913
A75,2e-13,13724.609610075704,-5.999988195397238,0.00968006585561372
A75,2e-13,14125.37544622763,-5.999987272732091,0.009962727354327896
A75,2e-13,14537.843856076708,-5.999986295395899,0.010253642580061598
A75,2e-13,14962.356560944427,-5.99998526014925,0.01055305253357136
A75,2e-13,15399.265260595015,-5.9999841635607725,0.010861205251842419
A75,2e-13,15848.931924611234,-5.99998300199577,0.011178356013449254
A75,2e-13,16311.729092278485,-5.999981771604204,0.01150476754990373
A75,2e-13,16788.040181225708,-5.999980468307912,0.011840710263164664
A75,2e-13,17278.259805078742,-5.999979087787062,0.012186462449487935
A75,2e-13,17782.79410038934,-5.999977625465911,0.012542310529801561
A75,2e-13,18302.061063110676,-5.999976076497553,0.01290854928679463
A75,2e-13,18836.490894898125,-5.999974435747929,0.013285482108915652
A75,2e-13,19386.5263595222,-5.999972697778739,0.013673421241480212
A75,2e-13,19952.623149688927,-5.999970856829501,0.014072688045094688
A75,2e-13,20535.250264571598,-5.9999689067984,0.01448361326160769
A75,2e-13,21134.89039836661,-5.99996684122206,0.014906537287807668
A75,2e-13,21752.040340195374,-5.999964653254175,0.015341810457091098
A75,2e-13,22387.21138568355,-5.999962335642775,0.015789793329331867
A75,2e-13,23040.929760558614,-5.999959880706218,0.016250856989189363
A75,2e-13,23713.737056616716,-5.999957280307709,0.016725383353099327
A75,2e-13,24406.19068041997,-5.999954525828354,0.01721376548519852
A75,2e-13,25118.864315095976,-5.99995160813858,0.01771640792244113
A75,2e-13,25852.348395622088,-5.9999485175679155,0.018233727009172716
A75,2e-13,26607.250597988284,-5.999945243872875,0.018766151241434128
A75,2e-13,27384.19634264381,-5.999941776203108,0.019314121621276343
A75,2e-13,28183.829312644742,-5.9999381030653325,0.01987809202137423
A75,2e-13,29006.81198693175,-5.999934212285361,0.020458529560236503
A75,2e-13,29853.826189179817,-5.99993009096767,0.021055914988315407
A75,2e-13,30725.573652674695,-5.999925725452705,0.021670743085330926
A75,2e-13,31622.77660168403,-5.999921101271627,0.02230352306913001
A75,2e-13,32546.17834980483,-5.9999162030983415,0.02295477901641277
A75,2e-13,33496.54391578302,-5.999911014698745,0.023625050295665077
A75,2e-13,34474.6606573152,-5.999905518876897,0.02431489201264695
A75,2e-13,35481.33892335782,-5.999899697418088,0.0250248754687958
A75,2e-13,36517.41272548406,-5.999893531028437,0.025755588632913027
A75,2e-13,37583.740428844714,-5.99988699927101,0.026507636626512655
A75,2e-13,38681.20546330552,-5.999880080498086,0.02728164222322109
A75,2e-13,39810.71705535004,-5.9998727517794475,0.028078246362627
A75,2e-13,40973.210981354474,-5.9998649888264035,0.028898108678991653
A75,2e-13,42169.650342858564,-5.999856765911313,0.02974190804524031
A75,2e-13,43401.02636447473,-5.999848055782383,0.03061034313266727
A75,2e-13,44668.35921509667,-5.99983882957336,0.03150413298679727
A75,2e-13,45972.69885308759,-5.9998290567079495,0.03242401761985852
A75,2e-13,47315.125896148435,-5.999818704798473,0.033370758620333896
A75,2e-13,48696.75251658671,-5.99980773953864,0.03434513978006938
A75,2e-13,50118.723362727644,-5.999796124589906,0.035347967739430004
A75,2e-13,51582.216507230994,-5.99978382146109,0.03638007265100675
A75,2e-13,53088.44442309928,-5.99977078938093,0.03744230886239005
A75,2e-13,54638.65498818588,-5.999756985163034,0.038535555618538817
A75,2e-13,56234.13251903538,-5.9997423630628814,0.039660717784285635
A75,2e-13,57876.19883491255,-5.999726874626329,0.04081872658753298
A75,2e-13,59566.21435290155,-5.999710468529163,0.04201054038370756
A75,2e-13,61305.579214982594,-5.999693090407207,0.04323714544205471
A75,2e-13,63095.734448019866,-5.999674682676251,0.04449955675436497
A75,2e-13,64938.16315762169,-5.999655184341493,0.04579881886674282
A75,2e-13,66834.39175686204,-5.9996345307955865,0.04713600673503676
A75,2e-13,68785.99123088135,-5.9996126536047685,0.04851222660456621
A75,2e-13,70794.5784384144,-5.999589480282404,0.049928616914793146
A75,2e-13,72861.81745132341,-5.999564934049021,0.0513863492295994
A75,2e-13,74989.42093324625,-5.999538933578287,0.05288662919384508
A75,2e-13,77179.15155850194,-5.999511392727858,0.05443069751689475
A75,2e-13,79432.82347242888,-5.999482220254422,0.056019830983813745
A75,2e-13,81752.30379436575,-5.999451319511742,0.05765534349494533
A75,2e-13,84139.5141645203,-5.9994185881311015,0.059338587134598456
A75,2e-13,86596.43233600735,-5.999383917682599,0.061070953269578565
A75,2e-13,89125.0938133754,-5.999347193316608,0.06285387367831526
A75,2e-13,91727.59353897884,-5.999308293384052,0.06468882171134345
A75,2e-13,94406.08762859325,-5.999267089034134,0.06657731348390955
A75,2e-13,97162.79515771156,-5.99922344378847,0.06852090910148226
A75,2e-13,100000.00000000097,-5.999177213089978,0.0705212139189542
A75,2e-13,102920.05271944383,-5.99912824382519,0.07257987983433276
A75,2e-13,105925.37251772993,-5.999076373818369,0.07469860661771878
A75,2e-13,109018.44923851384,-5.999021431295797,0.07687914327638225
A75,2e-13,112201.84543019746,-5.998963234318442,0.07912328945674303
A75,2e-13,115478.19846894697,-5.998901590181245,0.08143289688407152
A75,2e-13,118850.22274370304,-5.998836294776918,0.08380987084071655
A75,2e-13,122320.71190499439,-5.998767131922332,0.08625617168367497
A75,2e-13,125892.541179418,-5.998693872645182,0.08877381640230415
A75,2e-13,129568.66975170327,-5.9986162744287155,0.09136488021697625
A75,2e-13,133352.1432163338,-5.998534080411949,0.09403149821946136
A75,2e-13,137246.09610075763,-5.998447018542866,0.0967758670558131
A75,2e-13,141253.7544622769,-5.998354800681841,0.09960024665251241
A75,2e-13,145378.4385607677,-5.998257121652314,0.10250696198660489
A75,2e-13,149623.56560944492,-5.998153658235765,0.10549840490054097
A75,2e-13,153992.65260595083,-5.998044068104941,0.10857703596234819
A75,2e-13,158489.31924611304,-5.997927988708047,0.11174538637206716
A75,2e-13,163117.29092278559,-5.997805036060132,0.11500605991433163
A75,2e-13,167880.40181225786,-5.997674803491254,0.11836173495859728
A75,2e-13,172782.59805078822,-5.997536860307434,0.12181516650680219
A75,2e-13,177827.94100389423,-5.997390750375922,0.12536918828917143
A75,2e-13,183020.61063110761,-5.997235990627855,0.12902671490847695
A75,2e-13,188364.90894898213,-5.997072069472578,0.13279074403300964
A75,2e-13,193865.26359522287,-5.996898445122928,0.13666435863853596
A75,2e-13,199526.23149689016,-5.996714543815774,0.14065072929908806
A75,2e-13,205352.5026457169,-5.996519757935879,0.14475311652684278
A75,2e-13,211348.90398366703,-5.996313444026945,0.1489748731606909
A75,2e-13,217520.4034019547,-5.996094920687692,0.15331944680326362
A75,2e-13,223872.11385683648,-5.995863466345645,0.1577903823059107
A75,2e-13,230409.29760558717,-5.9956183169017105,0.1623913243009653
A75,2e-13,237137.37056616822,-5.995358663238259,0.1671260197804174
A75,2e-13,244061.90680420081,-5.995083648582868,0.17199832071990026
A75,2e-13,251188.64315096088,-5.994792365719718,0.17701218674664446
A75,2e-13,258523.48395622204,-5.994483854039992,0.1821716878497758
A75,2e-13,266072.505979884,-5.994157096422323,0.18748100713103483
A75,2e-13,273841.96342643927,-5.993811015933672,0.19294444359365776
A75,2e-13,281838.29312644864,-5.993444472340859,0.1985664149667955
A75,2e-13,290068.11986931873,-5.993056258421978,0.2043514605624331
A75,2e-13,298538.26189179946,-5.99264509606694,0.2103042441613429
A75,2e-13,307255.7365267483,-5.992209632155365,0.21642955692410104
A75,2e-13,316227.7660168417,-5.991748434199698,0.22273232032266949
A75,2e-13,325461.7834980498,-5.991259985740841,0.22921758908746315
A75,2e-13,334965.4391578317,-5.990742681482902,0.23589055416416926
A75,2e-13,344746.6065731536,-5.990194822150945,0.24275654567380994
A75,2e-13,354813.3892335798,-5.989614609069226,0.2498210358693379
A75,2e-13,365174.1272548422,-5.989000138414431,0.2570896420795224
A75,2e-13,375837.4042884488,-5.988349395167895,0.2645681296327723
A75,2e-13,386812.054633057,-5.987660246720128,0.27226241474975865
A75,2e-13,398107.1705535022,-5.986930436122048,0.28017856739426955
A75,2e-13,409732.10981354665,-5.986157574961397,0.28832281406993676
A75,2e-13,421696.5034285876,-5.985339135852203,0.2967015405496434
A75,2e-13,434010.26364474936,-5.984472444505321,0.3053212945221369
A75,2e-13,446683.59215096885,-5.98355467136653,0.31418878813970014
A75,2e-13,459726.9885308781,-5.9825828228068145,0.3233109004491157
A75,2e-13,473151.2589614866,-5.98155373183504,0.3326946796856612
A75,2e-13,486967.5251658694,-5.980464048306993,0.3423473454080974
A75,2e-13,501187.23362727877,-5.979310228618127,0.3522762904512861
A75,2e-13,515822.16507231235,-5.978088524852112,0.36248908267005214
A75,2e-13,530884.4442309953,-5.976794973356571,0.3729934664453718
A75,2e-13,546386.5498818613,-5.975425382716938,0.38379736392128383
A75,2e-13,562341.3251903565,-5.973975321121391,0.39490887593944335
A75,2e-13,578761.9883491283,-5.972440103077039,0.4063362826332392
A75,2e-13,595662.1435290184,-5.970814775440355,0.4180880436400604
A75,2e-13,613055.7921498289,-5.969094102768037,0.4301727978896772
A75,2e-13,630957.3444802017,-5.967272551922016,0.44259936291798374
A75,2e-13,649381.63157622,-5.96534427593482,0.45537673365610076
A75,2e-13,668343.9175686237,-5.963303097099499,0.46851408063762023
A75,2e-13,687859.9123088169,-5.961142489239497,0.48202074756111835
A75,2e-13,707945.7843841475,-5.958855559168496,0.49590624814412465
A75,2e-13,728618.1745132377,-5.956435027292492,0.5101802621949366
A75,2e-13,749894.2093324661,-5.953873207329545,0.5248526308243818
A75,2e-13,771791.5155850231,-5.951161985155408,0.5399333507162737
A75,2e-13,794328.2347242925,-5.948292796726854,0.5554325673639282
A75,2e-13,817523.0379436614,-5.945256605074305,0.5713605671762066
A75,2e-13,841395.141645207,-5.942043876376385,0.587727768351209
A75,2e-13,865964.3233600776,-5.938644555077659,0.604544710403045
A75,2e-13,891250.9381337581,-5.935048038065315,0.621822042223709
A75,2e-13,917275.9353897927,-5.931243147902427,0.6395705085516129
A75,2e-13,944060.8762859369,-5.927218105136328,0.6578009347112282
A75,2e-13,971627.9515771201,-5.922960499683455,0.6765242094767318
A75,2e-13,1000000.0000000144,-5.918457261336693,0.695751265907249
A75,2e-13,1029200.527194443,-5.91369462941235,0.7154930599876912
A75,2e-13,1059253.7251773044,-5.9086581216075285,0.7357605469044567
A75,2e-13,1090184.4923851436,-5.903332502091016,0.7565646547685593
A75,2e-13,1122018.4543019799,-5.897701748946715,0.7779162555988907
A75,2e-13,1154781.984689475,-5.891749021039675,0.7998261333613199
A75,2e-13,1188502.2274370359,-5.885456624387388,0.8223049488488541
A75,2e-13,1223207.1190499496,-5.878805978223593,0.8453632011906469
A75,2e-13,1258925.4117941859,-5.871777580853681,0.8690111857551097
A75,2e-13,1295686.6975170388,-5.864350975498689,0.8932589482145639
A75,2e-13,1333521.432163344,-5.856504716325378,0.9181162345292941
A75,2e-13,1372460.9610075825,-5.848216334917277,0.9435924366083541
A75,2e-13,1412537.5446227754,-5.839462307407008,0.9696965333911693
A75,2e-13,1453784.3856076836,-5.830218022616245,0.996437027106897
A75,2e-13,1496235.6560944559,-5.820457751510529,1.023821874458291
A75,2e-13,1539926.526059515,-5.8101546183711505,1.051858412489902
A75,2e-13,1584893.1924611374,-5.799280574095642,1.0805532789031294
A75,2e-13,1631172.909227863,-5.787806372102852,1.1099123265956408
A75,2e-13,1678804.0181225857,-5.775701547371909,1.139940532220698
A75,2e-13,1727825.9805078898,-5.762934399183131,1.1706418985819547
A75,2e-13,1778279.41003895,-5.749471978197143,1.202019350710587
A75,2e-13,1830206.106311084,-5.735280078563391,1.2340746255071895
A75,2e-13,1883649.0894898295,-5.720323235814251,1.2668081548762529
A75,2e-13,1938652.6359522373,-5.7045647313377374,1.300218942328692
A75,2e-13,1995262.3149689105,-5.6879666043115265,1.3343044330964455
A75,2e-13,2053525.026457178,-5.67048967204308,1.3690603778773118
A75,2e-13,2113489.0398366796,-5.652093559680614,1.404480690404212
A75,2e-13,2175204.0340195564,-5.632736740358354,1.4405572991399362
A75,2e-13,2238721.1385683743,-5.612376586879506,1.4772799935070982
A75,2e-13,2304092.9760558815,-5.5909694360421955,1.5146362651762735
A75,2e-13,2371373.705661692,-5.568470666841229,1.5526111450977955
A75,2e-13,2440619.0680420185,-5.544834793685253,1.591187037085783
A75,2e-13,2511886.4315096196,-5.520015575887548,1.630343548959482
A75,2e-13,2585234.8395622317,-5.493966144608829,1.6700573224103186
A75,2e-13,2660725.059798852,-5.466639148425781,1.710301862964474
A75,2e-13,2738419.6342644054,-5.437986918684935,1.751047371630837
A75,2e-13,2818382.931264499,-5.407961655653426,1.7922605800223055
A75,2e-13,2900681.1986932005,-5.376515636421394,1.8339045909804432
A75,2e-13,2985382.618918008,-5.343601445391757,1.8759387269750532
A75,2e-13,3072557.365267497,-5.309172227933252,1.9183183887577564
A75,2e-13,3162277.6601684312,-5.273181967621736,1.9609949270007658
A75,2e-13,3254617.8349805125,-5.235585787223628,2.003915529872079
A75,2e-13,3349654.391578332,-5.196340273232196,2.0470231296910124
A75,2e-13,3447466.065731551,-5.155403823429136,2.090256331995245
A75,2e-13,3548133.8923358135,-5.112737016573599,2.1335493705139394
A75,2e-13,3651741.272548438,-5.06830300277563,2.1768320916121433
A75,2e-13,3758374.042884505,-5.0220679127521475,2.2200299718831134
A75,2e-13,3868120.546330587,-4.97400128346783,2.2630641724953477
A75,2e-13,3981071.70553504,-4.924076497252206,2.305851633890363
A75,2e-13,4097321.0981354844,-4.872271230737016,2.348305214203404
A75,2e-13,4216965.034285894,-4.818567909490981,2.3903338745920055
A75,2e-13,4340102.636447512,-4.762954163475027,2.4318429142420155
A75,2e-13,4466835.921509706,-4.705423277977383,2.4727342574260383
A75,2e-13,4597269.885308799,-4.645974634000599,2.5129067943626597
A75,2e-13,4731512.589614885,-4.584614131650981,2.552256776988781
A75,2e-13,4869675.251658713,-4.521354589571729,2.5906782699311326
A75,2e-13,5011872.336272808,-4.45621611315562,2.628063656086074
A75,2e-13,5158221.650723144,-4.389226424024038,2.6643041952141058
A75,2e-13,5308844.442309974,-4.320421143158887,2.6992906328750537
A75,2e-13,5463865.498818635,-4.249844020178909,2.7329138559171264
A75,2e-13,5623413.251903587,-4.177547101458893,2.765065589539966
A75,2e-13,5787619.883491306,-4.103590830241982,2.7956391297823777
A75,2e-13,5956621.435290207,-4.028044072565073,2.824530104157006
A75,2e-13,6130557.921498313,-3.9509840635849756,2.8516372520184943
A75,2e-13,6309573.444802041,-3.872496270028689,2.876863215329087
A75,2e-13,6493816.315762226,-3.7926741656271252,2.900115329576892
A75,2e-13,6683439.175686263,-3.7116189178402914,2.9213064039672823
A75,2e-13,6878599.123088196,-3.629438985715095,2.940355479549442
A75,2e-13,7079457.843841503,-3.546249630301519,2.9571885536781464
A75,2e-13,7286181.745132405,-3.462172340835335,2.971739259317235
A75,2e-13,7498942.093324691,-3.377334181534253,2.983949487953499
A75,2e-13,7717915.155850261,-3.291867065594144,2.9937699455437956
A75,2e-13,7943282.347242957,-3.2059069645188014,3.001160631768045
A75,2e-13,8175230.379436647,-3.119593062420236,3.0060912340588124
A75,2e-13,8413951.416452102,-3.0330668661408384,3.0085414292297252
A75,2e-13,8659643.23360081,-2.946471283126735,3.0085010871680917
A75,2e-13,8912509.381337617,-2.859949679718014,3.005970372798575
A75,2e-13,9172759.353897963,-2.773644933005562,3.0009597444188043
A75,2e-13,9440608.762859406,-2.687698489547305,2.9934898484327293
A75,2e-13,9716279.51577124,-2.602249444080893,2.9835913124519666
A75,2e-13,10000000.000000184,-2.517433650885177,2.971304440604629
A75,2e-13,10292005.271944473,-2.433382879675883,2.956678816661086
A75,2e-13,10592537.251773085,-2.3502240268719397,2.939772822176019
A75,2e-13,10901844.923851479,-2.2680783918039036,2.920653078245194
A75,2e-13,11220184.543019842,-2.187061025965064,2.8993938206095886
A75,2e-13,11547819.846894797,-2.107280161818188,2.876076218731342
A75,2e-13,11885022.274370406,-2.0288367259896636,2.850787650068645
A75,2e-13,12232071.190499544,-1.951823939948381,2.823620941066193
A75,2e-13,12589254.117941909,-1.8763270095913405,2.7946735864442105
A75,2e-13,12956866.97517044,-1.8024229035039991,2.7640469581155007
A75,2e-13,13335214.321633492,-1.7301802181430403,2.7318455146035547
A75,2e-13,13724609.61007588,-1.6596591268030405,2.698176021161759
A75,2e-13,14125375.446227811,-1.590911407992869,2.6631467899175707
A75,2e-13,14537843.856076894,-1.5239805478376751,2.626866948411483
A75,2e-13,14962356.560944619,-1.458901910266523,2.589445743777767
A75,2e-13,15399265.260595214,-1.3957029681215858,2.5509918886736855
A75,2e-13,15848931.924611438,-1.3344035879060427,2.511612953911489
A75,2e-13,16311729.092278697,-1.2750163606122606,2.471414811516793
A75,2e-13,16788040.181225926,-1.2175469710540645,2.4305011308871913
A75,2e-13,17278259.80507897,-1.1619945981828994,2.388972929583257
A75,2e-13,17782794.100389574,-1.1083523391195393,2.3469281793235
A75,2e-13,18302061.063110918,-1.0566076499875952,2.304461466868148
A75,2e-13,18836490.894898374,-1.0067427970704328,2.2616637086661266
A75,2e-13,19386526.359522454,-0.9587353123360136,2.2186219174709256
A75,2e-13,19952623.14968919,-0.9125584479441708,2.1754190185686104
A75,2e-13,20535250.264571868,-0.8681816249477756,2.1321337128010827
A75,2e-13,21134890.398366887,-0.8255708720129988,2.0888403832209272
A75,2e-13,21752040.34019566,-0.7846892505973093,2.045609041972611
A75,2e-13,22387211.385683842,-0.7454972636132724,2.002505313822513
A75,2e-13,23040929.760558918,-0.7079532451861735,1.959590452711495
A75,2e-13,23713737.05661703,-0.6720137296368973,1.916921387669921
A75,2e-13,24406190.680420294,-0.6376337983266935,1.8745507945196342
A75,2e-13,25118864.315096308,-0.6047674034435417,1.8325271898771924
A75,2e-13,25852348.39562243,-0.573367668220268,1.7908950441432019
A75,2e-13,26607250.597988635,-0.5433871634205799,1.7496949103169555
A75,2e-13,27384196.34264417,-0.5147781602479875,1.7089635657131095
A75,2e-13,28183829.31264511,-0.48749286008557724,1.668734163851259
A75,2e-13,29006811.98693213,-0.4614836016993106,1.6290363940393888
A75,2e-13,29853826.189180207,-0.4367030467092329,1.5898966463866433
A75,2e-13,30725573.652675096,-0.413104344282344,1.5513381802460735
A75,2e-13,31622776.601684444,-0.3906412760934993,1.5133812942682796
A75,2e-13,32546178.34980526,-0.36926838269073126,1.4760434965169063
A75,2e-13,33496543.915783457,-0.34894107243936134,1.4393396732660522
A75,2e-13,34474660.65731565,-0.3296157142504578,1.4032822553148707
A75,2e-13,35481338.92335828,-0.31124971530442275,1.3678813808348003
A75,2e-13,36517412.72548453,-0.2938015849687334,1.333145053928454
A75,2e-13,37583740.4288452,-0.2772309860842263,1.2990792982309092
A75,2e-13,38681205.463306025,-0.2614987747614436,1.2656883050346257
A75,2e-13,39810717.05535056,-0.2465670297791599,1.2329745755194683
A75,2e-13,40973210.98135501,-0.23239907263305676,1.2009390568102574
A75,2e-13,42169650.34285911,-0.21895947922069076,1.1695812716515332
A75,2e-13,43401026.3644753,-0.20621408409451397,1.138899441593954
A75,2e-13,44668359.21509726,-0.19412997815251748,1.1088906036514443
A75,2e-13,45972698.8530882,-0.18267550057481274,1.0795507204488446
A75,2e-13,47315125.89614906,-0.17182022575494565,1.0508747839389583
A75,2e-13,48696752.516587354,-0.16153494591413994,1.0228569128065845
A75,2e-13,50118723.362728305,-0.1517916500286843,0.995490443711935
A75,2e-13,51582216.507231675,-0.14256349964616313,0.9687680165624908
A75,2e-13,53088444.42309998,-0.13382480211129386,0.9426816540140135
A75,2e-13,54638654.988186605,-0.12555098167293754,0.9172228354259555
A75,2e-13,56234132.51903613,-0.11771854889661551,0.8923825655113351
A75,2e-13,57876198.83491332,-0.11030506876053395,0.8681514379155069
A75,2e-13,59566214.352902345,-0.10328912777444355,0.8445196939826471
A75,2e-13,61305579.21498341,-0.0966503004195875,0.8214772769499494
A75,2e-13,63095734.44802071,-0.0903691151752441,0.7990138818293118
A75,2e-13,64938163.15762256,-0.08442702036216096,0.7771190012108249
A75,2e-13,66834391.75686294,-0.07880635000617747,0.7557819672405918
A75,2e-13,68785991.23088229,-0.07349028989582612,0.7349919899978268
A75,2e-13,70794578.43841536,-0.06846284398513598,0.7147381925069783
A75,2e-13,72861817.45132439,-0.06370880126927349,0.6950096425997163
A75,2e-13,74989420.93324725,-0.05921370324130576,0.6757953818388812
A75,2e-13,77179151.55850297,-0.054963812020346225,0.6570844517068468
A75,2e-13,79432823.47242993,-0.05094607922522451,0.6388659172508546
A75,2e-13,81752303.79436684,-0.04714811565322638,0.6211288883640966
A75,2e-13,84139514.1645214,-0.04355816181164192,0.6038625388832799
A75,2e-13,86596432.33600849,-0.040165059337412934,0.5870561236579049
A75,2e-13,89125093.81337658,-0.03695822333139602,0.5706989937514172
A75,2e-13,91727593.53898005,-0.033927615624477686,0.5547806099170447
A75,2e-13,94406087.6285945,-0.03106371898532801,0.5392905544825647
A75,2e-13,97162795.15771285,-0.028357512273472205,0.5242185417776427
A75,2e-13,100000000.0000023,-0.02580044653493542,0.5095544272149783
A75,2e-13,102920052.71944518,-0.02338442203373508,0.4952882151438799
A75,2e-13,105925372.51773132,-0.021101766207752455,0.4814100655752689
A75,2e-13,109018449.23851527,-0.01894521253445349,0.467910299877607
A75,2e-13,112201845.43019894,-0.016907880288866473,0.4547794055326565
A75,2e-13,115478198.4689485,-0.014983255173886913,0.44200804003346283
A75,2e-13,118850222.7437046,-0.013165170801165062,0.429587034003862
A75,2e-13,122320711.90499601,-0.011447790999219533,0.41750739361053535
A75,2e-13,125892541.17941967,-0.00982559292426731,0.4057603023326325
A75,2e-13,129568669.75170499,-0.008293350948467934,0.39433712215119987
A75,2e-13,133352143.21633555,-0.006846121299659249,0.3832293942154884
A75,2e-13,137246096.10075945,-0.005479227426285132,0.37242883903708607
A75,2e-13,141253754.46227878,-0.004188246061092454,0.36192735625967554
A75,2e-13,145378438.56076965,-0.0029689939571906666,0.35171702405026795
A75,2e-13,149623565.6094469,-0.001817515270213111,0.3417900981492303
A75,2e-13,153992652.6059529,-0.0007300695606179304,0.3321390106213774
A75,2e-13,158489319.24611515,0.00029687960943003064,0.32275636833543914
A75,2e-13,163117290.92278776,0.0012666755097106124,0.3136349512100891
A75,2e-13,167880401.8122601,0.0021824785306475865,0.3047677102497382
A75,2e-13,172782598.05079052,0.003047275951015541,0.29614776539956184
A75,2e-13,177827941.0038966,0.00386389120792131,0.2877684032419288
A75,2e-13,183020610.63111004,0.004634992691650644,0.27962307455626934
A75,2e-13,188364908.94898462,0.005363102087311727,0.2717053917637879
A75,2e-13,193865263.59522545,0.0060506022843181545,0.2640091262712241
A75,2e-13,199526231.49689284,0.006699744874277687,0.2565282057353505
A75,2e-13,205352502.64571965,0.007312657256793242,0.24925671125791565
A75,2e-13,211348903.98366988,0.00789134937222302,0.24218887452839
A75,2e-13,217520403.40195763,0.008437720079493331,0.23531907492432397
A75,2e-13,223872113.8568395,0.008953563196423188,0.22864183658099213
A75,2e-13,230409297.60559028,0.009440573219345542,0.22215182544139933
A75,2e-13,237137370.56617144,0.009900350737917906,0.21584384629328968
A75,2e-13,244061906.80420414,0.010334407560553104,0.20971283980336897
A75,2e-13,251188643.15096432,0.010744171565027782,0.20375387955441887
A75,2e-13,258523483.95622557,0.011130991288300543,0.19796216909257625
A75,2e-13,266072505.97988766,0.011496140268851984,0.19233303899001597
A75,2e-13,273841963.42644304,0.011840821154291888,0.18686194392841432
A75,2e-13,281838293.1264525,0.012166169586337825,0.18154445980739417
A75,2e-13,290068119.8693227,0.012473257874748381,0.17637628088232254
A75,2e-13,298538261.89180356,0.012763098471122584,0.1713532169340083
A75,2e-13,307255736.52675253,0.01303664725317318,0.1664711904750012
A75,2e-13,316227766.01684606,0.013294806629246559,0.16172623399319086
A75,2e-13,325461783.49805427,0.013538428472666356,0.15711448723636223
A75,2e-13,334965439.1578363,0.013768316894820505,0.15263219453898402
A75,2e-13,344746606.5731583,0.013985230865529018,0.14827570219299077
A75,2e-13,354813389.2335847,0.014189886688809508,0.14404145586410688
A75,2e-13,365174127.2548472,0.014382960341680351,0.13992599805447392
A75,2e-13,375837404.288454,0.014565089683322395,0.13592596561278159
A75,2e-13,386812054.6330623,0.01473687654148117,0.13203808729237507
A75,2e-13,398107170.5535077,0.01489888868268778,0.12825918135807843
A75,2e-13,409732109.81355226,0.015051661672476619,0.12458615324186201
A75,2e-13,421696503.42859334,0.015195700631447403,0.12101599324738402
A75,2e-13,434010263.64475524,0.015331481892864807,0.11754577430430191
A75,2e-13,446683592.15097487,0.015459454566910232,0.11417264977125233
A75,2e-13,459726988.5308843,0.01558004201667653,0.11089385128803564
A75,2e-13,473151258.961493,0.015693643250610893,0.10770668667663064
A75,2e-13,486967525.16587603,0.01580063423584862,0.10460853789057448
A75,2e-13,501187233.6272856,0.015901369136702474,0.10159685901253565
A75,2e-13,515822165.0723194,0.015996181482324182,0.0986691742997021
A75,2e-13,530884444.2310025,0.0160853852671947,0.09582307627584907
A75,2e-13,546386549.8818688,0.01616927598826024,0.09305622387077296
A75,2e-13,562341325.1903641,0.016248131621861357,0.09036634060530238
A75,2e-13,578761988.3491361,0.01632221354376795,0.08775121282188479
A75,2e-13,595662143.5290264,0.01639176739538041,0.08520868796025366
A75,2e-13,613055792.1498371,0.016457023898863284,0.08273667287710014
A75,2e-13,630957344.4802102,0.016518199624020936,0.08033313220954871
A75,2e-13,649381631.5762287,0.016575497709368066,0.07799608678131387
A75,2e-13,668343917.5686326,0.016629108539923478,0.07572361205131267
A75,2e-13,687859912.3088262,0.016679210383960277,0.07351383660380206
A75,2e-13,707945784.3841571,0.016725969990906225,0.07136494067946685
A75,2e-13,728618174.5132475,0.016769543152416133,0.06927515474666487
A75,2e-13,749894209.3324763,0.016810075228677168,0.06724275811255395
A75,2e-13,771791515.5850335,0.016847701641596203,0.06526607757276046
A75,2e-13,794328234.7243032,0.016882548336911756,0.06334348609990448
A75,2e-13,817523037.9436724,0.016914732216631746,0.06147340156945069
A75,2e-13,841395141.6452183,0.016944361543551577,0.059654285522816694
A75,2e-13,865964323.3600892,0.0169715363193441,0.05788464196703552
A75,2e-13,891250938.1337701,0.016996348637704627,0.05616301621046918
A75,2e-13,917275935.389805,0.017018883013818598,0.054487993733669346
A75,2e-13,944060876.2859496,0.017039216691722012,0.052858199095476205
A75,2e-13,971627951.5771332,0.017057419930654835,0.05127229487329486
A75,2e-13,1000000000.0000279,0.017073556271708906,0.04972898063720679
A75,8e-12,1000.0,-5.999879347588435,0.027323201753069133
A75,8e-12,1029.2005271944283,-5.99987197544453,0.028121019098751573
A75,8e-12,1059.2537251772892,-5.9998641664933965,0.028942130015740627
A75,8e-12,1090.1844923851281,-5.999855894854983,0.029787214407617307
A75,8e-12,1122.018454301964,-5.9998471331160514,0.03065697200616775
A75,8e-12,1154.781984689459,-5.999837852239359,0.03155212294809257
A75,8e-12,1188.5022274370194,-5.999828021467461,0.03247340836835024
A75,8e-12,1223.2071190499325,-5.999817608220837,0.03342159101060226
A75,8e-12,1258.9254117941682,-5.999806577989984,0.034397455855238374
A75,8e-12,1295.6866975170205,-5.999794894221089,0.03540181076547394
A75,8e-12,1333.5214321633252,-5.999782518194991,0.036435487152022376
A75,8e-12,1372.4609610075634,-5.9997694088989215,0.03749934065685998
A75,8e-12,1412.5375446227558,-5.999755522890698,0.03859425185661025
A75,8e-12,1453.7843856076636,-5.999740814154855,0.03972112698609143
A75,8e-12,1496.2356560944354,-5.999725233950278,0.04088089868258077
A75,8e-12,1539.926526059494,-5.99970873064878,0.04207452675136376
A75,8e-12,1584.8931924611159,-5.999691249564197,0.043302998953149714
A75,8e-12,1631.1729092278408,-5.999672732771333,0.04456733181394817
A75,8e-12,1678.804018122563,-5.999653118914154,0.04586857145801329
A75,8e-12,1727.8259805078665,-5.999632343002727,0.04720779446447927
A75,8e-12,1778.279410038926,-5.999610336198073,0.04858610874831945
A75,8e-12,1830.2061063110596,-5.999587025584324,0.05000465446627899
A75,8e-12,1883.6490894898043,-5.999562333927414,0.05146460494844151
A75,8e-12,1938.6526359522113,-5.999536179419501,0.05296716765610533
A75,8e-12,1995.2623149688839,-5.999508475408241,0.054513585166656345
A75,8e-12,2053.5250264571505,-5.999479130110134,0.05610513618613859
A75,8e-12,2113.4890398366515,-5.9994480463068705,0.05774313659023579
A75,8e-12,2175.2040340195276,-5.999415121023729,0.059428940494388655
A75,8e-12,2238.721138568345,-5.999380245189021,0.061163941353786416
A75,8e-12,2304.092976055851,-5.999343303273385,0.06294957309397958
A75,8e-12,2371.373705661661,-5.999304172907776,0.0647873112728747
A75,8e-12,2440.6190680419863,-5.99926272447891,0.06667867427487953
A75,8e-12,2511.8864315095866,-5.9992188207008095,0.06862522453797741
A75,8e-12,2585.2348395621975,-5.99917231616108,0.0706285698145179
A75,8e-12,2660.725059798817,-5.999123056840404,0.07269036446651776
A75,8e-12,2738.4196342643686,-5.999070879603659,0.07481231079627264
A75,8e-12,2818.3829312644616,-5.999015611661071,0.07699616041308445
A75,8e-12,2900.681198693162,-5.998957069997543,0.07924371563691235
A75,8e-12,2985.3826189179686,-5.998895060768382,0.0815568309397579
A75,8e-12,3072.557365267456,-5.998829378659402,0.08393741442559233
A75,8e-12,3162.277660168389,-5.998759806209329,0.08638742934963417
A75,8e-12,3254.617834980469,-5.998686113092288,0.08890889567777728
A75,8e-12,3349.6543915782872,-5.998608055358065,0.09150389168696356
A75,8e-12,3447.466065731505,-5.998525374627689,0.09417455560728447
A75,8e-12,3548.133892335766,-5.998437797241623,0.09692308730657875
A75,8e-12,3651.741272548389,-5.99834503335794,0.0997517500182778
A75,8e-12,3758.3740428844544,-5.9982467759974645,0.10266287211322889
A75,8e-12,3868.120546330535,-5.9981427000328535,0.105658848916199
A75,8e-12,3981.0717055349864,-5.998032461118268,0.10874214456772696
A75,8e-12,4097.32109813543,-5.997915694556315,0.11191529393196412
A75,8e-12,4216.965034285838,-5.997792014098462,0.11518090455108926
A75,8e-12,4340.102636447455,-5.997661010675242,0.11854165864684124
A75,8e-12,4466.835921509648,-5.997522251051994,0.12200031516965301
A75,8e-12,4597.2698853087395,-5.997375276405972,0.12555971189580437
A75,8e-12,4731.512589614823,-5.997219600820259,0.1292227675729388
A75,8e-12,4869.67525165865,-5.997054709689599,0.13299248411420128
A75,8e-12,5011.872336272742,-5.996880058033207,0.13687194884116496
A75,8e-12,5158.221650723077,-5.996695068709115,0.1408643367756013
A75,8e-12,5308.8444423099045,-5.996499130524485,0.14497291298003293
A75,8e-12,5463.865498818564,-5.996291596235805,0.14920103494687242
A75,8e-12,5623.413251903514,-5.996071780432876,0.15355215503580072
A75,8e-12,5787.61988349123,-5.995838957299756,0.15802982295887147
A75,8e-12,5956.62143529013,-5.9955923582458555,0.16263768831264844
A75,8e-12,6130.557921498234,-5.995331169399672,0.16737950315646424
A75,8e-12,6309.57344480196,-5.995054528957507,0.17225912463567802
A75,8e-12,6493.816315762142,-5.994761524378906,0.17728051764854352
A75,8e-12,6683.439175686176,-5.994451189420255,0.18244775755502984
A75,8e-12,6878.599123088107,-5.994122500997519,0.18776503292562777
A75,8e-12,7079.457843841412,-5.993774375868412,0.19323664832783047
A75,8e-12,7286.181745132311,-5.9934056671241835,0.1988670271476206
A75,8e-12,7498.942093324594,-5.9930151604802875,0.20466071444286474
A75,8e-12,7717.915155850161,-5.9926015703549975,0.21062237982508836
A75,8e-12,7943.282347242854,-5.992163535724175,0.21675682036559424
A75,8e-12,8175.23037943654,-5.991699615740161,0.2230689635213563
A75,8e-12,8413.951416451991,-5.991208285101722,0.22956387007552237
A75,8e-12,8659.643233600696,-5.990687929161877,0.2362467370867134
A75,8e-12,8912.5093813375,-5.990136838759362,0.2431229008405968
A75,8e-12,9172.759353897844,-5.989553204758981,0.25019783979643023
A75,8e-12,9440.608762859283,-5.988935112285572,0.257477177520437
A75,8e-12,9716.279515771113,-5.9882805346353285,0.2649666855969324
A75,8e-12,10000.000000000055,-5.987587326847711,0.272672286507129
A75,8e-12,10292.00527194434,-5.986853218920488,0.2806000564644389
A75,8e-12,10592.537251772948,-5.98607580864947,0.28875622819389823
A75,8e-12,10901.844923851339,-5.985252554074074,0.29714719364203696
A75,8e-12,11220.184543019699,-5.984380765508867,0.30577950660210235
A75,8e-12,11547.819846894648,-5.983457597140636,0.31465988523800703
A75,8e-12,11885.022274370254,-5.982480038169705,0.32379521448870124
A75,8e-12,12232.071190499388,-5.981444903473648,0.33319254833286194
A75,8e-12,12589.254117941748,-5.980348823770497,0.34285911189182133
A75,8e-12,12956.866975170273,-5.979188235258367,0.35280230334654494
A75,8e-12,13335.21432163332,-5.977959368707318,0.3630296956421552
A75,8e-12,13724.609610075704,-5.976658237978973,0.37354903795102545
A75,8e-12,14125.37544622763,-5.975280627948699,0.3843682568627705
A75,8e-12,14537.843856076708,-5.973822081804802,0.39549545726657587
A75,8e-12,14962.356560944427,-5.972277887698807,0.4069389228881796
A75,8e-12,15399.265260595015,-5.97064306472053,0.41870711644045805
A75,8e-12,15848.931924611234,-5.968912348171627,0.4308086793429622
A75,8e-12,16311.729092278485,-5.96708017411132,0.4432524309618652
A75,8e-12,16788.040181225708,-5.965140663148024,0.45604736731760454
A75,8e-12,17278.259805078742,-5.963087603451174,0.4692026592030727
A75,8e-12,17782.79410038934,-5.960914432958209,0.48272764965041925
A75,8e-12,18302.061063110676,-5.958614220752259,0.4966318506794304
A75,8e-12,18836.490894898125,-5.9561796475877555,0.510924939255054
A75,8e-12,19386.5263595222,-5.953602985542424,0.5256167523758307
A75,8e-12,19952.623149688927,-5.950876076776179,0.5407172812088845
A75,8e-12,20535.250264571598,-5.947990311379991,0.5562366641806216
A75,8e-12,21134.89039836661,-5.944936604300635,0.5721851789254333
A75,8e-12,21752.040340195374,-5.941705371330859,0.588573232987463
A75,8e-12,22387.21138568355,-5.938286504158708,0.6054113531629057
A75,8e-12,23040.929760558614,-5.934669344474656,0.6227101733623461
A75,8e-12,23713.737056616716,-5.930842657141036,0.6404804208643579
A75,8e-12,24406.19068041997,-5.92679460243492,0.6587329008229481
A75,8e-12,25118.864315095976,-5.922512707383328,0.6774784788825299
A75,8e-12,25852.348395622088,-5.917983836218456,0.6967280617449284
A75,8e-12,26607.250597988284,-5.91319415999065,0.7164925755235495
A75,8e-12,27384.19634264381,-5.908129125388593,0.7367829417103541
A75,8e-12,28183.829312644742,-5.902773422828489,0.7576100505716654
A75,8e-12,29006.81198693175,-5.897110953889398,0.7789847317793686
A75,8e-12,29853.826189179817,-5.891124798187527,0.8009177220746275
A75,8e-12,30725.573652674695,-5.884797179800915,0.8234196297521996
A75,8e-12,31622.77660168403,-5.878109433376313,0.8465008957448221
A75,8e-12,32546.17834980483,-5.871041970072271,0.8701717510791489
A75,8e-12,33496.54391578302,-5.863574243517973,0.8944421704676957
A75,8e-12,34474.6606573152,-5.855684715994152,0.9193218217952703
A75,8e-12,35481.33892335782,-5.847350825073083,0.9448200112539247
A75,8e-12,36517.41272548406,-5.838548950987337,0.9709456238777623
A75,8e-12,37583.740428844714,-5.829254385032725,0.9977070592283899
A75,8e-12,38681.20546330552,-5.819441299349891,1.0251121619839698
A75,8e-12,39810.71705535004,-5.809082718470596,1.0531681471899368
A75,8e-12,40973.210981354474,-5.798150493059801,1.081881519938398
A75,8e-12,42169.650342858564,-5.786615276332455,1.111257989256217
A75,8e-12,43401.02636447473,-5.774446503674764,1.1413023759998993
A75,8e-12,44668.35921509667,-5.761612376053187,1.1720185145788669
A75,8e-12,45972.69885308759,-5.748079847850405,1.2034091483588125
A75,8e-12,47315.125896148435,-5.733814619825688,1.2354758186339014
A75,8e-12,48696.75251658671,-5.7187811379567455,1.2682187471018977
A75,8e-12,50118.723362727644,-5.702942598980679,1.3016367118303573
A75,8e-12,51582.216507230994,-5.686260963512723,1.3357269167661185
A75,8e-12,53088.44442309928,-5.66869697768128,1.3704848549150794
A75,8e-12,54638.65498818588,-5.6502102042758375,1.4059041654056614
A75,8e-12,56234.13251903538,-5.63075906445899,1.4419764847483294
A75,8e-12,57876.19883491255,-5.610300891143463,1.478691292715788
A75,8e-12,59566.21435290155,-5.588791995177456,1.5160357533945559
A75,8e-12,61305.579214982594,-5.566187745515653,1.5539945520992853
A75,8e-12,63095.734448019866,-5.542442664574815,1.5925497289963382
A75,8e-12,64938.16315762169,-5.517510539981106,1.63168051045311
A75,8e-12,66834.39175686204,-5.4913445539069325,1.6713631393137662
A75,8e-12,68785.99123088135,-5.463897431165135,1.7115707054997586
A75,8e-12,70794.5784384144,-5.435121607175255,1.7522729785434739
A75,8e-12,72861.81745132341,-5.404969416835587,1.7934362438836793
A75,8e-12,74989.42093324625,-5.373393305223004,1.835023144979551
A75,8e-12,77179.15155850194,-5.340346060896262,1.8769925335328592
A75,8e-12,79432.82347242888,-5.305781072394156,1.9192993303411012
A75,8e-12,81752.30379436575,-5.269652608294103,1.961894399533056
A75,8e-12,84139.5141645203,-5.231916120927389,2.004724439156836
A75,8e-12,86596.43233600735,-5.192528573531077,2.0477318912915963
A75,8e-12,89125.0938133754,-5.151448790253724,2.0908548750306895
A75,8e-12,91727.59353897884,-5.108637828020855,2.1340271458269546
A75,8e-12,94406.08762859325,-5.064059368808678,2.1771780847911097
A75,8e-12,97162.79515771156,-5.017680130373323,2.220232721581839
A75,8e-12,100000.00000000097,-4.9694702929418435,2.2631117945106443
A75,8e-12,102920.05271944383,-4.919403938797993,2.305731851395929
A75,8e-12,105925.37251772993,-4.867459501097708,2.348005394528393
A75,8e-12,109018.44923851384,-4.813620217638965,2.3898410728450634
A75,8e-12,112201.84543019746,-4.757874584700332,2.4311439240431523
A75,8e-12,115478.19846894697,-4.700216805468854,2.471815668891744
A75,8e-12,118850.22274370304,-4.640647227018896,2.51175505941461
A75,8e-12,122320.71190499439,-4.579172759298719,2.55085828192017
A75,8e-12,125892.541179418,-4.515807269152898,2.589019415047271
A75,8e-12,129568.66975170327,-4.450571942078283,2.626130942084286
A75,8e-12,133352.1432163338,-4.383495604201537,2.6620843158150964
A75,8e-12,137246.09610075763,-4.314614996898959,2.696770573064221
A75,8e-12,141253.7544622769,-4.24397499657475,2.7300809949755656
A75,8e-12,145378.4385607677,-4.171628772387987,2.7619078078897323
A75,8e-12,149623.56560944492,-4.097637875185922,2.792144918513831
A75,8e-12,153992.65260595083,-4.022072251566473,2.8206886759371006
A75,8e-12,158489.31924611304,-3.945010177874553,2.8474386519830617
A75,8e-12,163117.29092278559,-3.866538109965285,2.8722984303974397
A75,8e-12,167880.40181225786,-3.786750445879857,2.8951763945939963
A75,8e-12,172782.59805078822,-3.7057491999296444,2.9159865029970375
A75,8e-12,177827.94100389423,-3.6236435882691564,2.9346490406207972
A75,8e-12,183020.61063110761,-3.5405495276714527,2.951091335336195
A75,8e-12,188364.90894898213,-3.456589050922248,2.965248427361319
A75,8e-12,193865.26359522287,-3.371889643961147,2.977063680878975
A75,8e-12,199526.23149689016,-3.28658351155707,2.986489327327183
A75,8e-12,205352.5026457169,-3.200806779890031,2.9934869308481833
A75,8e-12,211348.90398366703,-3.114698645822555,2.9980277675609495
A75,8e-12,217520.4034019547,-3.0284004838821854,3.0000931117562484
A75,8e-12,223872.11385683648,-2.9420549229656237,2.999674423737999
A75,8e-12,230409.29760558717,-2.8558049054946557,2.9967734358172287
A75,8e-12,237137.37056616822,-2.769792742173682,2.9914021348511395
A75,8e-12,244061.90680420081,-2.684159175604435,2.9835826416540776
A75,8e-12,251188.64315096088,-2.5990424658009443,2.9733469895317497
A75,8e-12,258523.48395622204,-2.514577510124702,2.960736806047182
A75,8e-12,266072.505979884,-2.430895009345867,2.9458029038624245
A75,8e-12,273841.96342643927,-2.34812069045952,2.9286047880640416
A75,8e-12,281838.29312644864,-2.2663745955856283,2.909210088731786
A75,8e-12,290068.11986931873,-2.18577044480134,2.887693928614557
A75,8e-12,298538.26189179946,-2.1064150791448233,2.8641382366134094
A75,8e-12,307255.7365267483,-2.028407988342966,2.838631018324777
A75,8e-12,316227.7660168417,-1.9518409261028897,2.811265595166711
A75,8e-12,325461.7834980498,-1.8767976141196834,2.7821398236041404
A75,8e-12,334965.4391578317,-1.8033535343358436,2.7513553057231466
A75,8e-12,344746.6065731536,-1.7315758074818208,2.719016601902804
A75,8e-12,354813.3892335798,-1.6615231545703697,2.6852304556347137
A75,8e-12,365174.1272548422,-1.5932459368152743,2.650105039647539
A75,8e-12,375837.4042884488,-1.5267862684648916,2.6137492315204915
A75,8e-12,386812.054633057,-1.4621781962188214,2.5762719258393276
A75,8e-12,398107.1705535022,-1.399447938309333,2.537781388813646
A75,8e-12,409732.10981354665,-1.338614175923612,2.4983846600930897
A75,8e-12,421696.5034285876,-1.2796883894330913,2.4581870053626855
A75,8e-12,434010.26364474936,-1.222675231853179,2.41729142216795
A75,8e-12,446683.59215096885,-1.1675729320790782,2.3757982003715123
A75,8e-12,459726.9885308781,-1.11437372069533,2.3338045376678944
A75,8e-12,473151.2589614866,-1.0630642715201049,2.2914042097005107
A75,8e-12,486967.5251658694,-1.0136261525032468,2.248687293556121
A75,8e-12,501187.23362727877,-0.9660362801250326,2.205739942758101
A75,8e-12,515822.16507231235,-0.9202673720125407,2.162644211327037
A75,8e-12,530884.4442309953,-0.8762883930919922,2.1194779240408734
A75,8e-12,546386.5498818613,-0.834064991207548,2.076314589695919
A75,8e-12,562341.3251903565,-0.793559918747978,2.0332233539453073
A75,8e-12,578761.9883491283,-0.7547334374081149,1.9902689881364952
A75,8e-12,595662.1435290184,-0.7175437037765943,1.9475119105084255
A75,8e-12,613055.7921498289,-0.6819471339749336,1.9050082361303713
A75,8e-12,630957.3444802017,-0.6478987460505158,1.8628098520064214
A75,8e-12,649381.63157622,-0.6153524792774588,1.820964513909702
A75,8e-12,668343.9175686237,-0.5842614899085806,1.779515961651207
A75,8e-12,687859.9123088169,-0.5545784232685109,1.738504049671679
A75,8e-12,707945.7843841475,-0.5262556623835567,1.6979648900692634
A75,8e-12,728618.1745132377,-0.4992455535921446,1.6579310053799237
A75,8e-12,749894.2093324661,-0.4735006097938015,1.618431488665832
A75,8e-12,771791.5155850231,-0.44897369216809657,1.5794921687086783
A75,8e-12,794328.2347242925,-0.4256181713241842,1.5411357783199098
A75,8e-12,817523.0379436614,-0.4033880689459739,1.5033821240165635
A75,8e-12,841395.141645207,-0.38223818107003826,1.466248255532504
A75,8e-12,865964.3233600776,-0.3621241841743961,1.4297486338263254
A75,8e-12,891250.9381337581,-0.3430027252825025,1.3938952964536568
A75,8e-12,917275.9353897927,-0.3248314972881812,1.3586980193447813
A75,8e-12,944060.8762859369,-0.30756930069514615,1.3241644741969463
A75,8e-12,971627.9515771201,-0.29117609293710733,1.2903003808352
A75,8e-12,1000000.0000000144,-0.2756130264095863,1.257109654039697
A75,8e-12,1029200.527194443,-0.2608424762971992,1.2245945444498816
A75,8e-12,1059253.7251773044,-0.2468280592308208,1.1927557732729726
A75,8e-12,1090184.4923851436,-0.23353464375029004,1.1615926606060614
A75,8e-12,1122018.4543019799,-0.22092835349317902,1.1311032472805767
A75,8e-12,1154781.984689475,-0.20897656396666325,1.1012844101950647
A75,8e-12,1188502.2274370359,-0.1976478936988601,1.0721319711626285
A75,8e-12,1223207.1190499496,-0.18691219050862595,1.043640799366404
A75,8e-12,1258925.4117941859,-0.17674051356942558,1.0158049075375877
A75,8e-12,1295686.6975170388,-0.16710511188826013,0.9886175420194145
A75,8e-12,1333521.432163344,-0.15797939976442935,0.9620712669031362
A75,8e-12,1372460.9610075825,-0.1493379297410251,0.9361580424482288
A75,8e-12,1412537.5446227754,-0.14115636351034672,0.9108692980041253
A75,8e-12,1453784.3856076836,-0.13341144119011883,0.8861959996776545
A75,8e-12,1496235.6560944559,-0.12608094934135114,0.8621287129848676
A75,8e-12,1539926.526059515,-0.11914368805930917,0.8386576607388634
A75,8e-12,1584893.1924611374,-0.11257943743037271,0.8157727764206806
A75,8e-12,1631172.909227863,-0.10636892361318756,0.7934637532818518
A75,8e-12,1678804.0181225857,-0.10049378477054649,0.7717200894240419
A75,8e-12,1727825.9805078898,-0.09493653704895569,0.7505311290942366
A75,8e-12,1778279.41003895,-0.08968054077649394,0.7298861004293582
A75,8e-12,1830206.106311084,-0.08470996702537106,0.7097741498762945
A75,8e-12,1883649.0894898295,-0.08000976466387123,0.6901843735057795
A75,8e-12,1938652.6359522373,-0.07556562800238278,0.6711058454267961
A75,8e-12,1995262.3149689105,-0.07136396512108377,0.6525276435026933
A75,8e-12,2053525.026457178,-0.06739186695107291,0.6344388725607103
A75,8e-12,2113489.0398366796,-0.06363707716622857,0.6168286852725131
A75,8e-12,2175204.0340195564,-0.0600879629312589,0.5996863008790192
A75,8e-12,2238721.1385683743,-0.05673348654023566,0.5830010219218072
A75,8e-12,2304092.9760558815,-0.05356317796982944,0.566762249129684
A75,8e-12,2371373.705661692,-0.05056710836400502,0.5509594946097841
A75,8e-12,2440619.0680420185,-0.0477358644583331,0.5355823934712585
A75,8e-12,2511886.4315096196,-0.04506052394682582,0.5206207140125096
A75,8e-12,2585234.8395622317,-0.042532631787961975,0.5060643665870871
A75,8e-12,2660725.059798852,-0.040144177442128566,0.4919034112579501
A75,8e-12,2738419.6342644054,-0.03788757302897516,0.4781280643454999
A75,8e-12,2818382.931264499,-0.03575563238926158,0.4647287039610457
A75,8e-12,2900681.1986932005,-0.033741551033428685,0.45169587461547456
A75,8e-12,2985382.618918008,-0.03183888695693188,0.43902029098815853
A75,8e-12,3072557.365267497,-0.03004154230000016,0.4266928409281584
A75,8e-12,3162277.6601684312,-0.028343745828521436,0.4147045877602181
A75,8e-12,3254617.8349805125,-0.026740036211554463,0.40304677196185845
A75,8e-12,3349654.391578332,-0.02522524606996939,0.391710812270174
A75,8e-12,3447466.065731551,-0.023794486770302437,0.38068830627393585
A75,8e-12,3548133.8923358135,-0.02244313393773843,0.36997103054476144
A75,8e-12,3651741.272548438,-0.021166813661562003,0.3595509403500157
A75,8e-12,3758374.042884505,-0.019961389367107778,0.3494201689965899
A75,8e-12,3868120.546330587,-0.018822949327696004,0.33957102683946
A75,8e-12,3981071.70553504,-0.01774779479104542,0.3299959999972125
A75,8e-12,4097321.0981354844,-0.016732428694428914,0.3206877488029675
A75,8e-12,4216965.034285894,-0.015773544943898904,0.3116391060263405
A75,8e-12,4340102.636447512,-0.014868018232933114,0.30284307488983364
A75,8e-12,4466835.921509706,-0.014012894376954087,0.2942928269097252
A75,8e-12,4597269.885308799,-0.01320538114041244,0.2859816995813179
A75,8e-12,4731512.589614885,-0.012442839534131084,0.27790319393251967
A75,8e-12,4869675.251658713,-0.011722775561106107,0.2700509719635407
A75,8e-12,5011872.336272808,-0.01104283238982273,0.2624188539914382
A75,8e-12,5158221.650723144,-0.010400782934823454,0.2550008159153932
A75,8e-12,5308844.442309974,-0.009794522824991388,0.24779098641657826
A75,8e-12,5463865.498818635,-0.00922206374084185,0.2407836441072021
A75,8e-12,5623413.251903587,-0.008681527102751692,0.23397321463965443
A75,8e-12,5787619.883491306,-0.008171138092827187,0.2273542677863789
A75,8e-12,5956621.435290207,-0.007689219993889924,0.22092151450177172
A75,8e-12,6130557.921498313,-0.00723418882961346,0.2146698039722994
A75,8e-12,6309573.444802041,-0.006804548290728584,0.20859412066552258
A75,8e-12,6493816.315762226,-0.0063988849327039354,0.20268958138283
A75,8e-12,6683439.175686263,-0.006015863631073062,0.1969514323230172
A75,8e-12,6878599.123088196,-0.005654223281203298,0.1913750461630915
A75,8e-12,7079457.843841503,-0.005312772729828169,0.18595591915921778
A75,8e-12,7286181.745132405,-0.0049903869263925775,0.18068966827451907
A75,8e-12,7498942.093324691,-0.004686003282703877,0.17557202833578064
A75,8e-12,7717915.155850261,-0.004398618230024227,0.1705988492237132
A75,8e-12,7943282.347242957,-0.004127283963198676,0.16576609309852697
A75,8e-12,8175230.379436647,-0.003871105361989989,0.16106983166472
A75,8e-12,8413951.416452102,-0.0036292370802080186,0.1565062434759344
A75,8e-12,8659643.23360081,-0.003400880793747796,0.15207161128270053
A75,8e-12,8912509.381337617,-0.0031852825990601585,0.14776231942412693
A75,8e-12,9172759.353897963,-0.002981730554026239,0.1435748512651471
A75,8e-12,9440608.762859406,-0.002789552353602463,0.13950578668009964
A75,8e-12,9716279.51577124,-0.0026081131330026805,0.1355517995836589
A75,8e-12,10000000.000000184,-0.0024368133915495583,0.1317096555095934
A75,8e-12,10292005.271944473,-0.00227508703068867,0.1279762092379927
A75,8e-12,10592537.251773085,-0.0021223994999902216,0.12434840247108928
A75,8e-12,10901844.923851479,-0.0019782460452925734,0.12082326155805043
A75,8e-12,11220184.543019842,-0.0018421500534384207,0.11739789526842126
A75,8e-12,11547819.846894797,-0.0017136614883555704,0.11406949261429594
A75,8e-12,11885022.274370406,-0.0015923554135120538,0.11083532072132077
A75,8e-12,12232071.190499544,-0.0014778305960252464,0.1076927227475841
A75,8e-12,12589254.117941909,-0.0013697081879741387,0.10463911585065455
A75,8e-12,12956866.97517044,-0.0012676304806867578,0.10167198920194584
A75,8e-12,13335214.321633492,-0.0011712597280076442,0.09878890204799429
A75,8e-12,13724609.61007588,-0.0010802770347657972,0.095987481818341
A75,8e-12,14125375.446227811,-0.0009943813068572008,0.09326542227880891
A75,8e-12,14537843.856076894,-0.0009132882595640386,0.09062048173025639
A75,8e-12,14962356.560944619,-0.000836729480901664,0.0880504812516464
A75,8e-12,15399265.260595214,-0.0007644515469634053,0.08555330298665861
A75,8e-12,15848931.924611438,-0.0006962151864036161,0.08312688847385637
A75,8e-12,16311729.092278697,-0.0006317944913376242,0.08076923701830342
A75,8e-12,16788040.181225926,-0.0005709761721079262,0.07847840410531652
A75,8e-12,17278259.80507897,-0.0005135588534858394,0.07625249985464326
A75,8e-12,17782794.100389574,-0.00045935241001934736,0.07408968751438029
A75,8e-12,18302061.063110918,-0.0004081773383637061,0.07198818199420043
A75,8e-12,18836490.894898374,-0.0003598641645456398,0.06994624843677301
A75,8e-12,19386526.359522454,-0.00031425288422656447,0.06796220082658945
A75,8e-12,19952623.14968919,-0.0002711924341365702,0.06603440063549701
A75,8e-12,20535250.264571868,-0.0002305401929504616,0.06416125550406683
A75,8e-12,21134890.398366887,-0.00019216150997250622,0.06234121795795891
A75,8e-12,21752040.34019566,-0.00015592926008678974,0.060572784158642784
A75,8e-12,22387211.385683842,-0.00012172342351416787,0.0588544926873642
A75,8e-12,23040929.760558918,-8.943068899854348e-05,0.05718492336203386
A75,8e-12,23713737.05661703,-5.8944079119808046e-05,0.05556269608579929
A75,8e-12,24406190.680420294,-3.0162596503774137e-05,0.05398646972685994
A75,8e-12,25118864.315096308,-2.9908897669677563e-06,0.05245494102852155
A75,8e-12,25852348.39562243,2.26610619018492e-05,0.05096684354908523
A75,8e-12,26607250.597988635,4.687824655999262e-05,0.04952094663037501
A75,8e-12,27384196.34264417,6.974090070928325e-05,0.048116054394640874
A75,8e-12,28183829.31264511,9.132477479945406e-05,0.04675100476879955
A75,8e-12,29006811.98693213,0.00011170138391120683,0.045424668535544714
A75,8e-12,29853826.189180207,0.00013093824444325019,0.04413594841031576
A75,8e-12,30725573.652675096,0.00014909909758557791,0.04288377814403434
A75,8e-12,31622776.601684444,0.00016624412031222203,0.041667121650208146
A75,8e-12,32546178.34980526,0.00018243012459220962,0.040484972156433464
A75,8e-12,33496543.915783457,0.00019771074547369328,0.039336351379245224
A75,8e-12,34474660.65731565,0.00021213661866214457,0.03822030872181821
A75,8e-12,35481338.92335828,0.00022575554817904646,0.03713592049397799
A75,8e-12,36517412.72548453,0.00023861266465417482,0.0360822891538802
A75,8e-12,37583740.4288452,0.0002507505747732278,0.0350585425707001
A75,8e-12,38681205.463306025,0.0002622095023765371,0.03406383330801514
A75,8e-12,39810717.05535056,0.00027302742167118984,0.033097337926938225
A75,8e-12,40973210.98135501,0.0002832401830008774,0.03215825630890785
A75,8e-12,42169650.34285911,0.0002928816315855057,0.031245810997252765
A75,8e-12,43401026.3644753,0.0003019837196248561,0.030359246557211735
A75,8e-12,44668359.21509726,0.000310576612136594,0.029497828953876294
A75,8e-12,45972698.8530882,0.00031868878687751326,0.028660844947494796
A75,8e-12,47315125.89614906,0.0003263471286795958,0.02784760150576062
A75,8e-12,48696752.516587354,0.0003335770185124621,0.027057425232586044
A75,8e-12,50118723.362728305,0.00034040241756569476,0.02628966181284407
A75,8e-12,51582216.507231675,0.000346845946631317,0.02554367547278088
A75,8e-12,53088444.42309998,0.00035292896104679354,0.024818848455523644
A75,8e-12,54638654.988186605,0.0003586716214471026,0.02411458051131622
A75,8e-12,56234132.51903613,0.0003640929605622082,0.023430288402192145
A75,8e-12,57876198.83491332,0.000369210946276455,0.022765405420441934
A75,8e-12,59566214.352902345,0.00037404254116364525,0.022119380920763196
A75,8e-12,61305579.21498341,0.0003786037586897379,0.02149167986545489
A75,8e-12,63095734.44802071,0.0003829097162749376,0.020881782382572035
A75,8e-12,64938163.15762256,0.00038697468538438726,0.020289183336378688
A75,8e-12,66834391.75686294,0.00039081213881971905,0.01971339191004972
A75,8e-12,68785991.23088229,0.0003944347953621196,0.01915393120002032
A75,8e-12,70794578.43841536,0.00039785466191953796,0.018610337821864574
A75,8e-12,72861817.45132439,0.0004010830733146937,0.018082161527258632
A75,8e-12,74989420.93324725,0.0004041307298463107,0.01756896483174927
A75,8e-12,77179151.55850297,0.0004070077327484656,0.017070322653044624
A75,8e-12,79432823.47242993,0.0004097236176658303,0.01658582195954074
A75,8e-12,81752303.79436684,0.0004122873862525705,0.016115061428695093
A75,8e-12,84139514.1645214,0.000414707536005464,0.01565765111516751
A75,8e-12,86596432.33600849,0.0004169920884235718,0.015213212128240176
A75,8e-12,89125093.81337658,0.00041914861559236413,0.014781376318407757
A75,8e-12,91727593.53898005,0.0004211842652786693,0.014361785972822859
A75,8e-12,94406087.6285945,0.00042310578461765677,0.013954093519297463
A75,8e-12,97162795.15771285,0.00042491954247592275,0.013557961238775045
A75,8e-12,100000000.0000023,0.0004266315505572531,0.013173060985827652
A75,8e-12,102920052.71944518,0.0004282474833277539,0.012799073917136236
A75,8e-12,105925372.51773132,0.0004297726968216614,0.012435690227604344
A75,8e-12,109018449.23851527,0.0004312122463929327,0.01208260889396227
A75,8e-12,112201845.43019894,0.0004325709034705042,0.011739537425625722
A75,8e-12,115478198.4689485,0.00043385317137149197,0.01140619162257729
A75,8e-12,118850222.7437046,0.00043506330022689995,0.011082295340122653
A75,8e-12,122320711.90499601,0.0004362053010687298,0.010767580260311969
A75,8e-12,125892541.17941967,0.00043728295912367034,0.010461785669807464
A75,8e-12,129568669.75170499,0.00043829984635854977,0.01016465824404042
A75,8e-12,133352143.21633555,0.00043925933332002013,0.009875951837496259
A75,8e-12,137246096.10075945,0.00044016460030628444,0.009595427279925475
A75,8e-12,141253754.46227878,0.00044101864790758517,0.009322852178309571
A75,8e-12,145378438.56076965,0.0004418243069529039,0.009058000724463769
A75,8e-12,149623565.6094469,0.00044258424789116505,0.008800653508035546
A75,8e-12,153992652.6059529,0.000443300989645664,0.008550597334875681
A75,8e-12,158489319.24611515,0.00044397690796067193,0.008307625050456732
A75,8e-12,163117290.92278776,0.0004446142432786552,0.00807153536837239
A75,8e-12,167880401.8122601,0.0004452151081657331,0.007842132703637478
A75,8e-12,172782598.05079052,0.0004457814943153606,0.007619227010736982
A75,8e-12,177827941.0038966,0.0004463152791506865,0.007402633626246871
A75,8e-12,183020610.63111004,0.0004468182320478369,0.007192173115904204
A75,8e-12,188364908.94898462,0.0004472920202038581,0.006987671126040984
A75,8e-12,193865263.59522545,0.00044773821416139764,0.006788958239160552
A75,8e-12,199526231.49689284,0.0004481582930187509,0.006595869833674049
A75,8e-12,205352502.64571965,0.0004485536493324439,0.006408245947548397
A75,8e-12,211348903.98366988,0.0004489255937363886,0.006225931145853233
A75,8e-12,217520403.40195763,0.00044927535928815723,0.006048774392036672
A75,8e-12,223872113.8568395,0.0004496041055580246,0.00587662892284075
A75,8e-12,230409297.60559028,0.00044991292247717235,0.005709352126783173
A75,8e-12,237137370.56617144,0.00045020283395255135,0.0055468054260465
A75,8e-12,244061906.80420414,0.00045047480126554856,0.005388854161733708
A75,8e-12,251188643.15096432,0.0004507297262622403,0.005235367482357206
A75,8e-12,258523483.95622557,0.00045096845434794007,0.005086218235491278
A75,8e-12,266072505.97988766,0.00045119177729487146,0.004941282862486654
A75,8e-12,273841963.42644304,0.00045140043587314034,0.0048004412961682175
A75,8e-12,281838293.1264525,0.0004515951223130184,0.004663576861424052
A75,8e-12,290068119.8693227,0.0004517764826080108,0.004530576178614856
A75,8e-12,298538261.89180356,0.0004519451186636405,0.0044013290697002055
A75,8e-12,307255736.52675253,0.0004521015903043123,0.0042757284670476795
A75,8e-12,316227766.01684606,0.0004522464171391264,0.00415367032480006
A75,8e-12,325461783.49805427,0.00045238008029729513,0.004035053532763875
A75,8e-12,334965439.1578363,0.0004525030240370109,0.003919779832731552
A75,8e-12,344746606.5731583,0.0004526156572337097,0.0038077537371721017
A75,8e-12,354813389.2335847,0.00045271835475353396,0.003698882450228434
A75,8e-12,365174127.2548472,0.00045281145871555904,0.0035930757909477277
A75,8e-12,375837404.288454,0.00045289527964832406,0.003490246118690009
A75,8e-12,386812054.6330623,0.00045297009754398897,0.00339030826064843
A75,8e-12,398107170.5535077,0.0004530361628148501,0.0032931794414280003
A75,8e-12,409732109.81355226,0.0004530936971548882,0.003198779214619825
A75,8e-12,421696503.42859334,0.0004531428943087414,0.0031070293963106413
A75,8e-12,434010263.64475524,0.00045318392075471587,0.0030178540004947877
A75,8e-12,446683592.15097487,0.00045321691629999627,0.0029311791763090753
A75,8e-12,459726988.5308843,0.00045324199459346494,0.002846933147057063
A75,8e-12,473151258.961493,0.00045325924355789566,0.0027650461509700413
A75,8e-12,486967525.16587603,0.00045326872574284836,0.0026854503836529855
A75,8e-12,501187233.6272856,0.000453270478601179,0.0026080799421746748
A75,8e-12,515822165.0723194,0.0004532645146913678,0.002532870770758833
A75,8e-12,530884444.2310025,0.0004532508218036752,0.0024597606080164402
A75,8e-12,546386549.8818688,0.000453229363018277,0.0023886889357087092
A75,8e-12,562341325.1903641,0.00045320007669007276,0.0023195969289689553
A75,8e-12,578761988.3491361,0.0004531628763645558,0.0022524274079595767
A75,8e-12,595662143.5290264,0.0004531176506268329,0.0021871247909297465
A75,8e-12,613055792.1498371,0.0004530642628822204,0.0021236350486262003
A75,8e-12,630957344.4802102,0.0004530025510722929,0.0020619056600336377
A75,8e-12,649381631.5762287,0.00045293232732444226,0.002001885569399206
A75,8e-12,668343917.5686326,0.00045285337753885047,0.001943525144519751
A75,8e-12,687859912.3088262,0.0004527654609122514,0.001886776136253896
A75,8e-12,707945784.3841571,0.0004526683094001994,0.0018315916392311975
A75,8e-12,728618174.5132475,0.00045256162711801277,0.0017779260537261264
A75,8e-12,749894209.3324763,0.0004524450896846357,0.0017257350486788517
A75,8e-12,771791515.5850335,0.0004523183435053879,0.001674975525818463
A75,8e-12,794328234.7243032,0.00045218100500278574,0.0016256055848874714
A75,8e-12,817523037.9436724,0.0004520326597899343,0.0015775844899198511
A75,8e-12,841395141.6452183,0.00045187286179285504,0.0015308726365631615
A75,8e-12,865964323.3600892,0.0004517011323232656,0.001485431520419508
A75,8e-12,891250938.1337701,0.0004515169591052402,0.0014412237063859122
A75,8e-12,917275935.389805,0.0004513197952554614,0.0013982127989648648
A75,8e-12,944060876.2859496,0.00045110905822663976,0.0013563634135418327
A75,8e-12,971627951.5771332,0.00045088412871299694,0.0013156411485973718
A75,8e-12,1000000000.0000279,0.00045064434952373964,0.0012760125588403655
A75,1.6e-11,1000.0,-5.999506516688098,0.054620225348299745
A75,1.6e-11,1029.2005271944283,-5.999477055348959,0.05621488868272426
A75,1.6e-11,1059.2537251772892,-5.999445848631295,0.057856092135616946
A75,1.6e-11,1090.1844923851281,-5.999412793153411,0.05954519245860779
A75,1.6e-11,1122.018454301964,-5.999377779412576,0.06128358581885576
A75,1.6e-11,1154.781984689459,-5.999340691422888,0.06307270893176675
A75,1.6e-11,1188.5022274370194,-5.999301406331738,0.06491404022514471
A75,1.6e-11,1223.2071190499325,-5.999259794013698,0.06680910103554617
A75,1.6e-11,1258.9254117941682,-5.999215716640357,0.06875945683761661
A75,1.6e-11,1295.6866975170205,-5.999169028224807,0.07076671850719629
A75,1.6e-11,1333.5214321633252,-5.999119574139235,0.07283254361899126
A75,1.6e-11,1372.4609610075634,-5.999067190604078,0.07495863777960848
A75,1.6e-11,1412.5375446227558,-5.999011704147001,0.07714675599676099
A75,1.6e-11,1453.7843856076636,-5.998952931030035,0.07939870408545244
A75,1.6e-11,1496.2356560944354,-5.99889067664288,0.08171634011194905
A75,1.6e-11,1539.926526059494,-5.9988247348605075,0.08410157587634928
A75,1.6e-11,1584.8931924611159,-5.99875488736292,0.08655637843455725
A75,1.6e-11,1631.1729092278408,-5.99868090291478,0.08908277166046066
A75,1.6e-11,1678.804018122563,-5.998602536602727,0.09168283784910661
A75,1.6e-11,1727.8259805078665,-5.998519529027768,0.09435871936165789
A75,1.6e-11,1778.279410038926,-5.9984316054501505,0.09711262031289664
A75,1.6e-11,1830.2061063110596,-5.998338474883977,0.0999468083020256
A75,1.6e-11,1883.6490894898043,-5.998239829138618,0.1028636161874952
A75,1.6e-11,1938.6526359522113,-5.998135341803816,0.10586544390655508
A75,1.6e-11,1995.2623149688839,-5.9980246671751765,0.10895476034020132
A75,1.6e-11,2053.5250264571505,-5.997907439116659,0.11213410522414877
A75,1.6e-11,2113.4890398366515,-5.997783269856317,0.11540609110641739
A75,1.6e-11,2175.2040340195276,-5.9976517487115055,0.11877340535206957
A75,1.6e-11,2238.721138568345,-5.9975124407394205,0.12223881219557772
A75,1.6e-11,2304.092976055851,-5.997364885308574,0.125805154841235
A75,1.6e-11,2371.373705661661,-5.997208594586882,0.12947535761194917
A75,1.6e-11,2440.6190680419863,-5.997043051941285,0.13325242814667201
A75,1.6e-11,2511.8864315095866,-5.996867710243963,0.1371394596466195
A75,1.6e-11,2585.2348395621975,-5.9966819900797335,0.14113963317033695
A75,1.6e-11,2660.725059798817,-5.9964852778489846,0.14525621997753396
A75,1.6e-11,2738.4196342643686,-5.996276923760189,0.14949258392148454
A75,1.6e-11,2818.3829312644616,-5.996056239705562,0.15385218388963617
A75,1.6e-11,2900.681198693162,-5.995822497013429,0.15833857629190135
A75,1.6e-11,2985.3826189179686,-5.995574924070079,0.16295541759592022
A75,1.6e-11,3072.557365267456,-5.995312703803833,0.16770646690837926
A75,1.6e-11,3162.277660168389,-5.995034971023527,0.17259558860123417
A75,1.6e-11,3254.617834980469,-5.994740809603119,0.17762675498143823
A75,1.6e-11,3349.6543915782872,-5.994429249503885,0.18280404900249547
A75,1.6e-11,3447.466065731505,-5.994099263625064,0.18813166701584874
A75,1.6e-11,3548.133892335766,-5.9937497644733515,0.1936139215597702
A75,1.6e-11,3651.741272548389,-5.993379600641168,0.19925524418305168
A75,1.6e-11,3758.3740428844544,-5.992987553083233,0.2050601883003782
A75,1.6e-11,3868.120546330535,-5.992572331180154,0.21103343207581282
A75,1.6e-11,3981.0717055349864,-5.99213256857747,0.2171797813303279
A75,1.6e-11,4097.32109813543,-5.991666818787836,0.2235041724687727
A75,1.6e-11,4216.965034285838,-5.991173550543505,0.23001167542106793
A75,1.6e-11,4340.102636447455,-5.990651142885632,0.23670749659177087
A75,1.6e-11,4466.835921509648,-5.990097879976258,0.2435969818114308
A75,1.6e-11,4597.2698853087395,-5.989511945618206,0.25068561928238475
A75,1.6e-11,4731.512589614823,-5.988891417467405,0.2579790425107822
A75,1.6e-11,4869.67525165865,-5.9882342609215184,0.2654830332157001
A75,1.6e-11,5011.872336272742,-5.987538322667997,0.2732035242052047
A75,1.6e-11,5158.221650723077,-5.98680132387393,0.2811466022080857
A75,1.6e-11,5308.8444423099045,-5.986020852999448,0.28931851064881925
A75,1.6e-11,5463.865498818564,-5.985194358215503,0.29772565235197807
A75,1.6e-11,5623.413251903514,-5.9843191394063595,0.3063745921608988
A75,1.6e-11,5787.61988349123,-5.983392339736086,0.3152720594538652
A75,1.6e-11,5956.62143529013,-5.982410936757898,0.32442495053938986
A75,1.6e-11,6130.557921498234,-5.981371733044242,0.33384033091035187
A75,1.6e-11,6309.57344480196,-5.980271346314988,0.34352543733477914
A75,1.6e-11,6493.816315762142,-5.9791061990402445,0.35348767975892875
A75,1.6e-11,6683.439175686176,-5.977872507493826,0.3637346429959924
A75,1.6e-11,6878.599123088107,-5.9765662702327935,0.3742740881712855
A75,1.6e-11,7079.457843841412,-5.975183255977737,0.385113953892037
A75,1.6e-11,7286.181745132311,-5.973718990868453,0.39626235710703417
A75,1.6e-11,7498.942093324594,-5.972168745068748,0.4077275936181937
A75,1.6e-11,7717.915155850161,-5.9705275186943885,0.41951813820278644
A75,1.6e-11,7943.282347242854,-5.968790027037668,0.43164264430139343
A75,1.6e-11,8175.23037943654,-5.966950685062322,0.4441099432227764
A75,1.6e-11,8413.951416451991,-5.965003591142626,0.45692904281266367
A75,1.6e-11,8659.643233600696,-5.962942510020983,0.470109125528967
A75,1.6e-11,8912.5093813375,-5.960760854958878,0.4836595458611648
A75,1.6e-11,9172.759353897844,-5.95845166905706,0.49758982702645704
A75,1.6e-11,9440.608762859283,-5.956007605722092,0.5119096568698694
A75,1.6e-11,9716.279515771113,-5.953420908257837,0.5266288828896531
A75,1.6e-11,10000.000000000055,-5.950683388562733,0.5417575063032108
A75,1.6e-11,10292.00527194434,-5.947786404915908,0.5573056750622318
A75,1.6e-11,10592.537251772948,-5.944720838838414,0.573283675718842
A75,1.6e-11,10901.844923851339,-5.941477071019325,0.5897019240373298
A75,1.6e-11,11220.184543019699,-5.938044956300751,0.6065709542383683
A75,1.6e-11,11547.819846894648,-5.93441379772084,0.6239014067546986
A75,1.6e-11,11885.022274370254,-5.930572319619613,0.6417040143688908
A75,1.6e-11,12232.071190499388,-5.9265086398194216,0.6599895865951934
A75,1.6e-11,12589.254117941748,-5.922210240899247,0.6787689921585007
A75,1.6e-11,12956.866975170273,-5.917663940591449,0.6980531394143302
A75,1.6e-11,13335.21432163332,-5.9128558613392945,0.7178529545442854
A75,1.6e-11,13724.609610075704,-5.907771399065504,0.7381793573519804
A75,1.6e-11,14125.37544622763,-5.9023951912148,0.7590432344748196
A75,1.6e-11,14537.843856076708,-5.896711084148407,0.7804554098175185
A75,1.6e-11,14962.356560944427,-5.890702099984675,0.802426612003883
A75,1.6e-11,15399.265260595015,-5.884350402998539,0.824967438634302
A75,1.6e-11,15848.931924611234,-5.877637265713076,0.8480883171278717
A75,1.6e-11,16311.729092278485,-5.870543034839002,0.8717994619201292
A75,1.6e-11,16788.040181225708,-5.863047097243068,0.8961108277803789
A75,1.6e-11,17278.259805078742,-5.855127846154082,0.9210320590067658
A75,1.6e-11,17782.79410038934,-5.846762647845599,0.9465724342529014
A75,1.6e-11,18302.061063110676,-5.8379278090671365,0.9727408067372216
A75,1.6e-11,18836.490894898125,-5.828598545532271,0.9995455395860129
A75,1.6e-11,19386.5263595222,-5.81874895181056,1.0269944360632324
A75,1.6e-11,19952.623149688927,-5.808351973012524,1.0550946644457826
A75,1.6e-11,20535.250264571598,-5.797379378701865,1.0838526773119341
A75,1.6e-11,21134.89039836661,-5.78580173951735,1.1132741250240774
A75,1.6e-11,21752.040340195374,-5.7735884070376144,1.1433637632052769
A75,1.6e-11,22387.21138568355,-5.760707497475999,1.1741253540331822
A75,1.6e-11,23040.929760558614,-5.747125879848605,1.2055615612052435
A75,1.6e-11,23713.737056616716,-5.732809169316993,1.2376738384669166
A75,1.6e-11,24406.19068041997,-5.717721726466766,1.2704623116403524
A75,1.6e-11,25118.864315095976,-5.701826663343927,1.3039256541458457
A75,1.6e-11,25852.348395622088,-5.685085857131762,1.3380609560730803
A75,1.6e-11,26607.250597988284,-5.667459972410802,1.3728635869347345
A75,1.6e-11,27384.19634264381,-5.648908493002463,1.408327052322317
A75,1.6e-11,28183.829312644742,-5.629389764450957,1.4444428447838742
A75,1.6e-11,29006.81198693175,-5.608861048247742,1.4812002893565008
A75,1.6e-11,29853.826189179817,-5.587278588944272,1.5185863843135676
A75,1.6e-11,30725.573652674695,-5.564597695332303,1.5565856378282623
A75,1.6e-11,31622.77660168403,-5.5407728368917795,1.5951799014112709
A75,1.6e-11,32546.17834980483,-5.515757756713198,1.6343482011513
A75,1.6e-11,33496.54391578302,-5.4895056020908735,1.6740665679723303
A75,1.6e-11,34474.6606573152,-5.461969073952079,1.7143078683201
A75,1.6e-11,35481.33892335782,-5.433100596231963,1.7550416369010269
A75,1.6e-11,36517.41272548406,-5.402852506221278,1.7962339133177498
A75,1.6e-11,37583.740428844714,-5.371177266799873,1.8378470846739972
A75,1.6e-11,38681.20546330552,-5.338027701320186,1.8798397364544752
A75,1.6e-11,39810.71705535004,-5.303357251717673,1.9221665142184499
A75,1.6e-11,40973.210981354474,-5.267120260196814,1.9647779988740384
A75,1.6e-11,42169.650342858564,-5.229272274568151,2.0076205985175757
A75,1.6e-11,43401.02636447473,-5.189770376993184,2.0506364600223717
A75,1.6e-11,44668.35921509667,-5.148573535527122,2.093763403735523
A75,1.6e-11,45972.69885308759,-5.1056429774352505,2.136934884781706
A75,1.6e-11,47315.125896148435,-5.060942582798362,2.1800799845700296
A75,1.6e-11,48696.75251658671,-5.014439296418114,2.223123436143361
A75,1.6e-11,50118.723362727644,-4.966103555490093,2.2659856869894797
A75,1.6e-11,51582.216507230994,-4.915909729936854,2.308583002839163
A75,1.6e-11,53088.44442309928,-4.8638365716941685,2.35082761579806
A75,1.6e-11,54638.65498818588,-4.809867668632746,2.39262791988742
A75,1.6e-11,56234.13251903538,-4.753991898188176,2.4338887166955887
A75,1.6e-11,57876.19883491255,-4.696203875179925,2.474511513361343
A75,1.6e-11,59566.21435290155,-4.63650438774423,2.5143948745175795
A75,1.6e-11,61305.579214982594,-4.574900814805585,2.5534348291190474
A75,1.6e-11,63095.734448019866,-4.5114075180889195,2.591525332262852
A75,1.6e-11,64938.16315762169,-4.44604620135168,2.628558781192692
A75,1.6e-11,66834.39175686204,-4.3788462293147985,2.664426583667799
A75,1.6e-11,68785.99123088135,-4.309844898714573,2.6990197757918386
A75,1.6e-11,70794.5784384144,-4.239087654004953,2.7322296852560295
A75,1.6e-11,72861.81745132341,-4.166628240526874,2.7639486347803097
A75,1.6e-11,74989.42093324625,-4.0925287884421255,2.794070679366459
A75,1.6e-11,77179.15155850194,-4.016859821410254,2.8224923698411013
A75,1.6e-11,79432.82347242888,-3.939700184870345,2.849113534101604
A75,1.6e-11,81752.30379436575,-3.8611368898684164,2.8738380665211665
A75,1.6e-11,84139.5141645203,-3.781264869633304,2.896574715160287
A75,1.6e-11,86596.43233600735,-3.7001866475267615,2.9172378558056384
A75,1.6e-11,89125.0938133754,-3.618011916548846,2.9357482414489424
A75,1.6e-11,91727.59353897884,-3.5348570322304376,2.952033715655126
A75,1.6e-11,94406.08762859325,-3.45084442244786,2.966029878372887
A75,1.6e-11,97162.79515771156,-3.366101919403178,2.9776806931254525
A75,1.6e-11,100000.00000000097,-3.2807620206749872,2.9869390251879158
A75,1.6e-11,102920.05271944383,-3.1949610878078625,2.9937671013049076
A75,1.6e-11,105925.37251772993,-3.108838492321068,2.9981368827102632
A75,1.6e-11,109018.44923851384,-3.0225357202321,3.0000303446528096
A75,1.6e-11,112201.84543019746,-2.9361954471644145,2.999439657271351
A75,1.6e-11,115478.19846894697,-2.8499605968079393,2.9963672644532586
A75,1.6e-11,118850.22274370304,-2.7639733958992414,2.990825859202129
A75,1.6e-11,122320.71190499439,-2.6783744389719977,2.982838255975629
A75,1.6e-11,125892.541179418,-2.5933017758938677,2.9724371623760564
A75,1.6e-11,129568.66975170327,-2.5088900346621075,2.9596648544267117
A75,1.6e-11,133352.1432163338,-2.4252695910967086,2.9445727613921155
A75,1.6e-11,137246.09610075763,-2.3425657959764927,2.9272209676507077
A75,1.6e-11,141253.7544622769,-2.2608982688491817,2.9076776404638185
A75,1.6e-11,145378.4385607677,-2.1803802662559306,2.8860183935713986
A75,1.6e-11,149623.56560944492,-2.101118130494441,2.8623255973612403
A75,1.6e-11,153992.65260595083,-2.0232108233535726,2.8366876468911206
A75,1.6e-11,158489.31924611304,-1.94674954754657,2.809198199301939
A75,1.6e-11,163117.29092278559,-1.8718174568668426,2.779955392108164
A75,1.6e-11,167880.40181225786,-1.7984894545119583,2.7490610536131674
A75,1.6e-11,172782.59805078822,-1.7268320774928547,2.7166199161367777
A75,1.6e-11,177827.94100389423,-1.6569034637149738,2.6827388420515215
A75,1.6e-11,183020.61063110761,-1.5887533971344712,2.6475260717311646
A75,1.6e-11,188364.90894898213,-1.5224234254061688,2.6110905015031007
A75,1.6e-11,193865.26359522287,-1.457947043653753,2.5735409985948867
A75,1.6e-11,199526.23149689016,-1.3953499374038576,2.5349857589025118
A75,1.6e-11,205352.5026457169,-1.33465027734418,2.495531712244101
A75,1.6e-11,211348.90398366703,-1.2758590583598446,2.4552839785925458
A75,1.6e-11,217520.4034019547,-1.2189804752789661,2.4143453776691555
A75,1.6e-11,223872.11385683648,-1.164012327884723,2.372815993226267
A75,1.6e-11,230409.29760558717,-1.1109464480128008,2.330792792379308
A75,1.6e-11,237137.37056616822,-1.0597691419261686,2.2883692994786933
A75,1.6e-11,244061.90680420081,-1.0104616416213155,2.245635323248874
A75,1.6e-11,251188.64315096088,-0.9630005592494619,2.202676735270229
A75,1.6e-11,258523.48395622204,-0.91735833941167,2.1595752973403677
A75,1.6e-11,266072.505979884,-0.8735037046892498,2.1164085348224617
A75,1.6e-11,273841.96342643927,-0.8314020903828814,2.0732496527640745
A75,1.6e-11,281838.29312644864,-0.7910160650407625,2.030167491343848
A75,1.6e-11,290068.11986931873,-0.7523057339451455,1.9872265170662002
A75,1.6e-11,298538.26189179946,-0.7152291232877996,1.9444868460665834
A75,1.6e-11,307255.7365267483,-0.6797425432903139,1.9020042959011079
A75,1.6e-11,316227.7660168417,-0.6458009290091509,1.8598304622647306
A75,1.6e-11,325461.7834980498,-0.6133581580041303,1.8180128172008363
A75,1.6e-11,334965.4391578317,-0.5823673444406406,1.7765948255227801
A75,1.6e-11,344746.6065731536,-0.5527811095395999,1.735616076354885
A75,1.6e-11,354813.3892335798,-0.5245518285872957,1.6951124269136169
A75,1.6e-11,365174.1272548422,-0.4976318549647909,1.6551161558607177
A75,1.6e-11,375837.4042884488,-0.4719737218716862,1.6156561238118998
A75,1.6e-11,386812.054633057,-0.4475303225808388,1.576757938797594
A75,1.6e-11,398107.1705535022,-0.42425507019656394,1.5384441247160396
A75,1.6e-11,409732.10981354665,-0.402102037986073,1.5007342910397417
A75,1.6e-11,421696.5034285876,-0.3810260814239578,1.4636453022554279
A75,1.6e-11,434010.26364474936,-0.3609829431315602,1.4271914457178918
A75,1.6e-11,446683.59215096885,-0.341929341915503,1.391384596795454
A75,1.6e-11,459726.9885308781,-0.32382304711138726,1.3562343803627908
A75,1.6e-11,473151.2589614866,-0.3066229394238167,1.3217483278573428
A75,1.6e-11,486967.5251658694,-0.29028905942728955,1.2879320292663075
A75,1.6e-11,501187.23362727877,-0.2747826448556275,1.254789279548859
A75,1.6e-11,515822.16507231235,-0.26006615776102565,1.2223222191152303
A75,1.6e-11,530884.4442309953,-0.24610330257203833,1.1905314680912078
A75,1.6e-11,546386.5498818613,-0.2328590360237076,1.1594162541905382
A75,1.6e-11,562341.3251903565,-0.2202995698749412,1.128974534103738
A75,1.6e-11,578761.9883491283,-0.2083923672663292,1.099203108375366
A75,1.6e-11,595662.1435290184,-0.19710613351107076,1.0700977298028735
A75,1.6e-11,613055.7921498289,-0.18641080205283317,1.0416532054484997
A75,1.6e-11,630957.3444802017,-0.17627751626263283,1.0138634923839744
A75,1.6e-11,649381.63157622,-0.16667860769212015,0.9867217873354421
A75,1.6e-11,668343.9175686237,-0.15758757134404563,0.9602206104152138
A75,1.6e-11,687859.9123088169,-0.14897903846814636,0.9343518831471762
A75,1.6e-11,707945.7843841475,-0.14082874734254153,0.9091070010173838
A75,1.6e-11,728618.1745132377,-0.13311351245234104,0.8844769007827962
A75,1.6e-11,749894.2093324661,-0.12581119243426014,0.8604521227823501
A75,1.6e-11,771791.5155850231,-0.1189006571160591,0.8370228685028052
A75,1.6e-11,794328.2347242925,-0.11236175394068887,0.8141790536439555
A75,1.6e-11,817523.0379436614,-0.1061752740313347,0.7919103569321253
A75,1.6e-11,841395.141645207,-0.10032291812201277,0.7702062649295289
A75,1.6e-11,865964.3233600776,-0.09478726254827993,0.7490561130742808
A75,1.6e-11,891250.9381337581,-0.08955172546718689,0.7284491231863901
A75,1.6e-11,917275.9353897927,-0.0846005334511764,0.7083744376643039
A75,1.6e-11,944060.8762859369,-0.07991868857922031,0.6888211505901206
A75,1.6e-11,971627.9515771201,-0.0754919361286395,0.6697783359497467
A75,1.6e-11,1000000.0000000144,-0.07130673295412071,0.6512350731694472
A75,1.6e-11,1029200.527194443,-0.06735021662427874,0.6331804701561472
A75,1.6e-11,1059253.7251773044,-0.06361017537277963,0.615603684024115
A75,1.6e-11,1090184.4923851436,-0.060075018908000974,0.598493939674515
A75,1.6e-11,1122018.4543019799,-0.05673375011528389,0.5818405463936661
A75,1.6e-11,1154781.984689475,-0.05357593767547712,0.565632912619352
A75,1.6e-11,1188502.2274370359,-0.050591689615157684,0.5498605590154131
A75,1.6e-11,1223207.1190499496,-0.04777162779741133,0.5345131299942516
A75,1.6e-11,1258925.4117941859,-0.04510686335467046,0.5195804038074322
A75,1.6e-11,1295686.6975170388,-0.04258897306040513,0.5050523013237552
A75,1.6e-11,1333521.432163344,-0.04020997663155798,0.4909188936037143
A75,1.6e-11,1372460.9610075825,-0.03796231494987128,0.4771704083741528
A75,1.6e-11,1412537.5446227754,-0.03583882918647081,0.46379723549411966
A75,1.6e-11,1453784.3856076836,-0.033832740811982315,0.4507899315040207
A75,1.6e-11,1496235.6560944559,-0.031937632471646,0.43813922333718547
A75,1.6e-11,1539926.526059515,-0.030147429703452237,0.4258360112714368
A75,1.6e-11,1584893.1924611374,-0.02845638347566399,0.4138713711897595
A75,1.6e-11,1631172.909227863,-0.026859053519121767,0.40223655621527477
A75,1.6e-11,1678804.0181225857,-0.0253502924289375,0.3909229977808816
A75,1.6e-11,1727825.9805078898,-0.023925230509585102,0.3799223061882699
A75,1.6e-11,1778279.41003895,-0.022579261337150647,0.36922627070757197
A75,1.6e-11,1830206.106311084,-0.021308028012373834,0.3588268592646284
A75,1.6e-11,1883649.0894898295,-0.0201074100781813,0.3487162177593995
A75,1.6e-11,1938652.6359522373,-0.01897351107551547,0.33888666905403564
A75,1.6e-11,1995262.3149689105,-0.01790264671169217,0.3293307116677417
A75,1.6e-11,2053525.026457178,-0.016891333615919157,0.32004101821251263
A75,1.6e-11,2113489.0398366796,-0.015936278656975618,0.311010433598713
A75,1.6e-11,2175204.0340195564,-0.015034368798765449,0.30223197303952853
A75,1.6e-11,2238721.1385683743,-0.014182661470022208,0.2936988198801196
A75,1.6e-11,2304092.9760558815,-0.01337837542499572,0.28540432327289084
A75,1.6e-11,2371373.705661692,-0.012618882072888214,0.27734199572318435
A75,1.6e-11,2440619.0680420185,-0.011901697254211776,0.2695055105215267
A75,1.6e-11,2511886.4315096196,-0.011224473443250645,0.2618886990825612
A75,1.6e-11,2585234.8395622317,-0.010584992356364498,0.25448554820530594
A75,1.6e-11,2660725.059798852,-0.009981157946677121,0.2472901972691347
A75,1.6e-11,2738419.6342644054,-0.009410989766499627,0.24029693538009328
A75,1.6e-11,2818382.931264499,-0.008872616679435258,0.2335001984775687
A75,1.6e-11,2900681.1986932005,-0.008364270904948599,0.22689456641261396
A75,1.6e-11,2985382.618918008,-0.007884282378922693,0.22047476000898641
A75,1.6e-11,3072557.365267497,-0.007431073414298122,0.21423563811348406
A75,1.6e-11,3162277.6601684312,-0.0070031536466962,0.20817219464433462
A75,1.6e-11,3254617.8349805125,-0.006599115250575941,0.20227955564513078
A75,1.6e-11,3349654.391578332,-0.006217628412078419,0.1965529763496961
A75,1.6e-11,3447466.065731551,-0.0058574370453763,0.19098783826341326
A75,1.6e-11,3548133.8923358135,-0.005517354739994643,0.1855796462671757
A75,1.6e-11,3651741.272548438,-0.005196260927049763,0.18032402574603992
A75,1.6e-11,3758374.042884505,-0.004893097253081795,0.17521671974927483
A75,1.6e-11,3868120.546330587,-0.0046068641505268735,0.17025358618215725
A75,1.6e-11,3981071.70553504,-0.004336617594574021,0.16543059503522842
A75,1.6e-11,4097321.0981354844,-0.004081466036504031,0.16074382565096024
A75,1.6e-11,4216965.034285894,-0.0038405675042333144,0.15618946403245362
A75,1.6e-11,4340102.636447512,-0.003613126861121265,0.15176380019363736
A75,1.6e-11,4466835.921509706,-0.0033983932146645565,0.1474632255546974
A75,1.6e-11,4597269.885308799,-0.0031956574670262868,0.14328423038221075
A75,1.6e-11,4731512.589614885,-0.003004249999832182,0.13922340127631402
A75,1.6e-11,4869675.251658713,-0.002823538486003036,0.1352774187048708
A75,1.6e-11,5011872.336272808,-0.0026529258217954915,0.13144305458576214
A75,1.6e-11,5158221.650723144,-0.0024918481725624804,0.12771716991764068
A75,1.6e-11,5308844.442309974,-0.0023397731260772,0.12409671245905743
A75,1.6e-11,5463865.498818635,-0.002196197947606463,0.12057871445678026
A75,1.6e-11,5623413.251903587,-0.002060647931200375,0.11716029042280024
A75,1.6e-11,5787619.883491306,-0.001932674841965932,0.11383863495983762
A75,1.6e-11,5956621.435290207,-0.001811855444382656,0.1106110206359257
A75,1.6e-11,6130557.921498313,-0.0016977901119455143,0.10747479590650053
A75,1.6e-11,6309573.444802041,-0.0015901015137159496,0.10442738308503569
A75,1.6e-11,6493816.315762226,-0.00148843337355612,0.10146627636066799
A75,1.6e-11,6683439.175686263,-0.0013924492980726421,0.09858903986272963
A75,1.6e-11,6878599.123088196,-0.0013018316695072268,0.09579330577202469
A75,1.6e-11,7079457.843841503,-0.0012162805999946513,0.09307677247721761
A75,1.6e-11,7286181.745132405,-0.001135512943831295,0.0904372027768488
A75,1.6e-11,7498942.093324691,-0.0010592613645508558,0.0878724221253878
A75,1.6e-11,7717915.155850261,-0.000987273453797326,0.08538031692324781
A75,1.6e-11,7943282.347242957,-0.0009193108991333086,0.0829588328494248
A75,1.6e-11,8175230.379436647,-0.000855148698092062,0.08060597323668235
A75,1.6e-11,8413951.416452102,-0.0007945744159129466,0.07831979748783785
A75,1.6e-11,8659643.23360081,-0.0007373874845521264,0.07609841953284187
A75,1.6e-11,8912509.381337617,-0.0006833985406839332,0.07394000632560238
A75,1.6e-11,9172759.353897963,-0.0006324288005373267,0.07184277637990572
A75,1.6e-11,9440608.762859406,-0.0005843094695270874,0.06980499834348931
A75,1.6e-11,9716279.51577124,-0.0005388811847532933,0.06782498960955144
A75,1.6e-11,10000000.000000184,-0.0004959934885468596,0.06590111496480659
A75,1.6e-11,10292005.271944473,-0.00045550433134035134,0.06403178527337673
A75,1.6e-11,10592537.251773085,-0.0004172796022365431,0.06221545619562881
A75,1.6e-11,10901844.923851479,-0.0003811926857381138,0.06045062694127447
A75,1.6e-11,11220184.543019842,-0.0003471240431847304,0.058735839055770345
A75,1.6e-11,11547819.846894797,-0.000314960817525651,0.057069675239322076
A75,1.6e-11,11885022.274370406,-0.00028459646013166424,0.05545075819786696
A75,1.6e-11,12232071.190499544,-0.000255930378419499,0.05387774952494301
A75,1.6e-11,12589254.117941909,-0.00022886760313281626,0.05234934861400421
A75,1.6e-11,12956866.97517044,-0.00020331847418534477,0.05086429160024773
A75,1.6e-11,13335214.321633492,-0.00017919834403348208,0.049421350331267044
A75,1.6e-11,13724609.61007588,-0.00015642729760289366,0.04801933136593362
A75,1.6e-11,14125375.446227811,-0.00013492988784653647,0.04665707500049942
A75,1.6e-11,14537843.856076894,-0.00011463488606454749,0.04533345432158737
A75,1.6e-11,14962356.560944619,-9.547504616292117e-05,0.04404737428514982
A75,1.6e-11,15399265.260595214,-7.738688207444255e-05,0.04279777082069374
A75,1.6e-11,15848931.924611438,-6.031045760865729e-05,0.04158360996049272
A75,1.6e-11,16311729.092278697,-4.4189188037345006e-05,0.04040388699246734
A75,1.6e-11,16788040.181225926,-2.8969652761866966e-05,0.03925762563683703
A75,1.6e-11,17278259.80507897,-1.4601418443907933e-05,0.03814387724546334
A75,1.6e-11,17782794.100389574,-1.0368720162709272e-06,0.0370617200233403
A75,1.6e-11,18302061.063110918,1.1768936977548907e-05,0.0360102582718274
A75,1.6e-11,18836490.894898374,2.3858445235492952e-05,0.03498862165289596
A75,1.6e-11,19386526.359522454,3.527171623221313e-05,0.033995964473837154
A75,1.6e-11,19952623.14968919,4.604657290172904e-05,0.03303146499193872
A75,1.6e-11,20535250.264571868,5.621872290574809e-05,0.03209432473855987
A75,1.6e-11,21134890.398366887,6.582187690146533e-05,0.031183767862064574
A75,1.6e-11,21752040.34019566,7.488786019993447e-05,0.030299040489179592
A75,1.6e-11,22387211.385683842,8.344671818351364e-05,0.029439410104121787
A75,1.6e-11,23040929.760558918,9.152681583170467e-05,0.028604164945236113
A75,1.6e-11,23713737.05661703,9.915493168357418e-05,0.027792613418440186
A75,1.6e-11,24406190.680420294,0.00010635634654810091,0.02700408352717524
A75,1.6e-11,25118864.315096308,0.00011315492725523269,0.02623792231828912
A75,1.6e-11,25852348.39562243,0.00011957320572559959,0.02549349534358196
A75,1.6e-11,26607250.597988635,0.00012563245361912548,0.024770186136355475
A75,1.6e-11,27384196.34264417,0.00013135275281083477,0.02406739570277773
A75,1.6e-11,28183829.31264511,0.00013675306192604996,0.023384542027493224
A75,1.6e-11,29006811.98693213,0.00014185127915591322,0.02272105959319676
A75,1.6e-11,29853826.189180207,0.0001466643015598225,0.022076398913621877
A75,1.6e-11,30725573.652675096,0.00015120808105340455,0.021450026079859137
A75,1.6e-11,31622776.601684444,0.00015549767726426907,0.020841422319266924
A75,1.6e-11,32546178.34980526,0.00015954730743335084,0.020250083566957237
A75,1.6e-11,33496543.915783457,0.00016337039352524305,0.019675520049299768
A75,1.6e-11,34474660.65731565,0.00016697960670395047,0.019117255879168384
A75,1.6e-11,35481338.92335828,0.0001703869093216582,0.018574828662632534
A75,1.6e-11,36517412.72548453,0.00017360359455931838,0.018047789116749778
A75,1.6e-11,37583740.4288452,0.00017664032384979742,0.017535700698108385
A75,1.6e-11,38681205.463306025,0.00017950716220900561,0.017038139241941048
A75,1.6e-11,39810717.05535056,0.00018221361158958773,0.01655469261132057
A75,1.6e-11,40973210.98135501,0.0001847686423704264,0.01608496035637345
A75,1.6e-11,42169650.34285911,0.00018718072308396684,0.01562855338305479
A75,1.6e-11,43401026.3644753,0.00018945784848105934,0.015185093631310691
A75,1.6e-11,44668359.21509726,0.00019160756602610858,0.014754213762348964
A75,1.6e-11,45972698.8530882,0.00019363700090970913,0.014335556854725144
A75,1.6e-11,47315125.89614906,0.0001955528796623589,0.013928776109044694
A75,1.6e-11,48696752.516587354,0.00019736155244724432,0.013533534561021705
A75,1.6e-11,50118723.362728305,0.00019906901410534326,0.013149504802626052
A75,1.6e-11,51582216.507231675,0.00020068092402381776,0.012776368711161942
A75,1.6e-11,53088444.42309998,0.00020220262489224227,0.012413817185982529
A75,1.6e-11,54638654.988186605,0.00020363916040917063,0.012061549892649166
A75,1.6e-11,56234132.51903613,0.00020499529199894962,0.011719275014384283
A75,1.6e-11,57876198.83491332,0.00020627551459164638,0.011386709010489576
A75,1.6e-11,59566214.352902345,0.00020748407152119963,0.01106357638166873
A75,1.6e-11,61305579.21498341,0.0002086249685883431,0.010749609441929979
A75,1.6e-11,63095734.44802071,0.00020970198733804473,0.010444548097022223
A75,1.6e-11,64938163.15762256,0.00021071869759195107,0.010148139629069094
A75,1.6e-11,66834391.75686294,0.00021167846928085598,0.009860138487372508
A75,1.6e-11,68785991.23088229,0.00021258448361321104,0.009580306085081456
A75,1.6e-11,70794578.43841536,0.00021343974361928095,0.00930841060166336
A75,1.6e-11,72861817.45132439,0.00021424708410432885,0.009044226790952802
A75,1.6e-11,74989420.93324725,0.00021500918104418165,0.008787535794635247
A75,1.6e-11,77179151.55850297,0.00021572856045457846,0.008538124961021425
A75,1.6e-11,79432823.47242993,0.00021640760676387352,0.008295787668966999
A75,1.6e-11,81752303.79436684,0.0002170485707152163,0.00806032315674087
A75,1.6e-11,84139514.1645214,0.00021765357682749365,0.007831536355800327
A75,1.6e-11,86596432.33600849,0.00021822463043636751,0.007609237729227137
A75,1.6e-11,89125093.81337658,0.00021876362434116315,0.007393243114768296
A75,1.6e-11,91727593.53898005,0.00021927234507875226,0.007183373572322599
A75,1.6e-11,94406087.6285945,0.00021975247884423635,0.0069794552357219045
A75,1.6e-11,97162795.15771285,0.0002202056170809468,0.006781319168763124
A75,1.6e-11,100000000.0000023,0.00022063326175441,0.006588801225266944
A75,1.6e-11,102920052.71944518,0.00022103683033124961,0.006401741913141223
A75,1.6e-11,105925372.51773132,0.0002214176604771057,0.0062199862622732294
A75,1.6e-11,109018449.23851527,0.000221777014490581,0.006043383696178222
A75,1.6e-11,112201845.43019894,0.00022211608348743063,0.005871787907285633
A75,1.6e-11,115478198.4689485,0.00022243599134822995,0.0057050567357461645
A75,1.6e-11,118850222.7437046,0.0002227377984437202,0.005543052051685113
A75,1.6e-11,122320711.90499601,0.0002230225051498818,0.005385639640796307
A75,1.6e-11,125892541.17941967,0.0002232910551636304,0.005232689093166817
A75,1.6e-11,129568669.75170499,0.00022354433863069906,0.0050840736952532176
A75,1.6e-11,133352143.21633555,0.0002237831950965334,0.0049396703249284385
A75,1.6e-11,137246096.10075945,0.00022400841628925327,0.004799359349497411
A75,1.6e-11,141253754.46227878,0.000224220748743756,0.004663024526595852
A75,1.6e-11,145378438.56076965,0.0002244208962769368,0.004530552907912476
A75,1.6e-11,149623565.6094469,0.00022460952231986392,0.0044018347456139684
A75,1.6e-11,153992652.6059529,0.0002247872521185024,0.004276763401460521
A75,1.6e-11,158489319.24611515,0.0002249546748050246,0.0041552352584492734
A75,1.6e-11,163117290.92278776,0.000225112345352023,0.004037149635001962
A75,1.6e-11,167880401.8122601,0.0002252607864118137,0.003922408701556402
A75,1.6e-11,172782598.05079052,0.00022540049004964995,0.0038109173995358476
A75,1.6e-11,177827941.0038966,0.0002255319193751877,0.003702583362607232
A75,1.6e-11,183020610.63111004,0.0002256555100778056,0.0035973168401669583
A75,1.6e-11,188364908.94898462,0.000225771671872433,0.0034950306230111796
A75,1.6e-11,193865263.59522545,0.000225880789856961,0.003395639971079868
A75,1.6e-11,199526231.49689284,0.00022598322579094158,0.003299062543283198
A75,1.6e-11,205352502.64571965,0.00022607931929471893,0.003205218329285854
A75,1.6e-11,211348903.98366988,0.00022616938897689797,0.0031140295832428272
A75,1.6e-11,217520403.40195763,0.00022625373349148206,0.003025420759401554
A75,1.6e-11,223872113.8568395,0.0002263326325288141,0.002939318449525575
A75,1.6e-11,230409297.60559028,0.00022640634774503563,0.0028556513221030953
A75,1.6e-11,237137370.56617144,0.00022647512363049667,0.0027743500632607322
A75,1.6e-11,244061906.80420414,0.00022653918832259574,0.0026953473193619556
A75,1.6e-11,251188643.15096432,0.0002265987543639905,0.0026185776412235885
A75,1.6e-11,258523483.95622557,0.0002266540194097684,0.0025439774299153275
A75,1.6e-11,266072505.97988766,0.00022670516688536626,0.002471484884091504
A75,1.6e-11,273841963.42644304,0.00022675236659786137,0.0024010399488155606
A75,1.6e-11,281838293.1264525,0.00022679577530230094,0.00233258426583129
A75,1.6e-11,290068119.8693227,0.00022683553722560452,0.0022660611252451964
A75,1.6e-11,298538261.89180356,0.0002268717845484258,0.002201415418568313
A75,1.6e-11,307255736.52675253,0.00022690463784919365,0.0021385935931002758
A75,1.6e-11,316227766.01684606,0.00022693420650890924,0.002077543607593328
A75,1.6e-11,325461783.49805427,0.00022696058908027881,0.0020182148891777817
A75,1.6e-11,334965439.1578363,0.00022698387362145398,0.0019605582915050296
A75,1.6e-11,344746606.5731583,0.00022700413799578903,0.0019045260540755762
A75,1.6e-11,354813389.2335847,0.00022702145013904658,0.0018500717627210105
A75,1.6e-11,365174127.2548472,0.00022703586829444573,0.001797150311203215
A75,1.6e-11,375837404.288454,0.00022704744121700393,0.0017457178639032566
A75,1.6e-11,386812054.6330623,0.00022705620834760003,0.0016957318195666986
A75,1.6e-11,398107170.5535077,0.00022706219995795443,0.0016471507760787507
A75,1.6e-11,409732109.81355226,0.00022706543726675493,0.0015999344962376303
A75,1.6e-11,421696503.42859334,0.00022706593252708608,0.0015540438744961428
A75,1.6e-11,434010263.64475524,0.00022706368908748152,0.001509440904654916
A75,1.6e-11,446683592.15097487,0.00022705870142475268,0.0014660886484675606
A75,1.6e-11,459726988.5308843,0.00022705095515041939,0.0014239512051409788
A75,1.6e-11,473151258.961493,0.00022704042699080016,0.0013829936817044421
A75,1.6e-11,486967525.16587603,0.00022702708474063793,0.0013431821642215487
A75,1.6e-11,501187233.6272856,0.00022701088719098597,0.0013044836898246583
A75,1.6e-11,515822165.0723194,0.00022699178403175766,0.0012668662195502198
A75,1.6e-11,530884444.2310025,0.00022696971572728163,0.0012302986119450115
A75,1.6e-11,546386549.8818688,0.00022694461336832453,0.0011947505974380756
A75,1.6e-11,562341325.1903641,0.00022691639849733888,0.0011601927534424321
A75,1.6e-11,578761988.3491361,0.00022688498290857425,0.0011265964801746406
A75,1.6e-11,595662143.5290264,0.00022685026842357876,0.0010939339771750547
A75,1.6e-11,613055792.1498371,0.0002268121466408056,0.0010621782205048858
A75,1.6e-11,630957344.4802102,0.0002267704986608038,0.0010313029406083874
A75,1.6e-11,649381631.5762287,0.00022672519478557308,0.001001282600817325
A75,1.6e-11,668343917.5686326,0.0002266760941936329,0.000972092376487125
A75,1.6e-11,687859912.3088262,0.00022662304459008912,0.0009437081347456716
A75,1.6e-11,707945784.3841571,0.00022656588183219507,0.0009161064148408985
A75,1.6e-11,728618174.5132475,0.00022650442953014207,0.0008892644090710336
A75,1.6e-11,749894209.3324763,0.00022643849862487037,0.0008631599442884843
A75,1.6e-11,771791515.5850335,0.00022636788694057336,0.0008377714639551581
A75,1.6e-11,794328234.7243032,0.0002262923787161999,0.000813078010748651
A75,1.6e-11,817523037.9436724,0.0002262117441129211,0.000789059209695422
A75,1.6e-11,841395141.6452183,0.00022612573870048856,0.0007656952518262092
A75,1.6e-11,865964323.3600892,0.00022603410292299213,0.0007429668783410716
A75,1.6e-11,891250938.1337701,0.00022593656154550572,0.0007208553652743405
A75,1.6e-11,917275935.389805,0.00022583282308124953,0.0006993425086448431
A75,1.6e-11,944060876.2859496,0.00022572257920385863,0.0006784106100897967
A75,1.6e-11,971627951.5771332,0.0002256055041440058,0.0006580424629661952
A75,1.6e-11,1000000000.0000279,0.0002254812540731631,0.0006382213389129223
R75,2e-13,1000.0,-6.000000009146676,5.804769480945192e-05
R75,2e-13,1029.2005271944283,-6.000000009116087,5.974271810003081e-05
R75,2e-13,1059.2537251772892,-6.000000009083686,6.148723696427629e-05
R75,2e-13,1090.1844923851281,-6.000000009049361,6.328269669903104e-05
R75,2e-13,1122.018454301964,-6.0000000090130055,6.513058480456713e-05
R75,2e-13,1154.781984689459,-6.000000008974494,6.703243221694862e-05
R75,2e-13,1188.5022274370194,-6.000000008933703,6.89898145763796e-05
R75,2e-13,1223.2071190499325,-6.000000008890494,7.100435353258836e-05
R75,2e-13,1258.9254117941682,-6.000000008844725,7.307771808833001e-05
R75,2e-13,1295.6866975170205,-6.000000008796242,7.521162598211952e-05
R75,2e-13,1333.5214321633252,-6.000000008744888,7.740784511134202e-05
R75,2e-13,1372.4609610075634,-6.00000000869049,7.966819499691764e-05
R75,2e-13,1412.5375446227558,-6.000000008632869,8.199454829073635e-05
R75,2e-13,1453.7843856076636,-6.000000008571837,8.438883232711028e-05
R75,2e-13,1496.2356560944354,-6.000000008507183,8.685303071952872e-05
R75,2e-13,1539.926526059494,-6.000000008438702,8.938918500404029e-05
R75,2e-13,1584.8931924611159,-6.000000008366161,9.199939633062186e-05
R75,2e-13,1631.1729092278408,-6.000000008289323,9.468582720393695e-05
R75,2e-13,1678.804018122563,-6.000000008207931,9.745070327492408e-05
R75,2e-13,1727.8259805078665,-6.0000000081217175,0.00010029631518470241
R75,2e-13,1778.279410038926,-6.000000008030394,0.00010322502046231818
R75,2e-13,1830.2061063110596,-6.000000007933659,0.00010623924547790788
R75,2e-13,1883.6490894898043,-6.000000007831194,0.00010934148745289442
R75,2e-13,1938.6526359522113,-6.000000007722658,0.00011253431652888125
R75,2e-13,1995.2623149688839,-6.0000000076076905,0.0001158203778969608
R75,2e-13,2053.5250264571505,-6.000000007485909,0.0001192023939891985
R75,2e-13,2113.4890398366515,-6.000000007356912,0.00012268316673411017
R75,2e-13,2175.2040340195276,-6.000000007220274,0.00012626557987799995
R75,2e-13,2238.721138568345,-6.000000007075535,0.00012995260137408233
R75,2e-13,2304.092976055851,-6.000000006922224,0.00013374728584136924
R75,2e-13,2371.373705661661,-6.000000006759825,0.00013765277709535564
R75,2e-13,2440.6190680419863,-6.000000006587808,0.0001416723107526046
R75,2e-13,2511.8864315095866,-6.000000006405593,0.00014580921691138618
R75,2e-13,2585.2348395621975,-6.000000006212585,0.00015006692291059302
R75,2e-13,2660.725059798817,-6.00000000600814,0.00015444895616921784
R75,2e-13,2738.4196342643686,-6.000000005791581,0.000158958947108744
R75,2e-13,2818.3829312644616,-6.000000005562187,0.00016360063216087345
R75,2e-13,2900.681198693162,-6.000000005319203,0.00016837785686308007
R75,2e-13,2985.3826189179686,-6.000000005061823,0.00017329457904455547
R75,2e-13,3072.557365267456,-6.000000004789189,0.0001783548721051855
R75,2e-13,3162.277660168389,-6.000000004500403,0.0001835629283902762
R75,2e-13,3254.617834980469,-6.0000000041945025,0.00018892306266382136
R75,2e-13,3349.6543915782872,-6.000000003870477,0.0001944397156831934
R75,2e-13,3447.466065731505,-6.000000003527251,0.00020011745787821403
R75,2e-13,3548.133892335766,-6.000000003163691,0.00020596099313765953
R75,2e-13,3651.741272548389,-6.000000002778577,0.0002119751627063311
R75,2e-13,3758.3740428844544,-6.000000002370656,0.0002181649491959235
R75,2e-13,3868.120546330535,-6.000000001938562,0.00022453548071301027
R75,2e-13,3981.0717055349864,-6.000000001480865,0.00023109203510757176
R75,2e-13,4097.32109813543,-6.000000000996048,0.0002378400443455802
R75,2e-13,4216.965034285838,-6.000000000482503,0.0002447850990092673
R75,2e-13,4340.102636447455,-5.999999999938528,0.00025193295292880115
R75,2e-13,4466.835921509648,-5.999999999362324,0.0002592895279492116
R75,2e-13,4597.2698853087395,-5.999999998751974,0.0002668609188365106
R75,2e-13,4731.512589614823,-5.99999999810546,0.0002746533983270758
R75,2e-13,4869.67525165865,-5.999999997420636,0.00028267342232447806
R75,2e-13,5011.872336272742,-5.999999996695237,0.0002909276352480569
R75,2e-13,5158.221650723077,-5.99999999592685,0.0002994228755376797
R75,2e-13,5308.8444423099045,-5.9999999951129395,0.00030816618131924235
R75,2e-13,5463.865498818564,-5.999999994250799,0.00031716479623560267
R75,2e-13,5623.413251903514,-5.999999993337572,0.000326426175447784
R75,2e-13,5787.61988349123,-5.999999992370235,0.0003359579918114123
R75,2e-13,5956.62143529013,-5.999999991345579,0.000345768142233515
R75,2e-13,6130.557921498234,-5.99999999026021,0.0003558647542149324
R75,2e-13,6309.57344480196,-5.999999989110528,0.0003662561925837781
R75,2e-13,6493.816315762142,-5.999999987892712,0.0003769510664255164
R75,2e-13,6683.439175686176,-5.999999986602749,0.00038795823621540616
R75,2e-13,6878.599123088107,-5.999999985236341,0.00039928682115920243
R75,2e-13,7079.457843841412,-5.9999999837889755,0.00041094620674822973
R75,2e-13,7286.181745132311,-5.999999982255848,0.00042294605253504814
R75,2e-13,7498.942093324594,-5.999999980631876,0.0004352963001361848
R75,2e-13,7717.915155850161,-5.999999978911678,0.00044800718146854526
R75,2e-13,7943.282347242854,-5.999999977089556,0.0004610892272263286
R75,2e-13,8175.23037943654,-5.999999975159461,0.00047455327560547785
R75,2e-13,8413.951416451991,-5.999999973115002,0.0004884104812828868
R75,2e-13,8659.643233600696,-5.999999970949403,0.0005026723246577987
R75,2e-13,8912.5093813375,-5.999999968655477,0.000517350621363066
R75,2e-13,9172.759353897844,-5.999999966225633,0.0005324575320541399
R75,2e-13,9440.608762859283,-5.999999963651813,0.000548005572483898
R75,2e-13,9716.279515771113,-5.9999999609254795,0.0005640076238716664
R75,2e-13,10000.000000000055,-5.999999958037606,0.0005804769435750259
R75,2e-13,10292.00527194434,-5.9999999549786045,0.0005974271760732249
R75,2e-13,10592.537251772948,-5.999999951738355,0.0006148723642713332
R75,2e-13,10901.844923851339,-5.99999994830611,0.0006328269611344607
R75,2e-13,11220.184543019699,-5.999999944670494,0.000651305841661715
R75,2e-13,11547.819846894648,-5.999999940819452,0.000670324315209797
R75,2e-13,11885.022274370254,-5.999999936740219,0.0006898981381764498
R75,2e-13,12232.071190499388,-5.999999932419277,0.0007100435270542761
R75,2e-13,12589.254117941748,-5.9999999278423095,0.0007307771718657229
R75,2e-13,12956.866975170273,-5.9999999229941245,0.0007521162499903712
R75,2e-13,13335.21432163332,-5.999999917858673,0.0007740784403960064
R75,2e-13,13724.609610075704,-5.9999999124189305,0.0007966819382852202
R75,2e-13,14125.37544622763,-5.999999906656865,0.0008199454701696965
R75,2e-13,14537.843856076708,-5.99999990055337,0.0008438883093846937
R75,2e-13,14962.356560944427,-5.999999894088215,0.0008685302920565367
R75,2e-13,15399.265260595015,-5.999999887239985,0.0008938918335363731
R75,2e-13,15848.931924611234,-5.999999879985969,0.000919993945313781
R75,2e-13,16311.729092278485,-5.999999872302129,0.0009468582524242928
R75,2e-13,16788.040181225708,-5.999999864162991,0.0009745070113651883
R75,2e-13,17278.259805078742,-5.999999855541579,0.0010029631285344617
R75,2e-13,17782.79410038934,-5.999999846409314,0.0010322501792081882
R75,2e-13,18302.061063110676,-5.999999836735931,0.0010623924270720467
R75,2e-13,18836.490894898125,-5.999999826489358,0.001093414844323165
R75,2e-13,19386.5263595222,-5.999999815635639,0.0011253431323589396
R75,2e-13,19952.623149688927,-5.9999998041388025,0.0011582037430699714
R75,2e-13,20535.250264571598,-5.999999791960735,0.0011920239007547587
R75,2e-13,21134.89039836661,-5.99999977906107,0.0012268316246743045
R75,2e-13,21752.040340195374,-5.999999765397043,0.0012626557522653155
R75,2e-13,22387.21138568355,-5.999999750923383,0.001299525963031238
R75,2e-13,23040.929760558614,-5.9999997355921,0.0013374728031308875
R75,2e-13,23713.737056616716,-5.999999719352389,0.0013765277106851028
R75,2e-13,24406.19068041997,-5.999999702150398,0.0014167230418223075
R75,2e-13,25118.864315095976,-5.999999683929143,0.0014580920974846681
R75,2e-13,25852.348395622088,-5.999999664628205,0.0015006691510168941
R75,2e-13,26607.250597988284,-5.999999644183618,0.0015444894765607232
R75,2e-13,27384.19634264381,-5.9999996225276,0.0015895893782784444
R75,2e-13,28183.829312644742,-5.999999599588393,0.001636006220429808
R75,2e-13,29006.81198693175,-5.999999575289947,0.0016837784583271028
R75,2e-13,29853.826189179817,-5.999999549551732,0.0017329456701941728
R75,2e-13,30725.573652674695,-5.9999995222884355,0.0017835485899556664
R75,2e-13,31622.77660168403,-5.999999493409684,0.0018356291409837304
R75,2e-13,32546.17834980483,-5.999999462819762,0.0018892304708301054
R75,2e-13,33496.54391578302,-5.99999943041727,0.0019443969869723469
R75,2e-13,34474.6606573152,-5.999999396094809,0.002001174393603853
R75,2e-13,35481.33892335782,-5.9999993597386085,0.002059609729498098
R75,2e-13,36517.41272548406,-5.9999993212281755,0.0021197514069785095
R75,2e-13,37583.740428844714,-5.999999280435862,0.0021816492520261997
R75,2e-13,38681.20546330552,-5.999999237226442,0.002245354545558826
R75,2e-13,39810.71705535004,-5.9999991914567055,0.0023109200659147673
R75,2e-13,40973.210981354474,-5.999999142974948,0.00237840013257776
R75,2e-13,42169.650342858564,-5.999999091620465,0.002447850651178256
R75,2e-13,43401.02636447473,-5.999999037223034,0.0025193291598087676
R75,2e-13,44668.35921509667,-5.999998979602355,0.002592894876691576
R75,2e-13,45972.69885308759,-5.999998918567438,0.0026686087492382047
R75,2e-13,47315.125896148435,-5.999998853915976,0.0027465335045414245
R75,2e-13,48696.75251658671,-5.99999878543368,0.002826733701341496
R75,2e-13,50118.723362727644,-5.999998712893551,0.0029092757835097027
R75,2e-13,51582.216507230994,-5.9999986360551505,0.0029942281350935906
R75,2e-13,53088.44442309928,-5.9999985546637955,0.0030816611369693034
R75,2e-13,54638.65498818588,-5.999998468448358,0.0031716472251472924
R75,2e-13,56234.13251903538,-5.9999983771257535,0.0032642609507843663
R75,2e-13,57876.19883491255,-5.999998280391949,0.003359579041940024
R75,2e-13,59566.21435290155,-5.999998177926314,0.0034576804671438035
R75,2e-13,61305.579214982594,-5.9999980693892,0.003558646500814585
R75,2e-13,63095.734448019866,-5.99999795442087,0.0036625607905908714
R75,2e-13,64938.16315762169,-5.999997832640241,0.0037695094266266727
R75,2e-13,66834.39175686204,-5.999997703643662,0.0038795810129107528
R75,2e-13,68785.99123088135,-5.999997567003557,0.003992866740667987
R75,2e-13,70794.5784384144,-5.999997422267029,0.004109460463903818
R75,2e-13,72861.81745132341,-5.9999972689543295,0.004229458777154199
R75,2e-13,74989.42093324625,-5.999997106557279,0.004352961095505477
R75,2e-13,77179.15155850194,-5.999996934537616,0.004480069736950504
R75,2e-13,79432.82347242888,-5.999996752325156,0.004610890007148998
R75,2e-13,81752.30379436575,-5.999996559315937,0.004745530286662447
R75,2e-13,84139.5141645203,-5.999996354870216,0.00488410212073579
R75,2e-13,86596.43233600735,-5.999996138310342,0.005026720311700034
R75,2e-13,89125.0938133754,-5.999995908918494,0.005173503014072413
R75,2e-13,91727.59353897884,-5.999995665934355,0.00532457183243283
R75,2e-13,94406.08762859325,-5.999995408539186,0.005480051922143917
R75,2e-13,97162.79515771156,-5.9999951359065395,0.005640072093078563
R75,2e-13,100000.00000000097,-5.9999948471194,0.005804764916240995
R75,2e-13,102920.05271944383,-5.999994541220595,0.005974266833634544
R75,2e-13,105925.37251772993,-5.99999421719616,0.0061487182712690585
R75,2e-13,109018.44923851384,-5.999993873972116,0.00632826375548067
R75,2e-13,112201.84543019746,-5.999993510410806,0.006513052032646485
R75,2e-13,115478.19846894697,-5.9999931253071725,0.006703236192393613
R75,2e-13,118850.22274370304,-5.999992717384769,0.0068989737944043185
R75,2e-13,122320.71190499439,-5.9999922852914995,0.007100426998922038
R75,2e-13,125892.541179418,-5.999991827595156,0.007307762701066377
R75,2e-13,129568.66975170327,-5.999991342778662,0.007521152669067932
R75,2e-13,133352.1432163338,-5.999990829235061,0.007740773686537432
R75,2e-13,137246.09610075763,-5.999990285262182,0.007966807698886476
R75,2e-13,141253.7544622769,-5.9999897090543115,0.008199441964017118
R75,2e-13,145378.4385607677,-5.999989098706919,0.008438869207428819
R75,2e-13,149623.56560944492,-5.999988452194283,0.008685287781810812
R75,2e-13,153992.65260595083,-5.999987767373516,0.008938901831331692
R75,2e-13,158489.31924611304,-5.9999870419747126,0.009199921460701747
R75,2e-13,163117.29092278559,-5.999986273588173,0.00946856290916296
R75,2e-13,167880.40181225786,-5.999985459677711,0.009745048729600954
R75,2e-13,172782.59805078822,-5.99998459754024,0.010029607972789453
R75,2e-13,177827.94100389423,-5.999983684310159,0.01032247637708669
R75,2e-13,183020.61063110761,-5.999982716976537,0.010623896563694453
R75,2e-13,188364.90894898213,-5.999981692325104,0.010934118237469943
R75,2e-13,193865.26359522287,-5.999980606958282,0.011253398393742871
R75,2e-13,199526.23149689016,-5.999979457279895,0.011582001531099213
R75,2e-13,205352.5026457169,-5.999978239480628,0.01192019987037143
R75,2e-13,211348.90398366703,-5.999976949520041,0.012268273580007382
R75,2e-13,217520.4034019547,-5.999975583127847,0.012626511008054219
R75,2e-13,223872.11385683648,-5.999974135764465,0.012995208920815206
R75,2e-13,230409.29760558717,-5.9999726026458955,0.01337467274861426
R75,2e-13,237137.37056616822,-5.99997097868661,0.013765216838533208
R75,2e-13,244061.90680420081,-5.999969258499968,0.014167164714651907
R75,2e-13,251188.64315096088,-5.999967436391077,0.014580849345860444
R75,2e-13,258523.48395622204,-5.999965506305883,0.015006613421361111
R75,2e-13,266072.505979884,-5.999963461868468,0.015444809634436982
R75,2e-13,273841.96342643927,-5.9999612962918984,0.015895800974144385
R75,2e-13,281838.29312644864,-5.999959002393074,0.016359961025788534
R75,2e-13,290068.11986931873,-5.999956572579588,0.01683767428008241
R75,2e-13,298538.26189179946,-5.999953998780559,0.01732933645113801
R75,2e-13,307255.7365267483,-5.999951272487892,0.017835354804060954
R75,2e-13,316227.7660168417,-5.999948384650778,0.018356148491622218
R75,2e-13,325461.7834980498,-5.999945325698957,0.018892148901142203
R75,2e-13,334965.4391578317,-5.999942085503068,0.019443800011274427
R75,2e-13,344746.6065731536,-5.999938653314403,0.02001155875909491
R75,2e-13,354813.3892335798,-5.999935017751889,0.020595895418037916
R75,2e-13,365174.1272548422,-5.999931166785827,0.021197293986827757
R75,2e-13,375837.4042884488,-5.999927087628582,0.021816252589362973
R75,2e-13,386812.054633057,-5.99992276678428,0.022453283886845987
R75,2e-13,398107.1705535022,-5.999918189906696,0.02310891550113528
R75,2e-13,409732.10981354665,-5.999913341845089,0.023783690451165504
R75,2e-13,421696.5034285876,-5.999908206523358,0.024478167601358146
R75,2e-13,434010.26364474936,-5.9999027669306875,0.02519292212353019
R75,2e-13,446683.59215096885,-5.9998970050265585,0.025928545971838243
R75,2e-13,459726.9885308781,-5.9998909017210025,0.02668564837185457
R75,2e-13,473151.2589614866,-5.999884436777971,0.027464856323477036
R75,2e-13,486967.5251658694,-5.999877588780322,0.028266815118725887
R75,2e-13,501187.23362727877,-5.999870335030828,0.029092188874238797
R75,2e-13,515822.16507231235,-5.999862651486326,0.029941661079363933
R75,2e-13,530884.4442309953,-5.999854512680739,0.030815935160078377
R75,2e-13,546386.5498818613,-5.999845891639352,0.03171573505919129
R75,2e-13,562341.3251903565,-5.999836759801458,0.032641805833392074
R75,2e-13,578761.9883491283,-5.999827086892406,0.03359491426727187
R75,2e-13,595662.1435290184,-5.999816840857974,0.0345758495054684
R75,2e-13,613055.7921498289,-5.99980598774221,0.0355854237027415
R75,2e-13,630957.3444802017,-5.99979449157358,0.03662447269286712
R75,2e-13,649381.63157622,-5.99978231426719,0.037693856676948266
R75,2e-13,668343.9175686237,-5.999769415454635,0.03879446093108593
R75,2e-13,687859.9123088169,-5.999755752390258,0.03992719653496281
R75,2e-13,707945.7843841475,-5.999741279808318,0.04109300112108193
R75,2e-13,728618.1745132377,-5.999725949734363,0.04229283964521005
R75,2e-13,749894.2093324661,-5.999709711379682,0.04352770517959291
R75,2e-13,771791.5155850231,-5.9996925109251835,0.04479861972810732
R75,2e-13,794328.2347242925,-5.999674291377786,0.046106635065362715
R75,2e-13,817523.0379436614,-5.999654992363124,0.047452833599343686
R75,2e-13,841395.141645207,-5.99963454993361,0.04883832925886808
R75,2e-13,865964.3233600776,-5.9996128963567275,0.050264268406254954
R75,2e-13,891250.9381337581,-5.999589959870846,0.05173183077575385
R75,2e-13,917275.9353897927,-5.999565664498334,0.05324223043927677
R75,2e-13,944060.8762859369,-5.999539929715441,0.054796716798269585
R75,2e-13,971627.9515771201,-5.9995126702737815,0.056396575605252235
R75,2e-13,1000000.0000000144,-5.999483795858258,0.05804313001275436
R75,2e-13,1029200.527194443,-5.999453210796181,0.059737741652458744
R75,2e-13,1059253.7251773044,-5.999420813771455,0.06148181174495085
R75,2e-13,1090184.4923851436,-5.999386497446641,0.06327678223979054
R75,2e-13,1122018.4543019799,-5.9993501481373475,0.06512413698827303
R75,2e-13,1154781.984689475,-5.999311645434854,0.06702540294858486
R75,2e-13,1188502.2274370359,-5.999270861793238,0.06898215142432369
R75,2e-13,1223207.1190499496,-5.999227662115672,0.07099599933764827
R75,2e-13,1258925.4117941859,-5.9991819033117695,0.07306861053759486
R75,2e-13,1295686.6975170388,-5.999133433829932,0.07520169714447962
R75,2e-13,1333521.432163344,-5.999082093119143,0.07739702093062337
R75,2e-13,1372460.9610075825,-5.999027711147743,0.0796563947400347
R75,2e-13,1412537.5446227754,-5.998970107821731,0.08198168394583116
R75,2e-13,1453784.3856076836,-5.998909092385826,0.08437480794739222
R75,2e-13,1496235.6560944559,-5.998844462786856,0.08683774170788038
R75,2e-13,1539926.526059515,-5.99877600501725,0.08937251733332627
R75,2e-13,1584893.1924611374,-5.998703492413983,0.09198122569383832
R75,2e-13,1631172.909227863,-5.998626684917185,0.0946660180879145
R75,2e-13,1678804.0181225857,-5.998545328231364,0.09742910794975682
R75,2e-13,1727825.9805078898,-5.998459153045367,0.10027277260318418
R75,2e-13,1778279.41003895,-5.99836787410692,0.10319935505955866
R75,2e-13,1830206.106311084,-5.998271189312998,0.10621126586341029
R75,2e-13,1883649.0894898295,-5.998168778672892,0.10931098498402249
R75,2e-13,1938652.6359522373,-5.998060303284735,0.11250106375645798
R75,2e-13,1995262.3149689105,-5.997945404204811,0.115784126870586
R75,2e-13,2053525.026457178,-5.9978237012886115,0.11916287441045395
R75,2e-13,2113489.0398366796,-5.9976947919253325,0.12264008394317491
R75,2e-13,2175204.0340195564,-5.997558249674979,0.12621861265810624
R75,2e-13,2238721.1385683743,-5.997413622970375,0.12990139956076022
R75,2e-13,2304092.9760558815,-5.997260433492076,0.1336914677131219
R75,2e-13,2371373.705661692,-5.9970981747160845,0.13759192653238853
R75,2e-13,2440619.0680420185,-5.996926310199193,0.14160597413858278
R75,2e-13,2511886.4315096196,-5.996744271843154,0.14573689975705093
R75,2e-13,2585234.8395622317,-5.9965514579681685,0.1499880861718848
R75,2e-13,2660725.059798852,-5.996347231449515,0.1543630122371917
R75,2e-13,2738419.6342644054,-5.996130917520849,0.1588652554356949
R75,2e-13,2818382.931264499,-5.995901801662551,0.16349849449594456
R75,2e-13,2900681.1986932005,-5.995659127165788,0.16826651205649923
R75,2e-13,2985382.618918008,-5.995402092766061,0.1731731973880715
R75,2e-13,3072557.365267497,-5.995129849961471,0.17822254916176256
R75,2e-13,3162277.6601684312,-5.994841500235377,0.18341867826895933
R75,2e-13,3254617.8349805125,-5.994536092198823,0.18876581069279225
R75,2e-13,3349654.391578332,-5.994212618426665,0.19426829042240434
R75,2e-13,3447466.065731551,-5.993870012216219,0.19993058241597852
R75,2e-13,3548133.8923358135,-5.993507144108041,0.20575727560533819
R75,2e-13,3651741.272548438,-5.993122818230082,0.21175308594198583
R75,2e-13,3758374.042884505,-5.992715768447587,0.2179228594814896
R75,2e-13,3868120.546330587,-5.992284654209932,0.22427157549890808
R75,2e-13,3981071.70553504,-5.991828056309634,0.23080434964029076
R75,2e-13,4097321.0981354844,-5.991344472197538,0.23752643709201063
R75,2e-13,4216965.034285894,-5.99083231125836,0.24444323577991986
R75,2e-13,4340102.636447512,-5.990289889598714,0.25156028957446375
R75,2e-13,4466835.921509706,-5.989715424745357,0.2588832915130123
R75,2e-13,4597269.885308799,-5.989107029844113,0.2664180870147092
R75,2e-13,4731512.589614885,-5.988462707693332,0.27417067709552606
R75,2e-13,4869675.251658713,-5.987780344380475,0.2821472215648753
R75,2e-13,5011872.336272808,-5.987057702524151,0.29035404219420663
R75,2e-13,5158221.650723144,-5.986292414213484,0.2987976258520667
R75,2e-13,5308844.442309974,-5.985481973500238,0.30748462758689715
R75,2e-13,5463865.498818635,-5.98462372849827,0.31642187364762364
R75,2e-13,5623413.251903587,-5.983714873042591,0.3256163644254988
R75,2e-13,5787619.883491306,-5.9827524379208095,0.33507527730253994
R75,2e-13,5956621.435290207,-5.981733281544077,0.34480596938148417
R75,2e-13,6130557.921498313,-5.980654080240153,0.35481598008944565
R75,2e-13,6309573.444802041,-5.979511317879835,0.36511303361678077
R75,2e-13,6493816.315762226,-5.97830127507087,0.3757050411828281
R75,2e-13,6683439.175686263,-5.9770200176997585,0.3866001030895135
R75,2e-13,6878599.123088196,-5.975663384885223,0.3978065105390633
R75,2e-13,7079457.843841503,-5.974226976358701,0.4093327471871543
R75,2e-13,7286181.745132405,-5.972706139034674,0.4211874903810423
R75,2e-13,7498942.093324691,-5.971095953121823,0.4333796120723913
R75,2e-13,7717915.155850261,-5.969391217293091,0.44591817932937394
R75,2e-13,7943282.347242957,-5.967586433243552,0.4588124544292902
R75,2e-13,8175230.379436647,-5.965675789450856,0.47207189447082765
R75,2e-13,8413951.416452102,-5.9636531441090375,0.4857061504518321
R75,2e-13,8659643.23360081,-5.961512007246915,0.4997250657575639
R75,2e-13,8912509.381337617,-5.95924552197071,0.5141386739934014
R75,2e-13,9172759.353897963,-5.956846444861724,0.5289571960989092
R75,2e-13,9440608.762859406,-5.954307125396475,0.5441910366592589
R75,2e-13,9716279.51577124,-5.951619484506874,0.5598507793474133
R75,2e-13,10000000.000000184,-5.94877499207735,0.575947181393012
R75,2e-13,10292005.271944473,-5.945764643547787,0.5924911670034338
R75,2e-13,10592537.251773085,-5.942578935488623,0.6094938196254629
R75,2e-13,10901844.923851479,-5.939207840118789,0.6269663729373818
R75,2e-13,11220184.543019842,-5.935640778848438,0.6449202004656924
R75,2e-13,11547819.846894797,-5.9318665947489855,0.6633668036921139
R75,2e-13,11885022.274370406,-5.927873523992988,0.6823177985223275
R75,2e-13,12232071.190499544,-5.923649166306952,0.7017848999791739
R75,2e-13,12589254.117941909,-5.9191804543041036,0.7217799049500363
R75,2e-13,12956866.97517044,-5.914453621944288,0.7423146728552695
R75,2e-13,13335214.321633492,-5.909454171945821,0.7634011040398434
R75,2e-13,13724609.61007588,-5.90416684224287,0.7850511157113474
R75,2e-13,14125375.446227811,-5.8985755717201265,0.807276615257458
R75,2e-13,14537843.856076894,-5.892663464957387,0.8300894706917975
R75,2e-13,14962356.560944619,-5.886412756395453,0.8535014780608118
R75,2e-13,15399265.260595214,-5.879804773873489,0.8775243255666754
R75,2e-13,15848931.924611438,-5.8728199015914955,0.9021695541598622
R75,2e-13,16311729.092278697,-5.865437542822725,0.9274485143861559
R75,2e-13,16788040.181225926,-5.857636082438843,0.9533723192195128
R75,2e-13,17278259.80507897,-5.84939284944295,0.9799517926196404
R75,2e-13,17782794.100389574,-5.840684079741161,1.0071974135474207
R75,2e-13,18302061.063110918,-5.831484879507037,1.0351192551841182
R75,2e-13,18836490.894898374,-5.821769189286456,1.0637269190525398
R75,2e-13,19386526.359522454,-5.811509749287717,1.0930294637845146
R75,2e-13,19952623.14968919,-5.800678066268793,1.1230353282701084
R75,2e-13,20535250.264571868,-5.7892443822798025,1.153752248887526
R75,2e-13,21134890.398366887,-5.777177645941226,1.1851871705985593
R75,2e-13,21752040.34019566,-5.764445486651835,1.2173461516401898
R75,2e-13,22387211.385683842,-5.751014192387058,1.250234261606579
R75,2e-13,23040929.760558918,-5.736848691689596,1.2838554727167506
R75,2e-13,23713737.05661703,-5.721912540534749,1.3182125440991188
R75,2e-13,24406190.680420294,-5.70616791498466,1.353306899007575
R75,2e-13,25118864.315096308,-5.6895756102284745,1.3891384948394119
R75,2e-13,25852348.39562243,-5.6720950471752545,1.4257056860105632
R75,2e-13,26607250.597988635,-5.653684287349034,1.4630050796923304
R75,2e-13,27384196.34264417,-5.634300057281462,1.5010313845946257
R75,2e-13,28183829.31264511,-5.613897783415352,1.5397772530122293
R75,2e-13,29006811.98693213,-5.592431638702747,1.5792331164888376
R75,2e-13,29853826.189180207,-5.569854602122787,1.619387015575382
R75,2e-13,30725573.652675096,-5.546118532354579,1.6602244242873847
R75,2e-13,31622776.601684444,-5.521174256981629,1.7017280700552753
R75,2e-13,32546178.34980526,-5.494971678377302,1.7438777500515457
R75,2e-13,33496543.915783457,-5.467459897890469,1.7866501451195471
R75,2e-13,34474660.65731565,-5.438587359288197,1.830018632513591
R75,2e-13,35481338.92335828,-5.4083020130211965,1.873953099094537
R75,2e-13,36517412.72548453,-5.376551502500904,1.9184197567557524
R75,2e-13,37583740.4288452,-5.3432833733289975,1.963380962030489
R75,2e-13,38681205.463306025,-5.308445306752934,2.0087950422572707
R75,2e-13,39810717.05535056,-5.271985377988961,2.0546161307584927
R75,2e-13,40973210.98135501,-5.233852340169302,2.1007940138670107
R75,2e-13,42169650.34285911,-5.193995934279665,2.147273992834347
R75,2e-13,43401026.3644753,-5.1523672251309165,2.193996763880789
R75,2e-13,44668359.21509726,-5.108918963213576,2.2408983199385415
R75,2e-13,45972698.8530882,-5.0636059716128905,2.2879098777093096
R75,2e-13,47315125.89614906,-5.0163855570588565,2.33495783397671
R75,2e-13,48696752.516587354,-4.967217943334262,2.381963755060318
R75,2e-13,50118723.362728305,-4.916066724978553,2.4288444034771555
R75,2e-13,51582216.507231675,-4.862899338372088,2.475511805725069
R75,2e-13,53088444.42309998,-4.807687547016498,2.5218733651958227
R75,2e-13,54638654.988186605,-4.750407936682518,2.567832023768843
R75,2e-13,56234132.51903613,-4.691042415894686,2.6132864755968774
R75,2e-13,57876198.83491332,-4.629578716253241,2.658131436025392
R75,2e-13,59566214.352902345,-4.566010886511403,2.702257968094639
R75,2e-13,61305579.21498341,-4.50033977379801,2.7455538684793748
R75,2e-13,63095734.44802071,-4.4325734847035445,2.78790411387451
R75,2e-13,64938163.15762256,-4.362727818524695,2.8291913679644543
R75,2e-13,66834391.75686294,-4.290826664679346,2.8692965481612696
R75,2e-13,68785991.23088229,-4.216902355905463,2.9080994500633803
R75,2e-13,70794578.43841536,-4.140995969002442,2.945479426542982
R75,2e-13,72861817.45132439,-4.063157564815827,2.981316116993201
R75,2e-13,74989420.93324725,-3.9834463595476497,3.0154902210241206
R75,2e-13,77179151.55850297,-3.90193081999784,3.047884309607713
R75,2e-13,79432823.47242993,-3.818688676132704,3.0783836654616703
R75,2e-13,81752303.79436684,-3.7338068451860558,3.1068771431480577
R75,2e-13,84139514.1645214,-3.647381262905349,3.133258038499119
R75,2e-13,86596432.33600849,-3.559516618733908,3.1574249559042586
R75,2e-13,89125093.81337658,-3.470325993441057,3.1792826614391574
R75,2e-13,91727593.53898005,-3.3799303993332352,3.1987429092820574
R75,2e-13,94406087.6285945,-3.2884582249832346,3.2157252286540894
R75,2e-13,97162795.15771285,-3.1960445883630126,3.2301576587019825
R75,2e-13,100000000.0000023,-3.102830604178576,3.241977419205215
R75,2e-13,102920052.71944518,-3.0089625728018228,3.2511315054421903
R75,2e-13,105925372.51773132,-2.9145911002465352,3.2575771969571
R75,2e-13,109018449.23851527,-2.8198701599812304,3.2612824710543897
R75,2e-13,112201845.43019894,-2.724956108756224,3.262226313466357
R75,2e-13,115478198.4689485,-2.6300066697636977,3.260398920523125
R75,2e-13,118850222.7437046,-2.53517989714405,3.255801789012838
R75,2e-13,122320711.90499601,-2.4406331363883846,3.2484476921265246
R75,2e-13,125892541.17941967,-2.346521995186412,3.2383605418659367
R75,2e-13,129568669.75170499,-2.252999339123262,3.225575140566056
R75,2e-13,133352143.21633555,-2.1602143259758435,3.2101368261389442
R75,2e-13,137246096.10075945,-2.0683114914066483,3.192101017461905
R75,2e-13,141253754.46227878,-1.9774298978214768,3.1715326683498177
R75,2e-13,145378438.56076965,-1.887702356496999,3.1485056396420137
R75,2e-13,149623565.6094469,-1.7992547316001284,3.1231020004085304
R75,2e-13,153992652.6059529,-1.7122053329088938,3.0954112701444876
R75,2e-13,158489319.24611515,-1.6266644021184253,3.0655296142701287
R75,2e-13,163117290.92278776,-1.5427336958399407,3.0335590057849044
R75,2e-13,167880401.8122601,-1.4605061664267258,2.9996063656385603
R75,2e-13,172782598.05079052,-1.3800657400857341,2.963782694321859
R75,2e-13,177827941.0038966,-1.3014871899996843,2.9262022064178637
R75,2e-13,183020610.63111004,-1.224836100743836,2.886981479199991
R75,2e-13,188364908.94898462,-1.150168918961842,2.8462386253590246
R75,2e-13,193865263.59522545,-1.0775330841592803,2.8040924987848665
R75,2e-13,199526231.49689284,-1.00696723262205,2.760661941194575
R75,2e-13,205352502.64571965,-0.9385014667907577,2.7160650760374283
R75,2e-13,211348903.98366988,-0.8721576820125878,2.670418654910063
R75,2e-13,217520403.40195763,-0.8079499423479723,2.6238374603775405
R75,2e-13,223872113.8568395,-0.7458848970700944,2.57643376782518
R75,2e-13,230409297.60559028,-0.6859622296512936,2.5283168679280665
R75,2e-13,237137370.56617144,-0.6281751312912873,2.479592650151688
R75,2e-13,244061906.80420414,-0.5725107914542555,2.4303632467511904
R75,2e-13,251188643.15096432,-0.5189508983916223,2.38072673594779
R75,2e-13,258523483.95622557,-0.4674721431984154,2.330776902186637
R75,2e-13,266072505.97988766,-0.41804672158367145,2.280603050793386
R75,2e-13,273841963.42644304,-0.3706428281957477,2.2302898738911554
R75,2e-13,281838293.1264525,-0.32522513901197714,2.179917364071549
R75,2e-13,290068119.8693227,-0.28175527796752564,2.1295607720308194
R75,2e-13,298538261.89180356,-0.2401922646433009,2.0792906042836528
R75,2e-13,307255736.52675253,-0.2004929404457711,2.029172656960397
R75,2e-13,316227766.01684606,-0.16261237129001171,1.9792680816836756
R75,2e-13,325461783.49805427,-0.12650422531831984,1.9296334796823111
R75,2e-13,334965439.1578363,-0.0921211246791167,1.8803210202819742
R75,2e-13,344746606.5731583,-0.05941497079745783,1.8313785802664697
R75,2e-13,354813389.2335847,-0.028337242970113086,1.7828499005883658
R75,2e-13,365174127.2548472,0.0011607295908411253,1.7347747573529233
R75,2e-13,375837404.288454,0.029127521847440163,1.6871891440756426
R75,2e-13,386812054.6330623,0.05561139251104191,1.6401254624829222
R75,2e-13,398107170.5535077,0.08066008831453342,1.5936127195228547
R75,2e-13,409732109.81355226,0.10432067198974943,1.5476767282425221
R75,2e-13,421696503.42859334,0.12663937290792587,1.5023403106532083
R75,2e-13,434010263.64475524,0.14766145925104118,1.4576235008399956
R75,2e-13,446683592.15097487,0.1674311305104183,1.4135437467200285
R75,2e-13,459726988.5308843,0.18599142913511157,1.3701161091906082
R75,2e-13,473151258.961493,0.20338417010885063,1.3273534574639203
R75,2e-13,486967525.16587603,0.21964988726903983,1.2852666596106324
R75,2e-13,501187233.6272856,0.23482779520227726,1.2438647674631114
R75,2e-13,515822165.0723194,0.24895576558484117,1.2031551951541006
R75,2e-13,530884444.2310025,0.26207031688332233,1.163143890687147
R75,2e-13,546386549.8818688,0.2742066163525785,1.123835499990202
R75,2e-13,562341325.1903641,0.2853984933619671,1.0852335230679964
R75,2e-13,578761988.3491361,0.2956784630648156,1.0473404618277602
R75,2e-13,595662143.5290264,0.3050777595229256,1.0101579593013155
R75,2e-13,613055792.1498371,0.3136263773976079,0.9736869299668124
R75,2e-13,630957344.4802102,0.32135312137455174,0.9379276809457745
R75,2e-13,649381631.5762287,0.3282856625018933,0.9028800238590112
R75,2e-13,668343917.5686326,0.33445060066288806,0.8685433771762554
R75,2e-13,687859912.3088262,0.3398735323770462,0.8349168588679273
R75,2e-13,707945784.3841571,0.34457912318118294,0.8019993692488352
R75,2e-13,728618174.5132475,0.34859118379161236,0.7697896638687588
R75,2e-13,749894209.3324763,0.3519327492734331,0.7382864163656335
R75,2e-13,771791515.5850335,0.3546261604217568,0.7074882712142909
R75,2e-13,794328234.7243032,0.35669314652253725,0.6773938863222676
R75,2e-13,817523037.9436724,0.3581549086764033,0.6480019654970038
R75,2e-13,841395141.6452183,0.3590322028126127,0.6193112808284537
R75,2e-13,865964323.3600892,0.35934542151712423,0.5913206851062303
R75,2e-13,891250938.1337701,0.35911467378040607,0.5640291144573732
R75,2e-13,917275935.389805,0.3583598617532579,0.537435581465565
R75,2e-13,944060876.2859496,0.3571007535954749,0.5115391591214273
R75,2e-13,971627951.5771332,0.35535705151027613,0.48633895605061
R75,2e-13,1000000000.0000279,0.353148454077399,0.46183408356920164
R75,8e-12,1000.0,-5.99999943171638,0.0018647799570205954
R75,8e-12,1029.2005271944283,-5.999999397470899,0.0019192325039437273
R75,8e-12,1059.2537251772892,-5.9999993611962426,0.0019752750929589646
R75,8e-12,1090.1844923851281,-5.9999993227721795,0.0020329541540448177
R75,8e-12,1122.018454301964,-5.99999928207135,0.00209231747295163
R75,8e-12,1154.781984689459,-5.999999238958842,0.0021534142307901177
R75,8e-12,1188.5022274370194,-5.999999193291761,0.0022162950447758276
R75,8e-12,1223.2071190499325,-5.9999991449187355,0.0022810120101633097
R75,8e-12,1258.9254117941682,-5.99999909367943,0.0023476187434046942
R75,8e-12,1295.6866975170205,-5.999999039404003,0.002416170426568441
R75,8e-12,1333.5214321633252,-5.999998981912558,0.0024867238530550456
R75,8e-12,1372.4609610075634,-5.99999892101453,0.0025593374746475813
R75,8e-12,1412.5375446227558,-5.999998856508068,0.002634071449936007
R75,8e-12,1453.7843856076636,-5.9999987881793615,0.0027109876941554087
R75,8e-12,1496.2356560944354,-5.999998715801924,0.002790149930479359
R75,8e-12,1539.926526059494,-5.999998639135861,0.002871623742811005
R75,8e-12,1584.8931924611159,-5.999998557927045,0.002955476630115437
R75,8e-12,1631.1729092278408,-5.999998471906308,0.0030417780623384974
R75,8e-12,1678.804018122563,-5.999998380788523,0.00313059953795825
R75,8e-12,1727.8259805078665,-5.999998284271674,0.0032220146432167325
R75,8e-12,1778.279410038926,-5.999998182035845,0.003316099113081153
R75,8e-12,1830.2061063110596,-5.999998073742166,0.0034129308939849184
R75,8e-12,1883.6490894898043,-5.999997959031691,0.003512590208400475
R75,8e-12,1938.6526359522113,-5.999997837524195,0.003615159621297423
R75,8e-12,1995.2623149688839,-5.999997708816934,0.003720724108540949
R75,8e-12,2053.5250264571505,-5.999997572483291,0.0038293711272871797
R75,8e-12,2113.4890398366515,-5.99999742807138,0.003941190688433763
R75,8e-12,2175.2040340195276,-5.999997275102536,0.004056275431185636
R75,8e-12,2238.721138568345,-5.99999711306972,0.004174720699797698
R75,8e-12,2304.092976055851,-5.999996941435873,0.004296624622557994
R75,8e-12,2371.373705661661,-5.999996759632086,0.004422088193076655
R75,8e-12,2440.6190680419863,-5.999996567055764,0.004551215353948028
R75,8e-12,2511.8864315095866,-5.999996363068587,0.004684113082855091
R75,8e-12,2585.2348395621975,-5.999996146994427,0.004820891481187572
R75,8e-12,2660.725059798817,-5.9999959181170865,0.004961663865246986
R75,8e-12,2738.4196342643686,-5.999995675677928,0.005106546860114073
R75,8e-12,2818.3829312644616,-5.9999954188733655,0.005255660496256486
R75,8e-12,2900.681198693162,-5.999995146852203,0.005409128308956339
R75,8e-12,2985.3826189179686,-5.9999948587128005,0.005567077440640182
R75,8e-12,3072.557365267456,-5.999994553500093,0.005729638746195943
R75,8e-12,3162.277660168389,-5.999994230202431,0.005896946901363884
R75,8e-12,3254.617834980469,-5.999993887748214,0.006069140514291312
R75,8e-12,3349.6543915782872,-5.9999935250023535,0.006246362240343357
R75,8e-12,3447.466065731505,-5.999993140762494,0.0064287589002645935
R75,8e-12,3548.133892335766,-5.999992733755049,0.00661648160178938
R75,8e-12,3651.741272548389,-5.999992302630947,0.006809685864801335
R75,8e-12,3758.3740428844544,-5.999991845961213,0.00700853175014559
R75,8e-12,3868.120546330535,-5.999991362232171,0.0072131839922000285
R75,8e-12,3981.0717055349864,-5.999990849840466,0.007423812135315312
R75,8e-12,4097.32109813543,-5.999990307087739,0.0076405906742363595
R75,8e-12,4216.965034285838,-5.999989732174997,0.007863699198621283
R75,8e-12,4340.102636447455,-5.999989123196652,0.008093322541777213
R75,8e-12,4466.835921509648,-5.99998847813421,0.008329650933735696
R75,8e-12,4597.2698853087395,-5.999987794849565,0.00857288015879439
R75,8e-12,4731.512589614823,-5.999987071077927,0.008823211717654862
R75,8e-12,4869.67525165865,-5.999986304420314,0.009080852994290347
R75,8e-12,5011.872336272742,-5.999985492335594,0.009346017427681366
R75,8e-12,5158.221650723077,-5.999984632132067,0.009618924688560697
R75,8e-12,5308.8444423099045,-5.999983720958548,0.0098998008613137
R75,8e-12,5463.865498818564,-5.999982755794903,0.010188878631183661
R75,8e-12,5623.413251903514,-5.999981733442054,0.010486397476937054
R75,8e-12,5787.61988349123,-5.99998065051137,0.010792603869146909
R75,8e-12,5956.62143529013,-5.999979503413434,0.011107751474258194
R75,8e-12,6130.557921498234,-5.99997828834615,0.011432101364602848
R75,8e-12,6309.57344480196,-5.999977001282138,0.011765922234537764
R75,8e-12,6493.816315762142,-5.99997563795538,0.012109490622883494
R75,8e-12,6683.439175686176,-5.999974193847119,0.012463091141846634
R75,8e-12,6878.599123088107,-5.9999726641708095,0.012827016712614152
R75,8e-12,7079.457843841412,-5.999971043856335,0.013201568807813655
R75,8e-12,7286.181745132311,-5.999969327533143,0.01358705770103837
R75,8e-12,7498.942093324594,-5.999967509512477,0.013983802723642146
R75,8e-12,7717.915155850161,-5.999965583768512,0.01439213252901517
R75,8e-12,7943.282347242854,-5.999963543918392,0.014812385364557139
R75,8e-12,8175.23037943654,-5.999961383201057,0.01524490935157107
R75,8e-12,8413.951416451991,-5.999959094454863,0.015690062773306982
R75,8e-12,8659.643233600696,-5.999956670093835,0.016148214371391474
R75,8e-12,8912.5093813375,-5.999954102082507,0.016619743650885546
R75,8e-12,9172.759353897844,-5.999951381909337,0.017105041194220672
R75,8e-12,9440.608762859283,-5.999948500558459,0.0176045089842689
R75,8e-12,9716.279515771113,-5.999945448479812,0.01811856073681129
R75,8e-12,10000.000000000055,-5.999942215557516,0.018647622242676326
R75,8e-12,10292.00527194434,-5.999938791076312,0.01919213171982546
R75,8e-12,10592.537251772948,-5.9999351636860965,0.019752540175675095
R75,8e-12,10901.844923851339,-5.999931321364274,0.020329311779947033
R75,8e-12,11220.184543019699,-5.999927251375923,0.020922924248352123
R75,8e-12,11547.819846894648,-5.999922940231603,0.021533869237417985
R75,8e-12,11885.022274370254,-5.999918373642659,0.022162652750780342
R75,8e-12,12232.071190499388,-5.999913536473868,0.02280979555726786
R75,8e-12,12589.254117941748,-5.999908412693299,0.023475833621117218
R75,8e-12,12956.866975170273,-5.999902985319142,0.02416131854466658
R75,8e-12,13335.21432163332,-5.999897236363537,0.024866818023884206
R75,8e-12,13724.609610075704,-5.999891146772883,0.02559291631709795
R75,8e-12,14125.37544622763,-5.99988469636474,0.026340214727302635
R75,8e-12,14537.843856076708,-5.999877863760966,0.027109332098432193
R75,8e-12,14962.356560944427,-5.999870626316883,0.027900905325992875
R75,8e-12,15399.265260595015,-5.999862960046279,0.02871558988246604
R75,8e-12,15848.931924611234,-5.999854839541886,0.02955406035789743
R75,8e-12,16311.729092278485,-5.999846237891268,0.030417011016105062
R75,8e-12,16788.040181225708,-5.999837126587629,0.03130515636694395
R75,8e-12,17278.259805078742,-5.9998274754354055,0.0322192317550817
R75,8e-12,17782.79410038934,-5.9998172524502245,0.033159993965748424
R75,8e-12,18302.061063110676,-5.99980642375298,0.034128221847937165
R75,8e-12,18836.490894898125,-5.99979495345759,0.035124716955542305
R75,8e-12,19386.5263595222,-5.999782803552171,0.03615030420693808
R75,8e-12,19952.623149688927,-5.999769933773116,0.03720583256350787
R75,8e-12,20535.250264571598,-5.999756301471758,0.038292175727651465
R75,8e-12,21134.89039836661,-5.999741861473134,0.039410232860808934
R75,8e-12,21752.040340195374,-5.999726565926386,0.040560929322051256
R75,8e-12,22387.21138568355,-5.999710364146341,0.041745217427803884
R75,8e-12,23040.929760558614,-5.999693202445636,0.04296407723327939
R75,8e-12,23713.737056616716,-5.999675023957017,0.04421851733621233
R75,8e-12,24406.19068041997,-5.999655768445021,0.045509575703498985
R75,8e-12,25118.864315095976,-5.999635372106646,0.04683832052136258
R75,8e-12,25852.348395622088,-5.999613767360057,0.04820585106967183
R75,8e-12,26607.250597988284,-5.9995908826209785,0.0496132986210619
R75,8e-12,27384.19634264381,-5.999566642065717,0.05106182736551306
R75,8e-12,28183.829312644742,-5.999540965380302,0.052552635361061195
R75,8e-12,29006.81198693175,-5.999513767494644,0.054086955511322
R75,8e-12,29853.826189179817,-5.999484958301135,0.055666056570530524
R75,8e-12,30725.573652674695,-5.999454442356503,0.057291244176803514
R75,8e-12,31622.77660168403,-5.999422118566089,0.058963861914348305
R75,8e-12,32546.17834980483,-5.9993878798494915,0.06068529240535494
R75,8e-12,33496.54391578302,-5.999351612786406,0.06245695843231494
R75,8e-12,34474.6606573152,-5.999313197241606,0.06428032409152755
R75,8e-12,35481.33892335782,-5.999272505967717,0.06615689597855787
R75,8e-12,36517.41272548406,-5.9992294041846,0.06808822440642795
R75,8e-12,37583.740428844714,-5.999183749133836,0.07007590465732312
R75,8e-12,38681.20546330552,-5.999135389606962,0.07212157826860997
R75,8e-12,39810.71705535004,-5.999084165445898,0.07422693435396692
R75,8e-12,40973.210981354474,-5.9990299070138375,0.07639371096042992
R75,8e-12,42169.650342858564,-5.99897243463497,0.07862369646216497
R75,8e-12,43401.02636447473,-5.998911558001181,0.08091873099177932
R75,8e-12,44668.35921509667,-5.9988470755437815,0.08328070790998217
R75,8e-12,45972.69885308759,-5.998778773768201,0.08571157531440506
R75,8e-12,47315.125896148435,-5.998706426549508,0.08821333758838834
R75,8e-12,48696.75251658671,-5.998629794386462,0.09078805699053247
R75,8e-12,50118.723362727644,-5.998548623611633,0.09343785528580392
R75,8e-12,51582.216507230994,-5.99846264555509,0.0961649154189729
R75,8e-12,53088.44442309928,-5.998371575658888,0.09897148323114079
R75,8e-12,54638.65498818588,-5.9982751125381375,0.10185986922007824
R75,8e-12,56234.13251903538,-5.998172936993747,0.10483245034522072
R75,8e-12,57876.19883491255,-5.998064710953446,0.10789167187767174
R75,8e-12,59566.21435290155,-5.997950076364509,0.11104004929631044
R75,8e-12,61305.579214982594,-5.997828654014532,0.11428017023027887
R75,8e-12,63095.734448019866,-5.997700042284552,0.11761469644854633
R75,8e-12,64938.16315762169,-5.997563815828999,0.12104636589702956
R75,8e-12,66834.39175686204,-5.997419524178498,0.1245779947837209
R75,8e-12,68785.99123088135,-5.997266690260839,0.12821247971219177
R75,8e-12,70794.5784384144,-5.9971048088355525,0.13195279986376826
R75,8e-12,72861.81745132341,-5.996933344836991,0.13580201922857627
R75,8e-12,74989.42093324625,-5.99675173162076,0.1397632888855571
R75,8e-12,77179.15155850194,-5.9965593691079135,0.1438398493314394
R75,8e-12,79432.82347242888,-5.996355621820999,0.14803503285851324
R75,8e-12,81752.30379436575,-5.996139816805856,0.15235226598092547
R75,8e-12,84139.5141645203,-5.995911241432658,0.15679507190904263
R75,8e-12,86596.43233600735,-5.9956691410692065,0.16136707307124945
R75,8e-12,89125.0938133754,-5.9954127166193745,0.1660719936823589
R75,8e-12,91727.59353897884,-5.995141121919002,0.17091366235758765
R75,8e-12,94406.08762859325,-5.994853460967819,0.17589601477040517
R75,8e-12,97162.79515771156,-5.99454878506898,0.18102309635505567
R75,8e-12,100000.00000000097,-5.994226089667328,0.18629906504604962
R75,8e-12,102920.05271944383,-5.993884311143632,0.1917281940601928
R75,8e-12,105925.37251772993,-5.99352232335471,0.1973148747128172
R75,8e-12,109018.44923851384,-5.993138933989562,0.20306361926759564
R75,8e-12,112201.84543019746,-5.992732880716659,0.20897906381615627
R75,8e-12,115478.19846894697,-5.992302827111395,0.2150659711836654
R75,8e-12,118850.22274370304,-5.9918473583514364,0.2213292338559877
R75,8e-12,122320.71190499439,-5.9913649766673425,0.22777387692347192
R75,8e-12,125892.541179418,-5.990854096535306,0.234405061035782
R75,8e-12,129568.66975170327,-5.990313039598064,0.2412280853614989
R75,8e-12,133352.1432163338,-5.989740029299476,0.24824839054547135
R75,8e-12,137246.09610075763,-5.989133185217541,0.2554715616560623
R75,8e-12,141253.7544622769,-5.988490517077299,0.26290333111343117
R75,8e-12,145378.4385607677,-5.987809918443049,0.27054958158983256
R75,8e-12,149623.56560944492,-5.987089160032489,0.2784163488693819
R75,8e-12,153992.65260595083,-5.986325882688194,0.28650982465766495
R75,8e-12,158489.31924611304,-5.985517589947412,0.29483635932622004
R75,8e-12,163117.29092278559,-5.984661640201598,0.30340246457773495
R75,8e-12,167880.40181225786,-5.983755238454423,0.31221481601734963
R75,8e-12,172782.59805078822,-5.982795427577571,0.32128025560833856
R75,8e-12,177827.94100389423,-5.981779079140943,0.3306057939975786
R75,8e-12,183020.61063110761,-5.980702883762817,0.34019861268807056
R75,8e-12,188364.90894898213,-5.979563340869185,0.35006606603008056
R75,8e-12,193865.26359522287,-5.978356747991187,0.36021568301355567
R75,8e-12,199526.23149689016,-5.97707918946325,0.37065516882760313
R75,8e-12,205352.5026457169,-5.975726524532918,0.3813924061581691
R75,8e-12,211348.90398366703,-5.974294374852753,0.39243545619011216
R75,8e-12,217520.4034019547,-5.972778111351057,0.4037925592785497
R75,8e-12,223872.11385683648,-5.971172840395499,0.4154721352456941
R75,8e-12,230409.29760558717,-5.969473389327909,0.4274827832667245
R75,8e-12,237137.37056616822,-5.967674291198165,0.43983328128765303
R75,8e-12,244061.90680420081,-5.965769768809819,0.4525325849332909
R75,8e-12,251188.64315096088,-5.9637537179866795,0.4655898258454712
R75,8e-12,258523.48395622204,-5.961619689998956,0.47901430938824247
R75,8e-12,266072.505979884,-5.959360873255596,0.49281551166493964
R75,8e-12,273841.96342643927,-5.956970074025941,0.5070030757597865
R75,8e-12,281838.29312644864,-5.954439696397678,0.521586807145798
R75,8e-12,290068.11986931873,-5.951761721319702,0.5365766681666149
R75,8e-12,298538.26189179946,-5.948927684684158,0.5519827715006121
R75,8e-12,307255.7365267483,-5.945928654597714,0.5678153725266921
R75,8e-12,316227.7660168417,-5.942755207575082,0.5840848604661993
R75,8e-12,325461.7834980498,-5.939397403920254,0.6008017482159138
R75,8e-12,334965.4391578317,-5.9358447621021915,0.6179766607369869
R75,8e-12,344746.6065731536,-5.932086232169356,0.6356203218771099
R75,8e-12,354813.3892335798,-5.9281101682789465,0.6537435394983598
R75,8e-12,365174.1272548422,-5.923904300306818,0.6723571887627015
R75,8e-12,375837.4042884488,-5.919455704473997,0.6914721934122542
R75,8e-12,386812.054633057,-5.914750773272871,0.7110995049104448
R75,8e-12,398107.1705535022,-5.909775184391824,0.7312500792335123
R75,8e-12,409732.10981354665,-5.904513869070541,0.7519348511747838
R75,8e-12,421696.5034285876,-5.8989509796077995,0.7731647059299779
R75,8e-12,434010.26364474936,-5.893069856383206,0.7949504477965221
R75,8e-12,446683.59215096885,-5.886852994303606,0.8173027657536593
R75,8e-12,459726.9885308781,-5.8802820089568675,0.840232195725796
R75,8e-12,473151.2589614866,-5.873337602469846,0.8637490792829479
R75,8e-12,486967.5251658694,-5.8659995293769285,0.8878635185631927
R75,8e-12,501187.23362727877,-5.858246562572951,0.9125853271596582
R75,8e-12,515822.16507231235,-5.850056459672016,0.9379239767404459
R75,8e-12,530884.4442309953,-5.841405929986927,0.963888539146856
R75,8e-12,546386.5498818613,-5.83227060242472,0.990487623720221
R75,8e-12,562341.3251903565,-5.822624994645788,1.0177293096113067
R75,8e-12,578761.9883491283,-5.812442483801056,1.045621072817591
R75,8e-12,595662.1435290184,-5.801695279372518,1.0741697077298793
R75,8e-12,613055.7921498289,-5.790354398464212,1.1033812429427203
R75,8e-12,630957.3444802017,-5.7783896441191045,1.1332608511295355
R75,8e-12,649381.63157622,-5.765769587234397,1.1638127527962745
R75,8e-12,668343.9175686237,-5.752461552610558,1.1950401137362414
R75,8e-12,687859.9123088169,-5.738431609955437,1.2269449360881464
R75,8e-12,707945.7843841475,-5.723644570459778,1.259527942890398
R75,8e-12,728618.1745132377,-5.708063989745954,1.2927884560979408
R75,8e-12,749894.2093324661,-5.691652178171808,1.3267242681164257
R75,8e-12,771791.5155850231,-5.67437021922449,1.3613315069117984
R75,8e-12,794328.2347242925,-5.656177997157562,1.3966044949148346
R75,8e-12,817523.0379436614,-5.6370342347767455,1.4325356019667361
R75,8e-12,841395.141645207,-5.616896542536268,1.4691150927058811
R75,8e-12,865964.3233600776,-5.5957214800448805,1.5063309688922688
R75,8e-12,891250.9381337581,-5.573464631139712,1.5441688073058397
R75,8e-12,917275.9353897927,-5.550080693808035,1.5826115940316245
R75,8e-12,944060.8762859369,-5.525523585980354,1.6216395560356387
R75,8e-12,971627.9515771201,-5.499746568676083,1.661229991242111
R75,8e-12,1000000.0000000144,-5.472702387395056,1.70135709835809
R75,8e-12,1029200.527194443,-5.444343433095384,1.7419918080353651
R75,8e-12,1059253.7251773044,-5.4146219237846385,1.7831016171107128
R75,8e-12,1090184.4923851436,-5.38349010760688,1.8246504278738218
R75,8e-12,1122018.4543019799,-5.350900488393981,1.866598394614452
R75,8e-12,1154781.984689475,-5.316806074253001,1.908901779863348
R75,8e-12,1188502.2274370359,-5.281160649661127,1.951512823006702
R75,8e-12,1223207.1190499496,-5.2439190713012,1.994379624184656
R75,8e-12,1258925.4117941859,-5.205037587515308,2.0374460465739848
R75,8e-12,1295686.6975170388,-5.164474180936282,2.080651640351904
R75,8e-12,1333521.432163344,-5.122188933419748,2.1239315917774393
R75,8e-12,1372460.9610075825,-5.078144412106881,2.167216701004429
R75,8e-12,1412537.5446227754,-5.032306074714503,2.210433392210776
R75,8e-12,1453784.3856076836,-4.984642691830014,2.2535037597192216
R75,8e-12,1496235.6560944559,-4.935126783334474,2.296345653689384
R75,8e-12,1539926.526059515,-4.883735065517913,2.338872808833931
R75,8e-12,1584893.1924611374,-4.830448904806495,2.380995019365633
R75,8e-12,1631172.909227863,-4.775254773432018,2.4226183630636458
R75,8e-12,1678804.0181225857,-4.71814470172247,2.46364547688812
R75,8e-12,1727825.9805078898,-4.659116721286257,2.503975886113825
R75,8e-12,1778279.41003895,-4.5981752925462915,2.543506388150978
R75,8e-12,1830206.106311084,-4.5353317099112145,2.5821314915992404
R75,8e-12,1883649.0894898295,-4.470604477261443,2.61974391007967
R75,8e-12,1938652.6359522373,-4.4040196463902355,2.6562351095344576
R75,8e-12,1995262.3149689105,-4.335611110716543,2.6914959065160775
R75,8e-12,2053525.026457178,-4.265420846772116,2.725417113949913
R75,8e-12,2113489.0398366796,-4.193499096055405,2.7578902296217507
R75,8e-12,2175204.0340195564,-4.119904480308033,2.788808161501592
R75,8e-12,2238721.1385683743,-4.044704043966535,2.8180659829300034
R75,8e-12,2304092.9760558815,-3.9679732179563496,2.845561709332297
R75,8e-12,2371373.705661692,-3.8897957006098633,2.8711970875279866
R75,8e-12,2440619.0680420185,-3.8102632520326525,2.8948783873880415
R75,8e-12,2511886.4315096196,-3.729475400066575,2.9165171851950586
R75,8e-12,2585234.8395622317,-3.647539057228825,2.936031127359302
R75,8e-12,2660725.059798852,-3.564568049893626,2.9533446630737297
R75,8e-12,2738419.6342644054,-3.4806825622687345,2.968389734159734
R75,8e-12,2818382.931264499,-3.396008499939887,2.9811064110145757
R75,8e-12,2900681.1986932005,-3.310676778946282,2.9914434637122094
R75,8e-12,2985382.618918008,-3.224822548443535,2.99935885853478
R75,8e-12,3072557.365267497,-3.1385843560475277,3.00482017092614
R75,8e-12,3162277.6601684312,-3.0521032666131065,3.007804907506694
R75,8e-12,3254617.8349805125,-2.965521946161966,3.0083007312509986
R75,8e-12,3349654.391578332,-2.878983723381171,3.0063055855432417
R75,8e-12,3447466.065731551,-2.7926316418838515,3.001827714913956
R75,8e-12,3548133.8923358135,-2.706607516444357,2.994885581994612
R75,8e-12,3651741.272548438,-2.621051006438012,2.9855076822785587
R75,8e-12,3758374.042884505,-2.536098719262991,2.9737322601309137
R75,8e-12,3868120.546330587,-2.4518833557736652,2.9596069312362476
R75,8e-12,3981071.70553504,-2.368532908906632,2.9431882184715605
R75,8e-12,4097321.0981354844,-2.286169925212171,2.9245410093460564
R75,8e-12,4216965.034285894,-2.2049108378969833,2.9037379447286114
R75,8e-12,4340102.636447512,-2.1248653780659756,2.8808587491021447
R75,8e-12,4466835.921509706,-2.0461360695160637,2.855989513660421
R75,8e-12,4597269.885308799,-1.968817810413915,2.8292219435430344
R75,8e-12,4731512.589614885,-1.8929975437574094,2.800652580959734
R75,8e-12,4869675.251658713,-1.818754016661974,2.7703820155076935
R75,8e-12,5011872.336272808,-1.7461576270475327,2.7385140926817644
R75,8e-12,5158221.650723144,-1.6752703549032928,2.7051551309830457
R75,8e-12,5308844.442309974,-1.606145773975739,2.670413157102878
R75,8e-12,5463865.498818635,-1.5388291387130075,2.6343971677890705
R75,8e-12,5623413.251903587,-1.4733575403894064,2.597216425882199
R75,8e-12,5787619.883491306,-1.4097601256751688,2.5589797968963532
R75,8e-12,5956621.435290207,-1.348058370406985,2.51979513128197
R75,8e-12,6130557.921498313,-1.2882664011102514,2.4797686964723704
R75,8e-12,6309573.444802041,-1.2303913566108657,2.4390046614701943
R75,8e-12,6493816.315762226,-1.174433782259594,2.3976046358680034
R75,8e-12,6683439.175686263,-1.1203880493942855,2.3556672639951723
R75,8e-12,6878599.123088196,-1.0682427930579774,2.313287874087255
R75,8e-12,7079457.843841503,-1.0179813614032402,2.2705581815378744
R75,8e-12,7286181.745132405,-0.9695822706742684,2.227566044494044
R75,8e-12,7498942.093324691,-0.9230196603208476,2.184395269693694
R75,8e-12,7717915.155850261,-0.8782637432480753,2.1411254656453336
R75,8e-12,7943282.347242957,-0.8352812469571389,2.0978319401913
R75,8e-12,8175230.379436647,-0.794035841855945,2.0545856390293653
R75,8e-12,8413951.416452102,-0.7544885536470916,2.0114531216538105
R75,8e-12,8659643.23360081,-0.7165981572812857,1.9684965710989415
R75,8e-12,8912509.381337617,-0.6803215504974559,1.9257738338248092
R75,8e-12,9172759.353897963,-0.6456141054861004,1.8833384861613274
R75,8e-12,9440608.762859406,-0.612429997653259,1.841239923771745
R75,8e-12,9716279.51577124,-0.5807225109046397,1.79952347082003
R75,8e-12,10000000.000000184,-0.5504443191996878,1.758230505599228
R75,8e-12,10292005.271944473,-0.5215477444827723,1.7173985996960364
R75,8e-12,10592537.251773085,-0.49398499133800583,1.677061667888752
R75,8e-12,10901844.923851479,-0.4677083589540969,1.6372501262389552
R75,8e-12,11220184.543019842,-0.4426704311799488,1.5979910561009343
R75,8e-12,11547819.846894797,-0.41882424558364106,1.559308371952771
R75,8e-12,11885022.274370406,-0.3961234425523231,1.5212229912213395
R75,8e-12,12232071.190499544,-0.3745223955506651,1.4837530044910017
R75,8e-12,12589254.117941909,-0.3539763236982932,1.4469138446498282
R75,8e-12,12956866.97517044,-0.3344413878813712,1.4107184538217663
R75,8e-12,13335214.321633492,-0.3158747715951133,1.3751774470066374
R75,8e-12,13724609.61007588,-0.29823474772455427,1.3402992715891726
R75,8e-12,14125375.446227811,-0.2814807324533443,1.3060903620596511
R75,8e-12,14537843.856076894,-0.26557332743102247,1.2725552893110639
R75,8e-12,14962356.560944619,-0.2504743513209171,1.2396969041596382
R75,8e-12,15399265.260595214,-0.2361468617759882,1.2075164747353575
R75,8e-12,15848931.924611438,-0.222555168841577,1.1760138175122412
R75,8e-12,16311729.092278697,-0.20966484073544983,1.1451874218866953
R75,8e-12,16788040.181225926,-0.19744270288308405,1.1150345682254217
R75,8e-12,17278259.80507897,-0.18585683103025338,1.0855514393928483
R75,8e-12,17782794.100389574,-0.1748765391942702,1.0567332258236772
R75,8e-12,18302061.063110918,-0.16447236315761488,1.0285742242676126
R75,8e-12,18836490.894898374,-0.15461604014215896,1.0010679303255345
R75,8e-12,19386526.359522454,-0.1452804852539455,0.9742071249755065
R75,8e-12,19952623.14968919,-0.136439765231654,0.9479839552946082
R75,8e-12,20535250.264571868,-0.12806906997654788,0.9223900095677766
R75,8e-12,21134890.398366887,-0.12014468230251694,0.897416387052021
R75,8e-12,21752040.34019566,-0.11264394629148675,0.8730537626149071
R75,8e-12,22387211.385683842,-0.1055452346023669,0.8492924465073143
R75,8e-12,23040929.760558918,-0.09882791504014568,0.8261224395131764
R75,8e-12,23713737.05661703,-0.09247231665642394,0.8035334837224629
R75,8e-12,24406190.680420294,-0.08645969562197012,0.781515109194849
R75,8e-12,25118864.315096308,-0.08077220107577282,0.7600566767215052
R75,8e-12,25852348.39562243,-0.07539284113499237,0.739147416959206
R75,8e-12,26607250.597988635,-0.07030544921810622,0.7187764661347088
R75,8e-12,27384196.34264417,-0.06549465081609823,0.6989328985628243
R75,8e-12,28183829.31264511,-0.0609458308228057,0.6796057561788053
R75,8e-12,29006811.98693213,-0.05664510151865203,0.6607840752920151
R75,8e-12,29853826.189180207,-0.052579271285288554,0.6424569107563626
R75,8e-12,30725573.652675096,-0.04873581411370978,0.6246133577390323
R75,8e-12,31622776.601684444,-0.04510283995615617,0.6072425712717052
R75,8e-12,32546178.34980526,-0.04166906595885287,0.590333783729995
R75,8e-12,33496543.915783457,-0.03842378860555352,0.5738763204300891
R75,8e-12,34474660.65731565,-0.03535685678882125,0.5578596134488688
R75,8e-12,35481338.92335828,-0.03245864582226779,0.5422732138372973
R75,8e-12,36517412.72548453,-0.029720032397945764,0.5271068023512682
R75,8e-12,37583740.4288452,-0.02713237048703482,0.5123501988012402
R75,8e-12,38681205.463306025,-0.02468746817877826,0.4979933701609809
R75,8e-12,39810717.05535056,-0.022377565446487602,0.4840264375197509
R75,8e-12,40973210.98135501,-0.020195312827087353,0.47043968198778496
R75,8e-12,42169650.34285911,-0.018133750997116165,0.4572235496435842
R75,8e-12,43401026.3644753,-0.016186291225715438,0.4443686556034372
R75,8e-12,44668359.21509726,-0.014346696683335429,0.4318657873014732
R75,8e-12,45972698.8530882,-0.012609064582979047,0.4197059070385516
R75,8e-12,47315125.89614906,-0.010967809129923366,0.40788015388424065
R75,8e-12,48696752.516587354,-0.009417645254638767,0.39637984498037504
R75,8e-12,50118723.362728305,-0.007953573103150435,0.3851964763134504
R75,8e-12,51582216.507231675,-0.006570863258712964,0.37432172299706534
R75,8e-12,53088444.42309998,-0.00526504266826321,0.3637474391314074
R75,8e-12,54638654.988186605,-0.00403188124745173,0.3534656572632746
R75,8e-12,56234132.51903613,-0.0028673791378190303,0.34346858750485065
R75,8e-12,57876198.83491332,-0.0017677545901683238,0.3337486163418102
R75,8e-12,59566214.352902345,-0.0007294324485803416,0.3242983051642604
R75,8e-12,61305579.21498341,0.0002509667902351048,0.3151103885574976
R75,8e-12,63095734.44802071,0.0011766373667852006,0.30617777237773913
R75,8e-12,64938163.15762256,0.002050598121817078,0.29749353163911113
R75,8e-12,66834391.75686294,0.002875701856121805,0.28905090824123253
R75,8e-12,68785991.23088229,0.003654644209490918,0.2808433085519882
R75,8e-12,70794578.43841536,0.004389972081168097,0.272864300873438
R75,8e-12,72861817.45132439,0.005084091612861927,0.26510761280464307
R75,8e-12,74989420.93324725,0.005739275754841655,0.25756712851861585
R75,8e-12,77179151.55850297,0.006357671434899464,0.2502368859689705
R75,8e-12,79432823.47242993,0.006941306349469583,0.24311107404349735
R75,8e-12,81752303.79436684,0.007492095394666677,0.23618402966977034
R75,8e-12,84139514.1645214,0.00801184675535831,0.2294502348920245
R75,8e-12,86596432.33600849,0.00850226766862526,0.22290431392325183
R75,8e-12,89125093.81337658,0.008964969878071802,0.21654103018618978
R75,8e-12,91727593.53898005,0.009401474794292635,0.2103552833498732
R75,8e-12,94406087.6285945,0.009813218375967266,0.20434210636672895
R75,8e-12,97162795.15771285,0.010201555745849588,0.19849666251932316
R75,8e-12,100000000.0000023,0.010567765555624949,0.19281424248726378
R75,8e-12,102920052.71944518,0.01091305411116698,0.18729026142798239
R75,8e-12,105925372.51773132,0.011238559271529863,0.181920256086795
R75,8e-12,109018449.23851527,0.011545354132895045,0.17669988193642983
R75,8e-12,112201845.43019894,0.011834450508336078,0.17162491034837096
R75,8e-12,115478198.4689485,0.012106802214294759,0.16669122580220536
R75,8e-12,118850222.7437046,0.012363308173379207,0.16189482313288434
R75,8e-12,122320711.90499601,0.012604815343468499,0.1572318048217606
R75,8e-12,125892541.17941967,0.012832121481585362,0.15269837832962804
R75,8e-12,129568669.75170499,0.01304597775164495,0.14829085347720558
R75,8e-12,133352143.21633555,0.013247091184150881,0.14400563987385553
R75,8e-12,137246096.10075945,0.013436126994799302,0.13983924439153675
R75,8e-12,141253754.46227878,0.013613710770846658,0.1357882686938847
R75,8e-12,145378438.56076965,0.013780430530810682,0.13184940681314375
R75,8e-12,149623565.6094469,0.01393683866473162,0.12801944277942123
R75,8e-12,153992652.6059529,0.014083453761599887,0.12429524830430531
R75,8e-12,158489319.24611515,0.0142207623290421,0.12067378051497368
R75,8e-12,163117290.92278776,0.014349220412043525,0.1171520797445956
R75,8e-12,167880401.8122601,0.01446925511505211,0.1137272673742906
R75,8e-12,172782598.05079052,0.014581266033548774,0.1103965437312463
R75,8e-12,177827941.0038966,0.014685626599260482,0.10715718603989692
R75,8e-12,183020610.63111004,0.01478268534404525,0.1040065464279205
R75,8e-12,188364908.94898462,0.014872767086993335,0.10094204998735923
R75,8e-12,193865263.59522545,0.014956174048687125,0.09796119288961776
R75,8e-12,199526231.49689284,0.015033186897092002,0.09506154055580553
R75,8e-12,205352502.64571965,0.015104065728575361,0.09224072588080769
R75,8e-12,211348903.98366988,0.015169050988293456,0.08949644751269267
R75,8e-12,217520403.40195763,0.015228364333520266,0.0868264681869842
R75,8e-12,223872113.8568395,0.01528220944295612,0.08422861311413417
R75,8e-12,230409297.60559028,0.015330772776181953,0.08170076842248833
R75,8e-12,237137370.56617144,0.015374224286318114,0.07924087965557378
R75,8e-12,244061906.80420414,0.015412718088987268,0.076846950323072
R75,8e-12,251188643.15096432,0.015446393091223063,0.07451704050653489
R75,8e-12,258523483.95622557,0.015475373583373482,0.0722492655191858
R75,8e-12,266072505.97988766,0.015499769797114944,0.0700417946194736
R75,8e-12,273841963.42644304,0.015519678432923482,0.06789284977863513
R75,8e-12,281838293.1264525,0.015535183160290905,0.06580070450223617
R75,8e-12,290068119.8693227,0.015546355093624157,0.06376368270474059
R75,8e-12,298538261.89180356,0.015553253247488526,0.06178015763776147
R75,8e-12,307255736.52675253,0.015555924974448042,0.05984855087139451
R75,8e-12,316227766.01684606,0.015554406388539912,0.05796733132744409
R75,8e-12,325461783.49805427,0.015548722778696808,0.056135014365783636
R75,8e-12,334965439.1578363,0.015538889014550706,0.054350160920831454
R75,8e-12,344746606.5731583,0.015524909949718209,0.052611376690245
R75,8e-12,354813389.2335847,0.01550678082470326,0.05091731137166259
R75,8e-12,365174127.2548472,0.015484487674835488,0.0492666579493206
R75,8e-12,375837404.288454,0.01545800774642968,0.04765815202756954
R75,8e-12,386812054.6330623,0.01542730992463167,0.04609057120872469
R75,8e-12,398107170.5535077,0.015392355178984799,0.044562734516417485
R75,8e-12,409732109.81355226,0.01535309702865048,0.04307350185831779
R75,8e-12,421696503.42859334,0.015309482032952801,0.04162177352793117
R75,8e-12,434010263.64475524,0.015261450311552809,0.040206489742248955
R75,8e-12,446683592.15097487,0.01520893609726695,0.038826630209890446
R75,8e-12,459726988.5308843,0.015151868327042965,0.037481213727603095
R75,8e-12,473151258.961493,0.015090171274219345,0.03616929779914537
R75,8e-12,486967525.16587603,0.015023765226145605,0.03488997827168448
R75,8e-12,501187233.6272856,0.014952567210681991,0.033642388983803104
R75,8e-12,515822165.0723194,0.014876491774688213,0.03242570141852672
R75,8e-12,530884444.2310025,0.014795451817380451,0.03123912435439384
R75,8e-12,546386549.8818688,0.014709359479929846,0.03008190350595303
R75,8e-12,562341325.1903641,0.014618127093973114,0.028953321146574514
R75,8e-12,578761988.3491361,0.014521668188363247,0.02785269570314759
R75,8e-12,595662143.5290264,0.014419898554784495,0.026779381314057927
R75,8e-12,613055792.1498371,0.01431273737021815,0.02573276733975829
R75,8e-12,630957344.4802102,0.014200108373948632,0.024712277815787408
R75,8e-12,649381631.5762287,0.014081941094895536,0.02371737083732073
R75,8e-12,668343917.5686326,0.013958172124407253,0.022747537864897274
R75,8e-12,687859912.3088262,0.013828746426625993,0.021802302939905923
R75,8e-12,707945784.3841571,0.013693618678761822,0.02088122180018569
R75,8e-12,728618174.5132475,0.013552754630145257,0.019983880885294843
R75,8e-12,749894209.3324763,0.013406132468349078,0.019109896222698427
R75,8e-12,771791515.5850335,0.013253744178640134,0.018258912186950537
R75,8e-12,794328234.7243032,0.013095596880697717,0.017430600125005132
R75,8e-12,817523037.9436724,0.012931714126185153,0.016624656843222983
R75,8e-12,841395141.6452183,0.012762137138188374,0.01584080295299226
R75,8e-12,865964323.3600892,0.012586925972956235,0.015078781074596403
R75,8e-12,891250938.1337701,0.012406160583453897,0.014338353901552211
R75,8e-12,917275935.389805,0.012219941763536345,0.013619302130453058
R75,8e-12,944060876.2859496,0.01202839195145581,0.01292142226448169
R75,8e-12,971627951.5771332,0.011831655871824725,0.012244524302032446
R75,8e-12,1000000000.0000279,0.01162990099604746,0.011588429325206913
R75,1.6e-11,1000.0,-5.999997709179448,0.003717837626856383
R75,1.6e-11,1029.2005271944283,-5.999997572867289,0.003826400358775295
R75,1.6e-11,1059.2537251772892,-5.999997428478132,0.003938133171871121
R75,1.6e-11,1090.1844923851281,-5.999997275533386,0.004053128633479446
R75,1.6e-11,1122.018454301964,-5.999997113526103,0.004171482013887178
R75,1.6e-11,1154.781984689459,-5.999996941919294,0.004293291365254404
R75,1.6e-11,1188.5022274370194,-5.999996760144156,0.004418657602840329
R75,1.6e-11,1223.2071190499325,-5.999996567598173,0.004547684588600385
R75,1.6e-11,1258.9254117941682,-5.99999636364314,0.004680479217223965
R75,1.6e-11,1295.6866975170205,-5.999996147603023,0.004817151504683667
R75,1.6e-11,1333.5214321633252,-5.999995918761743,0.004957814679369593
R75,1.6e-11,1372.4609610075634,-5.999995676360782,0.005102585275884011
R75,1.6e-11,1412.5375446227558,-5.999995419596682,0.005251583231573945
R75,1.6e-11,1453.7843856076636,-5.999995147618382,0.005404931985881698
R75,1.6e-11,1496.2356560944354,-5.999994859524375,0.005562758582595372
R75,1.6e-11,1539.926526059494,-5.999994554359759,0.005725193775084037
R75,1.6e-11,1584.8931924611159,-5.9999942311130345,0.005892372134604621
R75,1.6e-11,1631.1729092278408,-5.999993888712776,0.006064432161770075
R75,1.6e-11,1678.804018122563,-5.999993526024068,0.00624151640127096
R75,1.6e-11,1727.8259805078665,-5.999993141844752,0.006423771559945452
R75,1.6e-11,1778.279410038926,-5.999992734901434,0.0066113486282952435
R75,1.6e-11,1830.2061063110596,-5.999992303845268,0.006804403005547951
R75,1.6e-11,1883.6490894898043,-5.999991847247487,0.0070030946283692755
R75,1.6e-11,1938.6526359522113,-5.9999913635946625,0.007207588103331433
R75,1.6e-11,1995.2623149688839,-5.99999085128369,0.007418052843247303
R75,1.6e-11,2053.5250264571505,-5.999990308616479,0.007634663207482821
R75,1.6e-11,2113.4890398366515,-5.9999897337943215,0.007857598646363814
R75,1.6e-11,2175.2040340195276,-5.999989124911931,0.00808704384979628
R75,1.6e-11,2238.721138568345,-5.999988479951124,0.008323188900223075
R75,1.6e-11,2304.092976055851,-5.999987796774139,0.008566229430043221
R75,1.6e-11,2371.373705661661,-5.999987073116539,0.008816366783623806
R75,1.6e-11,2440.6190680419863,-5.999986306579726,0.009073808184038284
R75,1.6e-11,2511.8864315095866,-5.999985494622957,0.009338766904668705
R75,1.6e-11,2585.2348395621975,-5.999984634554972,0.009611462445813424
R75,1.6e-11,2660.725059798817,-5.999983723525019,0.009892120716446176
R75,1.6e-11,2738.4196342643686,-5.9999827585134495,0.010180974221276179
R75,1.6e-11,2818.3829312644616,-5.999981736321687,0.010478262253263574
R75,1.6e-11,2900.681198693162,-5.999980653561635,0.010784231091748982
R75,1.6e-11,2985.3826189179686,-5.9999795066444435,0.011099134206360294
R75,1.6e-11,3072.557365267456,-5.9999782917686115,0.011423232466864545
R75,1.6e-11,3162.277660168389,-5.999977004907398,0.011756794359138133
R75,1.6e-11,3254.617834980469,-5.999975641795464,0.01210009620743266
R75,1.6e-11,3349.6543915782872,-5.999974197914743,0.012453422403119342
R75,1.6e-11,3447.466065731505,-5.999972668479468,0.012817065640100541
R75,1.6e-11,3548.133892335766,-5.999971048420307,0.01319132715708141
R75,1.6e-11,3651.741272548389,-5.99996933236755,0.013576516986901007
R75,1.6e-11,3758.3740428844544,-5.999967514633353,0.013972954213127902
R75,1.6e-11,3868.120546330535,-5.999965589192832,0.014380967234130149
R75,1.6e-11,3981.0717055349864,-5.999963549664131,0.014800894034837324
R75,1.6e-11,4097.32109813543,-5.99996138928727,0.015233082466416569
R75,1.6e-11,4216.965034285838,-5.999959100901725,0.015677890534092364
R75,1.6e-11,4340.102636447455,-5.999956676922713,0.016135686693345513
R75,1.6e-11,4466.835921509648,-5.99995410931605,0.016606850154733885
R75,1.6e-11,4597.2698853087395,-5.999951389571519,0.017091771197583913
R75,1.6e-11,4731.512589614823,-5.999948508674678,0.01759085149280969
R75,1.6e-11,4869.67525165865,-5.99994545707698,0.018104504435122692
R75,1.6e-11,5011.872336272742,-5.999942224664134,0.018633155484903442
R75,1.6e-11,5158.221650723077,-5.999938800722573,0.019177242520013682
R75,1.6e-11,5308.8444423099045,-5.999935173903983,0.019737216197835555
R75,1.6e-11,5463.865498818564,-5.999931332187652,0.02031354032783217
R75,1.6e-11,5623.413251903514,-5.999927262840676,0.020906692254932142
R75,1.6e-11,5787.61988349123,-5.999922952375744,0.021517163254049804
R75,1.6e-11,5956.62143529013,-5.9999183865064545,0.022145458936059938
R75,1.6e-11,6130.557921498234,-5.99991355009997,0.02279209966555636
R75,1.6e-11,6309.57344480196,-5.999908427126876,0.02345762099073196
R75,1.6e-11,6493.816315762142,-5.99990300060806,0.024142574085726582
R75,1.6e-11,6683.439175686176,-5.999897252558491,0.02484752620580046
R75,1.6e-11,6878.599123088107,-5.9998911639275585,0.025573061155697328
R75,1.6e-11,7079.457843841412,-5.9998847145360275,0.026319779771576037
R75,1.6e-11,7286.181745132311,-5.999877883009122,0.027088300416894247
R75,1.6e-11,7498.942093324594,-5.999870646705742,0.027879259492643083
R75,1.6e-11,7717.915155850161,-5.9998629816434415,0.028693311962338736
R75,1.6e-11,7943.282347242854,-5.99985486241898,0.029531131892189737
R75,1.6e-11,8175.23037943654,-5.99984626212415,0.030393413006868684
R75,1.6e-11,8413.951416451991,-5.999837152256666,0.031280869261329516
R75,1.6e-11,8659.643233600696,-5.999827502625731,0.03219423542912191
R75,1.6e-11,8912.5093813375,-5.999817281252012,0.033134267707665935
R75,1.6e-11,9172.759353897844,-5.999806454261761,0.03410174434096431
R75,1.6e-11,9440.608762859283,-5.999794985774561,0.03509746626023744
R75,1.6e-11,9716.279515771113,-5.99978283778452,0.03612225774298369
R75,1.6e-11,10000.000000000055,-5.999769970034394,0.03717696709097585
R75,1.6e-11,10292.00527194434,-5.999756339882243,0.03826246732771935
R75,1.6e-11,10592.537251772948,-5.999741902160254,0.039379656915911145
R75,1.6e-11,10901.844923851339,-5.999726609025138,0.040529460495447936
R75,1.6e-11,11220.184543019699,-5.999710409799706,0.04171282964255106
R75,1.6e-11,11547.819846894648,-5.999693250805088,0.0429307436505825
R75,1.6e-11,11885.022274370254,-5.999675075183011,0.04418421033314445
R75,1.6e-11,12232.071190499388,-5.999655822707554,0.045474266850065934
R75,1.6e-11,12589.254117941748,-5.9996354295857826,0.046801980556893774
R75,1.6e-11,12956.866975170273,-5.999613828246549,0.04816844987851859
R75,1.6e-11,13335.21432163332,-5.99959094711691,0.049574805207582326
R75,1.6e-11,13724.609610075704,-5.999566710385183,0.0510222098283219
R75,1.6e-11,14125.37544622763,-5.9995410377500855,0.05251186086652168
R75,1.6e-11,14537.843856076708,-5.999513844155001,0.05404499026626031
R75,1.6e-11,14962.356560944427,-5.999485039506584,0.05562286579414608
R75,1.6e-11,15399.265260595015,-5.999454528376688,0.057246792071753726
R75,1.6e-11,15848.931924611234,-5.999422209686669,0.0589181116369817
R75,1.6e-11,16311.729092278485,-5.999387976373099,0.06063820603506761
R75,1.6e-11,16788.040181225708,-5.9993517150336535,0.06240849694000388
R75,1.6e-11,17278.259805078742,-5.999313305552161,0.06423044730711422
R75,1.6e-11,17782.79410038934,-5.99927262070144,0.06610556255755372
R75,1.6e-11,18302.061063110676,-5.9992295257227335,0.0680353917955124
R75,1.6e-11,18836.490894898125,-5.999183877880291,0.07002152905890575
R75,1.6e-11,19386.5263595222,-5.999135525989695,0.07206561460434563
R75,1.6e-11,19952.623149688927,-5.999084309918311,0.07416933622719034
R75,1.6e-11,20535.250264571598,-5.999030060056305,0.07633443061747906
R75,1.6e-11,21134.89039836661,-5.998972596756459,0.07856268475255998
R75,1.6e-11,21752.040340195374,-5.998911729740959,0.08085593732721906
R75,1.6e-11,22387.21138568355,-5.998847257473239,0.08321608022212626
R75,1.6e-11,23040.929760558614,-5.9987789664927496,0.0856450600113996
R75,1.6e-11,23713.737056616716,-5.998706630710645,0.08814487951010154
R75,1.6e-11,24406.19068041997,-5.998630010663896,0.09071759936245662
R75,1.6e-11,25118.864315095976,-5.9985488527256345,0.09336533967158578
R75,1.6e-11,25852.348395622088,-5.998462888268868,0.09609028167152574
R75,1.6e-11,26607.250597988284,-5.998371832781195,0.09889466944229994
R75,1.6e-11,27384.19634264381,-5.998275384927334,0.10178081166877058
R75,1.6e-11,28183.829312644742,-5.9981732255567195,0.10475108344399525
R75,1.6e-11,29006.81198693175,-5.998065016652663,0.10780792811775998
R75,1.6e-11,29853.826189179817,-5.9979504002199775,0.11095385919094884
R75,1.6e-11,30725.573652674695,-5.997828997107276,0.11419146225634848
R75,1.6e-11,31622.77660168403,-5.997700405760254,0.1175233969864536
R75,1.6e-11,32546.17834980483,-5.997564200901958,0.12095239916877493
R75,1.6e-11,33496.54391578302,-5.9974199321357435,0.12448128278909343
R75,1.6e-11,34474.6606573152,-5.997267122466563,0.1281129421630323
R75,1.6e-11,35481.33892335782,-5.99710526673577,0.13185035411623608
R75,1.6e-11,36517.41272548406,-5.996933829964538,0.13569658021335723
R75,1.6e-11,37583.740428844714,-5.99675224560056,0.13965476903594323
R75,1.6e-11,38681.20546330552,-5.996559913662561,0.14372815850920886
R75,1.6e-11,39810.71705535004,-5.996356198776754,0.14792007827754328
R75,1.6e-11,40973.210981354474,-5.9961404280989825,0.1522339521284578
R75,1.6e-11,42169.650342858564,-5.995911889116122,0.15667330046452208
R75,1.6e-11,43401.02636447473,-5.995669827319861,0.16124174282265805
R75,1.6e-11,44668.35921509667,-5.9954134437455755,0.16594300043995852
R75,1.6e-11,45972.69885308759,-5.995141892368681,0.1707808988649771
R75,1.6e-11,47315.125896148435,-5.994854277350435,0.17575937061320507
R75,1.6e-11,48696.75251658671,-5.994549650124721,0.1808824578651572
R75,1.6e-11,50118.723362727644,-5.994227006316842,0.18615431520521836
R75,1.6e-11,51582.216507230994,-5.99388528248503,0.191579212399059
R75,1.6e-11,53088.44442309928,-5.993523352674713,0.19716153720706792
R75,1.6e-11,54638.65498818588,-5.993140024773858,0.20290579823081467
R75,1.6e-11,56234.13251903538,-5.992734036666515,0.2088166277894342
R75,1.6e-11,57876.19883491255,-5.992304052153019,0.21489878482139532
R75,1.6e-11,59566.21435290155,-5.991848656651549,0.22115715780816347
R75,1.6e-11,61305.579214982594,-5.991366352648393,0.22759676771413337
R75,1.6e-11,63095.734448019866,-5.9908555548917235,0.2342227709375111
R75,1.6e-11,64938.16315762169,-5.990314585313543,0.24104046226580642
R75,1.6e-11,66834.39175686204,-5.989741667665474,0.248055277828928
R75,1.6e-11,68785.99123088135,-5.989134921853005,0.2552727980420028
R75,1.6e-11,70794.5784384144,-5.988492357952456,0.26269875052918445
R75,1.6e-11,72861.81745132341,-5.987811869893931,0.27033901301870045
R75,1.6e-11,74989.42093324625,-5.987091228793058,0.2781996161983511
R75,1.6e-11,77179.15155850194,-5.98632807591346,0.28628674651948804
R75,1.6e-11,79432.82347242888,-5.985519915241059,0.29460674893623784
R75,1.6e-11,81752.30379436575,-5.984664105650839,0.3031661295653692
R75,1.6e-11,84139.5141645203,-5.983757852645741,0.3119715582506985
R75,1.6e-11,86596.43233600735,-5.982798199646617,0.32102987101429814
R75,1.6e-11,89125.0938133754,-5.981782018811578,0.3303480723750233
R75,1.6e-11,91727.59353897884,-5.9807060013622975,0.3399333375129534
R75,1.6e-11,94406.08762859325,-5.979566647380687,0.3497930142554823
R75,1.6e-11,97162.79515771156,-5.978360255132075,0.35993462486401917
R75,1.6e-11,100000.00000000097,-5.977082909690969,0.3703658675815615
R75,1.6e-11,102920.05271944383,-5.9757304711103805,0.38109461792577276
R75,1.6e-11,105925.37251772993,-5.974298561909583,0.3921289296824831
R75,1.6e-11,109018.44923851384,-5.972782553934679,0.40347703556759684
R75,1.6e-11,112201.84543019746,-5.971177554551932,0.4151473475166974
R75,1.6e-11,115478.19846894697,-5.969478392147968,0.4271484565589469
R75,1.6e-11,118850.22274370304,-5.967679600910196,0.4394891322280378
R75,1.6e-11,122320.71190499439,-5.965775404861185,0.45217832145889925
R75,1.6e-11,125892.541179418,-5.963759701121137,0.46522514691449923
R75,1.6e-11,129568.66975170327,-5.961626042372934,0.47863890468242415
R75,1.6e-11,133352.1432163338,-5.959367618505243,0.49242906127592473
R75,1.6e-11,137246.09610075763,-5.956977237410077,0.5066052498687884
R75,1.6e-11,141253.7544622769,-5.9544473049101985,0.5211772656875356
R75,1.6e-11,145378.4385607677,-5.951769803812006,0.5361550604800235
R75,1.6e-11,149623.56560944492,-5.948936272026212,0.5515487359683106
R75,1.6e-11,153992.65260595083,-5.945937779794258,0.5673685361949891
R75,1.6e-11,158489.31924611304,-5.942764905968697,0.5836248386569707
R75,1.6e-11,163117.29092278559,-5.939407713350666,0.6003281441176191
R75,1.6e-11,167880.40181225786,-5.935855723110014,0.6174890649822735
R75,1.6e-11,172782.59805078822,-5.9320978882115245,0.6351183121032367
R75,1.6e-11,177827.94100389423,-5.928122565953508,0.6532266798892828
R75,1.6e-11,183020.61063110761,-5.923917489603142,0.6718250295736612
R75,1.6e-11,188364.90894898213,-5.9194697390662325,0.6909242704782514
R75,1.6e-11,193865.26359522287,-5.914765710777053,0.7105353391285965
R75,1.6e-11,199526.23149689016,-5.909791086741433,0.7306691760364284
R75,1.6e-11,205352.5026457169,-5.904530802826357,0.7513366999725858
R75,1.6e-11,211348.90398366703,-5.898969016363616,0.7725487795393623
R75,1.6e-11,217520.4034019547,-5.8930890731772,0.7943162018453392
R75,1.6e-11,223872.11385683648,-5.886873474080436,0.816649638065929
R75,1.6e-11,230409.29760558717,-5.880303841070713,0.8395596056854211
R75,1.6e-11,237137.37056616822,-5.873360883224517,0.8630564271750529
R75,1.6e-11,244061.90680420081,-5.866024362600396,0.8871501848920299
R75,1.6e-11,251188.64315096088,-5.858273060282983,0.9118506719512931
R75,1.6e-11,258523.48395622204,-5.850084742759245,0.9371673388192677
R75,1.6e-11,266072.505979884,-5.84143612901425,0.9631092354012735
R75,1.6e-11,273841.96342643927,-5.832302858430134,0.9896849483402216
R75,1.6e-11,281838.29312644864,-5.822659460044274,1.016902533313408
R75,1.6e-11,290068.11986931873,-5.812479323409579,1.0447694420632805
R75,1.6e-11,298538.26189179946,-5.801734671445838,1.0732924439194949
R75,1.6e-11,307255.7365267483,-5.7903965359061695,1.102477541615784
R75,1.6e-11,316227.7660168417,-5.778434735722011,1.1323298811477958
R75,1.6e-11,325461.7834980498,-5.765817859058707,1.1628536555328972
R75,1.6e-11,334965.4391578317,-5.752513249516607,1.1940520022786616
R75,1.6e-11,344746.6065731536,-5.738486997197078,1.2259268944414268
R75,1.6e-11,354813.3892335798,-5.723703935435818,1.2584790252057716
R75,1.6e-11,365174.1272548422,-5.70812764395247,1.2917076859442707
R75,1.6e-11,375837.4042884488,-5.691720459190093,1.325610637766514
R75,1.6e-11,386812.054633057,-5.674443493003937,1.3601839767110804
R75,1.6e-11,398107.1705535022,-5.656256660343861,1.39542199268753
R75,1.6e-11,409732.10981354665,-5.63711871732537,1.4313170225285414
R75,1.6e-11,421696.5034285876,-5.616987310439113,1.4678592974579205
R75,1.6e-11,434010.26364474936,-5.595819038293242,1.505036785543623
R75,1.6e-11,446683.59215096885,-5.573569526871195,1.5428350297318436
R75,1.6e-11,459726.9885308781,-5.550193519650495,1.5812369822932564
R75,1.6e-11,473151.2589614866,-5.525644983648325,1.6202228366010591
R75,1.6e-11,486967.5251658694,-5.499877232727697,1.6597698574128195
R75,1.6e-11,501187.23362727877,-5.472843069230351,1.6998522109537106
R75,1.6e-11,515822.16507231235,-5.444494945164069,1.7404407963631192
R75,1.6e-11,530884.4442309953,-5.414785143969963,1.7815030802468748
R75,1.6e-11,546386.5498818613,-5.383665983838078,1.8230029363154119
R75,1.6e-11,562341.3251903565,-5.351090043418506,1.8649004923246895
R75,1.6e-11,578761.9883491283,-5.317010410536088,1.9071519867473694
R75,1.6e-11,595662.1435290184,-5.281380954459438,1.9497096378856094
R75,1.6e-11,613055.7921498289,-5.2441566218127695,1.9925215282891957
R75,1.6e-11,630957.3444802017,-5.205293756083862,2.0355315076067684
R75,1.6e-11,649381.63157622,-5.164750440282235,2.078679117168003
R75,1.6e-11,668343.9175686237,-5.122486861823667,2.1218995397169027
R75,1.6e-11,687859.9123088169,-5.078465698481005,2.1651235779132216
R75,1.6e-11,707945.7843841475,-5.032652523515201,2.2082776651937452
R75,1.6e-11,728618.1745132377,-4.9850162276864936,2.251283912633811
R75,1.6e-11,749894.2093324661,-4.9355294553850335,2.294060195435552
R75,1.6e-11,771791.5155850231,-4.884169051258115,2.3365202824086144
R75,1.6e-11,794328.2347242925,-4.830916513418969,2.378574011715441
R75,1.6e-11,817523.0379436614,-4.77575844844255,2.420127515704137
R75,1.6e-11,841395.141645207,-4.718687022930649,2.461083497296538
R75,1.6e-11,865964.3233600776,-4.659700405759979,2.5013415598094237
R75,1.6e-11,891250.9381337581,-4.598803194620175,2.5407985914351463
R75,1.6e-11,917275.9353897927,-4.536006820069079,2.5793492048806965
R75,1.6e-11,944060.8762859369,-4.471329919741173,2.616886231664787
R75,1.6e-11,971627.9515771201,-4.404798675471614,2.653301269807058
R75,1.6e-11,1000000.0000000144,-4.336447105512419,2.6884852823266163
R75,1.6e-11,1029200.527194443,-4.266317304459247,2.722329243070185
R75,1.6e-11,1059253.7251773044,-4.194459623516279,2.7547248251173873
R75,1.6e-11,1090184.4923851436,-4.120932784095422,2.785565125808931
R75,1.6e-11,1122018.4543019799,-4.045803918516402,2.814745421397264
R75,1.6e-11,1154781.984689475,-3.9691485321964555,2.842163943106613
R75,1.6e-11,1188502.2274370359,-3.891050382806791,2.867722665435311
R75,1.6e-11,1223207.1190499496,-3.8116012730727755,2.8913280966667037
R75,1.6e-11,1258925.4117941859,-3.7309007552130766,2.9128920608182187
R75,1.6e-11,1295686.6975170388,-3.649055746541939,2.9323324597696776
R75,1.6e-11,1333521.432163344,-3.5661800573466507,2.949574004019122
R75,1.6e-11,1372460.9610075825,-3.482393833947292,2.964548900589978
R75,1.6e-11,1412537.5446227754,-3.3978229213846265,2.9771974867417432
R75,1.6e-11,1453784.3856076836,-3.3125981520221193,2.987468798804935
R75,1.6e-11,1496235.6560944559,-3.226854567895155,2.995321066245037
R75,1.6e-11,1539926.526059515,-3.1407305861462316,3.000722122182983
R75,1.6e-11,1584893.1924611374,-3.0543671181650627,3.0036497229294277
R75,1.6e-11,1631172.909227863,-2.967906654149932,3.0040917706688766
R75,1.6e-11,1678804.0181225857,-2.8814923255943765,3.002046435135502
R75,1.6e-11,1727825.9805078898,-2.7952669588353576,2.9975221720882925
R75,1.6e-11,1778279.41003895,-2.709372132834321,2.9905376381393407
R75,1.6e-11,1830206.106311084,-2.623947254442174,2.9811215036092404
R75,1.6e-11,1883649.0894898295,-2.5391286638346995,2.9693121668208526
R75,1.6e-11,1938652.6359522373,-2.455048782219208,2.955157375170401
R75,1.6e-11,1995262.3149689105,-2.371835312803263,2.9387137598152706
R75,1.6e-11,2053525.026457178,-2.2896105048759567,2.920046292348414
R75,1.6e-11,2113489.0398366796,-2.208490489360256,2.8992276729463597
R75,1.6e-11,2175204.0340195564,-2.1285846926616854,2.876337660453808
R75,1.6e-11,2238721.1385683743,-2.0499953340210344,2.8514623555935223
R75,1.6e-11,2304092.9760558815,-1.972817009667997,2.8246934485911988
R75,1.6e-11,2371373.705661692,-1.897136365690333,2.796127443022413
R75,1.6e-11,2440619.0680420185,-1.8230318595498303,2.7658648670600745
R75,1.6e-11,2511886.4315096196,-1.7505736088662598,2.7340094832025534
R75,1.6e-11,2585234.8395622317,-1.6798233245353158,2.700667506729367
R75,1.6e-11,2660725.059798852,-1.6108343241225676,2.6659468425064468
R75,1.6e-11,2738419.6342644054,-1.5436516202153738,2.6299563485003445
R75,1.6e-11,2818382.931264499,-1.4783120777782395,2.5928051336600135
R75,1.6e-11,2900681.1986932005,-1.4148446336548008,2.554601896311114
R75,1.6e-11,2985382.618918008,-1.3532705711055069,2.5154543083925263
R75,1.6e-11,3072557.365267497,-1.2936038417928777,2.47546844935174
R75,1.6e-11,3162277.6601684312,-1.2358514276840178,2.434748292641284
R75,1.6e-11,3254617.8349805125,-1.180013735347791,2.3933952465817927
R75,1.6e-11,3349654.391578332,-1.126085015286372,2.3515077502549935
R75,1.6e-11,3447466.065731551,-1.0740537993676513,2.3091809243642123
R75,1.6e-11,3548133.8923358135,-1.0239033497703895,2.2665062760302557
R75,1.6e-11,3651741.272548438,-0.9756121134052018,2.2235714558821753
R75,1.6e-11,3758374.042884505,-0.9291541763170352,2.1804600651832935
R75,1.6e-11,3868120.546330587,-0.8844997131563788,2.1372515102260046
R75,1.6e-11,3981071.70553504,-0.8416154274682344,2.094020900980566
R75,1.6e-11,4097321.0981354844,-0.8004649790705857,2.0508389905083133
R75,1.6e-11,4216965.034285894,-0.7610093955078642,2.00777215175138
R75,1.6e-11,4340102.636447512,-0.723207465015013,1.9648823879179804
R75,1.6e-11,4466835.921509706,-0.6870161090883612,1.9222273729628083
R75,1.6e-11,4597269.885308799,-0.6523907331543521,1.87986051843246
R75,1.6e-11,4731512.589614885,-0.619285554380602,1.837831063296399
R75,1.6e-11,4869675.251658713,-0.5876539060148771,1.7961841833378738
R75,1.6e-11,5011872.336272808,-0.5574485180329324,1.7549611169362098
R75,1.6e-11,5158221.650723144,-0.5286217741996649,1.7141993042981707
R75,1.6e-11,5308844.442309974,-0.5011259458945677,1.6739325373425016
R75,1.6e-11,5463865.498818635,-0.4749134032994053,1.6341911177324269
R75,1.6e-11,5623413.251903587,-0.44993680472055675,1.5950020207530782
R75,1.6e-11,5787619.883491306,-0.4261492649707099,1.5563890629814745
R75,1.6e-11,5956621.435290207,-0.40350450383603,1.5183730718865227
R75,1.6e-11,6130557.921498313,-0.3819569757593011,1.480972055801179
R75,1.6e-11,6309573.444802041,-0.361461981889373,1.4442013727952887
R75,1.6e-11,6493816.315762226,-0.34197576571399296,1.4080738973120914
R75,1.6e-11,6683439.175686263,-0.323455593471548,1.3726001834993007
R75,1.6e-11,6878599.123088196,-0.30585982054887473,1.3377886244089396
R75,1.6e-11,7079457.843841503,-0.28914794504564506,1.3036456063808581
R75,1.6e-11,7286181.745132405,-0.2732806496402465,1.2701756580103385
R75,1.6e-11,7498942.093324691,-0.2582198328786978,1.2373815933580785
R75,1.6e-11,7717915.155850261,-0.2439286309175486,1.2052646489883814
R75,1.6e-11,7943282.347242957,-0.23037143073658323,1.1738246147000042
R75,1.6e-11,8175230.379436647,-0.21751387575389597,1.1430599577867853
R75,1.6e-11,8413951.416452102,-0.20532286472407887,1.1129679407760764
R75,1.6e-11,8659643.23360081,-0.19376654474047655,1.0835447326642909
R75,1.6e-11,8912509.381337617,-0.1828142990989968,1.054785513709006
R75,1.6e-11,9172759.353897963,-0.17243673072413174,1.0266845738991255
R75,1.6e-11,9440608.762859406,-0.16260564179456632,0.9992354052321977
R75,1.6e-11,9716279.51577124,-0.15329401015720864,0.9724307880026217
R75,1.6e-11,10000000.000000184,-0.14447596305551355,0.9462628712716694
R75,1.6e-11,10292005.271944473,-0.13612674865734933,0.9207232477719713
R75,1.6e-11,10592537.251773085,-0.12822270581117426,0.8958030234596408
R75,1.6e-11,10901844.923851479,-0.12074123241759452,0.8714928819548593
R75,1.6e-11,11220184.543019842,-0.11366075276350046,0.8477831441327816
R75,1.6e-11,11547819.846894797,-0.1069606841230461,0.8246638231001033
R75,1.6e-11,11885022.274370406,-0.10062140289685778,0.8021246748132123
R75,1.6e-11,12232071.190499544,-0.094624210527387,0.7801552445891005
R75,1.6e-11,12589254.117941909,-0.08895129939526258,0.7587449097310351
R75,1.6e-11,12956866.97517044,-0.08358571887997496,0.7378829185357205
R75,1.6e-11,13335214.321633492,-0.07851134173623353,0.7175584258826433
R75,1.6e-11,13724609.61007588,-0.07371283091919055,0.697760525634615
R75,1.6e-11,14125375.446227811,-0.0691756069722313,0.6784782800827623
R75,1.6e-11,14537843.856076894,-0.06488581606657948,0.65970074659819
R75,1.6e-11,14962356.560944619,-0.0608302987737168,0.6414170017238735
R75,1.6e-11,15399265.260595214,-0.05699655963098783,0.6236161628718252
R75,1.6e-11,15848931.924611438,-0.053372737549347016,0.6062874077933833
R75,1.6e-11,16311729.092278697,-0.049947577102891785,0.5894199920075255
R75,1.6e-11,16788040.181225926,-0.04671040072687539,0.5730032643305446
R75,1.6e-11,17278259.80507897,-0.043651081843230154,0.5570266806536842
R75,1.6e-11,17782794.100389574,-0.04076001892492928,0.54147981610694
R75,1.6e-11,18302061.063110918,-0.03802811050427412,0.5263523757466956
R75,1.6e-11,18836490.894898374,-0.0354467311228416,0.5116342038733009
R75,1.6e-11,19386526.359522454,-0.033007708217604334,0.4973152921018377
R75,1.6e-11,19952623.14968919,-0.03070329993279873,0.4833857862932722
R75,1.6e-11,20535250.264571868,-0.028526173842711597,0.469835992429189
R75,1.6e-11,21134890.398366887,-0.02646938656939527,0.4566563815390014
R75,1.6e-11,21752040.34019566,-0.024526364275185203,0.4438375937522114
R75,1.6e-11,22387211.385683842,-0.02269088400890373,0.4313704415603935
R75,1.6e-11,23040929.760558918,-0.020957055882545574,0.4192459123578689
R75,1.6e-11,23713737.05661703,-0.01931930605417245,0.4074551703266527
R75,1.6e-11,24406190.680420294,-0.01777236049222565,0.39598955773821454
R75,1.6e-11,25118864.315096308,-0.016311229494841654,0.38484059571163803
R75,1.6e-11,25852348.39562243,-0.01493119293863838,0.37399998450015665
R75,1.6e-11,26607250.597988635,-0.013627786230081197,0.3634596033387876
R75,1.6e-11,27384196.34264417,-0.012396786933372147,0.35321150990896877
R75,1.6e-11,28183829.31264511,-0.011234202048428423,0.3432479394551813
R75,1.6e-11,29006811.98693213,-0.01013625591301699,0.333561303592975
R75,1.6e-11,29853826.189180207,-0.00909937870343681,0.32414418884363544
R75,1.6e-11,30725573.652675096,-0.008120195508575638,0.31498935492560787
R75,1.6e-11,31622776.601684444,-0.007195515952760771,0.3060897328362799
R75,1.6e-11,32546178.34980526,-0.00632232434331057,0.2974384227406528
R75,1.6e-11,33496543.915783457,-0.005497770319498696,0.28902869170767886
R75,1.6e-11,34474660.65731565,-0.004719159980144369,0.2808539712958569
R75,1.6e-11,35481338.92335828,-0.0039839474679179004,0.27290785502423176
R75,1.6e-11,36517412.72548453,-0.0032897269890179402,0.265184095744505
R75,1.6e-11,37583740.4288452,-0.0026342252477773633,0.2576766029209913
R75,1.6e-11,38681205.463306025,-0.002015294276329434,0.25037943984725214
R75,1.6e-11,39810717.05535056,-0.0014309046403751108,0.2432868208024837
R75,1.6e-11,40973210.98135501,-0.0008791390027077552,0.23639310816593498
R75,1.6e-11,42169650.34285911,-0.0003581860269342863,0.22969280949915505
R75,1.6e-11,43401026.3644753,0.00013366539538865047,0.2231805746039675
R75,1.6e-11,44668359.21509726,0.0005980316104433597,0.21685119257015487
R75,1.6e-11,45972698.8530882,0.0010364393759063487,0.210699588813694
R75,1.6e-11,47315125.89614906,0.0014503307577486265,0.20472082212136547
R75,1.6e-11,48696752.516587354,0.0018410677639790927,0.19891008170134294
R75,1.6e-11,50118723.362728305,0.0022099367289363904,0.1932626842505234
R75,1.6e-11,51582216.507231675,0.002558152460727006,0.187774071037859
R75,1.6e-11,53088444.42309998,0.0028868621644101335,0.18243980501740376
R75,1.6e-11,54638654.988186605,0.0031971491521240857,0.1772555679643879
R75,1.6e-11,56234132.51903613,0.0034900363516017574,0.17221715764635365
R75,1.6e-11,57876198.83491332,0.003766489623476312,0.16732048502879082
R75,1.6e-11,59566214.352902345,0.004027420897358729,0.16256157151733483
R75,1.6e-11,61305579.21498341,0.004273691136367563,0.1579365462414045
R75,1.6e-11,63095734.44802071,0.004506113139065398,0.15344164337926952
R75,1.6e-11,64938163.15762256,0.004725454187379845,0.14907319952602405
R75,1.6e-11,66834391.75686294,0.0049324385488517895,0.14482765110836374
R75,1.6e-11,68785991.23088229,0.005127749840698646,0.1407015318434951
R75,1.6e-11,70794578.43841536,0.005312033263319663,0.13669147024694808
R75,1.6e-11,72861817.45132439,0.005485897710057674,0.1327941871876802
R75,1.6e-11,74989420.93324725,0.0056499177598357455,0.12900649349122886
R75,1.6e-11,77179151.55850297,0.005804635558943602,0.12532528759145709
R75,1.6e-11,79432823.47242993,0.005950562598077652,0.12174755323282709
R75,1.6e-11,81752303.79436684,0.006088181389917603,0.11827035721959228
R75,1.6e-11,84139514.1645214,0.006217947052935064,0.11489084721585176
R75,1.6e-11,86596432.33600849,0.006340288806176744,0.11160624959320332
R75,1.6e-11,89125093.81337658,0.006455611380018994,0.10841386732801592
R75,1.6e-11,91727593.53898005,0.006564296347341116,0.1053110779472073
R75,1.6e-11,94406087.6285945,0.006666703379241467,0.10229533152093519
R75,1.6e-11,97162795.15771285,0.0067631714294644,0.09936414870298267
R75,1.6e-11,100000000.0000023,0.006854019851674361,0.09651511882063155
R75,1.6e-11,102920052.71944518,0.0069395494524588,0.0937458980076861
R75,1.6e-11,105925372.51773132,0.007020043484142683,0.09105420738542067
R75,1.6e-11,109018449.23851527,0.007095768580411491,0.08843783128883724
R75,1.6e-11,112201845.43019894,0.0071669756376921655,0.08589461553692972
R75,1.6e-11,115478198.4689485,0.00723390064539014,0.08342246574776109
R75,1.6e-11,118850222.7437046,0.007296765467493325,0.08101934569620815
R75,1.6e-11,122320711.90499601,0.007355778578386448,0.07868327571537581
R75,1.6e-11,125892541.17941967,0.007411135754999168,0.07641233113901838
R75,1.6e-11,129568669.75170499,0.0074630207278817565,0.07420464078605446
R75,1.6e-11,133352143.21633555,0.007511605793341623,0.072058385486076
R75,1.6e-11,137246096.10075945,0.007557052388284917,0.0699717966429684
R75,1.6e-11,141253754.46227878,0.0075995116305241075,0.06794315484032544
R75,1.6e-11,145378438.56076965,0.007639124825640267,0.0659707884838566
R75,1.6e-11,149623565.6094469,0.0076760239424745165,0.06405307248195344
R75,1.6e-11,153992652.6059529,0.0077103320590710565,0.062188426964454195
R75,1.6e-11,158489319.24611515,0.007742163780177033,0.060375316036769176
R75,1.6e-11,163117290.92278776,0.00777162562837381,0.05861224657143925
R75,1.6e-11,167880401.8122601,0.007798816409705133,0.056897767033998986
R75,1.6e-11,172782598.05079052,0.007823827555654373,0.05523046634474903
R75,1.6e-11,177827941.0038966,0.00784674344238785,0.05360897277424376
R75,1.6e-11,183020610.63111004,0.00786764168869369,0.05203195287278831
R75,1.6e-11,188364908.94898462,0.007886593433850656,0.05049811043355565
R75,1.6e-11,193865263.59522545,0.007903663596406662,0.04900618548820342
R75,1.6e-11,199526231.49689284,0.00791891111517643,0.04755495333526998
R75,1.6e-11,205352502.64571965,0.00793238917331391,0.046143223600123476
R75,1.6e-11,211348903.98366988,0.007944145406747875,0.04476983932688436
R75,1.6e-11,217520403.40195763,0.007954222097970347,0.043433676101732155
R75,1.6e-11,223872113.8568395,0.007962656355937112,0.042133641206443
R75,1.6e-11,230409297.60559028,0.00796948028346035,0.04086867280300635
R75,1.6e-11,237137370.56617144,0.007974721132942468,0.039637739148462074
R75,1.6e-11,244061906.80420414,0.00797840145136034,0.038439837839392935
R75,1.6e-11,251188643.15096432,0.007980539215720011,0.0372739950863681
R75,1.6e-11,258523483.95622557,0.007981147959932289,0.03613926501780071
R75,1.6e-11,266072505.97988766,0.00798023689412493,0.03503472901285873
R75,1.6e-11,273841963.42644304,0.007977811017554562,0.03395949506338047
R75,1.6e-11,281838293.1264525,0.007973871226278328,0.032912697164614986
R75,1.6e-11,290068119.8693227,0.007968414416594486,0.03189349473416411
R75,1.6e-11,298538261.89180356,0.007961433585652928,0.030901072059314052
R75,1.6e-11,307255736.52675253,0.00795291793045248,0.029934637772330186
R75,1.6e-11,316227766.01684606,0.007942852946354809,0.028993424353004057
R75,1.6e-11,325461783.49805427,0.007931220526912789,0.028076687658965507
R75,1.6e-11,334965439.1578363,0.007917999065877444,0.027183706482151
R75,1.6e-11,344746606.5731583,0.007903163563617798,0.026313782132389038
R75,1.6e-11,354813389.2335847,0.007886685738703372,0.02546623804593186
R75,1.6e-11,365174127.2548472,0.007868534147077888,0.02464041941976902
R75,1.6e-11,375837404.288454,0.007848674310137445,0.023835692870161598
R75,1.6e-11,386812054.6330623,0.007827068853184295,0.023051446114047795
R75,1.6e-11,398107170.5535077,0.007803677657037995,0.02228708767383864
R75,1.6e-11,409732109.81355226,0.0077784580235278206,0.021542046602480557
R75,1.6e-11,421696503.42859334,0.007751364857490259,0.02081577222858137
R75,1.6e-11,434010263.64475524,0.00772235086721656,0.02010773391993462
R75,1.6e-11,446683592.15097487,0.007691366784657418,0.01941742086271546
R75,1.6e-11,459726988.5308843,0.007658361607960657,0.01874434185523096
R75,1.6e-11,473151258.961493,0.007623282867725491,0.018088025113194874
R75,1.6e-11,486967525.16587603,0.007586076918845346,0.01744801808404933
R75,1.6e-11,501187233.6272856,0.0075466892595391095,0.016823887267340687
R75,1.6e-11,515822165.0723194,0.007505064878973021,0.016215218037816004
R75,1.6e-11,530884444.2310025,0.007461148634768067,0.015621614467714845
R75,1.6e-11,546386549.8818688,0.007414885660937412,0.015042699143912852
R75,1.6e-11,562341325.1903641,0.007366221807459111,0.014478112976327307
R75,1.6e-11,578761988.3491361,0.007315104111014805,0.013927514992339206
R75,1.6e-11,595662143.5290264,0.007261481297084377,0.013390582112898569
R75,1.6e-11,613055792.1498371,0.007205304312267137,0.012867008904943085
R75,1.6e-11,630957344.4802102,0.007146526885557373,0.012356507305031952
R75,1.6e-11,649381631.5762287,0.0070851061163521795,0.011858806308715213
R75,1.6e-11,668343917.5686326,0.0070210030866491024,0.0113736516204415
R75,1.6e-11,687859912.3088262,0.0069541834933773165,0.010900805258280518
R75,1.6e-11,707945784.3841571,0.006884618296927767,0.01044004510862646
R75,1.6e-11,728618174.5132475,0.00681228438021157,0.009991164425652546
R75,1.6e-11,749894209.3324763,0.006737165212292814,0.00955397127113953
R75,1.6e-11,771791515.5850335,0.006659251509629143,0.009128287890719004
R75,1.6e-11,794328234.7243032,0.006578541886794179,0.008713950023107427
R75,1.6e-11,817523037.9436724,0.006495043488387053,0.008310806140127944
R75,1.6e-11,841395141.6452183,0.006408772592551395,0.007918716615999497
R75,1.6e-11,865964323.3600892,0.006319755176242622,0.007537552825735227
R75,1.6e-11,891250938.1337701,0.0062280274319274015,0.007167196173792699
R75,1.6e-11,917275935.389805,0.006133636225054367,0.006807537055530114
R75,1.6e-11,944060876.2859496,0.006036639481596136,0.006458473755591269
R75,1.6e-11,971627951.5771332,0.005937106495176112,0.00611991128898398
R75,1.6e-11,1000000000.0000279,0.0058351181437490355,0.005791760192281505
F75S,2e-13,1000.0,-6.000000067636519,0.00015209057961799267
F75S,2e-13,1029.2005271944283,-6.0000000674373215,0.0001565317047193662
F75S,2e-13,1059.2537251772892,-6.000000067210988,0.00016110251301469956
F75S,2e-13,1090.1844923851281,-6.000000066982821,0.00016580679132142668
F75S,2e-13,1122.018454301964,-6.000000066736721,0.00017064843703429867
F75S,2e-13,1154.781984689459,-6.000000066485438,0.0001756314613538598
F75S,2e-13,1188.5022274370194,-6.000000066207528,0.0001807599926100468
F75S,2e-13,1223.2071190499325,-6.000000065922492,0.00018603827968192565
F75S,2e-13,1258.9254117941682,-6.000000065618046,0.00019147069551828447
F75S,2e-13,1295.6866975170205,-6.000000065291289,0.00019706174076025154
F75S,2e-13,1333.5214321633252,-6.000000064943876,0.00020281604747000983
F75S,2e-13,1372.4609610075634,-6.000000064584366,0.0002087383829683358
F75S,2e-13,1412.5375446227558,-6.0000000641943405,0.00021483365378449236
F75S,2e-13,1453.7843856076636,-6.000000063786495,0.00022110690972072602
F75S,2e-13,1496.2356560944354,-6.000000063353732,0.00022756334803632309
F75S,2e-13,1539.926526059494,-6.000000062890981,0.00023420831775325794
F75S,2e-13,1584.8931924611159,-6.000000062407245,0.00024104732408762955
F75S,2e-13,1631.1729092278408,-6.000000061894104,0.0002480860330108936
F75S,2e-13,1678.804018122563,-6.000000061342638,0.0002553302759438574
F75S,2e-13,1727.8259805078665,-6.00000006077004,0.00026278605458762136
F75S,2e-13,1778.279410038926,-6.000000060159046,0.00027045954589644536
F75S,2e-13,1830.2061063110596,-6.000000059508738,0.00027835710719473444
F75S,2e-13,1883.6490894898043,-6.000000058820005,0.000286485281444079
F75S,2e-13,1938.6526359522113,-6.000000058093061,0.000294850802663983
F75S,2e-13,1995.2623149688839,-6.000000057327422,0.0003034606015108543
F75S,2e-13,2053.5250264571505,-6.000000056509736,0.00031232181102004947
F75S,2e-13,2113.4890398366515,-6.000000055645259,0.0003214417725150768
F75S,2e-13,2175.2040340195276,-6.000000054723847,0.00033082804169011905
F75S,2e-13,2238.721138568345,-6.000000053753876,0.00034048839486935174
F75S,2e-13,2304.092976055851,-6.000000052730648,0.00035043083544984276
F75S,2e-13,2371.373705661661,-6.000000051641217,0.0003606636005321549
F75S,2e-13,2440.6190680419863,-6.000000050488529,0.00037119516774427794
F75S,2e-13,2511.8864315095866,-6.000000049267159,0.0003820342622654792
F75S,2e-13,2585.2348395621975,-6.00000004797048,0.0003931898640548348
F75S,2e-13,2660.725059798817,-6.000000046605171,0.00040467121529070985
F75S,2e-13,2738.4196342643686,-6.000000045149909,0.00041648782802832077
F75S,2e-13,2818.3829312644616,-6.000000043615902,0.00042864949207934854
F75S,2e-13,2900.681198693162,-6.000000041988629,0.0004411662831234778
F75S,2e-13,2985.3826189179686,-6.00000004026411,0.0004540485710553144
F75S,2e-13,3072.557365267456,-6.000000038431855,0.0004673070285758884
F75S,2e-13,3162.277660168389,-6.00000003649896,0.0004809526400343295
F75S,2e-13,3254.617834980469,-6.000000034446455,0.00049499671052893
F75S,2e-13,3349.6543915782872,-6.000000032272737,0.0005094508752723969
F75S,2e-13,3447.466065731505,-6.000000029978946,0.0005243271092316092
F75S,2e-13,3548.133892335766,-6.000000027537373,0.0005396377370492553
F75S,2e-13,3651.741272548389,-6.000000024956667,0.0005553954432532171
F75S,2e-13,3758.3740428844544,-6.000000022221203,0.0005716132827666406
F75S,2e-13,3868.120546330535,-6.0000000193320755,0.0005883046917227943
F75S,2e-13,3981.0717055349864,-6.000000016256095,0.0006054834985977225
F75S,2e-13,4097.32109813543,-6.000000013010373,0.0006231639356649324
F75S,2e-13,4216.965034285838,-6.0000000095652855,0.000641360650788706
F75S,2e-13,4340.102636447455,-6.0000000059242,0.0006600887195576789
F75S,2e-13,4466.835921509648,-6.000000002062728,0.0006793636577760687
F75S,2e-13,4597.2698853087395,-5.99999999797213,0.0006992014343171126
F75S,2e-13,4731.512589614823,-5.999999993639692,0.0007196184843533787
F75S,2e-13,4869.67525165865,-5.999999989046083,0.0007406317229730203
F75S,2e-13,5011.872336272742,-5.999999984186911,0.0007622585591929219
F75S,2e-13,5158.221650723077,-5.99999997904095,0.0007845169103825522
F75S,2e-13,5308.8444423099045,-5.999999973584416,0.000807425217107709
F75S,2e-13,5463.865498818564,-5.999999967805193,0.0008310024584076458
F75S,2e-13,5623.413251903514,-5.999999961685556,0.0008552681675192601
F75S,2e-13,5787.61988349123,-5.999999955199464,0.0008802424480600324
F75S,2e-13,5956.62143529013,-5.999999948331508,0.0009059459906827472
F75S,2e-13,6130.557921498234,-5.999999941057223,0.0009324000902178579
F75S,2e-13,6309.57344480196,-5.999999933354799,0.0009596266633153347
F75S,2e-13,6493.816315762142,-5.999999925192511,0.0009876482666025112
F75S,2e-13,6683.439175686176,-5.9999999165452795,0.0010164881153711049
F75S,2e-13,6878.599123088107,-5.999999907386908,0.001046170102810762
F75S,2e-13,7079.457843841412,-5.999999897687182,0.001076718819804077
F75S,2e-13,7286.181745132311,-5.999999887411322,0.0011081595752995394
F75S,2e-13,7498.942093324594,-5.999999876529136,0.0011405184172789727
F75S,2e-13,7717.915155850161,-5.999999864997457,0.0011738221543383387
F75S,2e-13,7943.282347242854,-5.999999852786189,0.001208098377896831
F75S,2e-13,8175.23037943654,-5.999999839848531,0.0012433754850569364
F75S,2e-13,8413.951416451991,-5.999999826146981,0.0012796827021294887
F75S,2e-13,8659.643233600696,-5.999999811630748,0.0013170501088479317
F75S,2e-13,8912.5093813375,-5.999999796259198,0.0013555086632873893
F75S,2e-13,9172.759353897844,-5.999999779974386,0.0013950902275139425
F75S,2e-13,9440.608762859283,-5.999999762721977,0.0014358275939803928
F75S,2e-13,9716.279515771113,-5.9999997444502835,0.0014777545126938652
F75S,2e-13,10000.000000000055,-5.999999725094778,0.001520905719177542
F75S,2e-13,10292.00527194434,-5.999999704591552,0.0015653169632472836
F75S,2e-13,10592.537251772948,-5.9999996828762105,0.001611025038629281
F75S,2e-13,10901.844923851339,-5.999999659875439,0.0016580678134430317
F75S,2e-13,11220.184543019699,-5.99999963550816,0.0017064842615738401
F75S,2e-13,11547.819846894648,-5.999999609696355,0.001756314494960738
F75S,2e-13,11885.022274370254,-5.999999582356354,0.0018075997968284257
F75S,2e-13,12232.071190499388,-5.999999553394976,0.0018603826558893316
F75S,2e-13,12589.254117941748,-5.999999522720042,0.0019147068015433187
F75S,2e-13,12956.866975170273,-5.9999994902314615,0.001970617240106571
F75S,2e-13,13335.21432163332,-5.9999994558121905,0.0020281602920984186
F75S,2e-13,13724.609610075704,-5.999999419353026,0.0020873836306143393
F75S,2e-13,14125.37544622763,-5.999999380728823,0.0021483363208231205
F75S,2e-13,14537.843856076708,-5.9999993398278875,0.0022110688606130527
F75S,2e-13,14962.356560944427,-5.999999296501323,0.002275633222431598
F75S,2e-13,15399.265260595015,-5.999999250597002,0.0023420828963397564
F75S,2e-13,15848.931924611234,-5.999999201981334,0.002410472934324286
F75S,2e-13,16311.729092278485,-5.999999150483282,0.0024808599959108284
F75S,2e-13,16788.040181225708,-5.999999095935243,0.002553302395100212
F75S,2e-13,17278.259805078742,-5.99999903815308,0.002627860148680745
F75S,2e-13,17782.79410038934,-5.999998976945133,0.002704595025948436
F75S,2e-13,18302.061063110676,-5.999998912108897,0.0027835705998801594
F75S,2e-13,18836.490894898125,-5.999998843432319,0.002864852299800484
F75S,2e-13,19386.5263595222,-5.999998770697422,0.0029485074655860232
F75S,2e-13,19952.623149688927,-5.999998693637516,0.0030346054034576958
F75S,2e-13,20535.250264571598,-5.999998612020278,0.0031232174433877416
F75S,2e-13,21134.89039836661,-5.9999985255634005,0.0032144169982019875
F75S,2e-13,21752.040340195374,-5.999998433987978,0.0033082796243917717
F75S,2e-13,22387.21138568355,-5.999998336979729,0.0034048830847125244
F75S,2e-13,23040.929760558614,-5.999998234229668,0.0035043074125999706
F75S,2e-13,23713.737056616716,-5.99999812538743,0.0036066349784784624
F75S,2e-13,24406.19068041997,-5.99999801009165,0.0037119505579951517
F75S,2e-13,25118.864315095976,-5.999997887973453,0.0038203414022497523
F75S,2e-13,25852.348395622088,-5.9999977586158915,0.003931897310081159
F75S,2e-13,26607.250597988284,-5.999997621590546,0.004046710702453544
F75S,2e-13,27384.19634264381,-5.999997476445266,0.004164876699021108
F75S,2e-13,28183.829312644742,-5.99999732270597,0.004286493196926104
F75S,2e-13,29006.81198693175,-5.999997159856237,0.004411660951901082
F75S,2e-13,29853.826189179817,-5.999996987352661,0.0045404836617331
F75S,2e-13,30725.573652674695,-5.999996804627656,0.004673068052166477
F75S,2e-13,31622.77660168403,-5.99999661107953,0.0048095239653156195
F75S,2e-13,32546.17834980483,-5.999996406057155,0.004949964450660178
F75S,2e-13,33496.54391578302,-5.9999961888924735,0.005094505858687687
F75S,2e-13,34474.6606573152,-5.999995958854782,0.005243267937284616
F75S,2e-13,35481.33892335782,-5.99999571518919,0.0053963739309252235
F75S,2e-13,36517.41272548406,-5.999995457086403,0.0055539506827692615
F75S,2e-13,37583.740428844714,-5.999995183688155,0.005716128739733126
F75S,2e-13,38681.20546330552,-5.999994894091755,0.005883042460628092
F75S,2e-13,39810.71705535004,-5.999994587331966,0.00605483012746013
F75S,2e-13,40973.210981354474,-5.999994262405581,0.006231634059968858
F75S,2e-13,42169.650342858564,-5.999993918215043,0.006413600733528691
F75S,2e-13,43401.02636447473,-5.999993553639419,0.006600880900461089
F75S,2e-13,44668.35921509667,-5.999993167456536,0.006793629714923536
F75S,2e-13,45972.69885308759,-5.999992758382567,0.006992006861415055
F75S,2e-13,47315.125896148435,-5.999992325081401,0.007196176687038921
F75S,2e-13,48696.75251658671,-5.999991866099963,0.007406308337645943
F75S,2e-13,50118.723362727644,-5.999991379920846,0.007622575897919214
F75S,2e-13,51582.216507230994,-5.999990864940845,0.007845158535566922
F75S,2e-13,53088.44442309928,-5.999990319438178,0.008074240649727145
F75S,2e-13,54638.65498818588,-5.999989741625324,0.008310012023677432
F75S,2e-13,56234.13251903538,-5.99998912955469,0.00855266798204577
F75S,2e-13,57876.19883491255,-5.999988481235662,0.008802409552542013
F75S,2e-13,59566.21435290155,-5.999987794490471,0.009059443632492604
F75S,2e-13,61305.579214982594,-5.999987067062327,0.009323983160151164
F75S,2e-13,63095.734448019866,-5.999986296522711,0.009596247291074798
F75S,2e-13,64938.16315762169,-5.999985480328924,0.009876461579593597
F75S,2e-13,66834.39175686204,-5.999984615775063,0.010164858165612
F75S,2e-13,68785.99123088135,-5.999983699993615,0.010461675966840965
F75S,2e-13,70794.5784384144,-5.999982729947003,0.010767160876640765
F75S,2e-13,72861.81745132341,-5.99998170242351,0.011081565967632392
F75S,2e-13,74989.42093324625,-5.999980614010647,0.011405151701256468
F75S,2e-13,77179.15155850194,-5.999979461111348,0.01173818614342519
F75S,2e-13,79432.82347242888,-5.999978239895974,0.012080945186490593
F75S,2e-13,81752.30379436575,-5.99997694632099,0.012433712777655398
F75S,2e-13,84139.5141645203,-5.999975576090382,0.012796781154069278
F75S,2e-13,86596.43233600735,-5.999974124678324,0.013170451084749459
F75S,2e-13,89125.0938133754,-5.999972587262672,0.013555032119596737
F75S,2e-13,91727.59353897884,-5.999970958753121,0.013950842845622816
F75S,2e-13,94406.08762859325,-5.999969233744189,0.014358211150682691
F75S,2e-13,97162.79515771156,-5.9999674065259665,0.014777474494862176
F75S,2e-13,100000.00000000097,-5.999965471019027,0.015208980189813748
F75S,2e-13,102920.05271944383,-5.999963420851362,0.015653085686149926
F75S,2e-13,105925.37251772993,-5.999961249198839,0.016110158869344283
F75S,2e-13,109018.44923851384,-5.999958948871138,0.016580578364107354
F75S,2e-13,112201.84543019746,-5.999956512240452,0.017064733847718637
F75S,2e-13,115478.19846894697,-5.999953931237968,0.017563026372439783
F75S,2e-13,118850.22274370304,-5.999951197296478,0.018075868697348466
F75S,2e-13,122320.71190499439,-5.999948301367093,0.018603685629780167
F75S,2e-13,125892.541179418,-5.999945233837552,0.019146914376772878
F75S,2e-13,129568.66975170327,-5.999941984557569,0.01970600490666114
F75S,2e-13,133352.1432163338,-5.999938542742864,0.020281420321274887
F75S,2e-13,137246.09610075763,-5.999934896997238,0.02087363723887466
F75S,2e-13,141253.7544622769,-5.999931035229078,0.021483146188299294
F75S,2e-13,145378.4385607677,-5.999926944643473,0.022110452014510937
F75S,2e-13,149623.56560944492,-5.999922611673449,0.022756074295972616
F75S,2e-13,153992.65260595083,-5.9999180219708546,0.023420547774099677
F75S,2e-13,158489.31924611304,-5.99991316031547,0.024104422795252496
F75S,2e-13,163117.29092278559,-5.999908010594281,0.024808265765499
F75S,2e-13,167880.40181225786,-5.999902555743381,0.025532659618606575
F75S,2e-13,172782.59805078822,-5.999896777675801,0.026278204297623724
F75S,2e-13,177827.94100389423,-5.999890657257352,0.02704551725037926
F75S,2e-13,183020.61063110761,-5.999884174188836,0.02783523393943688
F75S,2e-13,188364.90894898213,-5.999877306987472,0.02864800836672416
F75S,2e-13,193865.26359522287,-5.999870032894251,0.029484513613429218
F75S,2e-13,199526.23149689016,-5.999862327795742,0.030345442395510968
F75S,2e-13,205352.5026457169,-5.999854166173512,0.031231507635246673
F75S,2e-13,211348.90398366703,-5.999845520961145,0.0321434430494122
F75S,2e-13,217520.4034019547,-5.999836363508436,0.03308200375433333
F75S,2e-13,223872.11385683648,-5.9998266634720245,0.03404796688849437
F75S,2e-13,230409.29760558717,-5.9998163887010145,0.03504213225312344
F75S,2e-13,237137.37056616822,-5.999805505140138,0.036065322971228095
F75S,2e-13,244061.90680420081,-5.999793976731738,0.03711838616562213
F75S,2e-13,251188.64315096088,-5.9997817652612015,0.03820219365655336
F75S,2e-13,258523.48395622204,-5.9997688302554515,0.039317642679328156
F75S,2e-13,266072.505979884,-5.999755128864319,0.04046565662258412
F75S,2e-13,273841.96342643927,-5.999740615674183,0.041647185787865804
F75S,2e-13,281838.29312644864,-5.99972524258469,0.04286320817089691
F75S,2e-13,290068.11986931873,-5.9997089586660595,0.04411473026526615
F75S,2e-13,298538.26189179946,-5.99969170993848,0.045402787889248314
F75S,2e-13,307255.7365267483,-5.999673439271975,0.04672844703606002
F75S,2e-13,316227.7660168417,-5.999654086091077,0.04809280474873018
F75S,2e-13,325461.7834980498,-5.999633586295412,0.049496990019535975
F75S,2e-13,334965.4391578317,-5.9996118719253175,0.050942164715508595
F75S,2e-13,344746.6065731536,-5.999588871060652,0.05242952452981878
F75S,2e-13,354813.3892335798,-5.99956450747905,0.053960299960622904
F75S,2e-13,365174.1272548422,-5.999538700452409,0.05553575731737905
F75S,2e-13,375837.4042884488,-5.999511364464292,0.05715719975578144
F75S,2e-13,386812.054633057,-5.999482408962341,0.05882596834183193
F75S,2e-13,398107.1705535022,-5.999451738010273,0.06054344314610225
F75S,2e-13,409732.10981354665,-5.999419249977477,0.062311044368677564
F75S,2e-13,421696.5034285876,-5.999384837255997,0.06413023349557154
F75S,2e-13,434010.26364474936,-5.999348385822517,0.06600251448785593
F75S,2e-13,446683.59215096885,-5.999309774927941,0.067929435003659
F75S,2e-13,459726.9885308781,-5.999268876678023,0.06991258765441907
F75S,2e-13,473151.2589614866,-5.999225555578576,0.0719536112960806
F75S,2e-13,486967.5251658694,-5.99917966813535,0.07405419235584017
F75S,2e-13,501187.23362727877,-5.999131062363022,0.07621606619568502
F75S,2e-13,515822.16507231235,-5.999079577273365,0.07844101851342852
F75S,2e-13,530884.4442309953,-5.999025042334402,0.08073088678214208
F75S,2e-13,546386.5498818613,-5.998967276955005,0.0830875617287037
F75S,2e-13,562341.3251903565,-5.998906089814046,0.0855129888529105
F75S,2e-13,578761.9883491283,-5.998841278310385,0.08800916998720557
F75S,2e-13,595662.1435290184,-5.998772627811286,0.09057816489892918
F75S,2e-13,613055.7921498289,-5.9986999110134125,0.09322209293498857
F75S,2e-13,630957.3444802017,-5.998622887155756,0.09594313471069277
F75S,2e-13,649381.63157622,-5.998541301237719,0.098743533843139
F75S,2e-13,668343.9175686237,-5.998454883167003,0.10162559873029324
F75S,2e-13,687859.9123088169,-5.998363346885231,0.10459170437645898
F75S,2e-13,707945.7843841475,-5.99826638940427,0.10764429426524658
F75S,2e-13,728618.1745132377,-5.998163689814433,0.1107858822806466
F75S,2e-13,749894.2093324661,-5.998054908249538,0.11401905467706668
F75S,2e-13,771791.5155850231,-5.997939684739965,0.11734647209940081
F75S,2e-13,794328.2347242925,-5.99781763804163,0.12077087165352562
F75S,2e-13,817523.0379436614,-5.99768836434853,0.12429506902832316
F75S,2e-13,841395.141645207,-5.9975514360286475,0.12792196066925837
F75S,2e-13,865964.3233600776,-5.997406400153414,0.13165452600516583
F75S,2e-13,891250.9381337581,-5.99725277706562,0.13549582972765695
F75S,2e-13,917275.9353897927,-5.997090058754261,0.1394490241247136
F75S,2e-13,944060.8762859369,-5.996917707199424,0.14351735146808065
F75S,2e-13,971627.9515771201,-5.996735152623751,0.1477041464550331
F75S,2e-13,1000000.0000000144,-5.9965417916154085,0.15201283870490967
F75S,2e-13,1029200.527194443,-5.996336985142212,0.15644695531038394
F75S,2e-13,1059253.7251773044,-5.996120056485409,0.16101012344323937
F75S,2e-13,1090184.4923851436,-5.995890288968173,0.1657060730151829
F75S,2e-13,1122018.4543019799,-5.995646923675093,0.17053863939213976
F75S,2e-13,1154781.984689475,-5.995389156931893,0.17551176616286557
F75S,2e-13,1188502.2274370359,-5.995116137696355,0.18062950796019622
F75S,2e-13,1223207.1190499496,-5.994826964783268,0.1858960333344183
F75S,2e-13,1258925.4117941859,-5.994520683925144,0.19131562767751098
F75S,2e-13,1295686.6975170388,-5.99419628464102,0.1968926961969517
F75S,2e-13,1333521.432163344,-5.993852697011027,0.2026317669365333
F75S,2e-13,1372460.9610075825,-5.993488788087952,0.20853749384400047
F75S,2e-13,1412537.5446227754,-5.9931033583946824,0.2146146598796077
F75S,2e-13,1453784.3856076836,-5.992695137842577,0.22086818016769547
F75S,2e-13,1496235.6560944559,-5.99226278178201,0.22730310518240854
F75S,2e-13,1539926.526059515,-5.991804866529962,0.2339246239687929
F75S,2e-13,1584893.1924611374,-5.991319884873231,0.24073806739081371
F75S,2e-13,1631172.909227863,-5.9908062411678085,0.2477489114043702
F75S,2e-13,1678804.0181225857,-5.990262246173056,0.2549627803485078
F75S,2e-13,1727825.9805078898,-5.989686111717609,0.2623854502474535
F75S,2e-13,1778279.41003895,-5.989075944889846,0.27002285211909727
F75S,2e-13,1830206.106311084,-5.988429742011865,0.27788107527950234
F75S,2e-13,1883649.0894898295,-5.98774538225344,0.28596637063573827
F75S,2e-13,1938652.6359522373,-5.987020620850112,0.2942851539574422
F75S,2e-13,1995262.3149689105,-5.986253082030387,0.30284400911484644
F75S,2e-13,2053525.026457178,-5.985440251421381,0.31164969127337916
F75S,2e-13,2113489.0398366796,-5.984579468143701,0.320709130028928
F75S,2e-13,2175204.0340195564,-5.983667916438668,0.3300294324703085
F75S,2e-13,2238721.1385683743,-5.982702616807666,0.3396178861525505
F75S,2e-13,2304092.9760558815,-5.98168041667955,0.34948196196245473
F75S,2e-13,2371373.705661692,-5.980597980573828,0.3596293168566024
F75S,2e-13,2440619.0680420185,-5.979451779770953,0.3700677964493821
F75S,2e-13,2511886.4315096196,-5.978238081375451,0.38080543742811646
F75S,2e-13,2585234.8395622317,-5.976952936774804,0.3918504697686068
F75S,2e-13,2660725.059798852,-5.975592169557906,0.40321131872089544
F75S,2e-13,2738419.6342644054,-5.974151362760956,0.414896606535015
F75S,2e-13,2818382.931264499,-5.972625845429263,0.4269151538919279
F75S,2e-13,2900681.1986932005,-5.971010678482167,0.43927598100171233
F75S,2e-13,2985382.618918008,-5.969300639927782,0.4519883083265677
F75S,2e-13,3072557.365267497,-5.967490209228247,0.4650615568863304
F75S,2e-13,3162277.6601684312,-5.965573550883514,0.47850534809622314
F75S,2e-13,3254617.8349805125,-5.963544497305311,0.49232950308197987
F75S,2e-13,3349654.391578332,-5.961396530714271,0.5065440414184398
F75S,2e-13,3447466.065731551,-5.959122764254524,0.52115917922536
F75S,2e-13,3548133.8923358135,-5.956715922150057,0.5361853265549277
F75S,2e-13,3651741.272548438,-5.954168318971055,0.5516330839958069
F75S,2e-13,3758374.042884505,-5.951471837921407,0.567513238415257
F75S,2e-13,3868120.546330587,-5.948617908084007,0.5838367577541734
F75S,2e-13,3981071.70553504,-5.94559748078559,0.6006147847788181
F75S,2e-13,4097321.0981354844,-5.94240100484717,0.6178586296932758
F75S,2e-13,4216965.034285894,-5.939018400732371,0.6355797615047287
F75S,2e-13,4340102.636447512,-5.935439033805079,0.6537897980213081
F75S,2e-13,4466835.921509706,-5.93165168633654,0.6725004943655426
F75S,2e-13,4597269.885308799,-5.927644528495188,0.6917237298657266
F75S,2e-13,4731512.589614885,-5.923405088369648,0.7114714931817305
F75S,2e-13,4869675.251658713,-5.91892022075111,0.7317558655194216
F75S,2e-13,5011872.336272808,-5.914176074978428,0.7525890017656309
F75S,2e-13,5158221.650723144,-5.90915806171136,0.7739831093748091
F75S,2e-13,5308844.442309974,-5.903850818776327,0.7959504248220584
F75S,2e-13,5463865.498818635,-5.898238175960991,0.8185031874327329
F75S,2e-13,5623413.251903587,-5.892303119080334,0.8416536103779371
F75S,2e-13,5787619.883491306,-5.886027753110643,0.8654138486268134
F75S,2e-13,5956621.435290207,-5.879393264735525,0.8897959636232542
F75S,2e-13,6130557.921498313,-5.872379884180976,0.9148118844555884
F75S,2e-13,6309573.444802041,-5.8649668467433465,0.9404733652654481
F75S,2e-13,6493816.315762226,-5.857132353904761,0.966791938645352
F75S,2e-13,6683439.175686263,-5.848853534485329,0.993778864752952
F75S,2e-13,6878599.123088196,-5.840106405768873,1.0214450758756233
F75S,2e-13,7079457.843841503,-5.830865835088104,1.0498011161601786
F75S,2e-13,7286181.745132405,-5.8211055020883276,1.0788570762256708
F75S,2e-13,7498942.093324691,-5.810797861936599,1.1086225223749255
F75S,2e-13,7717915.155850261,-5.79991410986168,1.1391064201191292
F75S,2e-13,7943282.347242957,-5.788424147605807,1.1703170517301769
F75S,2e-13,8175230.379436647,-5.776296551872784,1.2022619275560635
F75S,2e-13,8413951.416452102,-5.76349854579474,1.2349476908257586
F75S,2e-13,8659643.23360081,-5.749995973519172,1.2683800157103098
F75S,2e-13,8912509.381337617,-5.735753278914148,1.3025634984107495
F75S,2e-13,9172759.353897963,-5.720733488790776,1.3375015410883613
F75S,2e-13,9440608.762859406,-5.704898201665159,1.3731962284782804
F75S,2e-13,9716279.51577124,-5.68820758270571,1.4096481970836379
F75S,2e-13,10000000.000000184,-5.670620365851788,1.4468564968973823
F75S,2e-13,10292005.271944473,-5.652093864011953,1.4848184456688602
F75S,2e-13,10592537.251773085,-5.632583988503937,1.5235294758075577
F75S,2e-13,10901844.923851479,-5.612045278615966,1.5629829741130332
F75S,2e-13,11220184.543019842,-5.590430942746908,1.6031701146177504
F75S,2e-13,11547819.846894797,-5.5676929121253345,1.64407968495667
F75S,2e-13,11885022.274370406,-5.5437819084362046,1.6856979068081448
F75S,2e-13,12232071.190499544,-5.518647526862529,1.7280082511028931
F75S,2e-13,12589254.117941909,-5.49223833561245,1.7709912488684476
F75S,2e-13,12956866.97517044,-5.464501993591705,1.8146242987587802
F75S,2e-13,13335214.321633492,-5.43538538741123,1.8588814725225213
F75S,2e-13,13724609.61007588,-5.404834789210009,1.9037333198804953
F75S,2e-13,14125375.446227811,-5.372796036524282,1.9491466745158124
F75S,2e-13,14537843.856076894,-5.339214735560901,1.9950844631276095
F75S,2e-13,14962356.560944619,-5.304036488878449,2.0415055197535548
F75S,2e-13,15399265.260595214,-5.267207148539335,2.0883644078323917
F75S,2e-13,15848931.924611438,-5.228673095660109,2.1356112527506785
F75S,2e-13,16311729.092278697,-5.188381546617947,2.1831915878683787
F75S,2e-13,16788040.181225926,-5.146280886577962,2.2310462172989567
F75S,2e-13,17278259.80507897,-5.102321030078816,2.2791110989440004
F75S,2e-13,17782794.100389574,-5.056453808315547,2.3273172515108422
F75S,2e-13,18302061.063110918,-5.008633382264346,2.375590689427987
F75S,2e-13,18836490.894898374,-4.958816680369052,2.4238523897241833
F75S,2e-13,19386526.359522454,-4.9069638587891,2.4720182950163716
F75S,2e-13,19952623.14968919,-4.853038781634022,2.5199993567723595
F75S,2e-13,20535250.264571868,-4.797009518443776,2.5677016230119962
F75S,2e-13,21134890.398366887,-4.738848854634044,2.615026374388676
F75S,2e-13,21752040.34019566,-4.678534810674414,2.6618703124174634
F75S,2e-13,22387211.385683842,-4.616051164825206,2.708125803250322
F75S,2e-13,23040929.760558918,-4.5513879734528055,2.753681179912231
F75S,2e-13,23713737.05661703,-4.484542082354046,2.7984211053216725
F75S,2e-13,24406190.680420294,-4.415517622071437,2.842226997726196
F75S,2e-13,25118864.315096308,-4.344326479159411,2.8849775192469638
F75S,2e-13,25852348.39562243,-4.270988735735835,2.9265491273998876
F75S,2e-13,26607250.597988635,-4.1955330683064975,2.9668166881802747
F75S,2e-13,27384196.34264417,-4.117997097526146,3.0056541482651435
F75S,2e-13,28183829.31264511,-4.038427680145588,3.0429352625442023
F75S,2e-13,29006811.98693213,-3.9568811346093304,3.078534371862598
F75S,2e-13,29853826.189180207,-3.8734233923255617,3.1123272245522937
F75S,2e-13,30725573.652675096,-3.7881300671765996,3.1441918339813677
F75S,2e-13,31622776.601684444,-3.701086436534804,3.1740093630134636
F75S,2e-13,32546178.34980526,-3.6123873285797243,3.201665025229266
F75S,2e-13,33496543.915783457,-3.5221369114228738,3.2270489915212934
F75S,2e-13,34474660.65731565,-3.430448381725209,3.250057290044973
F75S,2e-13,35481338.92335828,-3.3374435515001144,3.270592686624913
F75S,2e-13,36517412.72548453,-3.243252334324943,3.288565532619173
F75S,2e-13,37583740.4288452,-3.1480121333135234,3.303894566828848
F75S,2e-13,38681205.463306025,-3.051867136128756,3.316507658707163
F75S,2e-13,39810717.05535056,-2.95496752311627,3.326342480138256
F75S,2e-13,40973210.98135501,-2.8574685977161147,3.3333470945293877
F75S,2e-13,42169650.34285911,-2.759529848916837,3.337480452572491
F75S,2e-13,43401026.3644753,-2.661313958068111,3.338712786064107
F75S,2e-13,44668359.21509726,-2.56298576274092,3.33702589237235
F75S,2e-13,45972698.8530882,-2.46471119233704,3.332413304721389
F75S,2e-13,47315125.89614906,-2.366656189586485,3.324880344732847
F75S,2e-13,48696752.516587354,-2.2689856338242835,3.3144440568430396
F75S,2e-13,50118723.362728305,-2.171862280614773,3.3011330255263864
F75S,2e-13,51582216.507231675,-2.0754457328091256,3.2849870791080757
F75S,2e-13,53088444.42309998,-1.9798914567674182,3.2660568855501864
F75S,2e-13,54638654.988186605,-1.8853498569381686,3.244403447968469
F75S,2e-13,56234132.51903613,-1.7919654200910171,3.2200975088415373
F75S,2e-13,57876198.83491332,-1.6998759393731158,3.1932188737348817
F75S,2e-13,59566214.352902345,-1.609211826338705,3.1638556662795545
F75S,2e-13,61305579.21498341,-1.520095517209257,3.132103526944282
F75S,2e-13,63095734.44802071,-1.432640977839487,3.098064768853937
F75S,2e-13,64938163.15762256,-1.3469533096626558,3.0618475037967405
F75S,2e-13,66834391.75686294,-1.263128457193898,3.0235647517010475
F75S,2e-13,68785991.23088229,-1.1812530156533874,2.9833335461604857
F75S,2e-13,70794578.43841536,-1.1014041358020439,2.94127404818964
F75S,2e-13,72861817.45132439,-1.0236495214866472,2.897508679366919
F75S,2e-13,74989420.93324725,-0.948047513992271,2.8521612841941666
F75S,2e-13,77179151.55850297,-0.8746472566019501,2.805356330983029
F75S,2e-13,79432823.47242993,-0.8034889314749938,2.7572181584274524
F75S,2e-13,81752303.79436684,-0.7346040606970827,2.7078702743058876
F75S,2e-13,84139514.1645214,-0.6680158628374844,2.6574347111520673
F75S,2e-13,86596432.33600849,-0.6037396562167981,2.6060314424892415
F75S,2e-13,89125093.81337658,-0.541783300050283,2.5537778617452513
F75S,2e-13,91727593.53898005,-0.48214766497505085,2.500788325260242
F75S,2e-13,94406087.6285945,-0.4248271245948323,2.4471737590023084
F75S,2e-13,97162795.15771285,-0.3698100603572924,2.393041328411437
F75S,2e-13,100000000.0000023,-0.31707937245831447,2.3384941693185874
F75S,2e-13,102920052.71944518,-0.26661299017991136,2.2836311774578495
F75S,2e-13,105925372.51773132,-0.21838437573143116,2.2285468535977353
F75S,2e-13,109018449.23851527,-0.1723630163104154,2.1733312004517047
F75S,2e-13,112201845.43019894,-0.12851489986051343,2.118069667585936
F75S,2e-13,115478198.4689485,-0.08680297065761486,2.0628431401796936
F75S,2e-13,118850222.7437046,-0.04718756153647927,2.0077279669878
F75S,2e-13,122320711.90499601,-0.009626800218464661,1.9527960234335953
F75S,2e-13,125892541.17941967,0.025923012207857723,1.8981148051599475
F75S,2e-13,129568669.75170499,0.059507052041857654,1.8437475477983134
F75S,2e-13,133352143.21633555,0.09117165385835302,1.7897533687692566
F75S,2e-13,137246096.10075945,0.12096402190782177,1.736187426791151
F75S,2e-13,141253754.46227878,0.1489319720937065,1.6831010955682912
F75S,2e-13,145378438.56076965,0.17512370413849193,1.630542147739035
F75S,2e-13,149623565.6094469,0.19958760326102484,1.5785549456901176
F75S,2e-13,153992652.6059529,0.22237207044023963,1.5271806361412172
F75S,2e-13,158489319.24611515,0.2435253800311632,1.476457345421672
F75S,2e-13,163117290.92278776,0.26309556338694495,1.4264203729100569
F75S,2e-13,167880401.8122601,0.28113031681851935,1.3771023799670306
F75S,2e-13,172782598.05079052,0.2976769322818694,1.3285335724645717
F75S,2e-13,177827941.0038966,0.3127822487986952,1.2807418746575656
F75S,2e-13,183020610.63111004,0.32649262279716385,1.2337530930119587
F75S,2e-13,188364908.94898462,0.3388539151670951,1.1875910682353457
F75S,2e-13,193865263.59522545,0.34991149307108915,1.1422778145829806
F75S,2e-13,199526231.49689284,0.35971024422515824,1.0978336452613897
F75S,2e-13,205352502.64571965,0.3682946015214834,1.0542772833227438
F75S,2e-13,211348903.98366988,0.3757085757647113,1.0116259575349247
F75S,2e-13,217520403.40195763,0.381995794309432,0.9698954829817521
F75S,2e-13,223872113.8568395,0.3871995433972367,0.9291003263807085
F75S,2e-13,230409297.60559028,0.3913628121404067,0.8892536564476365
F75S,2e-13,237137370.56617144,0.39452833595462067,0.85036737965698
F75S,2e-13,244061906.80420414,0.3967386376018131,0.8124521622505028
F75S,2e-13,251188643.15096432,0.3980360638927014,0.7755174393433371
F75S,2e-13,258523483.95622557,0.39846281643104,0.739571412360492
F75S,2e-13,266072505.97988766,0.3980609747922873,0.7046210361000138
F75S,2e-13,273841963.42644304,0.3968725108827149,0.6706719970178322
F75S,2e-13,281838293.1264525,0.39493929335881534,0.6377286844086961
F75S,2e-13,290068119.8693227,0.39230308124956415,0.6057941563000486
F75S,2e-13,298538261.89180356,0.3890055062283149,0.5748701019871939
F75S,2e-13,307255736.52675253,0.3850880432388166,0.5449568031747017
F75S,2e-13,316227766.01684606,0.3805919694603418,0.5160530956999313
F75S,2e-13,325461783.49805427,0.3755583119287158,0.48815633380082424
F75S,2e-13,334965439.1578363,0.3700277843780143,0.4612623587975959
F75S,2e-13,344746606.5731583,0.36404071416069006,0.4353654739491823
F75S,2e-13,354813389.2335847,0.35763696036915704,0.4104584270865408
F75S,2e-13,365174127.2548472,0.3508558244862785,0.3865324024194663
F75S,2e-13,375837404.288454,0.3437359550868978,0.36357702268482195
F75S,2e-13,386812054.6330623,0.33631524831277126,0.34158036255029844
F75S,2e-13,398107170.5535077,0.32863074585588603,0.32052897389317037
F75S,2e-13,409732109.81355226,0.32071853234788705,0.3004079232980379
F75S,2e-13,421696503.42859334,0.3126136340051732,0.28120084181102634
F75S,2e-13,434010263.64475524,0.3043499203511114,0.2628899867013355
F75S,2e-13,446683592.15097487,0.29596001077815653,0.24545631470353335
F75S,2e-13,459726988.5308843,0.2874751875503257,0.22887956595891615
F75S,2e-13,473151258.961493,0.27892531672364224,0.21313835764550426
F75S,2e-13,486967525.16587603,0.27033877823606073,0.1982102860939147
F75S,2e-13,501187233.6272856,0.2617424062126205,0.18407203603122763
F75S,2e-13,515822165.0723194,0.2531614403014837,0.17069949547869429
F75S,2e-13,530884444.2310025,0.24461948859874366,0.15806787475934225
F75S,2e-13,546386549.8818688,0.23613850248172424,0.1461518280402822
F75S,2e-13,562341325.1903641,0.22773876343341506,0.13492557584270104
F75S,2e-13,578761988.3491361,0.21943888170564624,0.12436302700140293
F75S,2e-13,595662143.5290264,0.21125580646148007,0.11443789863540907
F75S,2e-13,613055792.1498371,0.20320484685432574,0.10512383279742063
F75S,2e-13,630957344.4802102,0.19529970333864644,0.09639450860077459
F75S,2e-13,649381631.5762287,0.18755250836887627,0.08822374877349018
F75S,2e-13,668343917.5686326,0.17997387554215083,0.08058561974843524
F75S,2e-13,687859912.3088262,0.1725729561779492,0.07345452455687969
F75S,2e-13,707945784.3841571,0.16535750225922272,0.06680528797289904
F75S,2e-13,728618174.5132475,0.1583339346584292,0.06061323350973481
F75S,2e-13,749894209.3324763,0.15150741557191438,0.05485425202757688
F75S,2e-13,771791515.5850335,0.14488192410601253,0.04950486186345013
F75S,2e-13,794328234.7243032,0.13846033401206514,0.04454226052035351
F75S,2e-13,817523037.9436724,0.13224449262217336,0.03994436807467257
F75S,2e-13,841395141.6452183,0.12623530010834377,0.035689862564612464
F75S,2e-13,865964323.3600892,0.12043278826956831,0.03175820770748411
F75S,2e-13,891250938.1337701,0.11483619813823208,0.028129673362424792
F75S,2e-13,917275935.389805,0.10944405578341235,0.02478534921196152
F75S,2e-13,944060876.2859496,0.10425424577652717,0.021707152177610482
F75S,2e-13,971627951.5771332,0.09926408187860551,0.018877828103102588
F75S,2e-13,1000000000.0000279,0.09447037458527159,0.016280948261317187
F75S,8e-12,1000.0,-5.9999957172968,0.00511977754568119
F75S,8e-12,1029.2005271944283,-5.999995459321094,0.005269277523346123
F75S,8e-12,1059.2537251772892,-5.999995186052166,0.005423142958815167
F75S,8e-12,1090.1844923851281,-5.999994896599405,0.005581501323914512
F75S,8e-12,1122.018454301964,-5.999994589990544,0.00574448381256189
F75S,8e-12,1154.781984689459,-5.9999942652154425,0.00591222544941733
F75S,8e-12,1188.5022274370194,-5.999993921193661,0.0060848652017400804
F75S,8e-12,1223.2071190499325,-5.99999355678924,0.006262546094487963
F75S,8e-12,1258.9254117941682,-5.999993170790339,0.006445415328793251
F75S,8e-12,1295.6866975170205,-5.999992761921401,0.006633624403879765
F75S,8e-12,1333.5214321633252,-5.999992328827265,0.00682732924255244
F75S,8e-12,1372.4609610075634,-5.999991870067824,0.007026690320343902
F75S,8e-12,1412.5375446227558,-5.999991384130544,0.0072318727984191904
F75S,8e-12,1453.7843856076636,-5.99999086940003,0.007443046660383625
F75S,8e-12,1496.2356560944354,-5.999990324162122,0.007660386853062997
F75S,8e-12,1539.926526059494,-5.9999897466206775,0.00788407343138259
F75S,8e-12,1584.8931924611159,-5.999989134856573,0.008114291707509644
F75S,8e-12,1631.1729092278408,-5.999988486845124,0.008351232404310432
F75S,8e-12,1678.804018122563,-5.999987800434914,0.008595091813309173
F75S,8e-12,1727.8259805078665,-5.999987073355716,0.008846071957235413
F75S,8e-12,1778.279410038926,-5.999986303194788,0.009104380757335016
F75S,8e-12,1830.2061063110596,-5.999985487394704,0.009370232205546763
F75S,8e-12,1883.6490894898043,-5.999984623255602,0.009643846541696581
F75S,8e-12,1938.6526359522113,-5.999983707917429,0.009925450435874866
F75S,8e-12,1995.2623149688839,-5.999982738343867,0.010215277176132078
F75S,8e-12,2053.5250264571505,-5.999981711314948,0.010513566861641007
F75S,8e-12,2113.4890398366515,-5.999980623433041,0.01082056660147913
F75S,8e-12,2175.2040340195276,-5.999979471091107,0.011136530719239184
F75S,8e-12,2238.721138568345,-5.9999782504636086,0.011461720963586074
F75S,8e-12,2304.092976055851,-5.9999769575173385,0.011796406724932082
F75S,8e-12,2371.373705661661,-5.999975587959581,0.012140865258486785
F75S,8e-12,2440.6190680419863,-5.999974137249339,0.012495381913748362
F75S,8e-12,2511.8864315095866,-5.999972600576829,0.01286025037071272
F75S,8e-12,2585.2348395621975,-5.999970972854552,0.013235772882952971
F75S,8e-12,2660.725059798817,-5.999969248685742,0.013622260527805467
F75S,8e-12,2738.4196342643686,-5.999967422350954,0.0140200334638247
F75S,8e-12,2818.3829312644616,-5.999965487807719,0.01442942119572127
F75S,8e-12,2900.681198693162,-5.999963438625237,0.014850762847090571
F75S,8e-12,2985.3826189179686,-5.999961268025789,0.01528440744095709
F75S,8e-12,3072.557365267456,-5.999958968816838,0.015730714188615318
F75S,8e-12,3162.277660168389,-5.999956533370744,0.01619005278682304
F75S,8e-12,3254.617834980469,-5.999953953617872,0.016662803723624345
F75S,8e-12,3349.6543915782872,-5.999951221008793,0.017149358593110505
F75S,8e-12,3447.466065731505,-5.99994832648392,0.01765012041932803
F75S,8e-12,3548.133892335766,-5.999945260450041,0.018165503989597265
F75S,8e-12,3651.741272548389,-5.999942012746077,0.018695936197537046
F75S,8e-12,3758.3740428844544,-5.999938572607219,0.019241856396063572
F75S,8e-12,3868.120546330535,-5.999934928629177,0.019803716760647586
F75S,8e-12,3981.0717055349864,-5.999931068743912,0.020381982663105654
F75S,8e-12,4097.32109813543,-5.999926980145563,0.020977133056329596
F75S,8e-12,4216.965034285838,-5.999922649291756,0.02158966087006097
F75S,8e-12,4340.102636447455,-5.999918061824383,0.02222007341828771
F75S,8e-12,4466.835921509648,-5.999913202539794,0.022868892818377035
F75S,8e-12,4597.2698853087395,-5.999908055329902,0.023536656422414967
F75S,8e-12,4731.512589614823,-5.999902603139332,0.024223917261020994
F75S,8e-12,4869.67525165865,-5.999896827901064,0.02493124450006425
F75S,8e-12,5011.872336272742,-5.999890710471375,0.025659223910611643
F75S,8e-12,5158.221650723077,-5.999884230570123,0.026408458352470885
F75S,8e-12,5308.8444423099045,-5.999877366725094,0.027179568271715186
F75S,8e-12,5463.865498818564,-5.999870096192476,0.0279731922126466
F75S,8e-12,5623.413251903514,-5.999862394871396,0.02878998734457314
F75S,8e-12,5787.61988349123,-5.999854237237729,0.02963063000375873
F75S,8e-12,5956.62143529013,-5.999845596264015,0.030495816251046845
F75S,8e-12,6130.557921498234,-5.9998364432997375,0.03138626244566961
F75S,8e-12,6309.57344480196,-5.999826748026313,0.032302705835410686
F75S,8e-12,6493.816315762142,-5.999816478298553,0.033245905164056504
F75S,8e-12,6683.439175686176,-5.999805600095746,0.03421664129604482
F75S,8e-12,6878.599123088107,-5.999794077355145,0.03521571785939018
F75S,8e-12,7079.457843841412,-5.99978187190354,0.03624396190680998
F75S,8e-12,7286.181745132311,-5.9997689432787435,0.03730222459613902
F75S,8e-12,7498.942093324594,-5.999755248656481,0.038391381889942226
F75S,8e-12,7717.915155850161,-5.999740742635424,0.039512335275593016
F75S,8e-12,7943.282347242854,-5.999725377158627,0.04066601250552945
F75S,8e-12,8175.23037943654,-5.999709101306738,0.04185336835906327
F75S,8e-12,8413.951416451991,-5.999691861148895,0.04307538542574153
F75S,8e-12,8659.643233600696,-5.999673599551118,0.04433307491117295
F75S,8e-12,8912.5093813375,-5.99965425600414,0.045627477465710886
F75S,8e-12,9172.759353897844,-5.999633766418517,0.04695966403678985
F75S,8e-12,9440.608762859283,-5.99961206290018,0.048330736745509986
F75S,8e-12,9716.279515771113,-5.999589073541027,0.0497418297879771
F75S,8e-12,10000.000000000055,-5.999564722164539,0.05119411036228646
F75S,8e-12,10292.00527194434,-5.99953892809693,0.052688779621539006
F75S,8e-12,10592.537251772948,-5.999511605869396,0.05422707365396131
F75S,8e-12,10901.844923851339,-5.999482664974681,0.05581026449030649
F75S,8e-12,11220.184543019699,-5.9994520095225035,0.057439661139911745
F75S,8e-12,11547.819846894648,-5.999419537962387,0.05911661065539478
F75S,8e-12,11885.022274370254,-5.999385142727552,0.06084249922736914
F75S,8e-12,12232.071190499388,-5.999348709875774,0.06261875330958769
F75S,8e-12,12589.254117941748,-5.999310118720545,0.06444684077528687
F75S,8e-12,12956.866975170273,-5.999269241435849,0.06632827210557503
F75S,8e-12,13335.21432163332,-5.999225942617214,0.0682646016107304
F75S,8e-12,13724.609610075704,-5.999180078871362,0.07025742868480311
F75S,8e-12,14125.37544622763,-5.999131498285513,0.07230839909512084
F75S,8e-12,14537.843856076708,-5.999080039975926,0.07441920630638718
F75S,8e-12,14962.356560944427,-5.999025533527283,0.07659159284122098
F75S,8e-12,15399.265260595015,-5.998967798448865,0.07882735167722178
F75S,8e-12,15848.931924611234,-5.998906643557288,0.08112832768189676
F75S,8e-12,16311.729092278485,-5.998841866369602,0.08349641908573141
F75S,8e-12,16788.040181225708,-5.998773252405801,0.08593357899484635
F75S,8e-12,17278.259805078742,-5.998700574522008,0.08844181694322767
F75S,8e-12,17782.79410038934,-5.998623592111784,0.09102320048642377
F75S,8e-12,18302.061063110676,-5.998542050353574,0.09367985683624602
F75S,8e-12,18836.490894898125,-5.998455679357505,0.09641397453825305
F75S,8e-12,19386.5263595222,-5.9983641932550205,0.0992278051924841
F75S,8e-12,19952.623149688927,-5.998267289298516,0.10212366521760843
F75S,8e-12,20535.250264571598,-5.998164646821957,0.10510393766035776
F75S,8e-12,21134.89039836661,-5.998055926207959,0.10817107404974996
F75S,8e-12,21752.040340195374,-5.99794076779066,0.11132759629725175
F75S,8e-12,22387.21138568355,-5.99781879060095,0.11457609864433237
F75S,8e-12,23040.929760558614,-5.997689591211227,0.11791924965562049
F75S,8e-12,23713.737056616716,-5.9975527423181525,0.12135979426139598
F75S,8e-12,24406.19068041997,-5.9974077914132575,0.1249005558466069
F75S,8e-12,25118.864315095976,-5.997254259236325,0.1285444383896081
F75S,8e-12,25852.348395622088,-5.997091638248321,0.13229442864857532
F75S,8e-12,26607.250597988284,-5.996919390950207,0.13615359839744035
F75S,8e-12,27384.19634264381,-5.996736948110614,0.1401251067107928
F75S,8e-12,28183.829312644742,-5.996543706920873,0.14421220229742507
F75S,8e-12,29006.81198693175,-5.996339029002913,0.14841822588312997
F75S,8e-12,29853.826189179817,-5.996122238347449,0.15274661264149858
F75S,8e-12,30725.573652674695,-5.995892619067552,0.15720089467353332
F75S,8e-12,31622.77660168403,-5.995649413108893,0.16178470353364066
F75S,8e-12,32546.17834980483,-5.995391817729983,0.16650177280337564
F75S,8e-12,33496.54391578302,-5.995118982923995,0.1713559407096199
F75S,8e-12,34474.6606573152,-5.994830008630505,0.17635115278772037
F75S,8e-12,35481.33892335782,-5.994523941808437,0.18149146458698884
F75S,8e-12,36517.41272548406,-5.994199773356097,0.18678104441670784
F75S,8e-12,37583.740428844714,-5.993856434817937,0.19222417613117748
F75S,8e-12,38681.20546330552,-5.993492794936692,0.19782526195024222
F75S,8e-12,39810.71705535004,-5.99310765599312,0.20358882531299893
F75S,8e-12,40973.210981354474,-5.9926997499271755,0.20951951376124683
F75S,8e-12,42169.650342858564,-5.992267734259224,0.21562210184828706
F75S,8e-12,43401.02636447473,-5.991810187743738,0.22190149406957815
F75S,8e-12,44668.35921509667,-5.991325605832479,0.228362727808719
F75S,8e-12,45972.69885308759,-5.990812395821964,0.23501097629504555
F75S,8e-12,47315.125896148435,-5.990268871756771,0.24185155156506535
F75S,8e-12,48696.75251658671,-5.9896932490510295,0.2488899074209931
F75S,8e-12,50118.723362727644,-5.989083638781893,0.2561316423790922
F75S,8e-12,51582.216507230994,-5.988438041690655,0.2635825025980203
F75S,8e-12,53088.44442309928,-5.987754341827221,0.2712483847782959
F75S,8e-12,54638.65498818588,-5.987030299857391,0.2791353390212845
F75S,8e-12,56234.13251903538,-5.986263545997975,0.28724957163597437
F75S,8e-12,57876.19883491255,-5.985451572550013,0.2955974478804799
F75S,8e-12,59566.21435290155,-5.984591726021325,0.3041854946233704
F75S,8e-12,61305.579214982594,-5.983681198851542,0.313020402907771
F75S,8e-12,63095.734448019866,-5.982717020650085,0.3221090304020024
F75S,8e-12,64938.16315762169,-5.981696048957628,0.33145840371646706
F75S,8e-12,66834.39175686204,-5.980614959563667,0.3410757205637521
F75S,8e-12,68785.99123088135,-5.979470236246254,0.3509683517411698
F75S,8e-12,70794.5784384144,-5.978258160000728,0.36114384290755164
F75S,8e-12,72861.81745132341,-5.976974797681274,0.3716099161273533
F75S,8e-12,74989.42093324625,-5.975615990113651,0.3823744711487077
F75S,8e-12,77179.15155850194,-5.974177339474207,0.3934455863868591
F75S,8e-12,79432.82347242888,-5.9726541961379525,0.4048315195695012
F75S,8e-12,81752.30379436575,-5.971041644796395,0.41654070800887083
F75S,8e-12,84139.5141645203,-5.9693344899025425,0.42858176845447316
F75S,8e-12,86596.43233600735,-5.967527240384114,0.4409634964798814
F75S,8e-12,89125.0938133754,-5.9656140935892035,0.4536948653524167
F75S,8e-12,91727.59353897884,-5.963588918527952,0.46678502432658264
F75S,8e-12,94406.08762859325,-5.96144523820641,0.48024329630679885
F75S,8e-12,97162.79515771156,-5.959176211227463,0.49407917480678737
F75S,8e-12,100000.00000000097,-5.956774612493108,0.5083023201395815
F75S,8e-12,102920.05271944383,-5.95423281309375,0.5229225547574423
F75S,8e-12,105925.37251772993,-5.951542759191444,0.5379498576656492
F75S,8e-12,109018.44923851384,-5.948695950126514,0.5533943578113778
F75S,8e-12,112201.84543019746,-5.945683415540369,0.5692663263591029
F75S,8e-12,115478.19846894697,-5.942495691538795,0.5855761677482854
F75S,8e-12,118850.22274370304,-5.939122795947339,0.6023344094202446
F75S,8e-12,122320.71190499439,-5.935554202651527,0.6195516900957077
F75S,8e-12,125892.541179418,-5.9317788148980615,0.637238746482104
F75S,8e-12,129568.66975170327,-5.927784937773713,0.6554063982660201
F75S,8e-12,133352.1432163338,-5.923560249681274,0.6740655312556287
F75S,8e-12,137246.09610075763,-5.9190917729629255,0.6932270785141699
F75S,8e-12,141253.7544622769,-5.914365843669335,0.7129019993234528
F75S,8e-12,145378.4385607677,-5.9093680805006965,0.7331012558063432
F75S,8e-12,149623.56560944492,-5.904083352987692,0.7538357870261073
F75S,8e-12,153992.65260595083,-5.898495749044561,0.7751164803681165
F75S,8e-12,158489.31924611304,-5.892588541843772,0.7969541400105824
F75S,8e-12,163117.29092278559,-5.886344156266546,0.8193594522665146
F75S,8e-12,167880.40181225786,-5.879744134999626,0.8423429475809059
F75S,8e-12,172782.59805078822,-5.872769104347405,0.8659149589608266
F75S,8e-12,177827.94100389423,-5.865398740102047,0.890085576594284
F75S,8e-12,183020.61063110761,-5.857611733483617,0.9148645984279452
F75S,8e-12,188364.90894898213,-5.849385757516014,0.9402614764501405
F75S,8e-12,193865.26359522287,-5.840697434044213,0.9662852584333536
F75S,8e-12,199526.23149689016,-5.83152230166801,0.9929445248874269
F75S,8e-12,205352.5026457169,-5.821834784988737,1.0202473209707035
F75S,8e-12,211348.90398366703,-5.81160816547459,1.0482010831187765
F75S,8e-12,217520.4034019547,-5.80081455438642,1.0768125601525997
F75S,8e-12,223872.11385683648,-5.789424868321482,1.1060877286347504
F75S,8e-12,230409.29760558717,-5.77740880766248,1.1360317022802993
F75S,8e-12,237137.37056616822,-5.76473483879751,1.1666486352160894
F75S,8e-12,244061.90680420081,-5.75137018048048,1.1979416189466257
F75S,8e-12,251188.64315096088,-5.73728079513575,1.2299125728950742
F75S,8e-12,258523.48395622204,-5.72243138588005,1.2625621284364241
F75S,8e-12,266072.505979884,-5.706785399974775,1.2958895063997549
F75S,8e-12,273841.96342643927,-5.690305039595082,1.32989238807014
F75S,8e-12,281838.29312644864,-5.672951280879508,1.3645667797911893
F75S,8e-12,290068.11986931873,-5.6546839022488875,1.3999068713546998
F75S,8e-12,298538.26189179946,-5.635461522913431,1.435904888467943
F75S,8e-12,307255.7365267483,-5.615241652872837,1.4725509396748206
F75S,8e-12,316227.7660168417,-5.593980755289169,1.5098328582614324
F75S,8e-12,325461.7834980498,-5.571634322655119,1.547736039779048
F75S,8e-12,334965.4391578317,-5.548156967731469,1.5862432760005962
F75S,8e-12,344746.6065731536,-5.523502530657317,1.6253345862653008
F75S,8e-12,354813.3892335798,-5.497624203306544,1.664987047368124
F75S,8e-12,365174.1272548422,-5.47047467208872,1.705174623334949
F75S,8e-12,375837.4042884488,-5.442006280432322,1.7458679966270871
F75S,8e-12,386812.054633057,-5.4121712119241625,1.7870344025485283
F75S,8e-12,398107.1705535022,-5.380921695004004,1.8286374688532674
F75S,8e-12,409732.10981354665,-5.348210230248352,1.8706370627687163
F75S,8e-12,421696.5034285876,-5.313989840710702,1.9129891479069934
F75S,8e-12,434010.26364474936,-5.2782143457786015,1.9556456537547842
F75S,8e-12,446683.59215096885,-5.240838658850206,1.9985543606525873
F75S,8e-12,459726.9885308781,-5.201819108573178,2.0416588033930845
F75S,8e-12,473151.2589614866,-5.161113783222179,2.0848981967449993
F75S,8e-12,486967.5251658694,-5.118682897445991,2.1282073863640223
F75S,8e-12,501187.23362727877,-5.074489179851796,2.1715168286744766
F75S,8e-12,515822.16507231235,-5.02849827981224,2.214752603358747
F75S,8e-12,530884.4442309953,-4.980679191109887,2.25783646210398
F75S,8e-12,546386.5498818613,-4.931004689489334,2.3006859171877316
F75S,8e-12,562341.3251903565,-4.879451780621518,2.343214373336612
F75S,8e-12,578761.9883491283,-4.826002154393477,2.3853313060551247
F75S,8e-12,595662.1435290184,-4.7706426408017775,2.4269424892864233
F75S,8e-12,613055.7921498289,-4.7133656621565265,2.4679502748258564
F75S,8e-12,630957.3444802017,-4.654169675585336,2.508253925349312
F75S,8e-12,649381.63157622,-4.593059599615914,2.5477500022648982
F75S,8e-12,668343.9175686237,-4.530047217699462,2.586332808798586
F75S,8e-12,687859.9123088169,-4.4651515517795195,2.623894887873311
F75S,8e-12,707945.7843841475,-4.398399197949586,2.660327573307181
F75S,8e-12,728618.1745132377,-4.329824617168633,2.6955215918691646
F75S,8e-12,749894.2093324661,-4.259470372925241,2.729367712513996
F75S,8e-12,771791.5155850231,-4.187387308957199,2.761757438037839
F75S,8e-12,794328.2347242925,-4.113634659759897,2.792583733141565
F75S,8e-12,817523.0379436614,-4.0382800878057425,2.821741781794681
F75S,8e-12,841395.141645207,-3.9613996419083666,2.849129765664339
F75S,8e-12,865964.3233600776,-3.8830776320769975,2.8746496543429325
F75S,8e-12,891250.9381337581,-3.803406417861094,2.8982079973159447
F75S,8e-12,917275.9353897927,-3.7224861079688174,2.9197167068104326
F75S,8e-12,944060.8762859369,-3.640424170953001,2.9390938202575536
F75S,8e-12,971627.9515771201,-3.5573349580789166,2.956264230788909
F75S,8e-12,1000000.0000000144,-3.473339141406965,2.9711603742405517
F75S,8e-12,1029200.527194443,-3.3885630714908124,2.983722861328311
F75S,8e-12,1059253.7251773044,-3.3031380613438075,2.993901044374584
F75S,8e-12,1090184.4923851436,-3.2171996042101534,3.0016535086117253
F75S,8e-12,1122018.4543019799,-3.130886534948048,3.0069484794364123
F75S,8e-12,1154781.984689475,-3.0443401455426873,3.0097641381874416
F75S,8e-12,1188502.2274370359,-2.9577032663779956,3.0100888405816777
F75S,8e-12,1223207.1190499496,-2.8711193262068817,3.007921233883094
F75S,8e-12,1258925.4117941859,-2.784731403620751,3.0032702705085246
F75S,8e-12,1295686.6975170388,-2.6986812834776,2.9961551178741237
F75S,8e-12,1333521.432163344,-2.613108531434006,2.986604966155453
F75S,8e-12,1372460.9610075825,-2.5281495992067207,2.974658737470412
F75S,8e-12,1412537.5446227754,-2.4439369729439866,2.960364702024876
F75S,8e-12,1453784.3856076836,-2.360598375208603,2.9437800079477627
F75S,8e-12,1496235.6560944559,-2.278256030806817,2.924970133458392
F75S,8e-12,1539926.526059515,-2.1970260044484973,2.904008270769917
F75S,8e-12,1584893.1924611374,-2.117017617323791,2.880974652434945
F75S,8e-12,1631172.909227863,-2.038332947358958,2.8559558311006175
F75S,8e-12,1678804.0181225857,-1.961066416697446,2.829043924288235
F75S,8e-12,1727825.9805078898,-1.8853044680650455,2.800335835791102
F75S,8e-12,1778279.41003895,-1.811125329916821,2.76993246500443
F75S,8e-12,1830206.106311084,-1.7385988689834075,2.737937915259354
F75S,8e-12,1883649.0894898295,-1.6677865270888705,2.704458711337284
F75S,8e-12,1938652.6359522373,-1.5987413381888935,2.669603035753828
F75S,8e-12,1995262.3149689105,-1.531508020357664,2.6334799923206003
F75S,8e-12,2053525.026457178,-1.466123136422346,2.596198904253905
F75S,8e-12,2113489.0398366796,-1.402615316755315,2.5578686533770076
F75S,8e-12,2175204.0340195564,-1.3410055366996114,2.5185970652773966
F75S,8e-12,2238721.1385683743,-1.281307441264718,2.4784903444896353
F75S,8e-12,2304092.9760558815,-1.2235277094629204,2.4376525624812926
F75S,8e-12,2371373.705661692,-1.16766645070566,2.3961852001022024
F75S,8e-12,2440619.0680420185,-1.1137176260287414,2.35418674529835
F75S,8e-12,2511886.4315096196,-1.061669487095902,2.311752345816692
F75S,8e-12,2585234.8395622317,-1.0115050263926946,2.2689735158353748
F75S,8e-12,2660725.059798852,-0.9632024327341007,2.2259378950136073
F75S,8e-12,2738419.6342644054,-0.9167355464531738,2.1827290574910245
F75S,8e-12,2818382.931264499,-0.8720743094338835,2.1394263681237353
F75S,8e-12,2900681.1986932005,-0.8291852057665774,2.096104882899982
F75S,8e-12,2985382.618918008,-0.7880316893294508,2.052835290100175
F75S,8e-12,3072557.365267497,-0.7485745952478432,2.00968388865844
F75S,8e-12,3162277.6601684312,-0.7107725327437536,1.9667126000767343
F75S,8e-12,3254617.8349805125,-0.6745822574551252,1.9239790102706584
F75S,8e-12,3349654.391578332,-0.6399590217848796,1.8815364377476684
F75S,8e-12,3447466.065731551,-0.6068569022750827,1.8394340245804697
F75S,8e-12,3548133.8923358135,-0.5752291034443144,1.7977168468325522
F75S,8e-12,3651741.272548438,-0.5450282379273403,1.7564260413490294
F75S,8e-12,3758374.042884505,-0.5162065829362531,1.7155989457815362
F75S,8e-12,3868120.546330587,-0.4887163134746121,1.675269249188124
F75S,8e-12,3981071.70553504,-0.46250971294679705,1.6354671507771634
F75S,8e-12,4097321.0981354844,-0.43753936183883135,1.5962195242901582
F75S,8e-12,4216965.034285894,-0.41375830547924364,1.557550086119574
F75S,8e-12,4340102.636447512,-0.3911202019244161,1.5194795653532243
F75S,8e-12,4466835.921509706,-0.3695794510371316,1.4820258740238303
F75S,8e-12,4597269.885308799,-0.34909130597242594,1.4452042762554629
F75S,8e-12,4731512.589614885,-0.32961196826540723,1.4090275550949696
F75S,8e-12,4869675.251658713,-0.31109866773255024,1.373506176018434
F75S,8e-12,5011872.336272808,-0.2935097283672084,1.3386484462101718
F75S,8e-12,5158221.650723144,-0.27680462144183204,1.3044606690093392
F75S,8e-12,5308844.442309974,-0.260944006951297,1.2709472929512393
F75S,8e-12,5463865.498818635,-0.2458897644833191,1.2381110549313963
F75S,8e-12,5623413.251903587,-0.2316050145949967,1.205953117258003
F75S,8e-12,5787619.883491306,-0.21805413167966692,1.1744731983455003
F75S,8e-12,5956621.435290207,-0.20520274925591528,1.1436696968973767
F75S,8e-12,6130557.921498313,-0.1930177585708994,1.113539809567588
F75S,8e-12,6309573.444802041,-0.18146730134505842,1.0840796421512433
F75S,8e-12,6493816.315762226,-0.17052075737719383,1.0552843142349433
F75S,8e-12,6683439.175686263,-0.1601487277617089,1.02714805761532
F75S,8e-12,6878599.123088196,-0.15032301430300768,0.9996643084361142
F75S,8e-12,7079457.843841503,-0.14101659575305636,0.9728257933843953
F75S,8e-12,7286181.745132405,-0.13220360137616294,0.9466246100519984
F75S,8e-12,7498942.093324691,-0.1238592823313934,0.9210523017296133
F75S,8e-12,7717915.155850261,-0.11595998129629777,0.8960999268369044
F75S,8e-12,7943282.347242957,-0.10848310072894732,0.871758123284393
F75S,8e-12,8175230.379436647,-0.10140707009219191,0.8480171679178906
F75S,8e-12,8413951.416452102,-0.09471131237092607,0.8248670314207007
F75S,8e-12,8659643.23360081,-0.0883762101296282,0.8022974288138572
F75S,8e-12,8912509.381337617,-0.08238307136252544,0.780297865884257
F75S,8e-12,9172759.353897963,-0.0767140953257822,0.7588576816863274
F75S,8e-12,9440608.762859406,-0.0713523385524483,0.7379660874818398
F75S,8e-12,9716279.51577124,-0.06628168118449179,0.7176122022325024
F75S,8e-12,10000000.000000184,-0.06148679376209864,0.6977850849157716
F75S,8e-12,10292005.271944473,-0.05695310458054991,0.6784737638727334
F75S,8e-12,10592537.251773085,-0.05266676771000784,0.6596672634136973
F75S,8e-12,10901844.923851479,-0.048614631745305885,0.6413546278018196
F75S,8e-12,11220184.543019842,-0.04478420936047495,0.6235249428990586
F75S,8e-12,11547819.846894797,-0.04116364770591268,0.6061673555609768
F75S,8e-12,11885022.274370406,-0.0377416996928287,0.5892710910038195
F75S,8e-12,12232071.190499544,-0.0345076961886729,0.5728254682668152
F75S,8e-12,12589254.117941909,-0.03145151914421382,0.5568199139350023
F75S,8e-12,12956866.97517044,-0.028563575662296888,0.5412439742518403
F75S,8e-12,13335214.321633492,-0.025834773011967016,0.5260873257408516
F75S,8e-12,13724609.61007588,-0.023256494588878577,0.5113397844890714
F75S,8e-12,14125375.446227811,-0.020820576811955357,0.49699131415541253
F75S,8e-12,14537843.856076894,-0.018519286949805862,0.4830320328696327
F75S,8e-12,14962356.560944619,-0.01634530185848404,0.46945221905191603
F75S,8e-12,15399265.260595214,-0.014291687617256299,0.45624231630726264
F75S,8e-12,15848931.924611438,-0.012351880040429287,0.44339293743901703
F75S,8e-12,16311729.092278697,-0.010519666044485124,0.4308948676706521
F75S,8e-12,16788040.181225926,-0.008789165847523317,0.41873906715033393
F75S,8e-12,17278259.80507897,-0.007154815976783228,0.40691667281355115
F75S,8e-12,17782794.100389574,-0.00561135305850617,0.39541899963839966
F75S,8e-12,18302061.063110918,-0.004153798365115758,0.3842375413904646
F75S,8e-12,18836490.894898374,-0.002777443092859672,0.37336397086802986
F75S,8e-12,19386526.359522454,-0.001477834343923836,0.3627901397388402
F75S,8e-12,19952623.14968919,-0.0002507617865749917,0.3525080779636099
F75S,8e-12,20535250.264571868,0.0009077550330285056,0.3425099929031048
F75S,8e-12,21134890.398366887,0.00200147875324047,0.33278826810353446
F75S,8e-12,21752040.34019566,0.003033965658911718,0.32333546180663497
F75S,8e-12,22387211.385683842,0.004008576568337608,0.31414430522624887
F75S,8e-12,23040929.760558918,0.004928487170042116,0.30520770062098124
F75S,8e-12,23713737.05661703,0.005796697832056059,0.2965187191588018
F75S,8e-12,24406190.680420294,0.006616042909022937,0.28807059864904816
F75S,8e-12,25118864.315096308,0.007389199567462458,0.27985674111037556
F75S,8e-12,25852348.39562243,0.008118696153567456,0.27187071024497467
F75S,8e-12,26607250.597988635,0.00880692012234133,0.26410622879315393
F75S,8e-12,27384196.34264417,0.00945612555020444,0.25655717581555765
F75S,8e-12,28183829.31264511,0.010068440250230914,0.24921758390719476
F75S,8e-12,29006811.98693213,0.010645872508784456,0.2420816363554608
F75S,8e-12,29853826.189180207,0.011190317461827224,0.23514366425627986
F75S,8e-12,30725573.652675096,0.011703563129117026,0.2283981436067513
F75S,8e-12,31622776.601684444,0.01218729612130945,0.22183969236715007
F75S,8e-12,32546178.34980526,0.012643107038799199,0.215463067528364
F75S,8e-12,33496543.915783457,0.013072495574271925,0.209263162161503
F75S,8e-12,34474660.65731565,0.013476875336837894,0.20323500248600962
F75S,8e-12,35481338.92335828,0.013857578409261648,0.19737374494140864
F75S,8e-12,36517412.72548453,0.014215859654462423,0.19167467328996543
F75S,8e-12,37583740.4288452,0.014552900780008917,0.18613319572639542
F75S,8e-12,38681205.463306025,0.014869814177871709,0.18074484203510188
F75S,8e-12,39810717.05535056,0.015167646546727977,0.17550526076903694
F75S,8e-12,40973210.98135501,0.015447382310901184,0.1704102164738896
F75S,8e-12,42169650.34285911,0.015709946844021654,0.16545558694584173
F75S,8e-12,43401026.3644753,0.01595620951107175,0.1606373605460222
F75S,8e-12,44668359.21509726,0.016186986533517862,0.15595163354735497
F75S,8e-12,45972698.8530882,0.016403043692865195,0.15139460754859319
F75S,8e-12,47315125.89614906,0.016605098874555593,0.1469625869227439
F75S,8e-12,48696752.516587354,0.016793824467331145,0.14265197633508123
F75S,8e-12,50118723.362728305,0.016969849621369267,0.1384592783091914
F75S,8e-12,51582216.507231675,0.017133762375311962,0.13438109085412045
F75S,8e-12,53088444.42309998,0.017286111658256345,0.1304141051481273
F75S,8e-12,54638654.988186605,0.01742740917491509,0.12655510328491792
F75S,8e-12,56234132.51903613,0.01755813118075754,0.12280095608282496
F75S,8e-12,57876198.83491332,0.017678720152676596,0.11914862095394599
F75S,8e-12,59566214.352902345,0.017789586362493087,0.11559513983770248
F75S,8e-12,61305579.21498341,0.01789110936000992,0.1121376372009398
F75S,8e-12,63095734.44802071,0.017983639369974557,0.10877331809954516
F75S,8e-12,64938163.15762256,0.018067498611365553,0.10549946631029215
F75S,8e-12,66834391.75686294,0.01814298254169796,0.10231344252352172
F75S,8e-12,68785991.23088229,0.018210361035459647,0.09921268260753756
F75S,8e-12,70794578.43841536,0.01826987949913365,0.096194695935403
F75S,8e-12,72861817.45132439,0.01832175993240278,0.0932570637854806
F75S,8e-12,74989420.93324725,0.018366201934457448,0.0903974377978747
F75S,8e-12,77179151.55850297,0.018403383669839624,0.08761353851026871
F75S,8e-12,79432823.47242993,0.018433462792193486,0.08490315395360741
F75S,8e-12,81752303.79436684,0.018456577333981875,0.0822641383141596
F75S,8e-12,84139514.1645214,0.018472846569055425,0.07969441066401368
F75S,8e-12,86596432.33600849,0.018482371852222124,0.07719195375535881
F75S,8e-12,89125093.81337658,0.018485237441512307,0.07475481287757141
F75S,8e-12,91727593.53898005,0.01848151131066529,0.0723810947792264
F75S,8e-12,94406087.6285945,0.01847124595505369,0.0700689666477998
F75S,8e-12,97162795.15771285,0.01845447919973523,0.0678166551505832
F75S,8e-12,100000000.0000023,0.018431235013822808,0.0656224455306316
F75S,8e-12,102920052.71944518,0.018401524337136377,0.06348468075495566
F75S,8e-12,105925372.51773132,0.018365345926675096,0.061401760714188305
F75S,8e-12,109018449.23851527,0.018322687226978086,0.05937214146636598
F75S,8e-12,112201845.43019894,0.018273525270998858,0.057394334521691515
F75S,8e-12,115478198.4689485,0.018217827618267696,0.055466906164549676
F75S,8e-12,118850222.7437046,0.0181555533328161,0.05358847680224804
F75S,8e-12,122320711.90499601,0.018086654008934725,0.05175772033835503
F75S,8e-12,125892541.17941967,0.018011074848273582,0.049973363561161235
F75S,8e-12,129568669.75170499,0.01792875579143816,0.048234185537715024
F75S,8e-12,133352143.21633555,0.01783963271046388,0.046539017008066744
F75S,8e-12,137246096.10075945,0.017743638660449916,0.0448867397641254
F75S,8e-12,141253754.46227878,0.017640705197082832,0.04327628600870616
F75S,8e-12,145378438.56076965,0.017530763756441543,0.04170663767808475
F75S,8e-12,149623565.6094469,0.017413747100196594,0.04017682572032494
F75S,8e-12,153992652.6059529,0.017289590820716915,0.03868592931287935
F75S,8e-12,158489319.24611515,0.017158234905776375,0.03723307501001613
F75S,8e-12,163117290.92278776,0.017019625356331752,0.03581743580533531
F75S,8e-12,167880401.8122601,0.016873715848817868,0.034438230094918615
F75S,8e-12,172782598.05079052,0.016720469436342755,0.03309472053128873
F75S,8e-12,177827941.0038966,0.016559860273964336,0.03178621275229236
F75S,8e-12,183020610.63111004,0.016391875358358038,0.030512053976262575
F75S,8e-12,188364908.94898462,0.01621651626278831,0.029271631449842003
F75S,8e-12,193865263.59522545,0.01603380085378275,0.02806437074243482
F75S,8e-12,199526231.49689284,0.0158437649664915,0.0268897338773875
F75S,8e-12,205352502.64571965,0.015646464020156643,0.025747217296965837
F75S,8e-12,211348903.98366988,0.015441974548972448,0.02463634965754957
F75S,8e-12,217520403.40195763,0.01523039562499064,0.02355668945636065
F75S,8e-12,223872113.8568395,0.015011850147113166,0.02250782249331037
F75S,8e-12,230409297.60559028,0.014786485971450014,0.02148935917615745
F75S,8e-12,237137370.56617144,0.01455447685641166,0.020500931679949833
F75S,8e-12,244061906.80420414,0.014316023198820428,0.01954219097687096
F75S,8e-12,251188643.15096432,0.014071352535603562,0.018612803755274653
F75S,8e-12,258523483.95622557,0.013820719792026731,0.01771244925257573
F75S,8e-12,266072505.97988766,0.013564407254566747,0.016840816028197952
F75S,8e-12,273841963.42644304,0.01330272425534762,0.01599759870845048
F75S,8e-12,281838293.1264525,0.01303600655540232,0.015182494736788548
F75S,8e-12,290068119.8693227,0.012764615419903858,0.014395201165952436
F75S,8e-12,298538261.89180356,0.012488936383723698,0.013635411530272454
F75S,8e-12,307255736.52675253,0.012209377711827524,0.01290281283747198
F75S,8e-12,316227766.01684606,0.011926368562353896,0.012197082718964448
F75S,8e-12,325461783.49805427,0.01164035687010216,0.011517886777513042
F75S,8e-12,334965439.1578363,0.011351806969109328,0.01086487616852456
F75S,8e-12,344746606.5731583,0.011061196984012221,0.010237685449155959
F75S,8e-12,354813389.2335847,0.010769016019116708,0.009635930725078935
F75S,8e-12,365174127.2548472,0.010475761184278464,0.009059208120629367
F75S,8e-12,375837404.288454,0.010181934495778009,0.008507092592462009
F75S,8e-12,386812054.6330623,0.009888039697044484,0.007979137100980898
F75S,8e-12,398107170.5535077,0.009594579042506464,0.0074748721475058665
F75S,8e-12,409732109.81355226,0.009302050091342141,0.006993805678475901
F75S,8e-12,421696503.42859334,0.009010942556644534,0.006535423351277473
F75S,8e-12,434010263.64475524,0.008721735253431652,0.006099189149936934
F75S,8e-12,446683592.15097487,0.008434893187733822,0.005684546332593843
F75S,8e-12,459726988.5308843,0.00815086482488395,0.0052909186871190885
F75S,8e-12,473151258.961493,0.007870079571107,0.004917712066279089
F75S,8e-12,486967525.16587603,0.007592945497872353,0.004564316169613188
F75S,8e-12,501187233.6272856,0.0073198473325691415,0.0042301065360941525
F75S,8e-12,515822165.0723194,0.00705114473403742,0.0039144467091189
F75S,8e-12,530884444.2310025,0.006787170864908047,0.003616690534285902
F75S,8e-12,546386549.8818688,0.006528231267393218,0.003336184549860636
F75S,8e-12,562341325.1903641,0.006274603043045922,0.0030722704305681447
F75S,8e-12,578761988.3491361,0.0060265343320556625,0.0028242874465750517
F75S,8e-12,595662143.5290264,0.005784244082196049,0.0025915749019643874
F75S,8e-12,613055792.1498371,0.005547922093953549,0.0023734745193809375
F75S,8e-12,630957344.4802102,0.0053177293238361595,0.0021693327412679207
F75S,8e-12,649381631.5762287,0.0050937984253959755,0.0019785029214633926
F75S,8e-12,668343917.5686326,0.00487623450479994,0.0018003473850552853
F75S,8e-12,687859912.3088262,0.004665116066465367,0.0016342393381810994
F75S,8e-12,707945784.3841571,0.004460496122822429,0.001479564613839906
F75S,8e-12,728618174.5132475,0.00426240344238147,0.0013357232433433915
F75S,8e-12,749894209.3324763,0.00407084391005922,0.0012021308471101598
F75S,8e-12,771791515.5850335,0.003885801974761739,0.0010782198416797106
F75S,8e-12,794328234.7243032,0.0037072421599553193,0.0009634404633407391
F75S,8e-12,817523037.9436724,0.0035351106148017643,0.0008572616111983979
F75S,8e-12,841395141.6452183,0.0033693366848489286,0.0007591715152342467
F75S,8e-12,865964323.3600892,0.0032098344832781813,0.0006686782368810197
F75S,8e-12,891250938.1337701,0.0030565044458477336,0.0005853100111627231
F75S,8e-12,917275935.389805,0.0029092348546323416,0.0005086154408937101
F75S,8e-12,944060876.2859496,0.0027679033177479954,0.00043816355442168053
F75S,8e-12,971627951.5771332,0.002632378194525736,0.0003735437387031758
F75S,8e-12,1000000000.0000279,0.002502519957263005,0.00031436556028610743
F75S,1.6e-11,1000.0,-5.999982710382528,0.010214819094703571
F75S,1.6e-11,1029.2005271944283,-5.999981681696231,0.010513095398107734
F75S,1.6e-11,1059.2537251772892,-5.999980592066256,0.010820081364539092
F75S,1.6e-11,1090.1844923851281,-5.99997943785746,0.011136031306136378
F75S,1.6e-11,1122.018454301964,-5.999978215267376,0.011461206959724796
F75S,1.6e-11,1154.781984689459,-5.999976920232605,0.011795877703575468
F75S,1.6e-11,1188.5022274370194,-5.999975548463935,0.012140320780365138
F75S,1.6e-11,1223.2071190499325,-5.999974095411194,0.012494821526699344
F75S,1.6e-11,1258.9254117941682,-5.999972556264256,0.012859673609289026
F75S,1.6e-11,1295.6866975170205,-5.999970925917129,0.013235179268046448
F75S,1.6e-11,1333.5214321633252,-5.999969198962672,0.013621649566232208
F75S,1.6e-11,1372.4609610075634,-5.9999673696812525,0.014019404647894054
F75S,1.6e-11,1412.5375446227558,-5.999965432013315,0.014428774002821878
F75S,1.6e-11,1453.7843856076636,-5.999963379534879,0.01485009673921651
F75S,1.6e-11,1496.2356560944354,-5.999961205430642,0.01528372186430106
F75S,1.6e-11,1539.926526059494,-5.999958902515217,0.0157300085730402
F75S,1.6e-11,1584.8931924611159,-5.99995646313973,0.01618932654540797
F75S,1.6e-11,1631.1729092278408,-5.999953879223071,0.016662056252147783
F75S,1.6e-11,1678.804018122563,-5.999951142211163,0.01714858926951961
F75S,1.6e-11,1727.8259805078665,-5.999948243014518,0.017649328603236966
F75S,1.6e-11,1778.279410038926,-5.9999451720300865,0.0181646890217049
F75S,1.6e-11,1830.2061063110596,-5.999941919091876,0.018695097399046325
F75S,1.6e-11,1883.6490894898043,-5.999938473402864,0.019240993068132043
F75S,1.6e-11,1938.6526359522113,-5.999934823549351,0.019802828183742904
F75S,1.6e-11,1995.2623149688839,-5.999930957439565,0.020381068096398017
F75S,1.6e-11,2053.5250264571505,-5.999926862243271,0.020976191737043334
F75S,1.6e-11,2113.4890398366515,-5.999922524404321,0.021588692012784162
F75S,1.6e-11,2175.2040340195276,-5.99991792953135,0.022219076214311972
F75S,1.6e-11,2238.721138568345,-5.99991306241065,0.022867866434938197
F75S,1.6e-11,2304.092976055851,-5.999907906897695,0.023535600001999238
F75S,1.6e-11,2371.373705661661,-5.999902445914366,0.0242228299205729
F75S,1.6e-11,2440.6190680419863,-5.999896661359175,0.024930125330216095
F75S,1.6e-11,2511.8864315095866,-5.999890534057908,0.025658071974855902
F75S,1.6e-11,2585.2348395621975,-5.999884043707388,0.026407272686294714
F75S,1.6e-11,2660.725059798817,-5.9998771687966315,0.027178347881753846
F75S,1.6e-11,2738.4196342643686,-5.999869886530637,0.02797193607580303
F75S,1.6e-11,2818.3829312644616,-5.99986217278939,0.028788694407003247
F75S,1.6e-11,2900.681198693162,-5.999854001996953,0.02962929917996899
F75S,1.6e-11,2985.3826189179686,-5.999845347080836,0.030494446422867597
F75S,1.6e-11,3072.557365267456,-5.99983617935521,0.03138485246118154
F75S,1.6e-11,3162.277660168389,-5.9998264684448115,0.03230125450790899
F75S,1.6e-11,3254.617834980469,-5.999816182150946,0.033244411270915805
F75S,1.6e-11,3349.6543915782872,-5.999805286402763,0.03421510357753688
F75S,1.6e-11,3447.466065731505,-5.999793745078673,0.03521413501749071
F75S,1.6e-11,3548.133892335766,-5.999781519937832,0.036242332603959704
F75S,1.6e-11,3651.741272548389,-5.9997685704656005,0.03730054745388452
F75S,1.6e-11,3758.3740428844544,-5.999754853749186,0.03838965548767722
F75S,1.6e-11,3868.120546330535,-5.9997403243348035,0.03951055814902661
F75S,1.6e-11,3981.0717055349864,-5.9997249340756635,0.04066418314532193
F75S,1.6e-11,4097.32109813543,-5.9997086319752135,0.041851485209244824
F75S,1.6e-11,4216.965034285838,-5.999691364012606,0.04307344688214828
F75S,1.6e-11,4340.102636447455,-5.999673072959556,0.04433107931978848
F75S,1.6e-11,4466.835921509648,-5.999653698213843,0.04562542312091271
F75S,1.6e-11,4597.2698853087395,-5.9996331755902625,0.046957549179533285
F75S,1.6e-11,4731.512589614823,-5.999611437065097,0.04832855956155291
F75S,1.6e-11,4869.67525165865,-5.999588410629833,0.049739588405775886
F75S,1.6e-11,5011.872336272742,-5.999564019980983,0.05119180285101643
F75S,1.6e-11,5158.221650723077,-5.999538184322287,0.052686403988894535
F75S,1.6e-11,5308.8444423099045,-5.999510818029939,0.05422462784401272
F75S,1.6e-11,5463.865498818564,-5.999481830461443,0.05580774638102154
F75S,1.6e-11,5623.413251903514,-5.999451125585393,0.05743706854066659
F75S,1.6e-11,5787.61988349123,-5.999418601661477,0.05911394130456646
F75S,1.6e-11,5956.62143529013,-5.999384150962134,0.06083975078943394
F75S,1.6e-11,6130.557921498234,-5.999347659357678,0.06261592337233998
F75S,1.6e-11,6309.57344480196,-5.999309005978455,0.0644439268467556
F75S,1.6e-11,6493.816315762142,-5.999268062782286,0.06632527161097047
F75S,1.6e-11,6683.439175686176,-5.999224694157801,0.06826151188900093
F75S,1.6e-11,6878.599123088107,-5.999178756463686,0.0702542469852807
F75S,1.6e-11,7079.457843841412,-5.999130097556128,0.07230512257364956
F75S,1.6e-11,7286.181745132311,-5.999078556290817,0.07441583202149858
F75S,1.6e-11,7498.942093324594,-5.999023961973312,0.07658811775002963
F75S,1.6e-11,7717.915155850161,-5.998966133823155,0.07882377263102788
F75S,1.6e-11,7943.282347242854,-5.998904880347013,0.08112464142159118
F75S,1.6e-11,8175.23037943654,-5.998839998740802,0.08349262223685822
F75S,1.6e-11,8413.951416451991,-5.998771274186051,0.08592966806240579
F75S,1.6e-11,8659.643233600696,-5.9986984791640765,0.08843778830629052
F75S,1.6e-11,8912.5093813375,-5.998621372683436,0.09101905039221993
F75S,1.6e-11,9172.759353897844,-5.998539699511681,0.09367558139398768
F75S,1.6e-11,9440.608762859283,-5.998453189327238,0.09640956971251785
F75S,1.6e-11,9716.279515771113,-5.998361555806026,0.09922326679618705
F75S,1.6e-11,10000.000000000055,-5.998264495705046,0.10211898890463435
F75S,1.6e-11,10292.00527194434,-5.998161687859186,0.1050991189173952
F75S,1.6e-11,10592.537251772948,-5.998052792093839,0.10816610818803131
F75S,1.6e-11,10901.844923851339,-5.997937448159462,0.11132247844344928
F75S,1.6e-11,11220.184543019699,-5.997815274490351,0.1145708237306867
F75S,1.6e-11,11547.819846894648,-5.99768586699642,0.11791381240986343
F75S,1.6e-11,11885.022274370254,-5.9975487977127315,0.1213541891953085
F75S,1.6e-11,12232.071190499388,-5.9974036133782676,0.1248947772446597
F75S,1.6e-11,12589.254117941748,-5.997249833985012,0.1285384802957973
F75S,1.6e-11,12956.866975170273,-5.997086951175614,0.13228828485306363
F75S,1.6e-11,13335.21432163332,-5.996914426587246,0.13614726242194103
F75S,1.6e-11,13724.609610075704,-5.996731690083419,0.14011857179279957
F75S,1.6e-11,14125.37544622763,-5.996538137882532,0.14420546137354698
F75S,1.6e-11,14537.843856076708,-5.996333130595866,0.14841127157079312
F75S,1.6e-11,14962.356560944427,-5.996115991121449,0.1527394372197659
F75S,1.6e-11,15399.265260595015,-5.995886002448619,0.15719349006179545
F75S,1.6e-11,15848.931924611234,-5.9956424053010995,0.16177706126948568
F75S,1.6e-11,16311.729092278485,-5.995384395659849,0.16649388401815826
F75S,1.6e-11,16788.040181225708,-5.995111122169881,0.17134779610227463
F75S,1.6e-11,17278.259805078742,-5.99482168332303,0.17634274259688865
F75S,1.6e-11,17782.79410038934,-5.99451512457286,0.18148277856028983
F75S,1.6e-11,18302.061063110676,-5.994190435207332,0.18677207177820931
F75S,1.6e-11,18836.490894898125,-5.993846545088942,0.19221490554570075
F75S,1.6e-11,19386.5263595222,-5.993482321155802,0.19781568148554154
F75S,1.6e-11,19952.623149688927,-5.993096563783627,0.20357892239846914
F75S,1.6e-11,20535.250264571598,-5.992688002912903,0.20950927514310236
F75S,1.6e-11,21134.89039836661,-5.992255293932973,0.2156115135416419
F75S,1.6e-11,21752.040340195374,-5.991797013367392,0.22189054130596653
F75S,1.6e-11,22387.21138568355,-5.991311654277292,0.22835139498029275
F75S,1.6e-11,23040.929760558614,-5.990797621464253,0.23499924689305066
F75S,1.6e-11,23713.737056616716,-5.990253226313417,0.24183940811426344
F75S,1.6e-11,24406.19068041997,-5.989676681438877,0.24887733140806362
F75S,1.6e-11,25118.864315095976,-5.989066094944244,0.2561186141756293
F75S,1.6e-11,25852.348395622088,-5.988419464455853,0.26356900137628814
F75S,1.6e-11,26607.250597988284,-5.987734670706821,0.27123438842109976
F75S,1.6e-11,27384.19634264381,-5.987009470871513,0.27912082402354293
F75S,1.6e-11,28183.829312644742,-5.986241491474912,0.28723451299843916
F75S,1.6e-11,29006.81198693175,-5.985428220923216,0.29558181899441405
F75S,1.6e-11,29853.826189179817,-5.984567001615504,0.30416926714557935
F75S,1.6e-11,30725.573652674695,-5.983655021658093,0.3130035466251555
F75S,1.6e-11,31622.77660168403,-5.982689306050871,0.3220915130858006
F75S,1.6e-11,32546.17834980483,-5.981666707527918,0.33144019096189087
F75S,1.6e-11,33496.54391578302,-5.980583896774048,0.34105677561851483
F75S,1.6e-11,34474.6606573152,-5.97943735218152,0.35094863531882947
F75S,1.6e-11,35481.33892335782,-5.978223349086058,0.361123312984599
F75S,1.6e-11,36517.41272548406,-5.976937948385272,0.3715885277235247
F75S,1.6e-11,37583.740428844714,-5.975576984579698,0.3823521760905947
F75S,1.6e-11,38681.20546330552,-5.974136053238309,0.39342233304863417
F75S,1.6e-11,39810.71705535004,-5.972610497758728,0.4048072525941679
F75S,1.6e-11,40973.210981354474,-5.9709953954907276,0.4165153680055507
F75S,1.6e-11,42169.650342858564,-5.96928554315328,0.4285552916708097
F75S,1.6e-11,43401.02636447473,-5.967475441556875,0.4409358144462723
F75S,1.6e-11,44668.35921509667,-5.9655592795246095,0.4536659044969219
F75S,1.6e-11,45972.69885308759,-5.963530917082949,0.4667547055591028
F75S,1.6e-11,47315.125896148435,-5.96138386781437,0.4802115345675545
F75S,1.6e-11,48696.75251658671,-5.959111280461726,0.4940458785767181
F75S,1.6e-11,50118.723362727644,-5.956705919565264,0.5082673909123503
F75S,1.6e-11,51582.216507230994,-5.954160145331555,0.5228858864683326
F75S,1.6e-11,53088.44442309928,-5.951465892574632,0.537911336070825
F75S,1.6e-11,54638.65498818588,-5.948614648721146,0.5533538598202218
F75S,1.6e-11,56234.13251903538,-5.945597430961301,0.5692237193107297
F75S,1.6e-11,57876.19883491255,-5.942404762416148,0.5855313086290139
F75S,1.6e-11,59566.21435290155,-5.939026647331841,0.6022871440206226
F75S,1.6e-11,61305.579214982594,-5.935452545442512,0.619501852098907
F75S,1.6e-11,63095.734448019866,-5.931671345277815,0.6371861564795599
F75S,1.6e-11,64938.16315762169,-5.92767133656756,0.6553508626990622
F75S,1.6e-11,66834.39175686204,-5.92344018180066,0.6740068412704584
F75S,1.6e-11,68785.99123088135,-5.918964886798594,0.6931650087308641
F75S,1.6e-11,70794.5784384144,-5.914231770476148,0.712836306511426
F75S,1.6e-11,72861.81745132341,-5.909226433853718,0.733031677456093
F75S,1.6e-11,74989.42093324625,-5.903933728174774,0.7537620398180361
F75S,1.6e-11,77179.15155850194,-5.898337722527474,0.7750382585252016
F75S,1.6e-11,79432.82347242888,-5.892421670720257,0.7968711135319486
F75S,1.6e-11,81752.30379436575,-5.886167977790802,0.8192712650321379
F75S,1.6e-11,84139.5141645203,-5.879558166106916,0.8422492153238177
F75S,1.6e-11,86596.43233600735,-5.872572841288502,0.8658152670941449
F75S,1.6e-11,89125.0938133754,-5.8651916580638535,0.8899794778936451
F75S,1.6e-11,91727.59353897884,-5.857393286353852,0.9147516105536918
F75S,1.6e-11,94406.08762859325,-5.849155377682859,0.9401410793096059
F75S,1.6e-11,97162.79515771156,-5.8404545323310355,0.9661568913714907
F75S,1.6e-11,100000.00000000097,-5.831266267372085,0.9928075837024875
F75S,1.6e-11,102920.05271944383,-5.821564986094331,1.020101154745987
F75S,1.6e-11,105925.37251772993,-5.811323948950614,1.0480449908727414
F75S,1.6e-11,109018.44923851384,-5.800515246732235,1.0766457872943187
F75S,1.6e-11,112201.84543019746,-5.789109776257823,1.105909463230255
F75S,1.6e-11,115478.19846894697,-5.777077219126397,1.1358410711199163
F75S,1.6e-11,118850.22274370304,-5.764386024122098,1.1664446996930593
F75S,1.6e-11,122320.71190499439,-5.751003393897073,1.1977233707425925
F75S,1.6e-11,125892.541179418,-5.736895276595593,1.2296789294799326
F75S,1.6e-11,129568.66975170327,-5.722026363269617,1.262311928387772
F75S,1.6e-11,133352.1432163338,-5.706360091615436,1.2956215045634103
F75S,1.6e-11,137246.09610075763,-5.6898586572964795,1.3296052505609397
F75S,1.6e-11,141253.7544622769,-5.6724830334083,1.3642590788658193
F75S,1.6e-11,145378.4385607677,-5.6541929992935245,1.3995770801781755
F75S,1.6e-11,149623.56560944492,-5.634947179684768,1.4355513757968683
F75S,1.6e-11,153992.65260595083,-5.614703095212892,1.472171964504863
F75S,1.6e-11,158489.31924611304,-5.593417225522043,1.509426564468523
F75S,1.6e-11,163117.29092278559,-5.571045086043927,1.5473004508159727
F75S,1.6e-11,167880.40181225786,-5.547541319774447,1.5857762896938423
F75S,1.6e-11,172782.59805078822,-5.522859805062289,1.6248339697910914
F75S,1.6e-11,177827.94100389423,-5.496953780873085,1.6644504324700093
F75S,1.6e-11,183020.61063110761,-5.469775990399086,1.7045995018755298
F75S,1.6e-11,188364.90894898213,-5.4412788444421025,1.7452517165634864
F75S,1.6e-11,193865.26359522287,-5.411414605438424,1.7863741644371656
F75S,1.6e-11,199526.23149689016,-5.380135593151383,1.827930322992134
F75S,1.6e-11,205352.5026457169,-5.347394412806225,1.8698799071082692
F75S,1.6e-11,211348.90398366703,-5.313144206364607,1.9121787268567139
F75S,1.6e-11,217520.4034019547,-5.277338927324353,1.9547785580253292
F75S,1.6e-11,223872.11385683648,-5.2399336391970435,1.997627028286198
F75S,1.6e-11,230409.29760558717,-5.200884837617794,2.0406675221316486
F75S,1.6e-11,237137.37056616822,-5.16015079536429,2.083839107899562
F75S,1.6e-11,244061.90680420081,-5.117691929793826,2.127076490341077
F75S,1.6e-11,251188.64315096088,-5.073471190868629,2.170309992322053
F75S,1.6e-11,258523.48395622204,-5.027454468348896,2.2134655692850647
F75S,1.6e-11,266072.505979884,-4.979611015604327,2.2564648601173145
F75S,1.6e-11,273841.96342643927,-4.9299138870484835,2.299225277991783
F75S,1.6e-11,281838.29312644864,-4.878340385869182,2.3416601445982885
F75S,1.6e-11,290068.11986931873,-4.824872517807518,2.383678870942491
F75S,1.6e-11,298538.26189179946,-4.769497446113341,2.425187187542194
F75S,1.6e-11,307255.7365267483,-4.712207942622429,2.4660874264127717
F75S,1.6e-11,316227.7660168417,-4.653002828798292,2.5062788566663388
F75S,1.6e-11,325461.7834980498,-4.591887400354555,2.545658074879932
F75S,1.6e-11,334965.4391578317,-4.528873828653994,2.5841194506115834
F75S,1.6e-11,344746.6065731536,-4.463981531560332,2.6215556265474307
F75S,1.6e-11,354813.3892335798,-4.397237506234217,2.6578580717776483
F75S,1.6e-11,365174.1272548422,-4.3286766163717,2.692917685643114
F75S,1.6e-11,375837.4042884488,-4.258341826298658,2.726625448457246
F75S,1.6e-11,386812.054633057,-4.186284374647235,2.758873114248049
F75S,1.6e-11,398107.1705535022,-4.112563880589494,2.789553939466499
F75S,1.6e-11,409732.10981354665,-4.037248376611451,2.818563440505565
F75S,1.6e-11,421696.5034285876,-3.9604142622154956,2.8458001717321486
F75S,1.6e-11,434010.26364474936,-3.882146174104175,2.8711665147479257
F75S,1.6e-11,446683.59215096885,-3.8025367697418244,2.8945694687602055
F75S,1.6e-11,459726.9885308781,-3.7216864224276964,2.915921431236754
F75S,1.6e-11,473151.2589614866,-3.639702827439665,2.935140957510783
F75S,1.6e-11,486967.5251658694,-3.5567005208713387,2.952153487859867
F75S,1.6e-11,501187.23362727877,-3.472800313703171,2.966892030420973
F75S,1.6e-11,515822.16507231235,-3.3881286463530333,2.979297788837977
F75S,1.6e-11,530884.4442309953,-3.3028168696115507,2.989320723861246
F75S,1.6e-11,546386.5498818613,-3.2170004604678235,2.996920039253162
F75S,1.6e-11,562341.3251903565,-3.130818181781059,3.002064583187624
F75S,1.6e-11,578761.9883491283,-3.044411197080148,3.004733158029647
F75S,1.6e-11,595662.1435290184,-2.9579221518699974,3.004914732658139
F75S,1.6e-11,613055.7921498289,-2.8714942342852794,3.0026085534655307
F75S,1.6e-11,630957.3444802017,-2.785270228185079,2.99782415196713
F75S,1.6e-11,649381.63157622,-2.699391571868072,2.9905812488374472
F75S,1.6e-11,668343.9175686237,-2.613997435547848,2.9809095561560417
F75S,1.6e-11,687859.9123088169,-2.5292238305092134,2.9688484816482976
F75S,1.6e-11,707945.7843841475,-2.445202761510875,2.9544467401852383
F75S,1.6e-11,728618.1745132377,-2.362061433754495,2.9377618797928675
F75S,1.6e-11,749894.2093324661,-2.2799215238044406,2.918859730492837
F75S,1.6e-11,771791.5155850231,-2.198898522859607,2.8978137856975854
F75S,1.6e-11,794328.2347242925,-2.11910115895898,2.8747045266665214
F75S,1.6e-11,817523.0379436614,-2.0406309030816168,2.84961870117676
F75S,1.6e-11,841395.141645207,-1.9635815624957578,2.8226485679754454
F75S,1.6e-11,865964.3233600776,-1.8880389627034853,2.793891118429973
F75S,1.6e-11,891250.9381337581,-1.8140807182416419,2.763447286972316
F75S,1.6e-11,917275.9353897927,-1.74177609029915,2.7314211609468373
F75S,1.6e-11,944060.8762859369,-1.6711859284935142,2.6979192003734616
F75S,1.6e-11,971627.9515771201,-1.6023626923200935,2.6630494768675375
F75S,1.6e-11,1000000.0000000144,-1.5353505471085849,2.6269209402599465
F75S,1.6e-11,1029200.527194443,-1.4701855282067782,2.5896427201665113
F75S,1.6e-11,1059253.7251773044,-1.4068957667228004,2.5513234688340947
F75S,1.6e-11,1090184.4923851436,-1.345501769360249,2.512070750098008
F75S,1.6e-11,1122018.4543019799,-1.286016745121664,2.47199047858558
F75S,1.6e-11,1154781.984689475,-1.2284469710549484,2.431186411674683
F75S,1.6e-11,1188502.2274370359,-1.1727921895868572,2.3897596958987695
F75S,1.6e-11,1223207.1190499496,-1.11904603024568,2.347808468550393
F75S,1.6e-11,1258925.4117941859,-1.0671964486977392,2.3054275140926173
F75S,1.6e-11,1295686.6975170388,-1.0172261767030168,2.2627079744559278
F75S,1.6e-11,1333521.432163344,-0.9691131769170848,2.2197371113991635
F75S,1.6e-11,1372460.9610075825,-0.9228310970992963,2.1765981186054066
F75S,1.6e-11,1412537.5446227754,-0.8783497190354526,2.1333699809301057
F75S,1.6e-11,1453784.3856076836,-0.8356353976785141,2.09012737730884
F75S,1.6e-11,1496235.6560944559,-0.7946514872012402,2.0469406243461123
F75S,1.6e-11,1539926.526059515,-0.7553587506958297,2.00387565669493
F75S,1.6e-11,1584893.1924611374,-0.7177157512473267,1.9609940408339823
F75S,1.6e-11,1631172.909227863,-0.6816792223650121,1.9183530184423159
F75S,1.6e-11,1678804.0181225857,-0.6472044164130074,1.8760055758523033
F75S,1.6e-11,1727825.9805078898,-0.6142454300883091,1.8340005361041436
F75S,1.6e-11,1778279.41003895,-0.5827555063746198,1.7923826702238768
F75S,1.6e-11,1830206.106311084,-0.5526873128084964,1.7511928246079818
F75S,1.6e-11,1883649.0894898295,-0.5239931961533927,1.7104680615090713
F75S,1.6e-11,1938652.6359522373,-0.49662541390834847,1.6702418099559138
F75S,1.6e-11,1995262.3149689105,-0.4705363432336464,1.6305440245505405
F75S,1.6e-11,2053525.026457178,-0.4456786680839381,1.5914013498630353
F75S,1.6e-11,2113489.0398366796,-0.42200554551677516,1.5528372884525297
F75S,1.6e-11,2175204.0340195564,-0.3994707521867069,1.5148723706353047
F75S,1.6e-11,2238721.1385683743,-0.37802881216584583,1.4775243244466214
F75S,1.6e-11,2304092.9760558815,-0.35763510725284153,1.4408082443885974
F75S,1.6e-11,2371373.705661692,-0.3382459709797897,1.4047367577966399
F75S,1.6e-11,2440619.0680420185,-0.3198187675402158,1.3693201878610592
F75S,1.6e-11,2511886.4315096196,-0.302311956803221,1.334566712386843
F75S,1.6e-11,2585234.8395622317,-0.2856851466121744,1.300482517664154
F75S,1.6e-11,2660725.059798852,-0.26989913351020944,1.2670719469139595
F75S,1.6e-11,2738419.6342644054,-0.2549159329938342,1.2343376429065622
F75S,1.6e-11,2818382.931264499,-0.2406988003212954,1.2022806843891436
F75S,1.6e-11,2900681.1986932005,-0.2272122428874493,1.170900716168098
F75S,1.6e-11,2985382.618918008,-0.2144220251103091,1.1401960727649145
F75S,1.6e-11,3072557.365267497,-0.2022951666611003,1.1101638954668553
F75S,1.6e-11,3162277.6601684312,-0.19079993489822908,1.080800242935549
F75S,1.6e-11,3254617.8349805125,-0.17990583223452317,1.0521001953751725
F75S,1.6e-11,3349654.391578332,-0.16958357912363162,1.024057952346841
F75S,1.6e-11,3447466.065731551,-0.15980509332550263,0.996666924469845
F75S,1.6e-11,3548133.8923358135,-0.15054346600152796,0.9699198190894
F75S,1.6e-11,3651741.272548438,-0.1417729351890297,0.9438087202031616
F75S,1.6e-11,3758374.042884505,-0.13346885711204604,0.9183251628002185
F75S,1.6e-11,3868120.546330587,-0.12560767576634568,0.8934602018869601
F75S,1.6e-11,3981071.70553504,-0.11816689115877246,0.8692044764338966
F75S,1.6e-11,4097321.0981354844,-0.11112502654313113,0.8455482684973781
F75S,1.6e-11,4216965.034285894,-0.10446159494518908,0.8224815577186275
F75S,1.6e-11,4340102.636447512,-0.0981570652644743,0.7999940715462258
F75S,1.6e-11,4466835.921509706,-0.09219282816406986,0.7780753313206842
F75S,1.6e-11,4597269.885308799,-0.08655116196802795,0.7567146945343259
F75S,1.6e-11,4731512.589614885,-0.08121519873609168,0.7359013934660421
F75S,1.6e-11,4869675.251658713,-0.07616889067533991,0.715624570459606
F75S,1.6e-11,5011872.336272808,-0.07139697700689956,0.6958733100002777
F75S,1.6e-11,5158221.650723144,-0.06688495140849793,0.6766366678619146
F75S,1.6e-11,5308844.442309974,-0.06261903011917114,0.6579036974981716
F75S,1.6e-11,5463865.498818635,-0.05858612078333997,0.6396634738816418
F75S,1.6e-11,5623413.251903587,-0.05477379209241068,0.6219051149552015
F75S,1.6e-11,5787619.883491306,-0.051170244276195966,0.6046178008967082
F75S,1.6e-11,5956621.435290207,-0.04776428047854228,0.5877907913461429
F75S,1.6e-11,6130557.921498313,-0.04454527904245405,0.5714134407363429
F75S,1.6e-11,6309573.444802041,-0.04150316672773157,0.5554752119108862
F75S,1.6e-11,6493816.315762226,-0.0386283928658416,0.5399656881207359
F75S,1.6e-11,6683439.175686263,-0.03591190446221046,0.5248745835806211
F75S,1.6e-11,6878599.123088196,-0.03334512223573961,0.5101917526311766
F75S,1.6e-11,7079457.843841503,-0.030919917598224017,0.4959071977025208
F75S,1.6e-11,7286181.745132405,-0.028628590555894493,0.48201107612169314
F75S,1.6e-11,7498942.093324691,-0.02646384852231979,0.46849370589494876
F75S,1.6e-11,7717915.155850261,-0.024418786022547132,0.4553455705244837
F75S,1.6e-11,7943282.347242957,-0.02248686527328097,0.44255732299543243
F75S,1.6e-11,8175230.379436647,-0.020661897610950275,0.43011978893290226
F75S,1.6e-11,8413951.416452102,-0.018938025751945094,0.41802396909322914
F75S,1.6e-11,8659643.23360081,-0.017309706853723517,0.40626104116650397
F75S,1.6e-11,8912509.381337617,-0.015771696357555744,0.3948223610351266
F75S,1.6e-11,9172759.353897963,-0.01431903258137775,0.38369946345980877
F75S,1.6e-11,9440608.762859406,-0.012947022041849651,0.37288406232880034
F75S,1.6e-11,9716279.51577124,-0.011651225475582725,0.36236805046137005
F75S,1.6e-11,10000000.000000184,-0.010427444534406726,0.3521434990278668
F75S,1.6e-11,10292005.271944473,-0.009271709128520099,0.34220265662909544
F75S,1.6e-11,10592537.251773085,-0.008180265391806166,0.3325379480820673
F75S,1.6e-11,10901844.923851479,-0.007149564242503523,0.3231419729109415
F75S,1.6e-11,11220184.543019842,-0.006176250515956542,0.3140075036263069
F75S,1.6e-11,11547819.846894797,-0.005257152643283643,0.30512748377517857
F75S,1.6e-11,11885022.274370406,-0.004389272852919655,0.29649502581487897
F75S,1.6e-11,12232071.190499544,-0.0035697778714096637,0.2881034088249857
F75S,1.6e-11,12589254.117941909,-0.002795990100900773,0.2799460760811082
F75S,1.6e-11,12956866.97517044,-0.002065379251427944,0.27201663251524005
F75S,1.6e-11,13335214.321633492,-0.0013755544067228006,0.26430884206860467
F75S,1.6e-11,13724609.61007588,-0.0007242565032383808,0.2568166249646573
F75S,1.6e-11,14125375.446227811,-0.00010935120259399924,0.24953405491698366
F75S,1.6e-11,14537843.856076894,0.0004711778615184266,0.24245535628030196
F75S,1.6e-11,14962356.560944619,0.001019235480042535,0.23557490115336177
F75S,1.6e-11,15399265.260595214,0.0015366209265107414,0.22888720645788085
F75S,1.6e-11,15848931.924611438,0.0020250336930605402,0.22238693099828943
F75S,1.6e-11,16311729.092278697,0.0024860789201210007,0.21606887249620998
F75S,1.6e-11,16788040.181225926,0.0029212725357652862,0.20992796463541508
F75S,1.6e-11,17278259.80507897,0.003332046118812409,0.20395927409993506
F75S,1.6e-11,17782794.100389574,0.0037197515000475705,0.1981579976260497
F75S,1.6e-11,18302061.063110918,0.00408566511483606,0.19251945906945048
F75S,1.6e-11,18836490.894898374,0.004430992119775746,0.1870391064908678
F75S,1.6e-11,19386526.359522454,0.004756870285773032,0.1817125092696927
F75S,1.6e-11,19952623.14968919,0.005064373678503684,0.1765353552385866
F75S,1.6e-11,20535250.264571868,0.00535451613852349,0.17150344786457894
F75S,1.6e-11,21134890.398366887,0.005628254570031239,0.16661270345347115
F75S,1.6e-11,21752040.34019566,0.005886492049026247,0.1618591483953125
F75S,1.6e-11,22387211.385683842,0.0061300807606160974,0.15723891645568755
F75S,1.6e-11,23040929.760558918,0.0063598247737811356,0.15274824610494242
F75S,1.6e-11,23713737.05661703,0.00657648266215164,0.14838347788887968
F75S,1.6e-11,24406190.680420294,0.0067807699801379195,0.14414105185600598
F75S,1.6e-11,25118864.315096308,0.006973361599783022,0.14001750501615284
F75S,1.6e-11,25852348.39562243,0.007154893918416551,0.13600946886232612
F75S,1.6e-11,26607250.597988635,0.007325966941649902,0.13211366693060062
F75S,1.6e-11,27384196.34264417,0.007487146249614713,0.1283269124131937
F75S,1.6e-11,28183829.31264511,0.007638964852214458,0.12464610582034108
F75S,1.6e-11,29006811.98693213,0.0077819249394844425,0.12106823269304837
F75S,1.6e-11,29853826.189180207,0.007916499532251558,0.11759036136368906
F75S,1.6e-11,30725573.652675096,0.008043134039186592,0.11420964077081269
F75S,1.6e-11,31622776.601684444,0.00816224772368887,0.11092329831628664
F75S,1.6e-11,32546178.34980526,0.008274235087772367,0.10772863778256184
F75S,1.6e-11,33496543.915783457,0.008379467174744781,0.10462303729017652
F75S,1.6e-11,34474660.65731565,0.008478292797161384,0.10160394731110127
F75S,1.6e-11,35481338.92335828,0.008571039692269695,0.09866888872541457
F75S,1.6e-11,36517412.72548453,0.008658015610968888,0.09581545093471289
F75S,1.6e-11,37583740.4288452,0.008739509340905083,0.09304129001368293
F75S,1.6e-11,38681205.463306025,0.008815791670388954,0.09034412691876834
F75S,1.6e-11,39810717.05535056,0.008887116293706313,0.08772174573780411
F75S,1.6e-11,40973210.98135501,0.008953720662637301,0.08517199198998342
F75S,1.6e-11,42169650.34285911,0.009015826786144399,0.08269277097032049
F75S,1.6e-11,43401026.3644753,0.009073641981833084,0.08028204614220454
F75S,1.6e-11,44668359.21509726,0.009127359580672286,0.07793783757195163
F75S,1.6e-11,45972698.8530882,0.009177159589136775,0.07565822041246584
F75S,1.6e-11,47315125.89614906,0.009223209309473566,0.07344132342759671
F75S,1.6e-11,48696752.516587354,0.009265663921834965,0.07128532756312192
F75S,1.6e-11,50118723.362728305,0.009304667029282652,0.06918846455867164
F75S,1.6e-11,51582216.507231675,0.009340351169333207,0.06714901560629515
F75S,1.6e-11,53088444.42309998,0.009372838292152292,0.06516531004749698
F75S,1.6e-11,54638654.988186605,0.009402240209307624,0.06323572411574273
F75S,1.6e-11,56234132.51903613,0.009428659013509737,0.06135867971829118
F75S,1.6e-11,57876198.83491332,0.009452187472584934,0.05953264326178212
F75S,1.6e-11,59566214.352902345,0.009472909398362423,0.057756124517027656
F75S,1.6e-11,61305579.21498341,0.009490899992815197,0.056027675524526324
F75S,1.6e-11,63095734.44802071,0.009506226173797299,0.05434588954184841
F75S,1.6e-11,64938163.15762256,0.00951894688094989,0.05270940002873313
F75S,1.6e-11,66834391.75686294,0.009529113365098568,0.05111687967412356
F75S,1.6e-11,68785991.23088229,0.009536769461474356,0.049567039460393425
F75S,1.6e-11,70794578.43841536,0.009541951849785497,0.0480586277678622
F75S,1.6e-11,72861817.45132439,0.009544690302523305,0.046590429517752996
F75S,1.6e-11,74989420.93324725,0.009545007922729491,0.045161265351618574
F75S,1.6e-11,77179151.55850297,0.00954292137522391,0.04376999085189124
F75S,1.6e-11,79432823.47242993,0.009538441110682506,0.04241549579657375
F75S,1.6e-11,81752303.79436684,0.009531571586262179,0.04109670345174158
F75S,1.6e-11,84139514.1645214,0.009522311484736382,0.03981256990073101
F75S,1.6e-11,86596432.33600849,0.009510653933837536,0.03856208340824292
F75S,1.6e-11,89125093.81337658,0.009496586728139172,0.03734426381886072
F75S,1.6e-11,91727593.53898005,0.009480092556581844,0.03615816199061346
F75S,1.6e-11,94406087.6285945,0.009461149236249161,0.03500285925903468
F75S,1.6e-11,97162795.15771285,0.009439729956958279,0.0338774669347017
F75S,1.6e-11,100000000.0000023,0.00941580353776925,0.0327811258300601
F75S,1.6e-11,102920052.71944518,0.009389334697559502,0.03171300581343982
F75S,1.6e-11,105925372.51773132,0.009360284344193023,0.030672305391789854
F75S,1.6e-11,109018449.23851527,0.00932860988220137,0.029658251315485027
F75S,1.6e-11,112201845.43019894,0.009294265543312258,0.028670098205942317
F75S,1.6e-11,115478198.4689485,0.00925720274221334,0.02770712820298004
F75S,1.6e-11,118850222.7437046,0.009217370458111164,0.0267686506261988
F75S,1.6e-11,122320711.90499601,0.009174715646806416,0.025854001650665752
F75S,1.6e-11,125892541.17941967,0.009129183683107361,0.024962543989839384
F75S,1.6e-11,129568669.75170499,0.009080718836625869,0.02409366658337047
F75S,1.6e-11,133352143.21633555,0.009029264782631554,0.02324678428528028
F75S,1.6e-11,137246096.10075945,0.008974765147105247,0.022421337545134448
F75S,1.6e-11,141253754.46227878,0.008917164089171184,0.021616792080005314
F75S,1.6e-11,145378438.56076965,0.008856406919310868,0.020832638529340024
F75S,1.6e-11,149623565.6094469,0.008792440753501525,0.020068392087480843
F75S,1.6e-11,153992652.6059529,0.008725215201821093,0.019323592107226353
F75S,1.6e-11,158489319.24611515,0.008654683089637048,0.018597801668031398
F75S,1.6e-11,163117290.92278776,0.008580801209378318,0.017890607102942064
F75S,1.6e-11,167880401.8122601,0.008503531096915476,0.017201617475548728
F75S,1.6e-11,172782598.05079052,0.008422839831258268,0.016530464003563675
F75S,1.6e-11,177827941.0038966,0.008338700848307477,0.015876799419549826
F75S,1.6e-11,183020610.63111004,0.008251094764950409,0.015240297265579218
F75S,1.6e-11,188364908.94898462,0.008160010203037363,0.01462065111434585
F75S,1.6e-11,193865263.59522545,0.008065444606840022,0.01401757371410231
F75S,1.6e-11,199526231.49689284,0.007967405041846254,0.013430796052087988
F75S,1.6e-11,205352502.64571965,0.007865908965855649,0.012860066335233624
F75S,1.6e-11,211348903.98366988,0.007760984959828228,0.012305148886272472
F75S,1.6e-11,217520403.40195763,0.007652673406682637,0.011765822955874607
F75S,1.6e-11,223872113.8568395,0.0075410271046153655,0.011241881452413099
F75S,1.6e-11,230409297.60559028,0.007426111803546244,0.010733129593992174
F75S,1.6e-11,237137370.56617144,0.007308006649775215,0.01023938348741917
F75S,1.6e-11,244061906.80420414,0.0071868045283198095,0.009760468642883848
F75S,1.6e-11,251188643.15096432,0.007062612289170524,0.009296218433248585
F75S,1.6e-11,258523483.95622557,0.006935550848476208,0.008846472510535427
F75S,1.6e-11,266072505.97988766,0.006805755153348367,0.008411075192563445
F75S,1.6e-11,273841963.42644304,0.00667337400356921,0.00798987383563289
F75S,1.6e-11,281838293.1264525,0.006538569724281778,0.007582717210120448
F75S,1.6e-11,290068119.8693227,0.006401517685564173,0.007189453897022309
F75S,1.6e-11,298538261.89180356,0.006262405668508766,0.006809930724711399
F75S,1.6e-11,307255736.52675253,0.006121433079635177,0.006443991265457771
F75S,1.6e-11,316227766.01684606,0.005978810017817823,0.006091474411258453
F75S,1.6e-11,325461783.49805427,0.005834756202261983,0.005752213048334835
F75S,1.6e-11,334965439.1578363,0.0056894997711717295,0.005426032848459049
F75S,1.6e-11,344746606.5731583,0.005543275965297401,0.005112751194119904
F75S,1.6e-11,354813389.2335847,0.005396325711635674,0.004812176252501549
F75S,1.6e-11,365174127.2548472,0.005248894125963205,0.004524106211056504
F75S,1.6e-11,375837404.288454,0.005101228953738331,0.004248328684753557
F75S,1.6e-11,386812054.6330623,0.0049535789715739915,0.003984620302106879
F75S,1.6e-11,398107170.5535077,0.004806192370841088,0.003732746473967009
F75S,1.6e-11,409732109.81355226,0.00465931514696513,0.003492461345685499
F75S,1.6e-11,421696503.42859334,0.004513189516736937,0.003263507929984596
F75S,1.6e-11,434010263.64475524,0.004368052385625563,0.0030456184146198115
F75S,1.6e-11,446683592.15097487,0.004224133886112462,0.0028385146357836765
F75S,1.6e-11,459726988.5308843,0.004081656005873823,0.0026419087054829087
F75S,1.6e-11,473151258.961493,0.00394083132311978,0.0024555037785236196
F75S,1.6e-11,486967525.16587603,0.0038018618634835816,0.0022789949427711614
F75S,1.6e-11,501187233.6272856,0.0036649380903506124,0.002112070214702575
F75S,1.6e-11,515822165.0723194,0.003530238037988147,0.0019544116209783326
F75S,1.6e-11,530884444.2310025,0.0033979265930994965,0.0018056963463990623
F75S,1.6e-11,546386549.8818688,0.003268154928420793,0.0016655979280907852
F75S,1.6e-11,562341325.1903641,0.0031410600883919632,0.0015337874763349199
F75S,1.6e-11,578761988.3491361,0.0030167647247344104,0.0014099349029673795
F75S,1.6e-11,595662143.5290264,0.0028953769770540374,0.0012937101394665147
F75S,1.6e-11,613055792.1498371,0.0027769904915134038,0.0011847843282056048
F75S,1.6e-11,630957344.4802102,0.0026616845688491163,0.0010828309719253053
F75S,1.6e-11,649381631.5762287,0.00254952443121417,0.000987527028495775
F75S,1.6e-11,668343917.5686326,0.002440561596460743,0.0008985539398027034
F75S,1.6e-11,687859912.3088262,0.0023348343475237563,0.0008155985856705769
F75S,1.6e-11,707945784.3841571,0.002232368283951183,0.0007383541558583725
F75S,1.6e-11,728618174.5132475,0.0021331769426807066,0.0006665209349402494
F75S,1.6e-11,749894209.3324763,0.0020372624750424756,0.0005998069969261166
F75S,1.6e-11,771791515.5850335,0.0019446163674738438,0.0005379288080782903
F75S,1.6e-11,794328234.7243032,0.0018552201938289035,0.0004806117381109051
F75S,1.6e-11,817523037.9436724,0.0017690463880650487,0.000427590481193482
F75S,1.6e-11,841395141.6452183,0.0016860590268143148,0.0003786093895242825
F75S,1.6e-11,865964323.3600892,0.0016062146123319598,0.00033342272324480177
F75S,1.6e-11,891250938.1337701,0.001529462847397716,0.00029179482121435217
F75S,1.6e-11,917275935.389805,0.0014557473947221186,0.0002535001978879834
F75S,1.6e-11,944060876.2859496,0.001385006614465627,0.00021832357201685628
F75S,1.6e-11,971627951.5771332,0.0013171742745668562,0.00018605983311427497
F75S,1.6e-11,1000000000.0000279,0.0012521802294954728,0.0001565139518935399
F75L,2e-13,1000.0,-6.00087156390913,0.0001579317908888808
F75L,2e-13,1029.2005271944283,-6.000871563684584,0.00016254348243827874
F75L,2e-13,1059.2537251772892,-6.000871563452872,0.00016728983781165812
F75L,2e-13,1090.1844923851281,-6.000871563202569,0.0001721747892636981
F75L,2e-13,1122.018454301964,-6.000871562938972,0.00017720238387287555
F75L,2e-13,1154.781984689459,-6.000871562659828,0.00018237678689453677
F75L,2e-13,1188.5022274370194,-6.000871562365054,0.00018770228521166092
F75L,2e-13,1223.2071190499325,-6.000871562054252,0.00019318329088646607
F75L,2e-13,1258.9254117941682,-6.000871561721885,0.00019882434481574538
F75L,2e-13,1295.6866975170205,-6.000871561369342,0.00020463012049281567
F75L,2e-13,1333.5214321633252,-6.000871560997684,0.00021060542787945566
F75L,2e-13,1372.4609610075634,-6.00087156060516,0.00021675521739087723
F75L,2e-13,1412.5375446227558,-6.0008715601872105,0.00022308458399704375
F75L,2e-13,1453.7843856076636,-6.000871559743722,0.00022959877144368028
F75L,2e-13,1496.2356560944354,-6.000871559276549,0.00023630317659662246
F75L,2e-13,1539.926526059494,-6.000871558779822,0.00024320335391309455
F75L,2e-13,1584.8931924611159,-6.000871558256863,0.00025030502004329985
F75L,2e-13,1631.1729092278408,-6.000871557698376,0.0002576140585667516
F75L,2e-13,1678.804018122563,-6.000871557109032,0.00026513652486643527
F75L,2e-13,1727.8259805078665,-6.000871556485664,0.0002728786511457747
F75L,2e-13,1778.279410038926,-6.000871555826898,0.0002808468515917813
F75L,2e-13,1830.2061063110596,-6.000871555125863,0.00028904772768915314
F75L,2e-13,1883.6490894898043,-6.000871554384693,0.000297488073689303
F75L,2e-13,1938.6526359522113,-6.0008715535950845,0.0003061748822394619
F75L,2e-13,1995.2623149688839,-6.000871552760059,0.0003151153501756933
F75L,2e-13,2053.5250264571505,-6.000871551879424,0.0003243168844854755
F75L,2e-13,2113.4890398366515,-6.000871550944817,0.00033378710844429987
F75L,2e-13,2175.2040340195276,-6.0008715499566465,0.0003435338679311802
F75L,2e-13,2238.721138568345,-6.000871548909503,0.0003535652379289754
F75L,2e-13,2304.092976055851,-6.000871547794501,0.000363889529214315
F75L,2e-13,2371.373705661661,-6.0008715466210525,0.0003745152952425926
F75L,2e-13,2440.6190680419863,-6.000871545375582,0.00038545133923488647
F75L,2e-13,2511.8864315095866,-6.000871544057839,0.0003967067214707363
F75L,2e-13,2585.2348395621975,-6.000871542656553,0.00040829076679473357
F75L,2e-13,2660.725059798817,-6.000871541173614,0.00042021307234159046
F75L,2e-13,2738.4196342643686,-6.000871539611868,0.00043248351548732763
F75L,2e-13,2818.3829312644616,-6.000871537950802,0.00044511226203287
F75L,2e-13,2900.681198693162,-6.000871536187635,0.0004581097746255274
F75L,2e-13,2985.3826189179686,-6.000871534325112,0.0004714868214272463
F75L,2e-13,3072.557365267456,-6.000871532349606,0.00048525448503618056
F75L,2e-13,3162.277660168389,-6.000871530257623,0.0004994241716679167
F75L,2e-13,3254.617834980469,-6.000871528041202,0.0005140076206055302
F75L,2e-13,3349.6543915782872,-6.000871525697428,0.0005290169139251374
F75L,2e-13,3447.466065731505,-6.0008715232138075,0.0005444644865059171
F75L,2e-13,3548.133892335766,-6.000871520575389,0.0005603631363320017
F75L,2e-13,3651.741272548389,-6.000871517791248,0.0005767260350947455
F75L,2e-13,3758.3740428844544,-6.000871514836211,0.0005935667391064189
F75L,2e-13,3868.120546330535,-6.000871511708823,0.0006108992005300596
F75L,2e-13,3981.0717055349864,-6.000871508387558,0.0006287377789394994
F75L,2e-13,4097.32109813543,-6.0008715048791395,0.0006470972532148175
F75L,2e-13,4216.965034285838,-6.000871501162534,0.0006659928337876238
F75L,2e-13,4340.102636447455,-6.000871497217902,0.0006854401752418959
F75L,2e-13,4466.835921509648,-6.000871493048129,0.0007054553892828526
F75L,2e-13,4597.2698853087395,-6.000871488635026,0.0007260550580862592
F75L,2e-13,4731.512589614823,-6.00087148394633,0.0007472562480362488
F75L,2e-13,4869.67525165865,-6.000871478988734,0.0007690765238629223
F75L,2e-13,5011.872336272742,-6.00087147373253,0.0007915339631964257
F75L,2e-13,5158.221650723077,-6.0008714681670305,0.0008146471715422682
F75L,2e-13,5308.8444423099045,-6.000871462273606,0.000838435297696322
F75L,2e-13,5463.865498818564,-6.000871456030229,0.0008629180496090121
F75L,2e-13,5623.413251903514,-6.000871449415923,0.0008881157107127475
F75L,2e-13,5787.61988349123,-6.00087144241287,0.0009140491567261685
F75L,2e-13,5956.62143529013,-6.000871434991453,0.0009407398729496816
F75L,2e-13,6130.557921498234,-6.000871427129255,0.0009682099720648607
F75L,2e-13,6309.57344480196,-6.000871418805739,0.0009964822124544056
F75L,2e-13,6493.816315762142,-6.000871409982441,0.001025580017057655
F75L,2e-13,6683.439175686176,-6.000871400643651,0.0010555274927743518
F75L,2e-13,6878.599123088107,-6.000871390745014,0.0010863494504385846
F75L,2e-13,7079.457843841412,-6.000871380266293,0.0011180714253718413
F75L,2e-13,7286.181745132311,-6.000871369162325,0.0011507196985403429
F75L,2e-13,7498.942093324594,-6.000871357398765,0.001184321318326673
F75L,2e-13,7717.915155850161,-6.0008713449441125,0.0012189041229389301
F75L,2e-13,7943.282347242854,-6.000871331749723,0.0012544967634748518
F75L,2e-13,8175.23037943654,-6.000871317770789,0.0012911287276575405
F75L,2e-13,8413.951416451991,-6.000871302965665,0.0013288303642652313
F75L,2e-13,8659.643233600696,-6.000871287280399,0.0013676329082751508
F75L,2e-13,8912.5093813375,-6.000871270667338,0.0014075685067398945
F75L,2e-13,9172.759353897844,-6.000871253067212,0.0014486702454212675
F75L,2e-13,9440.608762859283,-6.000871234427528,0.0014909721761998652
F75L,2e-13,9716.279515771113,-6.00087121468217,0.001534509345287175
F75L,2e-13,10000.000000000055,-6.000871193772118,0.0015793178222591458
F75L,2e-13,10292.00527194434,-6.000871171617607,0.0016254347299403437
F75L,2e-13,10592.537251772948,-6.000871148148444,0.0016728982751572806
F75L,2e-13,10901.844923851339,-6.000871123292965,0.0017217477803921394
F75L,2e-13,11220.184543019699,-6.000871096964573,0.001772023716361069
F75L,2e-13,11547.819846894648,-6.000871069072387,0.0018237677355421756
F75L,2e-13,11885.022274370254,-6.000871039534227,0.0018770227066822677
F75L,2e-13,12232.071190499388,-6.00087100823622,0.00193183275031495
F75L,2e-13,12589.254117941748,-6.000870975091626,0.0019882432753087504
F75L,2e-13,12956.866975170273,-6.000870939978444,0.0020463010164912267
F75L,2e-13,13335.21432163332,-6.000870902793171,0.002106054073363048
F75L,2e-13,13724.609610075704,-6.000870863393043,0.002167551949951069
F75L,2e-13,14125.37544622763,-6.000870821664082,0.002230845595815106
F75L,2e-13,14537.843856076708,-6.0008707774582275,0.0022959874482626316
F75L,2e-13,14962.356560944427,-6.000870730641768,0.0023630314757869105
F75L,2e-13,15399.265260595015,-6.000870681044295,0.0024320332227820516
F75L,2e-13,15848.931924611234,-6.000870628509241,0.0025030498555546348
F75L,2e-13,16311.729092278485,-6.0008705728643115,0.002576140209686024
F75L,2e-13,16788.040181225708,-6.000870513920851,0.002651364838775069
F75L,2e-13,17278.259805078742,-6.000870451482664,0.002728786064603018
F75L,2e-13,17782.79410038934,-6.000870385340139,0.002808468028764604
F75L,2e-13,18302.061063110676,-6.000870315290822,0.0028904767458038457
F75L,2e-13,18836.490894898125,-6.000870241082216,0.0029748801579097695
F75L,2e-13,19386.5263595222,-6.0008701624827605,0.0030617481911950897
F75L,2e-13,19952.623149688927,-6.00087007921455,0.003151152813633564
F75L,2e-13,20535.250264571598,-6.000869991021293,0.003243168094673287
F75L,2e-13,21134.89039836661,-6.000869897598107,0.0033378702666070513
F75L,2e-13,21752.040340195374,-6.000869798642023,0.003435337787719882
F75L,2e-13,22387.21138568355,-6.000869693827113,0.003535651407289526
F75L,2e-13,23040.929760558614,-6.000869582798682,0.0036388942324826075
F75L,2e-13,23713.737056616716,-6.000869465181675,0.003745151797201917
F75L,2e-13,24406.19068041997,-6.000869340605616,0.0038545121329412392
F75L,2e-13,25118.864315095976,-6.00086920864201,0.003967065841721492
F75L,2e-13,25852.348395622088,-6.000869068862425,0.004082906171138877
F75L,2e-13,26607.250597988284,-6.0008689208016825,0.004202129091617986
F75L,2e-13,27384.19634264381,-6.000868763966602,0.004324833375913616
F75L,2e-13,28183.829312644742,-6.000868597841848,0.004451120680933904
F75L,2e-13,29006.81198693175,-6.000868421868605,0.004581095631956807
F75L,2e-13,29853.826189179817,-6.000868235466335,0.004714865909298002
F75L,2e-13,30725.573652674695,-6.000868038024834,0.004852542337513798
F75L,2e-13,31622.77660168403,-6.0008678288787864,0.004994238977211785
F75L,2e-13,32546.17834980483,-6.000867607342191,0.005140073219530494
F75L,2e-13,33496.54391578302,-6.000867372681562,0.005290165883388664
F75L,2e-13,34474.6606573152,-6.00086712411014,0.0054446413155695705
F75L,2e-13,35481.33892335782,-6.000866860817787,0.005603627493719688
F75L,2e-13,36517.41272548406,-6.000866581924866,0.005767256132369577
F75L,2e-13,37583.740428844714,-6.000866286500699,0.005935662792036405
F75L,2e-13,38681.20546330552,-6.0008659735738545,0.0061089869915123655
F75L,2e-13,39810.71705535004,-6.000865642102687,0.006287372323439889
F75L,2e-13,40973.210981354474,-6.000865290993303,0.006470966573249502
F75L,2e-13,42169.650342858564,-6.000864919082522,0.0066599218415773235
F75L,2e-13,43401.02636447473,-6.00086452512455,0.006854394670255283
F75L,2e-13,44668.35921509667,-6.000864107832106,0.007054546171964161
F75L,2e-13,45972.69885308759,-6.000863665812139,0.007260542163698162
F75L,2e-13,47315.125896148435,-6.0008631975970275,0.007472553304099722
F75L,2e-13,48696.75251658671,-6.000862701642875,0.007690755234810623
F75L,2e-13,50118.723362727644,-6.000862176297181,0.007915328725957122
F75L,2e-13,51582.216507230994,-6.000861619825432,0.008146459825863633
F75L,2e-13,53088.44442309928,-6.000861030385117,0.00838434001515044
F75L,2e-13,54638.65498818588,-6.000860406012444,0.008629166365324823
F75L,2e-13,56234.13251903538,-6.000859744641057,0.008881141701988941
F75L,2e-13,57876.19883491255,-6.000859044084714,0.00914047477282136
F75L,2e-13,59566.21435290155,-6.000858302022758,0.00940738042045858
F75L,2e-13,61305.579214982594,-6.0008575159855955,0.00968207976042109
F75L,2e-13,63095.734448019866,-6.000856683374154,0.009964800364217229
F75L,2e-13,64938.16315762169,-6.000855801428283,0.010255776447806987
F75L,2e-13,66834.39175686204,-6.00085486721905,0.010555249065554696
F75L,2e-13,68785.99123088135,-6.0008538776599725,0.010863466309831121
F75L,2e-13,70794.5784384144,-6.000852829469178,0.01118068351645661
F75L,2e-13,72861.81745132341,-6.000851719164564,0.011507163476122797
F75L,2e-13,74989.42093324625,-6.000850543070177,0.011843176651974478
F75L,2e-13,77179.15155850194,-6.00084929729219,0.012189001403548675
F75L,2e-13,79432.82347242888,-6.000847977693516,0.012544924217244718
F75L,2e-13,81752.30379436575,-6.000846579905488,0.012911239943495547
F75L,2e-13,84139.5141645203,-6.000845099296447,0.013288252040873411
F75L,2e-13,86596.43233600735,-6.000843530955137,0.013676272827304076
F75L,2e-13,89125.0938133754,-6.000841869681334,0.014075623738598834
F75L,2e-13,91727.59353897884,-6.00084010997864,0.014486635594519164
F75L,2e-13,94406.08762859325,-6.00083824599818,0.014909648872621
F75L,2e-13,97162.79515771156,-6.000836271580699,0.015345013990022796
F75L,2e-13,100000.00000000097,-6.000834180164194,0.015793091593457924
F75L,2e-13,102920.05271944383,-6.000831964832799,0.016254252857693625
F75L,2e-13,105925.37251772993,-6.000829618225593,0.016728879792723722
F75L,2e-13,109018.44923851384,-6.000827132583517,0.01721736555982206
F75L,2e-13,112201.84543019746,-6.000824499660139,0.017720114796881552
F75L,2e-13,115478.19846894697,-6.000821710728527,0.01823754395316332
F75L,2e-13,118850.22274370304,-6.000818756543094,0.018770081633815806
F75L,2e-13,122320.71190499439,-6.0008156273020115,0.019318168954418968
F75L,2e-13,125892.541179418,-6.000812312662944,0.019882259905802065
F75L,2e-13,129568.66975170327,-6.000808801615243,0.020462821729579257
F75L,2e-13,133352.1432163338,-6.000805082532745,0.02106033530446845
F75L,2e-13,137246.09610075763,-6.0008011430841695,0.021675295543948744
F75L,2e-13,141253.7544622769,-6.000796970208928,0.02230821180542402
F75L,2e-13,145378.4385607677,-6.00079255008966,0.0229596083112749
F75L,2e-13,149623.56560944492,-6.000787868057879,0.023630024582198716
F75L,2e-13,153992.65260595083,-6.0007829086062365,0.024320015883037723
F75L,2e-13,158489.31924611304,-6.000777655305523,0.025030153681631476
F75L,2e-13,163117.29092278559,-6.000772090729702,0.025761026120978286
F75L,2e-13,167880.40181225786,-6.00076619644124,0.02651323850503378
F75L,2e-13,172782.59805078822,-6.000759952909842,0.027287413798655877
F75L,2e-13,177827.94100389423,-6.000753339431243,0.02808419314204187
F75L,2e-13,183020.61063110761,-6.000746334100729,0.02890423638000809
F75L,2e-13,188364.90894898213,-6.000738913689956,0.02974822260669743
F75L,2e-13,193865.26359522287,-6.000731053609885,0.030616850725956653
F75L,2e-13,199526.23149689016,-6.000722727810724,0.03151084002799024
F75L,2e-13,205352.5026457169,-6.000713908699853,0.03243093078266371
F75L,2e-13,211348.90398366703,-6.000704567042235,0.03337788484996783
F75L,2e-13,217520.4034019547,-6.000694671895117,0.03435248630806227
F75L,2e-13,223872.11385683648,-6.000684190454009,0.035355542099553994
F75L,2e-13,230409.29760558717,-6.000673087980436,0.0363878826963009
F75L,2e-13,237137.37056616822,-6.000661327676042,0.03745036278343694
F75L,2e-13,244061.90680420081,-6.000648870576384,0.03854386196305951
F75L,2e-13,251188.64315096088,-6.000635675408739,0.03966928547820357
F75L,2e-13,258523.48395622204,-6.0006216984240695,0.040827564957660004
F75L,2e-13,266072.505979884,-6.000606893314449,0.04201965918204455
F75L,2e-13,273841.96342643927,-6.000591211022085,0.04324655487199624
F75L,2e-13,281838.29312644864,-6.000574599568136,0.04450926749892782
F75L,2e-13,290068.11986931873,-6.000557003905774,0.04580884211893257
F75L,2e-13,298538.26189179946,-6.000538365741182,0.04714635423056672
F75L,2e-13,307255.7365267483,-6.000518623314544,0.04852291065718879
F75L,2e-13,316227.7660168417,-6.000497711186119,0.0499396504544357
F75L,2e-13,325461.7834980498,-6.000475560086891,0.051397745843398936
F75L,2e-13,334965.4391578317,-6.000452096592634,0.0528984031706502
F75L,2e-13,344746.6065731536,-6.0004272429954675,0.05444286389511257
F75L,2e-13,354813.3892335798,-6.000400916915524,0.05603240560339494
F75L,2e-13,365174.1272548422,-6.0003730311380385,0.057668343053363415
F75L,2e-13,375837.4042884488,-6.00034349327836,0.05935202924749856
F75L,2e-13,386812.054633057,-6.000312205476186,0.061084856536406426
F75L,2e-13,398107.1705535022,-6.000279064043546,0.06286825775342753
F75L,2e-13,409732.10981354665,-6.000243959223206,0.06470370738076493
F75L,2e-13,421696.5034285876,-6.000206774705511,0.06659272274876879
F75L,2e-13,434010.26364474936,-6.000167387311633,0.06853686526824987
F75L,2e-13,446683.59215096885,-6.000125666558338,0.07053774169732098
F75L,2e-13,459726.9885308781,-6.000081474247564,0.07259700544326805
F75L,2e-13,473151.2589614866,-6.000034664003429,0.07471635790050522
F75L,2e-13,486967.5251658694,-5.999985080775723,0.07689754982543348
F75L,2e-13,501187.23362727877,-5.999932560340673,0.07914238274899453
F75L,2e-13,515822.16507231235,-5.999876928756709,0.08145271042791727
F75L,2e-13,530884.4442309953,-5.999818001787981,0.08383044033551629
F75L,2e-13,546386.5498818613,-5.999755584276766,0.08627753519299522
F75L,2e-13,562341.3251903565,-5.999689469537259,0.08879601454192354
F75L,2e-13,578761.9883491283,-5.999619438663283,0.0913879563591152
F75L,2e-13,595662.1435290184,-5.999545259756197,0.09405549871481944
F75L,2e-13,613055.7921498289,-5.999466687226082,0.0968008414745804
F75L,2e-13,630957.3444802017,-5.9993834609506935,0.09962624804638295
F75L,2e-13,649381.63157622,-5.999295305429607,0.10253404717350137
F75L,2e-13,668343.9175686237,-5.999201928830546,0.10552663477428986
F75L,2e-13,687859.9123088169,-5.999103022110232,0.1086064758290543
F75L,2e-13,707945.7843841475,-5.998998257925936,0.11177610631594007
F75L,2e-13,728618.1745132377,-5.998887289571848,0.11503813519572499
F75L,2e-13,749894.2093324661,-5.998769749863611,0.11839524644656631
F75L,2e-13,771791.5155850231,-5.998645249898136,0.12185020114976154
F75L,2e-13,794328.2347242925,-5.998513377801899,0.1254058396267129
F75L,2e-13,817523.0379436614,-5.9983736973399715,0.12906508362831387
F75L,2e-13,841395.141645207,-5.998225746511798,0.13283093857675407
F75L,2e-13,865964.3233600776,-5.998069036043188,0.1367064958606649
F75L,2e-13,891250.9381337581,-5.997903047736171,0.14069493518426077
F75L,2e-13,917275.9353897927,-5.997727232802758,0.14479952697019166
F75L,2e-13,944060.8762859369,-5.997541010050297,0.1490236348170227
F75L,2e-13,971627.9515771201,-5.997343763977202,0.1533707180111957
F75L,2e-13,1000000.0000000144,-5.99713484274913,0.15784433409364934
F75L,2e-13,1029200.527194443,-5.996913556122347,0.1624481414805785
F75L,2e-13,1059253.7251773044,-5.996679173057009,0.1671859021396116
F75L,2e-13,1090184.4923851436,-5.996430919473346,0.1720614843182317
F75L,2e-13,1122018.4543019799,-5.9961679756177535,0.17707886532703332
F75L,2e-13,1154781.984689475,-5.995889473434236,0.18224213437455697
F75L,2e-13,1188502.2274370359,-5.995594493741558,0.1875554954538327
F75L,2e-13,1223207.1190499496,-5.995282063197623,0.1930232702794662
F75L,2e-13,1258925.4117941859,-5.9949511511387925,0.1986499012730401
F75L,2e-13,1295686.6975170388,-5.99460066629897,0.2044399545947646
F75L,2e-13,1333521.432163344,-5.994229453160387,0.21039812322095117
F75L,2e-13,1372460.9610075825,-5.993836288272664,0.21652923006211935
F75L,2e-13,1412537.5446227754,-5.993419876294328,0.22283823112040724
F75L,2e-13,1453784.3856076836,-5.992978845746274,0.2293302186828914
F75L,2e-13,1496235.6560944559,-5.992511744644587,0.23601042454531468
F75L,2e-13,1539926.526059515,-5.99201703576765,0.24288422326358358
F75L,2e-13,1584893.1924611374,-5.991493091758155,0.24995713542605238
F75L,2e-13,1631172.909227863,-5.990938189829317,0.2572348309426785
F75L,2e-13,1678804.0181225857,-5.990350506295865,0.2647231323423318
F75L,2e-13,1727825.9805078898,-5.989728110710365,0.27242801807278105
F75L,2e-13,1778279.41003895,-5.989068959686849,0.2803556257941969
F75L,2e-13,1830206.106311084,-5.988370890387799,0.28851225565705396
F75L,2e-13,1883649.0894898295,-5.987631613673791,0.29690437355397126
F75L,2e-13,1938652.6359522373,-5.986848706795887,0.3055386143351897
F75L,2e-13,1995262.3149689105,-5.98601960575199,0.31442178497362117
F75L,2e-13,2053525.026457178,-5.985141597213768,0.32356086766620545
F75L,2e-13,2113489.0398366796,-5.9842118099403105,0.3329630228569352
F75L,2e-13,2175204.0340195564,-5.983227205822386,0.34263559216259226
F75L,2e-13,2238721.1385683743,-5.982184570374947,0.35258610118424677
F75L,2e-13,2304092.9760558815,-5.981080502703956,0.3628222621833773
F75L,2e-13,2371373.705661692,-5.979911404976298,0.3733519765992307
F75L,2e-13,2440619.0680420185,-5.978673471267871,0.3841833373837755
F75L,2e-13,2511886.4315096196,-5.977362675907303,0.3953246311250765
F75L,2e-13,2585234.8395622317,-5.9759747611219005,0.4067843399314096
F75L,2e-13,2660725.059798852,-5.974505224021363,0.41857114304264165
F75L,2e-13,2738419.6342644054,-5.972949302987199,0.4306939181317808
F75L,2e-13,2818382.931264499,-5.9713019633330235,0.44316174225909916
F75L,2e-13,2900681.1986932005,-5.969557882149381,0.45598389243734777
F75L,2e-13,2985382.618918008,-5.967711432478971,0.46916984575904336
F75L,2e-13,3072557.365267497,-5.965756666667955,0.4827292790373218
F75L,2e-13,3162277.6601684312,-5.963687298868711,0.496672067905569
F75L,2e-13,3254617.8349805125,-5.961496686731549,0.5110082853152405
F75L,2e-13,3349654.391578332,-5.959177812164896,0.5257481993688954
F75L,2e-13,3447466.065731551,-5.95672326123557,0.5409022704168447
F75L,2e-13,3548133.8923358135,-5.954125203059704,0.5564811473439057
F75L,2e-13,3651741.272548438,-5.95137536779833,0.572495662961978
F75L,2e-13,3758374.042884505,-5.948465023640402,0.5889568284217691
F75L,2e-13,3868120.546330587,-5.94538495269274,0.6058758265496071
F75L,2e-13,3981071.70553504,-5.9421254259967995,0.6232640040021112
F75L,2e-13,4097321.0981354844,-5.938676177353422,0.641132862134213
F75L,2e-13,4216965.034285894,-5.935026376124686,0.6594940464584838
F75L,2e-13,4340102.636447512,-5.931164599017018,0.6783593345682786
F75L,2e-13,4466835.921509706,-5.927078800697032,0.697740622391588
F75L,2e-13,4597269.885308799,-5.92275628343681,0.7176499086259243
F75L,2e-13,4731512.589614885,-5.918183665634844,0.7380992772023931
F75L,2e-13,4869675.251658713,-5.913346849316833,0.759100877611661
F75L,2e-13,5011872.336272808,-5.9082309866321046,0.7806669029161526
F75L,2e-13,5158221.650723144,-5.902820445401292,0.8028095652615073
F75L,2e-13,5308844.442309974,-5.897098773747846,0.8255410686903395
F75L,2e-13,5463865.498818635,-5.891048663792823,0.8488735790520687
F75L,2e-13,5623413.251903587,-5.884651914790034,0.8728191907825029
F75L,2e-13,5787619.883491306,-5.87788939542321,0.8973898903322468
F75L,2e-13,5956621.435290207,-5.8707410056256695,0.9225975159978262
F75L,2e-13,6130557.921498313,-5.863185638071784,0.9484537139049265
F75L,2e-13,6309573.444802041,-5.855201139377824,0.9749698898873448
F75L,2e-13,6493816.315762226,-5.846764271350604,1.002157156990346
F75L,2e-13,6683439.175686263,-5.8378506724346675,1.03002627832534
F75L,2e-13,6878599.123088196,-5.82843481957895,1.0585876049966045
F75L,2e-13,7079457.843841503,-5.818489991032588,1.0878510088109872
F75L,2e-13,7286181.745132405,-5.807988230108032,1.1178258094932074
F75L,2e-13,7498942.093324691,-5.796900310573493,1.14852069611681
F75L,2e-13,7717915.155850261,-5.785195703970692,1.1799436424764091
F75L,2e-13,7943282.347242957,-5.772842549262309,1.2121018161345813
F75L,2e-13,8175230.379436647,-5.759807625612002,1.2450014808827472
F75L,2e-13,8413951.416452102,-5.746056328624105,1.2786478923875633
F75L,2e-13,8659643.23360081,-5.731552650770686,1.3130451868119168
F75L,2e-13,8912509.381337617,-5.716259166910379,1.3481962622304784
F75L,2e-13,9172759.353897963,-5.700137025350294,1.3841026527118532
F75L,2e-13,9440608.762859406,-5.683145945639065,1.420764394975159
F75L,2e-13,9716279.51577124,-5.665244223764878,1.4581798876010361
F75L,2e-13,10000000.000000184,-5.64638874587178,1.496345742840563
F75L,2e-13,10292005.271944473,-5.626535011611784,1.5352566311508573
F75L,2e-13,10592537.251773085,-5.605637168040329,1.5749051186861682
F75L,2e-13,10901844.923851479,-5.583648055544556,1.6152814980765542
F75L,2e-13,11220184.543019842,-5.560519266768325,1.6563736129595523
F75L,2e-13,11547819.846894797,-5.536201220038533,1.6981666768654018
F75L,2e-13,11885022.274370406,-5.510643248562023,1.740643087217902
F75L,2e-13,12232071.190499544,-5.483793706737362,1.7837822353862955
F75L,2e-13,12589254.117941909,-5.455600094939758,1.8275603139140757
F75L,2e-13,12956866.97517044,-5.4260092043573955,1.8719501222606176
F75L,2e-13,13335214.321633492,-5.394967282822043,1.916920872610967
F75L,2e-13,13724609.61007588,-5.36242022341586,1.9624379975529012
F75L,2e-13,14125375.446227811,-5.328313776587119,2.008462961662009
F75L,2e-13,14537843.856076894,-5.292593787226658,2.0549530793043997
F75L,2e-13,14962356.560944619,-5.255206457408674,2.1018613412246974
F75L,2e-13,15399265.260595214,-5.2160986356027035,2.149136252758094
F75L,2e-13,15848931.924611438,-5.175218132716285,2.19672168676229
F75L,2e-13,16311729.092278697,-5.1325140653690715,2.2445567546312675
F75L,2e-13,16788040.181225926,-5.087937225905847,2.2925756989643165
F75L,2e-13,17278259.80507897,-5.041440478946528,2.340707811704565
F75L,2e-13,17782794.100389574,-4.992979182875503,2.388877381678971
F75L,2e-13,18302061.063110918,-4.942511635413099,2.4370036756744944
F75L,2e-13,18836490.894898374,-4.88999954053441,2.4850009571666485
F75L,2e-13,19386526.359522454,-4.835408494261404,2.5327785468663735
F75L,2e-13,19952623.14968919,-4.7787084859831594,2.580240929157005
F75L,2e-13,20535250.264571868,-4.71987441116033,2.6272879083022245
F75L,2e-13,21134890.398366887,-4.658886590710178,2.6738148180357824
F75L,2e-13,21752040.34019566,-4.595731291408359,2.7197127877103906
F75L,2e-13,22387211.385683842,-4.530401241563174,2.7648690677478607
F75L,2e-13,23040929.760558918,-4.462896134816308,2.8091674163873974
F75L,2e-13,23713737.05661703,-4.393223114827062,2.852488549016744
F75L,2e-13,24406190.680420294,-4.321397232937105,2.894710650451354
F75L,2e-13,25118864.315096308,-4.2474418706386645,2.935709949533127
F75L,2e-13,25852348.39562243,-4.171389118076185,2.975361354222924
F75L,2e-13,26607250.597988635,-4.0932801001291566,3.013539144225113
F75L,2e-13,27384196.34264417,-4.013165241417068,3.050117716838649
F75L,2e-13,28183829.31264511,-3.931104461806027,3.0849723803756337
F75L,2e-13,29006811.98693213,-3.8471672949195654,3.1179801882705274
F75L,2e-13,29853826.189180207,-3.761432922164195,3.149020805493697
F75L,2e-13,30725573.652675096,-3.673990116447202,3.1779773978422416
F75L,2e-13,31622776.601684444,-3.584937090483878,3.2047375334260764
F75L,2e-13,32546178.34980526,-3.4943812461223565,3.229194084730806
F75L,2e-13,33496543.915783457,-3.4024388227860274,3.251246118906679
F75L,2e-13,34474660.65731565,-3.3092344447329456,3.2707997633509085
F75L,2e-13,35481338.92335828,-3.2149005687716157,3.2877690334196767
F75L,2e-13,36517412.72548453,-3.1195768360164196,3.302076609155689
F75L,2e-13,37583740.4288452,-3.023409333065634,3.313654548196762
F75L,2e-13,38681205.463306025,-2.926549770411077,3.3224449229835997
F75L,2e-13,39810717.05535056,-2.8291545867509673,3.3284003708916954
F75L,2e-13,40973210.98135501,-2.731383990680767,3.3314845478236528
F75L,2e-13,42169650.34285911,-2.6334009517818555,3.3316724769092474
F75L,2e-13,43401026.3644753,-2.5353701547773206,3.328950786032406
F75L,2e-13,44668359.21509726,-2.437456931118543,3.323317829808952
F75L,2e-13,45972698.8530882,-2.3398261830511284,3.3147836938792867
F75L,2e-13,47315125.89614906,-2.2426413152341937,3.303370081480855
F75L,2e-13,48696752.516587354,-2.1460631888378483,3.289110084478277
F75L,2e-13,50118723.362728305,-2.0502491126877755,3.272047843330405
F75L,2e-13,51582216.507231675,-1.9553518848716958,3.2522381022625018
F75L,2e-13,53088444.42309998,-1.8615188971985501,3.229745667856694
F75L,2e-13,54638654.988186605,-1.7688913134536197,3.2046447808743315
F75L,2e-13,56234132.51903613,-1.6776033307246099,3.1770184124450997
F75L,2e-13,57876198.83491332,-1.5877815311737846,3.146957496681727
F75L,2e-13,59566214.352902345,-1.4995443297743865,3.114560112525184
F75L,2e-13,61305579.21498341,-1.4130015216239962,3.0799306280709122
F75L,2e-13,63095734.44802071,-1.3282539303660124,3.0431788205016996
F75L,2e-13,64938163.15762256,-1.245393157500918,3.004418984644283
F75L,2e-13,66834391.75686294,-1.164501430575247,2.9637690425974657
F75L,2e-13,68785991.23088229,-1.0856515466023824,2.9213496660387435
F75L,2e-13,70794578.43841536,-1.0089069057589146,2.877283421995942
F75L,2e-13,72861817.45132439,-0.9343216290842382,2.8316939515233424
F75L,2e-13,74989420.93324725,-0.8619407531531246,2.784705189877822
F75L,2e-13,77179151.55850297,-0.7918004936085936,2.7364406347656542
F75L,2e-13,79432823.47242993,-0.7239285693897455,2.6870226688226477
F75L,2e-13,81752303.79436684,-0.6583445787876646,2.636571940280188
F75L,2e-13,84139514.1645214,-0.5950604186535295,2.5852068050828767
F75L,2e-13,86596432.33600849,-0.5340807380061962,2.5330428320561893
F75L,2e-13,89125093.81337658,-0.47540341768460137,2.480192371997278
F75L,2e-13,91727593.53898005,-0.41902006794423796,2.426764190102392
F75L,2e-13,94406087.6285945,-0.36491653650898803,2.3728631606236594
F75L,2e-13,97162795.15771285,-0.31307342007245376,2.3185900214439643
F75L,2e-13,100000000.0000023,-0.2634665729872767,2.264041186116442
F75L,2e-13,102920052.71944518,-0.21606760744509879,2.209308609722719
F75L,2e-13,105925372.51773132,-0.1708443802521832,2.154479705174769
F75L,2e-13,109018449.23851527,-0.12776146191839907,2.0996373056397295
F75L,2e-13,112201845.43019894,-0.08678058451107734,2.044859669141905
F75L,2e-13,115478198.4689485,-0.04786106534819423,1.9902205206845267
F75L,2e-13,118850222.7437046,-0.010960204241687949,1.9357891278065764
F75L,2e-13,122320711.90499601,0.023966347433095666,1.881630405038562
F75L,2e-13,125892541.17941967,0.05696424702270038,1.8278050430240502
F75L,2e-13,129568669.75170499,0.08808015095854825,1.7743696582996833
F75L,2e-13,133352143.21633555,0.11736143545715319,1.7213769596369097
F75L,2e-13,137246096.10075945,0.14485594745870883,1.6688759272965863
F75L,2e-13,141253754.46227878,0.17061178534371949,1.6169120016039322
F75L,2e-13,145378438.56076965,0.19467710872300892,1.5655272776905638
F75L,2e-13,149623565.6094469,0.21709997625149513,1.5147607031451233
F75L,2e-13,153992652.6059529,0.23792821028825867,1.4646482759265633
F75L,2e-13,158489319.24611515,0.25720928700800705,1.4152232399675484
F75L,2e-13,163117290.92278776,0.27499025035225294,1.3665162760244445
F75L,2e-13,167880401.8122601,0.29131764820749206,1.318555685893914
F75L,2e-13,172782598.05079052,0.30623748892136776,1.2713675679535381
F75L,2e-13,177827941.0038966,0.3197952163403974,1.2249759825889979
F75L,2e-13,183020610.63111004,0.3320357013020594,1.1794031059462253
F75L,2e-13,188364908.94898462,0.3430032476840175,1.134669371083637
F75L,2e-13,193865263.59522545,0.35274161077458943,1.0907935953276233
F75L,2e-13,199526231.49689284,0.3612940259838494,1.0477930933318007
F75L,2e-13,205352502.64571965,0.36870324574537183,1.0056837752927876
F75L,2e-13,211348903.98366988,0.3750115824154887,0.9644802299807903
F75L,2e-13,217520403.40195763,0.3802609551842355,0.9241957926950637
F75L,2e-13,223872113.8568395,0.38449293885806746,0.8848425982379007
F75L,2e-13,230409297.60559028,0.3877488125015202,0.8464316193288394
F75L,2e-13,237137370.56617144,0.3900696060972843,0.808972691175492
F75L,2e-13,244061906.80420414,0.391496143304374,0.7724745229601588
F75L,2e-13,251188643.15096432,0.3920690786927672,0.7369446973709015
F75L,2e-13,258523483.95622557,0.39182892791783785,0.7023896594266724
F75L,2e-13,266072505.97988766,0.39081608944783175,0.6688146960105834
F75L,2e-13,273841963.42644304,0.3890708567755416,0.636223907757258
F75L,2e-13,281838293.1264525,0.38663342011558927,0.6046201749686291
F75L,2e-13,290068119.8693227,0.383543857026447,0.5740051194502487
F75L,2e-13,298538261.89180356,0.3798421114943014,0.5443790641266504
F75L,2e-13,307255736.52675253,0.3755679613881788,0.5157409923835108
F75L,2e-13,316227766.01684606,0.37076097448624706,0.48808850906806217
F75L,2e-13,325461783.49805427,0.365460453479712,0.46141780499653573
F75L,2e-13,334965439.1578363,0.35970537070209807,0.43572362675265985
F75L,2e-13,344746606.5731583,0.3535342935722418,0.4109992534134218
F75L,2e-13,354813389.2335847,0.3469853019368443,0.3872364816543642
F75L,2e-13,365174127.2548472,0.34009589875957147,0.3644256204911054
F75L,2e-13,375837404.288454,0.33290291571484976,0.3425554966592095
F75L,2e-13,386812054.6330623,0.3254424154066875,0.3216134713799422
F75L,2e-13,398107170.5535077,0.3177495919975687,0.3015854689764218
F75L,2e-13,409732109.81355226,0.3098586720749643,0.2824560175189227
F75L,2e-13,421696503.42859334,0.30180281755451366,0.264208301391892
F75L,2e-13,434010263.64475524,0.29361403239042627,0.2468242253988194
F75L,2e-13,446683592.15097487,0.2853230747149281,0.23028448976199709
F75L,2e-13,459726988.5308843,0.27695937594072073,0.21456867513754085
F75L,2e-13,473151258.961493,0.2685509681391832,0.19965533656270518
F75L,2e-13,486967525.16587603,0.26012442083388665,0.18552210508127584
F75L,2e-13,501187233.6272856,0.2517047881088931,0.17214579566374294
F75L,2e-13,515822165.0723194,0.24331556671073834,0.15950251994623654
F75L,2e-13,530884444.2310025,0.23497866557755626,0.1475678022627898
F75L,2e-13,546386549.8818688,0.22671438697961166,0.13631669744029085
F75L,2e-13,562341325.1903641,0.21854141925762816,0.1257239088438732
F75L,2e-13,578761988.3491361,0.21047684088921487,0.11576390523678678
F75L,2e-13,595662143.5290264,0.20253613547015034,0.10641103509277562
F75L,2e-13,613055792.1498371,0.19473321697494733,0.0976396371364422
F75L,2e-13,630957344.4802102,0.18708046456760916,0.0894241460025067
F75L,2e-13,649381631.5762287,0.17958876607913277,0.0817391920724351
F75L,2e-13,668343917.5686326,0.17226756920458255,0.0745596946956212
F75L,2e-13,687859912.3088262,0.16512493940698952,0.067860948167491
F75L,2e-13,707945784.3841571,0.15816762348106334,0.06161870000015185
F75L,2e-13,728618174.5132475,0.1514011177260022,0.055809221175546604
F75L,2e-13,749894209.3324763,0.14482973969317792,0.05040936821719467
F75L,2e-13,771791515.5850335,0.13845670250433498,0.04539663705627461
F75L,2e-13,794328234.7243032,0.13228419079119424,0.04074920878717735
F75L,2e-13,817523037.9436724,0.12631343736749595,0.036445987518676885
F75L,2e-13,841395141.6452183,0.12054479982426443,0.032466630613388475
F75L,2e-13,865964323.3600892,0.11497783631155874,0.028791571692373986
F75L,2e-13,891250938.1337701,0.10961137986225888,0.02540203683550073
F75L,2e-13,917275935.389805,0.10444361069521907,0.022280054458794215
F75L,2e-13,944060876.2859496,0.09947212602517333,0.019408459377396534
F75L,2e-13,971627951.5771332,0.09469400698512034,0.016770891588625558
F75L,2e-13,1000000000.0000279,0.09010588235302844,0.014351790309851026
F75L,8e-12,1000.0,-6.000866962870938,0.0052655747277100635
F75L,8e-12,1029.2005271944283,-6.000866690025147,0.005419332040165329
F75L,8e-12,1059.2537251772892,-6.000866401004565,0.005577579125060725
F75L,8e-12,1090.1844923851281,-6.000866094861662,0.005740447084116471
F75L,8e-12,1122.018454301964,-6.000865770573677,0.005908070847120523
F75L,8e-12,1154.781984689459,-6.0008654270775095,0.0060805892836758675
F75L,8e-12,1188.5022274370194,-6.000865063230716,0.006258145318244588
F75L,8e-12,1223.2071190499325,-6.000864677819639,0.0064408860485271465
F75L,8e-12,1258.9254117941682,-6.0008642695734205,0.006628962867292587
F75L,8e-12,1295.6866975170205,-6.000863837135379,0.006822531587786615
F75L,8e-12,1333.5214321633252,-6.000863379073991,0.007021752572778513
F75L,8e-12,1372.4609610075634,-6.000862893875295,0.007226790867383769
F75L,8e-12,1412.5375446227558,-6.00086237992144,0.0074378163357711495
F75L,8e-12,1453.7843856076636,-6.000861835513392,0.007655003801832476
F75L,8e-12,1496.2356560944354,-6.000861258848113,0.007878533193984053
F75L,8e-12,1539.926526059494,-6.000860648013019,0.008108589694182752
F75L,8e-12,1584.8931924611159,-6.000860000985531,0.008345363891286393
F75L,8e-12,1631.1729092278408,-6.00085931562548,0.00858905193889271
F75L,8e-12,1678.804018122563,-6.000858589640753,0.008839855717802311
F75L,8e-12,1727.8259805078665,-6.000857820652161,0.009097983003149589
F75L,8e-12,1778.279410038926,-6.0008570060932005,0.009363647636528036
F75L,8e-12,1830.2061063110596,-6.000856143269202,0.009637069703019682
F75L,8e-12,1883.6490894898043,-6.00085522931888,0.009918475713459798
F75L,8e-12,1938.6526359522113,-6.000854261216271,0.010208098791986437
F75L,8e-12,1995.2623149688839,-6.000853235747334,0.010506178869079653
F75L,8e-12,2053.5250264571505,-6.000852149516808,0.010812962880204249
F75L,8e-12,2113.4890398366515,-6.000850998924516,0.011128704970269838
F75L,8e-12,2175.2040340195276,-6.000849780156959,0.011453666704039021
F75L,8e-12,2238.721138568345,-6.000848489169622,0.01178811728267741
F75L,8e-12,2304.092976055851,-6.000847121693781,0.012132333766592207
F75L,8e-12,2371.373705661661,-6.000845673182646,0.012486601304824277
F75L,8e-12,2440.6190680419863,-6.000844138844402,0.012851213371039519
F75L,8e-12,2511.8864315095866,-6.000842513589751,0.013226472006481875
F75L,8e-12,2585.2348395621975,-6.00084079204392,0.013612688069938273
F75L,8e-12,2660.725059798817,-6.00083896848467,0.014010181495065482
F75L,8e-12,2738.4196342643686,-6.0008370368754385,0.014419281555106665
F75L,8e-12,2818.3829312644616,-6.000834990811727,0.01484032713541386
F75L,8e-12,2900.681198693162,-6.000832823508473,0.015273667013859534
F75L,8e-12,2985.3826189179686,-6.0008305277919165,0.01571966014940477
F75L,8e-12,3072.557365267456,-6.000828096046721,0.016178675979122807
F75L,8e-12,3162.277660168389,-6.000825520207828,0.016651094723811103
F75L,8e-12,3254.617834980469,-6.000822791747854,0.017137307702498217
F75L,8e-12,3349.6543915782872,-6.000819901618351,0.01763771765616301
F75L,8e-12,3447.466065731505,-6.000816840243764,0.018152739080796405
F75L,8e-12,3548.133892335766,-6.0008135974752985,0.018682798570203454
F75L,8e-12,3651.741272548389,-6.000810162557416,0.019228335168752893
F75L,8e-12,3758.3740428844544,-6.000806524115937,0.0197898007343429
F75L,8e-12,3868.120546330535,-6.000802670091943,0.020367660311996327
F75L,8e-12,3981.0717055349864,-6.000798587700633,0.020962392518270277
F75L,8e-12,4097.32109813543,-6.000794263424028,0.02157448993676679
F75L,8e-12,4216.965034285838,-6.000789682925216,0.022204459525256848
F75L,8e-12,4340.102636447455,-6.000784831018843,0.022852823034521057
F75L,8e-12,4466.835921509648,-6.000779691626752,0.023520117439362068
F75L,8e-12,4597.2698853087395,-6.000774247720018,0.024206895382136835
F75L,8e-12,4731.512589614823,-6.000768481253672,0.02491372562915824
F75L,8e-12,4869.67525165865,-6.000762373112289,0.025641193540295235
F75L,8e-12,5011.872336272742,-6.000755903053141,0.02638990155217218
F75L,8e-12,5158.221650723077,-6.000749049631088,0.027160469675388415
F75L,8e-12,5308.8444423099045,-6.000741790140167,0.027953536006081497
F75L,8e-12,5463.865498818564,-6.000734100514775,0.02876975725236747
F75L,8e-12,5623.413251903514,-6.0007259552735945,0.029609809275891182
F75L,8e-12,5787.61988349123,-6.000717327420015,0.030474387649110417
F75L,8e-12,5956.62143529013,-6.00070818835776,0.0313642082286222
F75L,8e-12,6130.557921498234,-6.000698507800653,0.03228000774502855
F75L,8e-12,6309.57344480196,-6.000688253674472,0.0332225444098127
F75L,8e-12,6493.816315762142,-6.000677391987254,0.0341925985397687
F75L,8e-12,6683.439175686176,-6.000665886752898,0.035190973199240944
F75L,8e-12,6878.599123088107,-6.000653699835159,0.036218494861036454
F75L,8e-12,7079.457843841412,-6.0006407908452335,0.03727601408615615
F75L,8e-12,7286.181745132311,-6.000627117015259,0.038364406223080086
F75L,8e-12,7498.942093324594,-6.0006126330281795,0.03948457212721597
F75L,8e-12,7717.915155850161,-6.0005972908906235,0.04063743890079759
F75L,8e-12,7943.282347242854,-6.000581039754003,0.041823960654087944
F75L,8e-12,8175.23037943654,-6.000563825777167,0.043045119288163555
F75L,8e-12,8413.951416451991,-6.000545591906542,0.044301925300285205
F75L,8e-12,8659.643233600696,-6.000526277737018,0.04559541861189979
F75L,8e-12,8912.5093813375,-6.000505819270819,0.0469266694205276
F75L,8e-12,9172.759353897844,-6.000484148710713,0.04829677907569037
F75L,8e-12,9440.608762859283,-6.0004611942568085,0.04970688097961675
F75L,8e-12,9716.279515771113,-6.000436879861308,0.05115814151355748
F75L,8e-12,10000.000000000055,-6.0004111249631915,0.05265176099030921
F75L,8e-12,10292.00527194434,-6.000383844226896,0.054188974633525795
F75L,8e-12,10592.537251772948,-6.000354947275004,0.055771053584545524
F75L,8e-12,10901.844923851339,-6.000324338380247,0.057399305937590316
F75L,8e-12,11220.184543019699,-6.00029191612321,0.05907507780405113
F75L,8e-12,11547.819846894648,-6.000257573116073,0.060799754406105286
F75L,8e-12,11885.022274370254,-6.000221195580072,0.06257476120141303
F75L,8e-12,12232.071190499388,-6.0001826630288955,0.06440156503844174
F75L,8e-12,12589.254117941748,-6.000141847803826,0.06628167534442918
F75L,8e-12,12956.866975170273,-6.000098614741194,0.06821664534532489
F75L,8e-12,13335.21432163332,-6.000052820627316,0.07020807332029741
F75L,8e-12,13724.609610075704,-6.000004313803199,0.07225760388966297
F75L,8e-12,14125.37544622763,-5.999952933621595,0.07436692933863581
F75L,8e-12,14537.843856076708,-5.999898509931322,0.0765377909767399
F75L,8e-12,14962.356560944427,-5.999840862510839,0.07877198053411628
F75L,8e-12,15399.265260595015,-5.999779800462562,0.08107134159547372
F75L,8e-12,15848.931924611234,-5.999715121615065,0.0834377710721688
F75L,8e-12,16311.729092278485,-5.999646611819691,0.08587322071395037
F75L,8e-12,16788.040181225708,-5.99957404426277,0.08837969866037723
F75L,8e-12,17278.259805078742,-5.999497178717576,0.09095927103317765
F75L,8e-12,17782.79410038934,-5.999415760739514,0.09361406357032309
F75L,8e-12,18302.061063110676,-5.999329520851013,0.09634626330222526
F75L,8e-12,18836.490894898125,-5.999238173623651,0.0991581202714868
F75L,8e-12,19386.5263595222,-5.99914141675354,0.10205194929620631
F75L,8e-12,19952.623149688927,-5.999038930065089,0.10503013177800849
F75L,8e-12,20535.250264571598,-5.99893037447211,0.10809511755522791
F75L,8e-12,21134.89039836661,-5.998815390822635,0.11124942680250244
F75L,8e-12,21752.040340195374,-5.998693598754166,0.11449565197626703
F75L,8e-12,22387.21138568355,-5.998564595430722,0.11783645980777026
F75L,8e-12,23040.929760558614,-5.998427954206649,0.1212745933437213
F75L,8e-12,23713.737056616716,-5.998283223251738,0.12481287403462049
F75L,8e-12,24406.19068041997,-5.998129924035414,0.12845420387208667
F75L,8e-12,25118.864315095976,-5.997967549787542,0.13220156757427462
F75L,8e-12,25852.348395622088,-5.997795563817299,0.13605803482070722
F75L,8e-12,26607.250597988284,-5.997613397752552,0.1400267625359508
F75L,8e-12,27384.19634264381,-5.997420449703004,0.14411099722197146
F75L,8e-12,28183.829312644742,-5.997216082247721,0.1483140773400873
F75L,8e-12,29006.81198693175,-5.996999620403925,0.15263943574035604
F75L,8e-12,29853.826189179817,-5.9967703493739055,0.15709060214021806
F75L,8e-12,30725.573652674695,-5.996527512232738,0.16167120564978046
F75L,8e-12,31622.77660168403,-5.996270307466199,0.1663849773438542
F75L,8e-12,32546.17834980483,-5.995997886335756,0.17123575287994733
F75L,8e-12,33496.54391578302,-5.995709350136522,0.176227475159925
F75L,8e-12,34474.6606573152,-5.995403747292435,0.18136419703434303
F75L,8e-12,35481.33892335782,-5.995080070181677,0.18665008404908287
F75L,8e-12,36517.41272548406,-5.994737251990156,0.19208941722758424
F75L,8e-12,37583.740428844714,-5.994374163158378,0.1976865958923285
F75L,8e-12,38681.20546330552,-5.993989607763488,0.20344614051745114
F75L,8e-12,39810.71705535004,-5.993582319649888,0.20937269561166968
F75L,8e-12,40973.210981354474,-5.993150958357834,0.2154710326267095
F75L,8e-12,42169.650342858564,-5.992694104788984,0.22174605288764979
F75L,8e-12,43401.02636447473,-5.992210256636494,0.22820279053955583
F75L,8e-12,44668.35921509667,-5.99169782359709,0.23484641550418087
F75L,8e-12,45972.69885308759,-5.9911551222441215,0.24168223644236866
F75L,8e-12,47315.125896148435,-5.990580370659275,0.24871570371308366
F75L,8e-12,48696.75251658671,-5.989971682756991,0.25595241232206023
F75L,8e-12,50118.723362727644,-5.9893270622611645,0.263398104851821
F75L,8e-12,51582.216507230994,-5.988644396381543,0.27105867436199893
F75L,8e-12,53088.44442309928,-5.987921449131159,0.27894016724992077
F75L,8e-12,54638.65498818588,-5.9871558542595595,0.2870487860596139
F75L,8e-12,56234.13251903538,-5.986345107801338,0.29539089222558546
F75L,8e-12,57876.19883491255,-5.985486560226609,0.303973008736533
F75L,8e-12,59566.21435290155,-5.984577408124606,0.31280182270398915
F75L,8e-12,61305.579214982594,-5.983614685533466,0.3218841878148192
F75L,8e-12,63095.734448019866,-5.982595254643218,0.3312271266541953
F75L,8e-12,64938.16315762169,-5.981515796161731,0.34083783286981456
F75L,8e-12,66834.39175686204,-5.980372799055623,0.35072367316042635
F75L,8e-12,68785.99123088135,-5.979162549815905,0.3608921890584061
F75L,8e-12,70794.5784384144,-5.977881121101809,0.3713510984813848
F75L,8e-12,72861.81745132341,-5.976524359829392,0.38210829701959087
F75L,8e-12,74989.42093324625,-5.975087874631076,0.39317185892650597
F75L,8e-12,77179.15155850194,-5.973567022696143,0.40455003777498155
F75L,8e-12,79432.82347242888,-5.971956895893445,0.41625126674102286
F75L,8e-12,81752.30379436575,-5.970252306245143,0.42828415846869455
F75L,8e-12,84139.5141645203,-5.968447770656114,0.4406575044708814
F75L,8e-12,86596.43233600735,-5.966537494891148,0.45338027401388203
F75L,8e-12,89125.0938133754,-5.964515356819383,0.4664616124283549
F75L,8e-12,91727.59353897884,-5.962374888781924,0.4799108387902278
F75L,8e-12,94406.08762859325,-5.960109259201296,0.493737442901054
F75L,8e-12,97162.79515771156,-5.957711253349281,0.5079510814988479
F75L,8e-12,100000.00000000097,-5.955173253155762,0.5225615736266229
F75L,8e-12,102920.05271944383,-5.952487216245758,0.5375788950681215
F75L,8e-12,105925.37251772993,-5.949644653988678,0.5530131717692739
F75L,8e-12,109018.44923851384,-5.9466366086531846,0.5688746721455173
F75L,8e-12,112201.84543019746,-5.943453629616277,0.5851737981736359
F75L,8e-12,115478.19846894697,-5.940085748641112,0.6019210751568065
F75L,8e-12,118850.22274370304,-5.9365224542010075,0.6191271400454251
F75L,8e-12,122320.71190499439,-5.932752664850597,0.6368027281873698
F75L,8e-12,125892.541179418,-5.928764701726463,0.6549586583692031
F75L,8e-12,129568.66975170327,-5.92454626001666,0.673605816012735
F75L,8e-12,133352.1432163338,-5.92008437961398,0.6927551343651746
F75L,8e-12,137246.09610075763,-5.915365414920985,0.7124175735233882
F75L,8e-12,141253.7544622769,-5.910375003789063,0.7326040971236785
F75L,8e-12,145378.4385607677,-5.9050980357661516,0.7533256465097872
F75L,8e-12,149623.56560944492,-5.899518619566146,0.7745931121963113
F75L,8e-12,153992.65260595083,-5.893620050057095,0.7964173024160572
F75L,8e-12,158489.31924611304,-5.887384774666161,0.8188089085525994
F75L,8e-12,163117.29092278559,-5.880794359478166,0.8417784672313824
F75L,8e-12,167880.40181225786,-5.8738294550978285,0.8653363188467348
F75L,8e-12,172782.59805078822,-5.86646976243215,0.8894925622916594
F75L,8e-12,177827.94100389423,-5.858693998692885,0.9142570056438704
F75L,8e-12,183020.61063110761,-5.850479863742148,0.9396391125685307
F75L,8e-12,188364.90894898213,-5.84180400702826,0.9656479441898773
F75L,8e-12,193865.26359522287,-5.83264199555394,0.992292096172447
F75L,8e-12,199526.23149689016,-5.822968283042073,1.0195796307731166
F75L,8e-12,205352.5026457169,-5.812756180747686,1.0475180036147038
F75L,8e-12,211348.90398366703,-5.8019778303281075,1.07611398494417
F75L,8e-12,217520.4034019547,-5.790604179301427,1.105373575145562
F75L,8e-12,223872.11385683648,-5.778604959394947,1.135301914312537
F75L,8e-12,230409.29760558717,-5.765948668632467,1.1659031856746291
F75L,8e-12,237137.37056616822,-5.7526025575755835,1.1971805127313622
F75L,8e-12,244061.90680420081,-5.738532620551155,1.22913584995942
F75L,8e-12,251188.64315096088,-5.723703592375937,1.2617698670264264
F75L,8e-12,258523.48395622204,-5.70807895167231,1.2950818264606636
F75L,8e-12,266072.505979884,-5.691620931447331,1.3290694548197548
F75L,8e-12,273841.96342643927,-5.674290537871614,1.3637288074589797
F75L,8e-12,281838.29312644864,-5.656047578280651,1.3990541270807417
F75L,8e-12,290068.11986931873,-5.636850699473724,1.4350376963420963
F75L,8e-12,298538.26189179946,-5.61665743728677,1.4716696849156699
F75L,8e-12,307255.7365267483,-5.595424278691912,1.508937991505534
F75L,8e-12,316227.7660168417,-5.573106737458522,1.5468280814729154
F75L,8e-12,325461.7834980498,-5.549659444788867,1.585322820854462
F75L,8e-12,334965.4391578317,-5.525036255856166,1.6244023077539342
F75L,8e-12,344746.6065731536,-5.499190373750217,1.6640437022309187
F75L,8e-12,354813.3892335798,-5.472074491696615,1.7042210560432192
F75L,8e-12,365174.1272548422,-5.443640955030375,1.7449051437655703
F75L,8e-12,375837.4042884488,-5.41384194371007,1.7860632970633894
F75L,8e-12,386812.054633057,-5.382629676469745,1.8276592441016115
F75L,8e-12,398107.1705535022,-5.349956637406361,1.86965295631108
F75L,8e-12,409732.10981354665,-5.315775825751098,1.9120005049636744
F75L,8e-12,421696.5034285876,-5.280041029059573,1.9546539302526398
F75L,8e-12,434010.26364474936,-5.242707120240557,1.997561125777216
F75L,8e-12,446683.59215096885,-5.20373037815893,2.040665741556947
F75L,8e-12,459726.9885308781,-5.163068831461249,2.0839071088761423
F75L,8e-12,473151.2589614866,-5.120682624674786,2.1272201904219896
F75L,8e-12,486967.5251658694,-5.076534405287804,2.1705355592907463
F75L,8e-12,501187.23362727877,-5.030589730106041,2.213779410502325
F75L,8e-12,515822.16507231235,-4.9828174885327785,2.2568736086741237
F75L,8e-12,530884.4442309953,-4.9331903397229455,2.299735775438048
F75L,8e-12,546386.5498818613,-4.881685160447667,2.34227942004018
F75L,8e-12,562341.3251903565,-4.828283499279783,2.3844141163298644
F75L,8e-12,578761.9883491283,-4.772972032594883,2.426045729011383
F75L,8e-12,595662.1435290184,-4.715743016949316,2.4670766915900577
F75L,8e-12,613055.7921498289,-4.656594732071458,2.5074063378994547
F75L,8e-12,630957.3444802017,-4.59553190794956,2.546931288427322
F75L,8e-12,649381.63157622,-4.532566129290082,2.5855458918941556
F75L,8e-12,668343.9175686237,-4.467716209856594,2.6231427216331333
F75L,8e-12,687859.9123088169,-4.401008529636714,2.6596131253890682
F75L,8e-12,707945.7843841475,-4.332477326718782,2.6948478260236293
F75L,8e-12,728618.1745132377,-4.262164936746972,2.728737569559623
F75L,8e-12,749894.2093324661,-4.1901219723475,2.761173815775641
F75L,8e-12,771791.5155850231,-4.116407435757331,2.792049465425185
F75L,8e-12,794328.2347242925,-4.041088758143751,2.821259616956201
F75L,8e-12,817523.0379436614,-3.9642417602529587,2.848702344549811
F75L,8e-12,841395.141645207,-3.8859505297285,2.8742794882478857
F75L,8e-12,865964.3233600776,-3.806307211882816,2.897897446101642
F75L,8e-12,891250.9381337581,-3.725411711806377,2.919467957519778
F75L,8e-12,917275.9353897927,-3.6433713075428162,2.9389088665583167
F75L,8e-12,944060.8762859369,-3.560300175412348,2.956144853580933
F75L,8e-12,971627.9515771201,-3.4763188302505457,2.9711081236996737
F75L,8e-12,1000000.0000000144,-3.391553485343698,2.983739040755613
F75L,8e-12,1029200.527194443,-3.3061353382892618,2.9939866961058903
F75L,8e-12,1059253.7251773044,-3.220199790373074,3.001809402230363
F75L,8e-12,1090184.4923851436,-3.1338856094485337,3.007175102570992
F75L,8e-12,1122018.4543019799,-3.047334046307349,3.0100616899658803
F75L,8e-12,1154781.984689475,-2.9606879167848748,3.010457227983507
F75L,8e-12,1188502.2274370359,-2.874090662029888,3.0083600710138922
F75L,8e-12,1223207.1190499496,-2.7876853998906883,3.003778880814624
F75L,8e-12,1258925.4117941859,-2.7016139809032222,2.996732539271756
F75L,8e-12,1295686.6975170388,-2.6160160620592046,2.987249959009115
F75L,8e-12,1333521.432163344,-2.531028210963629,2.9753697952925604
F75L,8e-12,1372460.9610075825,-2.4467830525965724,2.96114006461563
F75L,8e-12,1412537.5446227754,-2.363408469698859,2.944617676902184
F75L,8e-12,1453784.3856076836,-2.2810268664346465,2.925867889606743
F75L,8e-12,1496235.6560944559,-2.199754503988894,2.9049636934316263
F75L,8e-12,1539926.526059515,-2.119700914626197,2.881985139999008
F75L,8e-12,1584893.1924611374,-2.0409683995498926,2.857018622743465
F75L,8e-12,1631172.909227863,-1.963651613768682,2.8301561223984613
F75L,8e-12,1678804.0181225857,-1.8878372399585932,2.8014944288550288
F75L,8e-12,1727825.9805078898,-1.8136037510256207,2.771134350554922
F75L,8e-12,1778279.41003895,-1.7410212601753159,2.739179922603268
F75L,8e-12,1830206.106311084,-1.6701514554663943,2.705737623864044
F75L,8e-12,1883649.0894898295,-1.6010476145779697,2.6709156124537277
F75L,8e-12,1938652.6359522373,-1.5337546947337453,2.634822988310641
F75L,8e-12,1995262.3149689105,-1.4683094915866515,2.5975690902304462
F75L,8e-12,2053525.026457178,-1.404740860302307,2.5592628336916756
F75L,8e-12,2113489.0398366796,-1.3430699915706936,2.520012094578588
F75L,8e-12,2175204.0340195564,-1.2833107351265567,2.4799231428595663
F75L,8e-12,2238721.1385683743,-1.2254699631165562,2.439100129000389
F75L,8e-12,2304092.9760558815,-1.1695479657035945,2.397644624771317
F75L,8e-12,2371373.705661692,-1.1155388717506864,2.355655219364257
F75L,8e-12,2440619.0680420185,-1.0634310874178032,2.3132271704539047
F75L,8e-12,2511886.4315096196,-1.0132077462626703,2.270452109389227
F75L,8e-12,2585234.8395622317,-0.9648471646611932,2.2274177986796495
F75L,8e-12,2660725.059798852,-0.918323297126317,2.1842079395866376
F75L,8e-12,2738419.6342644054,-0.8736061866369689,2.140902027093008
F75L,8e-12,2818382.931264499,-0.830662405646638,2.0975752490795836
F75L,8e-12,2900681.1986932005,-0.7894554841162542,2.0542984263514206
F75L,8e-12,2985382.618918008,-0.74994632152278,2.011137990001493
F75L,8e-12,3072557.365267497,-0.7120935803170831,1.9681559924343688
F75L,8e-12,3162277.6601684312,-0.6758540588831619,1.925410148406547
F75L,8e-12,3254617.8349805125,-0.6411830425763709,1.8829539025313238
F75L,8e-12,3349654.391578332,-0.6080346317749593,1.8408365196259064
F75L,8e-12,3447466.065731551,-0.5763620464587553,1.7991031947026093
F75L,8e-12,3548133.8923358135,-0.5461179070101547,1.7577951792746762
F75L,8e-12,3651741.272548438,-0.5172544913993661,1.7169499211078243
F75L,8e-12,3758374.042884505,-0.489723969096309,1.6766012146137352
F75L,8e-12,3868120.546330587,-0.46347861227676046,1.6367793592957676
F75L,8e-12,3981071.70553504,-0.43847098518987315,1.597511324130326
F75L,8e-12,4097321.0981354844,-0.4146541124953218,1.5588209155795236
F75L,8e-12,4216965.034285894,-0.39198162771497097,1.5207289476240449
F75L,8e-12,4340102.636447512,-0.37040790284671055,1.4832534120531022
F75L,8e-12,4466835.921509706,-0.3498881603411518,1.4464096476677564
F75L,8e-12,4597269.885308799,-0.33037856865919346,1.4102105072376188
F75L,8e-12,4731512.589614885,-0.31183632258271954,1.3746665210977262
F75L,8e-12,4869675.251658713,-0.2942197095056523,1.3397860565926205
F75L,8e-12,5011872.336272808,-0.2774881628959057,1.3055754727053248
F75L,8e-12,5158221.650723144,-0.2616023040422893,1.2720392692287406
F75L,8e-12,5308844.442309974,-0.24652397323746303,1.2391802301872936
F75L,8e-12,5463865.498818635,-0.2322162513842691,1.2069995609984518
F75L,8e-12,5623413.251903587,-0.21864347311099425,1.175497019419149
F75L,8e-12,5787619.883491306,-0.20577123226448935,1.144671039934595
F75L,8e-12,5956621.435290207,-0.19356638067739207,1.1145188515711086
F75L,8e-12,6130557.921498313,-0.18199702107970034,1.0850365893230938
F75L,8e-12,6309573.444802041,-0.1710324948359943,1.0562193989932998
F75L,8e-12,6493816.315762226,-0.1606433652699185,1.0280615357735545
F75L,8e-12,6683439.175686263,-0.15080139718464786,1.0005564566025222
F75L,8e-12,6878599.123088196,-0.14147953317379017,0.9736969065127323
F75L,8e-12,7079457.843841503,-0.1326518672548724,0.947474999175044
F75L,8e-12,7286181.745132405,-0.12429361630176017,0.9218822918453937
F75L,8e-12,7498942.093324691,-0.11638108971500485,0.8969098549790654
F75L,8e-12,7717915.155850261,-0.10889165770537906,0.8725483367008589
F75L,8e-12,7943282.347242957,-0.10180371854546327,0.8487880224212276
F75L,8e-12,8175230.379436647,-0.09509666509735043,0.8256188898621091
F75L,8e-12,8413951.416452102,-0.08875085087742848,0.8030306596943373
F75L,8e-12,8659643.23360081,-0.08274755589819725,0.7810128420413036
F75L,8e-12,8912509.381337617,-0.07706895250677104,0.7595547791667321
F75L,8e-12,9172759.353897963,-0.07169807137678068,0.7386456844487062
F75L,8e-12,9440608.762859406,-0.066618767831815,0.7182746780095142
F75L,8e-12,9716279.51577124,-0.061815688613802336,0.6984308191081096
F75L,8e-12,10000000.000000184,-0.05727423921906722,0.6791031355767252
F75L,8e-12,10292005.271944473,-0.05298055189423094,0.6602806505043539
F75L,8e-12,10592537.251773085,-0.04892145436068902,0.6419524062966869
F75L,8e-12,10901844.923851479,-0.04508443934113571,0.624107486382498
F75L,8e-12,11220184.543019842,-0.04145763492999408,0.6067350346853767
F75L,8e-12,11547819.846894797,-0.038029775846494196,0.5898242730278302
F75L,8e-12,11885022.274370406,-0.03479017560244108,0.5733645166662735
F75L,8e-12,12232071.190499544,-0.03172869959862179,0.5573451880579784
F75L,8e-12,12589254.117941909,-0.028835739162607812,0.541755829008953
F75L,8e-12,12956866.97517044,-0.026102186534351632,0.5265861113570107
F75L,8e-12,13335214.321633492,-0.023519410794808862,0.5118258462684334
F75L,8e-12,13724609.61007588,-0.021079234734984915,0.4974649923097806
F75L,8e-12,14125375.446227811,-0.018773912651058225,0.48349366234426827
F75L,8e-12,14537843.856076894,-0.016596109055738745,0.46990212941887877
F75L,8e-12,14962356.560944619,-0.01453887828425375,0.45668083165336903
F75L,8e-12,15399265.260595214,-0.012595644979880919,0.4438203763003095
F75L,8e-12,15848931.924611438,-0.010760185433573138,0.4313115429671915
F75L,8e-12,16311729.092278697,-0.009026609758287557,0.4191452861652892
F75L,8e-12,16788040.181225926,-0.0073893448706571505,0.4073127371675389
F75L,8e-12,17278259.80507897,-0.005843118256885312,0.3958052052994214
F75L,8e-12,17782794.100389574,-0.004382942496000442,0.3846141786749482
F75L,8e-12,18302061.063110918,-0.0030041005149576278,0.3737313244831641
F75L,8e-12,18836490.894898374,-0.0017021315485535988,0.3631484888112847
F75L,8e-12,19386526.359522454,-0.0004728177783519601,0.3528576960950356
F75L,8e-12,19952623.14968919,0.0006878283759915661,0.3428511482276404
F75L,8e-12,20535250.264571868,0.0017835763386564053,0.3331212233471267
F75L,8e-12,21134890.398366887,0.002817988859069017,0.3236604743730127
F75L,8e-12,21752040.34019566,0.0037944329166366983,0.3144616272675501
F75L,8e-12,22387211.385683842,0.004716090075246803,0.3055175791232241
F75L,8e-12,23040929.760558918,0.005585966309518156,0.296821396032809
F75L,8e-12,23713737.05661703,0.0064069013279218785,0.2883663108208334
F75L,8e-12,24406190.680420294,0.007181577413895764,0.28014572061951326
F75L,8e-12,25118864.315096308,0.007912527808200004,0.27215318433838326
F75L,8e-12,25852348.39562243,0.008602144652817993,0.2643824200271109
F75L,8e-12,26607250.597988635,0.0092526865172506,0.2568273021563844
F75L,8e-12,27384196.34264417,0.009866285527047209,0.24948185883278973
F75L,8e-12,28183829.31264511,0.010444954112860814,0.24234026895329552
F75L,8e-12,29006811.98693213,0.010990591399825384,0.23539685933008658
F75L,8e-12,29853826.189180207,0.01150498925277041,0.22864610177370448
F75L,8e-12,30725573.652675096,0.0119898379953619,0.22208261016080927
F75L,8e-12,31622776.601684444,0.012446731818952932,0.2157011374918124
F75L,8e-12,32546178.34980526,0.012877173896914309,0.20949657294968152
F75L,8e-12,33496543.915783457,0.013282581217548292,0.20346393895447915
F75L,8e-12,34474660.65731565,0.0136642891524844,0.19759838824375942
F75L,8e-12,35481338.92335828,0.014023555771162172,0.1918952009617121
F75L,8e-12,36517412.72548453,0.014361565915789265,0.18634978177567924
F75L,8e-12,37583740.4288452,0.014679435048513646,0.18095765702102767
F75L,8e-12,38681205.463306025,0.014978212883503355,0.17571447188497583
F75L,8e-12,39810717.05535056,0.015258886812326088,0.1706159876165751
F75L,8e-12,40973210.98135501,0.015522385137345003,0.1656580787914309
F75L,8e-12,42169650.34285911,0.015769580119104527,0.1608367306094149
F75L,8e-12,43401026.3644753,0.016001290850885835,0.15614803624844514
F75L,8e-12,44668359.21509726,0.016218285966860216,0.15158819426140036
F75L,8e-12,45972698.8530882,0.016421286194415456,0.14715350602809738
F75L,8e-12,47315125.89614906,0.016610966758679027,0.14284037326185067
F75L,8e-12,48696752.516587354,0.016787959646925248,0.13864529557073138
F75L,8e-12,50118723.362728305,0.016952855740587254,0.13456486807543327
F75L,8e-12,51582216.507231675,0.017106206823447816,0.13059577908989217
F75L,8e-12,53088444.42309998,0.017248527470740745,0.12673480785617014
F75L,8e-12,54638654.988186605,0.01738029682845347,0.1229788223448888
F75L,8e-12,56234132.51903613,0.017501960288517287,0.11932477711805653
F75L,8e-12,57876198.83491332,0.017613931065480155,0.1157697112525182
F75L,8e-12,59566214.352902345,0.017716591681841243,0.11231074632856934
F75L,8e-12,61305579.21498341,0.017810295368376524,0.10894508448508558
F75L,8e-12,63095734.44802071,0.01789536738332191,0.10567000653533351
F75L,8e-12,64938163.15762256,0.017972106259349575,0.1024828701541285
F75L,8e-12,66834391.75686294,0.01804078498100357,0.09938110812716597
F75L,8e-12,68785991.23088229,0.018101652099523857,0.0963622266673142
F75L,8e-12,70794578.43841536,0.018154932791097606,0.09342380379926886
F75L,8e-12,72861817.45132439,0.018200829862526077,0.09056348780849788
F75L,8e-12,74989420.93324725,0.018239524711903553,0.08777899576005102
F75L,8e-12,77179151.55850297,0.01827117824712765,0.08506811208011922
F75L,8e-12,79432823.47242993,0.018295931770584282,0.08242868720716823
F75L,8e-12,81752303.79436684,0.018313907832719637,0.07985863630519605
F75L,8e-12,84139514.1645214,0.01832521106319469,0.07735593804560847
F75L,8e-12,86596432.33600849,0.018329928982139913,0.07491863344953971
F75L,8e-12,89125093.81337658,0.018328132799874275,0.07254482479525952
F75L,8e-12,91727593.53898005,0.01831987820876081,0.07023267458456134
F75L,8e-12,94406087.6285945,0.018305206174852654,0.06798040456994764
F75L,8e-12,97162795.15771285,0.01828414373355483,0.06578629483698714
F75L,8e-12,100000000.0000023,0.01825670479700707,0.0636486829424587
F75L,8e-12,102920052.71944518,0.018222890976562267,0.06156596310046994
F75L,8e-12,105925372.51773132,0.018182692429571292,0.0595365854186201
F75L,8e-12,109018449.23851527,0.018136088732532384,0.05755905517343503
F75L,8e-12,112201845.43019894,0.01808304979028186,0.055631932126671946
F75L,8e-12,115478198.4689485,0.01802353678215302,0.05375382986962904
F75L,8e-12,118850222.7437046,0.017957503154898705,0.051923415196201965
F75L,8e-12,122320711.90499601,0.017884895663802112,0.05013940749231462
F75L,8e-12,125892541.17941967,0.017805655466551197,0.048400578134527354
F75L,8e-12,129568669.75170499,0.017719719277199612,0.0467057498937193
F75L,8e-12,133352143.21633555,0.017627020577818543,0.045053796327175565
F75L,8e-12,137246096.10075945,0.017527490893873985,0.04344364115402806
F75L,8e-12,141253754.46227878,0.017421061133235518,0.04187425760134231
F75L,8e-12,145378438.56076965,0.017307662988566053,0.04034466770897721
F75L,8e-12,149623565.6094469,0.017187230402936744,0.038853941582241217
F75L,8e-12,153992652.6059529,0.017059701092785918,0.03740119657652817
F75L,8e-12,158489319.24611515,0.016925018128875022,0.03598559640617924
F75L,8e-12,163117290.92278776,0.016783131563140038,0.03460635015859707
F75L,8e-12,167880401.8122601,0.016634000098325614,0.03326271120558372
F75L,8e-12,172782598.05079052,0.016477592786810026,0.031953975996015696
F75L,8e-12,177827941.0038966,0.016313890748400298,0.030679482719763614
F75L,8e-12,183020610.63111004,0.016142888890877644,0.029438609830376477
F75L,8e-12,188364908.94898462,0.015964597619384877,0.028230774418892497
F75L,8e-12,193865263.59522545,0.01577904451351048,0.02705543042878241
F75L,8e-12,199526231.49689284,0.015586275952421867,0.02591206670691398
F75L,8e-12,205352502.64571965,0.015386358668052933,0.02480020488842343
F75L,8e-12,211348903.98366988,0.015179381198452479,0.02371939711218949
F75L,8e-12,217520403.40195763,0.014965455221060747,0.022669223572327278
F75L,8e-12,223872113.8568395,0.014744716737985128,0.021649289910131833
F75L,8e-12,230409297.60559028,0.014517327087628729,0.02065922445640874
F75L,8e-12,237137370.56617144,0.014283473760398287,0.01969867533926798
F75L,8e-12,244061906.80420414,0.014043370990531975,0.018767307473283527
F75L,8e-12,251188643.15096432,0.013797260104940475,0.01786479945333304
F75L,8e-12,258523483.95622557,0.013545409607506631,0.016990840378004614
F75L,8e-12,266072505.97988766,0.013288114982383744,0.01614512663203248
F75L,8e-12,273841963.42644304,0.013025698203510669,0.015327358660330893
F75L,8e-12,281838293.1264525,0.012758506940798714,0.014537237768583998
F75L,8e-12,290068119.8693227,0.012486913460190135,0.013774462987942842
F75L,8e-12,298538261.89180356,0.012211313218103483,0.013038728042132484
F75L,8e-12,307255736.52675253,0.011932123157770688,0.012329718456134802
F75L,8e-12,316227766.01684606,0.011649779720942867,0.011647108845079395
F75L,8e-12,325461783.49805427,0.011364736592687599,0.010990560420345474
F75L,8e-12,334965439.1578363,0.011077462204508084,0.010359718747791038
F75L,8e-12,344746606.5731583,0.01078843702525081,0.009754211789495478
F75L,8e-12,354813389.2335847,0.010498150673697896,0.00917364825624892
F75L,8e-12,365174127.2548472,0.010207098892118224,0.008617616293055956
F75L,8e-12,375837404.288454,0.00991578042174462,0.008085682514215941
F75L,8e-12,386812054.6330623,0.009624693824722037,0.007577391398386706
F75L,8e-12,398107170.5535077,0.009334334296706735,0.007092265047670779
F75L,8e-12,409732109.81355226,0.00904519051676324,0.006629803307952568
F75L,8e-12,421696503.42859334,0.008757741577544255,0.0061894842414652405
F75L,8e-12,434010263.64475524,0.008472454039363652,0.005770764935973188
F75L,8e-12,446683592.15097487,0.008189779146522223,0.005373082629496418
F75L,8e-12,459726988.5308843,0.007910150242375083,0.004995856123933261
F75L,8e-12,473151258.961493,0.007633980413413403,0.004638487456843772
F75L,8e-12,486967525.16587603,0.00736166038897164,0.0043003637966683005
F75L,8e-12,501187233.6272856,0.0070935567160896554,0.003980859524447638
F75L,8e-12,515822165.0723194,0.006830010224790656,0.003679338462911684
F75L,8e-12,530884444.2310025,0.006571334791841631,0.003395156213546657
F75L,8e-12,546386549.8818688,0.00631781640647049,0.0031276625620055326
F75L,8e-12,562341325.1903641,0.0060697125351035185,0.002876203913698162
F75L,8e-12,578761988.3491361,0.005827251777777421,0.002640125722973412
F75L,8e-12,595662143.5290264,0.005590633804147552,0.0024187748818907066
F75L,8e-12,613055792.1498371,0.0053600295528384335,0.002211502037810098
F75L,8e-12,630957344.4802102,0.005135581674953491,0.002017663812324876
F75L,8e-12,649381631.5762287,0.004917405199816183,0.0018366248979109715
F75L,8e-12,668343917.5686326,0.004705588398819034,0.0016677600128538464
F75L,8e-12,687859912.3088262,0.004500193822546197,0.0015104556986313582
F75L,8e-12,707945784.3841571,0.004301259485229867,0.0013641119482403028
F75L,8e-12,728618174.5132475,0.0041088001708193544,0.001228143657578421
F75L,8e-12,749894209.3324763,0.0039228088354765515,0.0011019818954917083
F75L,8e-12,771791515.5850335,0.0037432580819883967,0.0009850749916193572
F75L,8e-12,794328234.7243032,0.003570101683200511,0.0008768894438174674
F75L,8e-12,817523037.9436724,0.0034032761329802815,0.0007769106496977416
F75L,8e-12,841395141.6452183,0.0032427022051600427,0.0006846434688796251
F75L,8e-12,865964323.3600892,0.0030882865027694797,0.0005996126244922424
F75L,8e-12,891250938.1337701,0.0029399229820734228,0.0005213629537111978
F75L,8e-12,917275935.389805,0.0027974944378733823,0.00044945951836613423
F75L,8e-12,944060876.2859496,0.0026608739387281263,0.00038348758721815947
F75L,8e-12,971627951.5771332,0.0025299262026185665,0.0003230525021277236
F75L,8e-12,1000000000.0000279,0.002404508905612474,0.00026777944031242996
F75L,1.6e-11,1000.0,-6.000853211882157,0.01050415894874266
F75L,1.6e-11,1029.2005271944283,-6.000852124236869,0.01081088397165494
F75L,1.6e-11,1059.2537251772892,-6.00085097214365,0.011126565350529834
F75L,1.6e-11,1090.1844923851281,-6.000849751791771,0.011451464599766332
F75L,1.6e-11,1122.018454301964,-6.000848459122838,0.011785850868707152
F75L,1.6e-11,1154.781984689459,-6.0008470898639175,0.012130001164409546
F75L,1.6e-11,1188.5022274370194,-6.000845639471017,0.01248420058099431
F75L,1.6e-11,1223.2071190499325,-6.000844103137551,0.012848742535615678
F75L,1.6e-11,1258.9254117941682,-6.000842475768253,0.013223929011340991
F75L,1.6e-11,1295.6866975170205,-6.000840751973866,0.01361007080708453
F75L,1.6e-11,1333.5214321633252,-6.000838926042675,0.014007487794846906
F75L,1.6e-11,1372.4609610075634,-6.000836991920043,0.01441650918443895
F75L,1.6e-11,1412.5375446227558,-6.0008349431858115,0.014837473795917593
F75L,1.6e-11,1453.7843856076636,-6.000832773065547,0.015270730339912046
F75L,1.6e-11,1496.2356560944354,-6.0008304743588745,0.015716637706212254
F75L,1.6e-11,1539.926526059494,-6.0008280394467555,0.01617556526066094
F75L,1.6e-11,1584.8931924611159,-6.000825460258597,0.016647893150734824
F75L,1.6e-11,1631.1729092278408,-6.0008227282469555,0.017134012620007168
F75L,1.6e-11,1678.804018122563,-6.0008198343549095,0.01763432633176825
F75L,1.6e-11,1727.8259805078665,-6.000816768994893,0.018149248702041054
F75L,1.6e-11,1778.279410038926,-6.000813522001854,0.018679206242316795
F75L,1.6e-11,1830.2061063110596,-6.000810082616102,0.019224637912209564
F75L,1.6e-11,1883.6490894898043,-6.000806439434326,0.019785995482406733
F75L,1.6e-11,1938.6526359522113,-6.000802580391172,0.02036374390811571
F75L,1.6e-11,1995.2623149688839,-6.000798492688248,0.02095836171344239
F75L,1.6e-11,2053.5250264571505,-6.000794162781116,0.02157034138683387
F75L,1.6e-11,2113.4890398366515,-6.000789576316837,0.022200189788081116
F75L,1.6e-11,2175.2040340195276,-6.000784718093879,0.022848428567092457
F75L,1.6e-11,2238.721138568345,-6.000779572014254,0.02351559459482485
F75L,1.6e-11,2304.092976055851,-6.00077412102208,0.024202240406734073
F75L,1.6e-11,2371.373705661661,-6.000768347044442,0.024908934659072495
F75L,1.6e-11,2440.6190680419863,-6.000762230952718,0.025636262598360132
F75L,1.6e-11,2511.8864315095866,-6.000755752468157,0.02638482654456193
F75L,1.6e-11,2585.2348395621975,-6.000748890126539,0.02715524638812247
F75L,1.6e-11,2660.725059798817,-6.000741621179649,0.027948160101510307
F75L,1.6e-11,2738.4196342643686,-6.00073392154574,0.02876422426543936
F75L,1.6e-11,2818.3829312644616,-6.0007257657010555,0.029604114610425208
F75L,1.6e-11,2900.681198693162,-6.000717126617264,0.030468526573868133
F75L,1.6e-11,2985.3826189179686,-6.000707975658362,0.03135817587330268
F75L,1.6e-11,3072.557365267456,-6.0006982825030555,0.03227379909610785
F75L,1.6e-11,3162.277660168389,-6.000688015020387,0.033216154306323624
F75L,1.6e-11,3254.617834980469,-6.00067713920086,0.03418602166878325
F75L,1.6e-11,3349.6543915782872,-6.000665618983367,0.035184204091479286
F75L,1.6e-11,3447.466065731505,-6.000653416203339,0.03621152788604419
F75L,1.6e-11,3548.133892335766,-6.000640490415137,0.03726884344754432
F75L,1.6e-11,3651.741272548389,-6.000626798782237,0.03835702595356957
F75L,1.6e-11,3758.3740428844544,-6.000612295945485,0.03947697608340364
F75L,1.6e-11,3868.120546330535,-6.000596933837242,0.040629620757939855
F75L,1.6e-11,3981.0717055349864,-6.0005806615404325,0.041815913900597634
F75L,1.6e-11,4097.32109813543,-6.0005634251552085,0.043036837219910085
F75L,1.6e-11,4216.965034285838,-6.000545167551207,0.044293401014807166
F75L,1.6e-11,4340.102636447455,-6.000525828246563,0.04558664500236536
F75L,1.6e-11,4466.835921509648,-6.000505343153023,0.046917639169548074
F75L,1.6e-11,4597.2698853087395,-6.000483644379539,0.04828748464889266
F75L,1.6e-11,4731.512589614823,-6.000460660058501,0.04969731461887947
F75L,1.6e-11,4869.67525165865,-6.000436314010964,0.051148295230385124
F75L,1.6e-11,5011.872336272742,-6.000410525592656,0.05264162655852569
F75L,1.6e-11,5158.221650723077,-6.000383209354666,0.054178543582043985
F75L,1.6e-11,5308.8444423099045,-6.000354274794789,0.055760317189813786
F75L,1.6e-11,5463.865498818564,-6.000323626063033,0.05738825521571752
F75L,1.6e-11,5623.413251903514,-6.0002911616154275,0.0590637035026732
F75L,1.6e-11,5787.61988349123,-6.000256773909433,0.06078804699610357
F75L,1.6e-11,5956.62143529013,-6.000220349039744,0.06256271086805248
F75L,1.6e-11,6130.557921498234,-6.000181766341728,0.06438916167259601
F75L,1.6e-11,6309.57344480196,-6.000140898008284,0.06626890853306841
F75L,1.6e-11,6493.816315762142,-6.000097608690968,0.06820350436200408
F75L,1.6e-11,6683.439175686176,-6.00005175498981,0.07019454711511328
F75L,1.6e-11,6878.599123088107,-6.000003185056025,0.0722436810788401
F75L,1.6e-11,7079.457843841412,-5.9999517380224585,0.07435259819388185
F75L,1.6e-11,7286.181745132311,-5.999897243525966,0.07652303941396654
F75L,1.6e-11,7498.942093324594,-5.9998395211083935,0.07875679610192554
F75L,1.6e-11,7717.915155850161,-5.999778379626056,0.08105571146310309
F75L,1.6e-11,7943.282347242854,-5.999713616639779,0.08342168201703905
F75L,1.6e-11,8175.23037943654,-5.999645017732673,0.0858566591085754
F75L,1.6e-11,8413.951416451991,-5.999572355784654,0.08836265045900585
F75L,1.6e-11,8659.643233600696,-5.999495390268217,0.09094172175757659
F75L,1.6e-11,8912.5093813375,-5.999413866404458,0.09359599829525526
F75L,1.6e-11,9172.759353897844,-5.999327514365956,0.09632766664018362
F75L,1.6e-11,9440.608762859283,-5.99923604834953,0.09913897635685193
F75L,1.6e-11,9716.279515771113,-5.9991391656678745,0.10203224176858385
F75L,1.6e-11,10000.000000000055,-5.999036545732354,0.10500984376500504
F75L,1.6e-11,10292.00527194434,-5.998927849009081,0.10807423165450715
F75L,1.6e-11,10592.537251772948,-5.998812715886795,0.11122792506283052
F75L,1.6e-11,10901.844923851339,-5.998690765507982,0.11447351587789842
F75L,1.6e-11,11220.184543019699,-5.998561594517005,0.11781367024181777
F75L,1.6e-11,11547.819846894648,-5.998424775716941,0.12125113059061743
F75L,1.6e-11,11885.022274370254,-5.998279856691269,0.12478871774157381
F75L,1.6e-11,12232.071190499388,-5.998126358293019,0.12842933302938875
F75L,1.6e-11,12589.254117941748,-5.997963773099601,0.13217596049048902
F75L,1.6e-11,12956.866975170273,-5.997791563726679,0.13603166909666353
F75L,1.6e-11,13335.21432163332,-5.997609161068363,0.13999961503739833
F75L,1.6e-11,13724.609610075704,-5.997415962452475,0.1440830440508979
F75L,1.6e-11,14125.37544622763,-5.9972113296526155,0.14828529380423455
F75L,1.6e-11,14537.843856076708,-5.996994586799792,0.15260979632178023
F75L,1.6e-11,14962.356560944427,-5.996765018182225,0.15706008046149605
F75L,1.6e-11,15399.265260595015,-5.996521865906622,0.1616397744386623
F75L,1.6e-11,15848.931924611234,-5.996264327417643,0.16635260839618185
F75L,1.6e-11,16311.729092278485,-5.995991552898484,0.17120241701996872
F75L,1.6e-11,16788.040181225708,-5.995702642489923,0.17619314219884305
F75L,1.6e-11,17278.259805078742,-5.995396643383626,0.18132883572646472
F75L,1.6e-11,17782.79410038934,-5.995072546687485,0.18661366204475743
F75L,1.6e-11,18302.061063110676,-5.994729284208151,0.19205190102435446
F75L,1.6e-11,18836.490894898125,-5.994365724939081,0.19764795078246383
F75L,1.6e-11,19386.5263595222,-5.993980671440831,0.20340633053222446
F75L,1.6e-11,19952.623149688927,-5.993572855941437,0.20933168346261535
F75L,1.6e-11,20535.250264571598,-5.993140936276818,0.21542877964292773
F75L,1.6e-11,21134.89039836661,-5.992683491532466,0.22170251894947454
F75L,1.6e-11,21752.040340195374,-5.992199017508949,0.22815793400723455
F75L,1.6e-11,22387.21138568355,-5.991685921875706,0.23480019314289036
F75L,1.6e-11,23040.929760558614,-5.991142519079233,0.2416346033415425
F75L,1.6e-11,23713.737056616716,-5.990567024945852,0.24866661320082256
F75L,1.6e-11,24406.19068041997,-5.989957551005364,0.25590181587369115
F75L,1.6e-11,25118.864315095976,-5.989312098471386,0.2633459519920359
F75L,1.6e-11,25852.348395622088,-5.988628551904082,0.2710049125604257
F75L,1.6e-11,26607.250597988284,-5.987904672514045,0.278884741809602
F75L,1.6e-11,27384.19634264381,-5.987138091084928,0.28699163999778154
F75L,1.6e-11,28183.829312644742,-5.986326300522144,0.29533196614585555
F75L,1.6e-11,29006.81198693175,-5.985466647990494,0.30391224069213174
F75L,1.6e-11,29853.826189179817,-5.984556326626081,0.31273914805026515
F75L,1.6e-11,30725.573652674695,-5.98359236675614,0.32181953905367233
F75L,1.6e-11,31622.77660168403,-5.982571626727167,0.3311604332637481
F75L,1.6e-11,32546.17834980483,-5.98149078314983,0.34076902112455565
F75L,1.6e-11,33496.54391578302,-5.980346320697535,0.35065266593630023
F75L,1.6e-11,34474.6606573152,-5.979134521314661,0.36081890562479263
F75L,1.6e-11,35481.33892335782,-5.977851452874563,0.3712754542769168
F75L,1.6e-11,36517.41272548406,-5.976492957272411,0.38203020341074384
F75L,1.6e-11,37583.740428844714,-5.975054637846371,0.39309122294888044
F75L,1.6e-11,38681.20546330552,-5.97353184620235,0.4044667618552428
F75L,1.6e-11,39810.71705535004,-5.971919668352696,0.4161652483969113
F75L,1.6e-11,40973.210981354474,-5.970212910149515,0.42819528998722706
F75L,1.6e-11,42169.650342858564,-5.968406082016927,0.4405656725615706
F75L,1.6e-11,43401.02636447473,-5.966493382933081,0.45328535943492365
F75L,1.6e-11,44668.35921509667,-5.964468683610211,0.4663634895861378
F75L,1.6e-11,45972.69885308759,-5.962325508888307,0.4798093753068798
F75L,1.6e-11,47315.125896148435,-5.960057019361038,0.4936324991477903
F75L,1.6e-11,48696.75251658671,-5.9576559920358765,0.5078425100973419
F75L,1.6e-11,50118.723362727644,-5.955114800252585,0.5224492189074851
F75L,1.6e-11,51582.216507230994,-5.9524253926066,0.5374625924921279
F75L,1.6e-11,53088.44442309928,-5.949579271050185,0.5528927473018976
F75L,1.6e-11,54638.65498818588,-5.946567468002696,0.568749941585319
F75L,1.6e-11,56234.13251903538,-5.943380522572353,0.5850445664287494
F75L,1.6e-11,57876.19883491255,-5.940008455828531,0.6017871354665649
F75L,1.6e-11,59566.21435290155,-5.936440745095478,0.6189882731444287
F75L,1.6e-11,61305.579214982594,-5.932666297360544,0.6366587014048926
F75L,1.6e-11,63095.734448019866,-5.9286734217114665,0.6548092246642963
F75L,1.6e-11,64938.16315762169,-5.924449800867347,0.673450712934773
F75L,1.6e-11,66834.39175686204,-5.919982461817241,0.6925940829386601
F75L,1.6e-11,68785.99123088135,-5.91525774563228,0.7122502770511469
F75L,1.6e-11,70794.5784384144,-5.91026127639681,0.7324302399042772
F75L,1.6e-11,72861.81745132341,-5.904977929485076,0.75314489246206
F75L,1.6e-11,74989.42093324625,-5.899391799075369,0.7744051033848065
F75L,1.6e-11,77179.15155850194,-5.893486165150943,0.7962216574736093
F75L,1.6e-11,79432.82347242888,-5.887243459905966,0.8186052209953788
F75L,1.6e-11,81752.30379436575,-5.880645233955491,0.8415663036546257
F75L,1.6e-11,84139.5141645203,-5.873672122168565,0.86511521700374
F75L,1.6e-11,86596.43233600735,-5.866303809599749,0.8892620290403563
F75L,1.6e-11,89125.0938133754,-5.85851899748037,0.9140165147651892
F75L,1.6e-11,91727.59353897884,-5.850295369687554,0.9393881024437802
F75L,1.6e-11,94406.08762859325,-5.84160955980118,0.965385815332627
F75L,1.6e-11,97162.79515771156,-5.832437119122672,0.9920182086153398
F75L,1.6e-11,100000.00000000097,-5.822752486033143,1.0192933012974867
F75L,1.6e-11,102920.05271944383,-5.812528956886657,1.0472185028275616
F75L,1.6e-11,105925.37251772993,-5.801738659130691,1.075800534190213
F75L,1.6e-11,109018.44923851384,-5.790352526833607,1.1050453432658642
F75L,1.6e-11,112201.84543019746,-5.778340279376549,1.1349580142331748
F75L,1.6e-11,115478.19846894697,-5.76567040365536,1.1655426708434298
F75L,1.6e-11,118850.22274370304,-5.752310140700914,1.1968023733901323
F75L,1.6e-11,122320.71190499439,-5.738225477046155,1.2287390092753911
F75L,1.6e-11,125892.541179418,-5.723381141946584,1.2613531770688229
F75L,1.6e-11,129568.66975170327,-5.707740610904473,1.2946440640553565
F75L,1.6e-11,133352.1432163338,-5.6912661167131455,1.3286093172811955
F75L,1.6e-11,137246.09610075763,-5.673918668621115,1.363244908225779
F75L,1.6e-11,141253.7544622769,-5.6556580808397925,1.39854499127172
F75L,1.6e-11,145378.4385607677,-5.63644301128479,1.4345017562673479
F75L,1.6e-11,149623.56560944492,-5.616231011726486,1.4711052755688558
F75L,1.6e-11,153992.65260595083,-5.594978590422609,1.508343346081776
F75L,1.6e-11,158489.31924611304,-5.5726412884744905,1.5462013269492303
F75L,1.6e-11,163117.29092278559,-5.54917377099454,1.584661973697954
F75L,1.6e-11,167880.40181225786,-5.524529934466697,1.623705269800606
F75L,1.6e-11,172782.59805078822,-5.4986630312901035,1.6633082568188418
F75L,1.6e-11,177827.94100389423,-5.471525812836623,1.70344486446225
F75L,1.6e-11,183020.61063110761,-5.443070692149328,1.7440857421159568
F75L,1.6e-11,188364.90894898213,-5.413249927269163,1.7851980936116245
F75L,1.6e-11,193865.26359522287,-5.38201582617841,1.826745517236457
F75L,1.6e-11,199526.23149689016,-5.349320974253021,1.8686878532058335
F75L,1.6e-11,205352.5026457169,-5.3151184846791,1.9109810410721826
F75L,1.6e-11,211348.90398366703,-5.279362272557533,1.9535769897497954
F75L,1.6e-11,217520.4034019547,-5.242007352626617,1.9964234630844442
F75L,1.6e-11,223872.11385683648,-5.203010160504358,2.039463984088099
F75L,1.6e-11,230409.29760558717,-5.162328897134905,2.082637761140993
F75L,1.6e-11,237137.37056616822,-5.119923895397803,2.1258796396289044
F75L,1.6e-11,244061.90680420081,-5.075758007589102,2.169120082587935
F75L,1.6e-11,251188.64315096088,-5.029797012038019,2.212285183993182
F75L,1.6e-11,258523.48395622204,-4.9820100363957405,2.255296718334116
F75L,1.6e-11,266072.505979884,-4.932369994821395,2.298072230048252
F75L,1.6e-11,273841.96342643927,-4.880854035402321,2.3405251662384576
F75L,1.6e-11,281838.29312644864,-4.827443993831565,2.382565055858789
F75L,1.6e-11,290068.11986931873,-4.772126848588376,2.424097738218287
F75L,1.6e-11,298538.26189179946,-4.714895172215437,2.465025643204558
F75L,1.6e-11,307255.7365267483,-4.655747572852204,2.5052481250759944
F75L,1.6e-11,316227.7660168417,-4.5946891196233075,2.544661851005677
F75L,1.6e-11,325461.7834980498,-4.531731744991392,2.5831612447802055
F75L,1.6e-11,334965.4391578317,-4.466894616787116,2.6206389851673246
F75L,1.6e-11,344746.6065731536,-4.400204472528815,2.6569865574946263
F75L,1.6e-11,354813.3892335798,-4.331695908304024,2.6920948559003564
F75L,1.6e-11,365174.1272548422,-4.2614116149000605,2.725854832623502
F75L,1.6e-11,375837.4042884488,-4.189402553589707,2.7581581894873057
F75L,1.6e-11,386812.054633057,-4.115728064868813,2.7888981055990065
F75L,1.6e-11,398107.1705535022,-4.040455903772065,2.8179699941084926
F75L,1.6e-11,409732.10981354665,-3.9636621963999357,2.845272279798904
F75L,1.6e-11,421696.5034285876,-3.8854313129144624,2.870707188217234
F75L,1.6e-11,434010.26364474936,-3.8058556541497315,2.8941815363005756
F75L,1.6e-11,446683.59215096885,-3.72503534953635,2.915607513618775
F75L,1.6e-11,459726.9885308781,-3.643077866438632,2.9349034430341034
F75L,1.6e-11,473151.2589614866,-3.5600975315898484,2.951994509110963
F75L,1.6e-11,486967.5251658694,-3.476214968140961,2.966813442866068
F75L,1.6e-11,501187.23362727877,-3.391556452561619,2.9793011515129373
F75L,1.6e-11,515822.16507231235,-3.3062531980497667,2.9894072826030422
F75L,1.6e-11,530884.4442309953,-3.2204405721145677,2.9970907126586095
F75L,1.6e-11,546386.5498818613,-3.134257258078937,3.002319951692753
F75L,1.6e-11,562341.3251903565,-3.04784437097463,3.005073456211796
F75L,1.6e-11,578761.9883491283,-2.961344539711729,3.005339844974725
F75L,1.6e-11,595662.1435290184,-2.874900968111661,3.0031180135086917
F75L,1.6e-11,613055.7921498289,-2.7886564878719224,2.9984171452349084
F75L,1.6e-11,630957.3444802017,-2.702752616784647,2.991256619015042
F75L,1.6e-11,649381.63157622,-2.6173286353074543,2.9816658148226014
F75L,1.6e-11,668343.9175686237,-2.5325206941290466,2.9696838211089025
F75L,1.6e-11,687859.9123088169,-2.448460965042841,2.9553590494222535
F75L,1.6e-11,707945.7843841475,-2.3652768455966564,2.9387487630391833
F75L,1.6e-11,728618.1745132377,-2.2830902277061034,2.9199185282672517
F75L,1.6e-11,749894.2093324661,-2.202016838208134,2.898941597861084
F75L,1.6e-11,771791.5155850231,-2.1221656582210526,2.875898237153858
F75L,1.6e-11,794328.2347242925,-2.0436384262967637,2.8508750040311113
F75L,1.6e-11,817523.0379436614,-1.966529228612567,2.8239639941940236
F75L,1.6e-11,841395.141645207,-1.8909241779815125,2.795262063387055
F75L,1.6e-11,865964.3233600776,-1.8169011815141065,2.7648700378694056
F75L,1.6e-11,891250.9381337581,-1.7445297953229284,2.7328919240197322
F75L,1.6e-11,917275.9353897927,-1.6738711635295045,2.69943412753293
F75L,1.6e-11,944060.8762859369,-1.6049780370528817,2.6646046914208563
F75L,1.6e-11,971627.9515771201,-1.5378948671355643,2.628512561463885
F75L,1.6e-11,1000000.0000000144,-1.4726579673192122,2.591266886376048
F75L,1.6e-11,1029200.527194443,-1.4092957372846613,2.552976359114219
F75L,1.6e-11,1059253.7251773044,-1.3478289409502087,2.513748604065926
F75L,1.6e-11,1090184.4923851436,-1.288271031812415,2.4736896144833787
F75L,1.6e-11,1122018.4543019799,-1.2306285174467257,2.43290324245707
F75L,1.6e-11,1154781.984689475,-1.1749013560138764,2.3914907434689106
F75L,1.6e-11,1188502.2274370359,-1.1210833772832276,2.3495503760216057
F75L,1.6e-11,1223207.1190499496,-1.0691627212648394,2.3071770561723453
F75L,1.6e-11,1258925.4117941859,-1.0191222879290822,2.264462065952455
F75L,1.6e-11,1295686.6975170388,-0.9709401920229555,2.2214928139921426
F75L,1.6e-11,1333521.432163344,-0.9245902174483988,2.178352645954612
F75L,1.6e-11,1372460.9610075825,-0.8800422664311353,2.13512070212225
F75L,1.6e-11,1412537.5446227754,-0.8372627992133402,2.09187181899279
F75L,1.6e-11,1453784.3856076836,-0.7962152605595821,2.048676471393622
F75L,1.6e-11,1496235.6560944559,-0.7568604901932499,2.005600751783261
F75L,1.6e-11,1539926.526059515,-0.7191571145337246,1.9627063828719253
F75L,1.6e-11,1584893.1924611374,-0.6830619179305766,1.920050760090917
F75L,1.6e-11,1631172.909227863,-0.6485301919028711,1.8776870202188727
F75L,1.6e-11,1678804.0181225857,-0.6155160614479501,1.8356641327266539
F75L,1.6e-11,1727825.9805078898,-0.5839727878558538,1.7940270104950633
F75L,1.6e-11,1778279.41003895,-0.5538530477874308,1.7528166366627222
F75L,1.6e-11,1830206.106311084,-0.5251091888087601,1.712070204780929
F75L,1.6e-11,1883649.0894898295,-0.4976934617036328,1.6718212694306076
F75L,1.6e-11,1938652.6359522373,-0.47155823016535936,1.632099904773996
F75L,1.6e-11,1995262.3149689105,-0.44665615870684333,1.592932868864439
F75L,1.6e-11,2053525.026457178,-0.42294037967687265,1.5543437715859387
F75L,1.6e-11,2113489.0398366796,-0.4003646404118832,1.5163532443710195
F75L,1.6e-11,2175204.0340195564,-0.37888343171115946,1.4789791102471508
F75L,1.6e-11,2238721.1385683743,-0.3584520987285483,1.4422365526505958
F75L,1.6e-11,2304092.9760558815,-0.33902693553403435,1.4061382819307144
F75L,1.6e-11,2371373.705661692,-0.3205652645313158,1.3706946984859076
F75L,1.6e-11,2440619.0680420185,-0.3030255019420496,1.3359140517175019
F75L,1.6e-11,2511886.4315096196,-0.2863672105326533,1.3018025941160989
F75L,1.6e-11,2585234.8395622317,-0.2705511407147974,1.2683647299037146
F75L,1.6e-11,2660725.059798852,-0.2555392611364995,1.2356031578582651
F75L,1.6e-11,2738419.6342644054,-0.24129477980310612,1.2035190079860412
F75L,1.6e-11,2818382.931264499,-0.2277821567388928,1.17211197188239
F75L,1.6e-11,2900681.1986932005,-0.21496710908498284,1.1413804265327978
F75L,1.6e-11,2985382.618918008,-0.20281660957036945,1.1113215516911918
F75L,1.6e-11,3072557.365267497,-0.19129887911256716,1.081931440667724
F75L,1.6e-11,3162277.6601684312,-0.18038337434924487,1.0532052047440321
F75L,1.6e-11,3254617.8349805125,-0.1700407707659849,1.0251370712335994
F75L,1.6e-11,3349654.391578332,-0.1602429420656511,0.9977204753631163
F75L,1.6e-11,3447466.065731551,-0.15096293636859737,0.9709481461870166
F75L,1.6e-11,3548133.8923358135,-0.14217494976017103,0.9448121866991989
F75L,1.6e-11,3651741.272548438,-0.1338542976629909,0.9193041483625093
F75L,1.6e-11,3758374.042884505,-0.12597738447691387,0.894415100348787
F75L,1.6e-11,3868120.546330587,-0.1185216718461416,0.8701356936289084
F75L,1.6e-11,3981071.70553504,-0.1114656459233808,0.8464562202766486
F75L,1.6e-11,4097321.0981354844,-0.10478878391356519,0.823366668145291
F75L,1.6e-11,4216965.034285894,-0.09847152017457714,0.8008567712048836
F75L,1.6e-11,4340102.636447512,-0.09249521211214083,0.7789160557978143
F75L,1.6e-11,4466835.921509706,-0.08684210606552491,0.7575338830107765
F75L,1.6e-11,4597269.885308799,-0.08149530337368921,0.7366994874586199
F75L,1.6e-11,4731512.589614885,-0.07643872676237781,0.7164020126424111
F75L,1.6e-11,4869675.251658713,-0.07165708719561557,0.6966305431723658
F75L,1.6e-11,5011872.336272808,-0.06713585128855959,0.6773741339911842
F75L,1.6e-11,5158221.650723144,-0.06286120938607062,0.6586218368706622
F75L,1.6e-11,5308844.442309974,-0.058820044375582234,0.6403627243325261
F75L,1.6e-11,5463865.498818635,-0.054999901296375366,0.6225859111783285
F75L,1.6e-11,5623413.251903587,-0.05138895779949902,0.6052805738425601
F75L,1.6e-11,5787619.883491306,-0.04797599548652188,0.5884359676711022
F75L,1.6e-11,5956621.435290207,-0.04475037216108473,0.5720414423259277
F75L,1.6e-11,6130557.921498313,-0.04170199501105584,0.5560864554613609
F75L,1.6e-11,6309573.444802041,-0.03882129472836417,0.5405605847795789
F75L,1.6e-11,6493816.315762226,-0.036099200572524394,0.5254535386060731
F75L,1.6e-11,6683439.175686263,-0.03352711638071966,0.510755165149086
F75L,1.6e-11,6878599.123088196,-0.031096897507379914,0.4964554604581838
F75L,1.6e-11,7079457.843841503,-0.028800828694303497,0.482544575295756
F75L,1.6e-11,7286181.745132405,-0.026631602848797363,0.4690128209418143
F75L,1.6e-11,7498942.093324691,-0.02458230071572979,0.45585067405008284
F75L,1.6e-11,7717915.155850261,-0.022646371425245268,0.44304878065834685
F75L,1.6e-11,7943282.347242957,-0.020817613889907216,0.4305979593739357
F75L,1.6e-11,8175230.379436647,-0.01909015903444388,0.418489203884275
F75L,1.6e-11,8413951.416452102,-0.017458452828407564,0.4067136847929559
F75L,1.6e-11,8659643.23360081,-0.015917240099010684,0.39526275087221746
F75L,1.6e-11,8912509.381337617,-0.014461549098923832,0.38412792980281907
F75L,1.6e-11,9172759.353897963,-0.013086676799919155,0.37330092840419504
F75L,1.6e-11,9440608.762859406,-0.011788174890014576,0.36277363247362554
F75L,1.6e-11,9716279.51577124,-0.01056183644373525,0.3525381062064934
F75L,1.6e-11,10000000.000000184,-0.009403683242257554,0.3425865912950631
F75L,1.6e-11,10292005.271944473,-0.00830995371594848,0.3329115057155553
F75L,1.6e-11,10592537.251773085,-0.007277091483877725,0.3235054422378071
F75L,1.6e-11,10901844.923851479,-0.006301734465688625,0.31436116670432135
F75L,1.6e-11,11220184.543019842,-0.005380704540632836,0.30547161608878837
F75L,1.6e-11,11547819.846894797,-0.0045109977302596,0.2968298963747652
F75L,1.6e-11,11885022.274370406,-0.003689774881236556,0.28842928027391684
F75L,1.6e-11,12232071.190499544,-0.002914352825657969,0.2802632048080467
F75L,1.6e-11,12589254.117941909,-0.0021821959968101722,0.2723252687607677
F75L,1.6e-11,12956866.97517044,-0.0014909084794376324,0.2646092300465796
F75L,1.6e-11,13335214.321633492,-0.0008382264737628023,0.2571090029792674
F75L,1.6e-11,13724609.61007588,-0.00022201115371004874,0.24981865548262644
F75L,1.6e-11,14125375.446227811,0.00035975809968224386,0.24273240623829645
F75L,1.6e-11,14537843.856076894,0.0009089901080349843,0.23584462180152288
F75L,1.6e-11,14962356.560944619,0.0014274879657759855,0.22914981366935655
F75L,1.6e-11,15399265.260595214,0.0019169547879224367,0.2226426353452698
F75L,1.6e-11,15848931.924611438,0.002378999150909788,0.21631787937218355
F75L,1.6e-11,16311729.092278697,0.00281514024263385,0.2101704743792811
F75L,1.6e-11,16788040.181225926,0.003226812735548208,0.20419548211554503
F75L,1.6e-11,17278259.80507897,0.003615371397792921,0.19838809450815137
F75L,1.6e-11,17782794.100389574,0.0039820954545680045,0.19274363071808154
F75L,1.6e-11,18302061.063110918,0.004328192713958325,0.18725753423492716
F75L,1.6e-11,18836490.894898374,0.004654803467953517,0.1819253699809178
F75L,1.6e-11,19386526.359522454,0.004963004181299557,0.17674282145254305
F75L,1.6e-11,19952623.14968919,0.005253810978672858,0.17170568789117913
F75L,1.6e-11,20535250.264571868,0.005528182940906292,0.1668098814905274
F75L,1.6e-11,21134890.398366887,0.0057870252203387745,0.16205142464418118
F75L,1.6e-11,21752040.34019566,0.006031191984040561,0.15742644722581875
F75L,1.6e-11,22387211.385683842,0.006261489195192338,0.152931183921762
F75L,1.6e-11,23040929.760558918,0.006478677240116363,0.14856197160233633
F75L,1.6e-11,23713737.05661703,0.006683473409604122,0.14431524674077645
F75L,1.6e-11,24406190.680420294,0.006876554241687361,0.14018754287464336
F75L,1.6e-11,25118864.315096308,0.007058557734298781,0.1361754881228368
F75L,1.6e-11,25852348.39562243,0.007230085433396663,0.13227580274424672
F75L,1.6e-11,26607250.597988635,0.007391704403943032,0.12848529674774214
F75L,1.6e-11,27384196.34264417,0.0075439490900952675,0.12480086755433153
F75L,1.6e-11,28183829.31264511,0.007687323069442474,0.12121949770258239
F75L,1.6e-11,29006811.98693213,0.007822300708613797,0.1177382526123594
F75L,1.6e-11,29853826.189180207,0.007949328723838347,0.11435427839222342
F75L,1.6e-11,30725573.652675096,0.00806882765250527,0.11106479969927685
F75L,1.6e-11,31622776.601684444,0.008181193240027505,0.10786711764768511
F75L,1.6e-11,32546178.34980526,0.008286797746984906,0.10475860776898686
F75L,1.6e-11,33496543.915783457,0.008385991180015387,0.10173671801848713
F75L,1.6e-11,34474660.65731565,0.008479102451506747,0.09879896683420769
F75L,1.6e-11,35481338.92335828,0.008566440470849545,0.09594294124108965
F75L,1.6e-11,36517412.72548453,0.008648295171992901,0.09316629500696658
F75L,1.6e-11,37583740.4288452,0.008724938479128384,0.09046674684051659
F75L,1.6e-11,38681205.463306025,0.008796625216248985,0.08784207864475306
F75L,1.6e-11,39810717.05535056,0.008863593960717155,0.08529013380912878
F75L,1.6e-11,40973210.98135501,0.00892606784633269,0.08280881555373348
F75L,1.6e-11,42169650.34285911,0.008984255317058607,0.08039608531630255
F75L,1.6e-11,43401026.3644753,0.00903835083486143,0.07804996118572821
F75L,1.6e-11,44668359.21509726,0.00908853554383553,0.07576851637975687
F75L,1.6e-11,45972698.8530882,0.009134977893076934,0.07354987776670763
F75L,1.6e-11,47315125.89614906,0.009177834221181808,0.0713922244330189
F75L,1.6e-11,48696752.516587354,0.009217249303480678,0.06929378629144757
F75L,1.6e-11,50118723.362728305,0.009253356864943307,0.06725284273302529
F75L,1.6e-11,51582216.507231675,0.009286280061239566,0.06526772132367134
F75L,1.6e-11,53088444.42309998,0.009316131928332947,0.06333679653895079
F75L,1.6e-11,54638654.988186605,0.009343015804324718,0.061458488543379076
F75L,1.6e-11,56234132.51903613,0.009367025724121049,0.059631262008994115
F75L,1.6e-11,57876198.83491332,0.009388246790100462,0.05785362497739475
F75L,1.6e-11,59566214.352902345,0.00940675551869208,0.056124127758530595
F75L,1.6e-11,61305579.21498341,0.009422620166795362,0.05444136187293416
F75L,1.6e-11,63095734.44802071,0.009435901037991292,0.052803959031136785
F75L,1.6e-11,64938163.15762256,0.009446650772053547,0.05121059015520117
F75L,1.6e-11,66834391.75686294,0.009454914617518993,0.04965996443606499
F75L,1.6e-11,68785991.23088229,0.00946073069113351,0.04815082843220443
F75L,1.6e-11,70794578.43841536,0.009464130224861636,0.046681965205878105
F75L,1.6e-11,72861817.45132439,0.009465137802040965,0.04525219349606082
F75L,1.6e-11,74989420.93324725,0.009463771586280202,0.04386036693188521
F75L,1.6e-11,77179151.55850297,0.009460043542520266,0.04250537327983202
F75L,1.6e-11,79432823.47242993,0.00945395965473276,0.041186133730264876
F75L,1.6e-11,81752303.79436684,0.0094455201403764,0.039901602218092184
F75L,1.6e-11,84139514.1645214,0.00943471966524342,0.03865076478039016
F75L,1.6e-11,86596432.33600849,0.009421547559604138,0.03743263894739986
F75L,1.6e-11,89125093.81337658,0.009405988039016077,0.03624627316843082
F75L,1.6e-11,91727593.53898005,0.009388020431121497,0.03509074626961477
F75L,1.6e-11,94406087.6285945,0.009367619411687423,0.0339651669441191
F75L,1.6e-11,97162795.15771285,0.009344755251554163,0.03286867327199977
F75L,1.6e-11,100000000.0000023,0.009319394077690429,0.03180043226950163
F75L,1.6e-11,102920052.71944518,0.009291498149830702,0.030759639464248215
F75L,1.6e-11,105925372.51773132,0.009261026156722665,0.029745518496885677
F75L,1.6e-11,109018449.23851527,0.009227933532505908,0.02875732074360147
F75L,1.6e-11,112201845.43019894,0.009192172797885624,0.027794324960483202
F75L,1.6e-11,115478198.4689485,0.0091536939259322,0.026855836942845504
F75L,1.6e-11,118850222.7437046,0.009112444737510078,0.02594118920039174
F75L,1.6e-11,122320711.90499601,0.009068371325873771,0.02504974064079763
F75L,1.6e-11,125892541.17941967,0.009021418513722089,0.024180876259835886
F75L,1.6e-11,129568669.75170499,0.008971530344364721,0.02333400683359004
F75L,1.6e-11,133352143.21633555,0.00891865060735711,0.022508568606810997
F75L,1.6e-11,137246096.10075945,0.008862723399838596,0.021704022972833595
F75L,1.6e-11,141253754.46227878,0.008803693724089868,0.020919856139710112
F75L,1.6e-11,145378438.56076965,0.00874150812094614,0.02015557877651071
F75L,1.6e-11,149623565.6094469,0.008676115338078296,0.019410725633526867
F75L,1.6e-11,153992652.6059529,0.00860746703119809,0.01868485512971269
F75L,1.6e-11,158489319.24611515,0.008535518496833382,0.017977548901895686
F75L,1.6e-11,163117290.92278776,0.008460229431708568,0.017288411307572266
F75L,1.6e-11,167880401.8122601,0.008381564716503174,0.01661706887667036
F75L,1.6e-11,172782598.05079052,0.008299495216659195,0.015963169704044107
F75L,1.6e-11,177827941.0038966,0.008213998595507609,0.015326382778109264
F75L,1.6e-11,183020610.63111004,0.00812506013137907,0.014706397239261652
F75L,1.6e-11,188364908.94898462,0.00803267353153466,0.014102921564155787
F75L,1.6e-11,193865263.59522545,0.007936841731760456,0.013515682670547896
F75L,1.6e-11,199526231.49689284,0.00783757767259511,0.012944424940774354
F75L,1.6e-11,205352502.64571965,0.007734905041359091,0.012388909162262186
F75L,1.6e-11,211348903.98366988,0.007628858966048044,0.011848911383538064
F75L,1.6e-11,217520403.40195763,0.007519486651231416,0.011324221688617062
F75L,1.6e-11,223872113.8568395,0.007406847941445686,0.010814642891717859
F75L,1.6e-11,230409297.60559028,0.007291015799429848,0.01031998915741835
F75L,1.6e-11,237137370.56617144,0.007172076687998431,0.009840084553764707
F75L,1.6e-11,244061906.80420414,0.00705013084130931,0.009374761546200913
F75L,1.6e-11,251188643.15096432,0.006925292416112479,0.008923859444053045
F75L,1.6e-11,258523483.95622557,0.006797689511994411,0.008487222811941534
F75L,1.6e-11,266072505.97988766,0.0066674640524227065,0.008064699860876445
F75L,1.6e-11,273841963.42644304,0.006534771520092582,0.007656140835285243
F75L,1.6e-11,281838293.1264525,0.0063997805416275266,0.007261396413416506
F75L,1.6e-11,290068119.8693227,0.006262672320555653,0.006880316139970617
F75L,1.6e-11,298538261.89180356,0.006123639918361368,0.006512746909983551
F75L,1.6e-11,307255736.52675253,0.005982887387448958,0.006158531523579093
F75L,1.6e-11,316227766.01684606,0.005840628762876249,0.005817507330908375
F75L,1.6e-11,325461783.49805427,0.005697086921473318,0.005489504985722889
F75L,1.6e-11,334965439.1578363,0.00555249232097886,0.005174347325035825
F75L,1.6e-11,344746606.5731583,0.0054070816338724305,0.004871848390548966
F75L,1.6e-11,354813389.2335847,0.005261096293009656,0.0045818126054403534
F75L,1.6e-11,365174127.2548472,0.005114780968172047,0.004304034117623725
F75L,1.6e-11,375837404.288454,0.004968381994534771,0.004038296317752153
F75L,1.6e-11,386812054.6330623,0.00482214577488368,0.003784371537150109
F75L,1.6e-11,398107170.5535077,0.004676317177815338,0.0035420209276797103
F75L,1.6e-11,409732109.81355226,0.004531137955121932,0.0033109945221464106
F75L,1.6e-11,421696503.42859334,0.004386845199879792,0.0030910314707160956
F75L,1.6e-11,434010263.64475524,0.004243669866904803,0.0028818604455448
F75L,1.6e-11,446683592.15097487,0.004101835374820454,0.0026832002030624993
F75L,1.6e-11,459726988.5308843,0.003961556307791891,0.002494760290624941
F75L,1.6e-11,473151258.961493,0.0038230372323349348,0.0023162418820763114
F75L,1.6e-11,486967525.16587603,0.0036864716419902966,0.0021473387250045156
F75L,1.6e-11,501187233.6272856,0.0035520410400610453,0.0019877381810891786
F75L,1.6e-11,515822165.0723194,0.0034199141676898677,0.0018371223400867518
F75L,1.6e-11,530884444.2310025,0.003290246381513981,0.0016951691876790364
F75L,1.6e-11,546386549.8818688,0.0031631791823754406,0.0015615538074775152
F75L,1.6e-11,562341325.1903641,0.0030388398937770886,0.0014359495980393643
F75L,1.6e-11,578761988.3491361,0.002917341486350895,0.0013180294866232877
F75L,1.6e-11,595662143.5290264,0.0027987825422201526,0.0012074671227331672
F75L,1.6e-11,613055792.1498371,0.0026832473511593357,0.0011039380360571135
F75L,1.6e-11,630957344.4802102,0.002570806128992429,0.001007120745042536
F75L,1.6e-11,649381631.5762287,0.002461515347116954,0.0009166978044048766
F75L,1.6e-11,668343917.5686326,0.0023554181613007564,0.0008323567817069111
F75L,1.6e-11,687859912.3088262,0.002252544927083022,0.0007537911552908718
F75L,1.6e-11,707945784.3841571,0.002152913789027783,0.0006807011276463963
F75L,1.6e-11,728618174.5132475,0.00205653133081777,0.0006127943503955158
F75L,1.6e-11,749894209.3324763,0.00196339327365228,0.0005497865586632922
F75L,1.6e-11,771791515.5850335,0.0018734852107257288,0.0004914021143689961
F75L,1.6e-11,794328234.7243032,0.0017867833662494523,0.0004373744594247973
F75L,1.6e-11,817523037.9436724,0.0017032553683805803,0.00038744648099941353
F75L,1.6e-11,841395141.6452183,0.0016228610261948303,0.0003413707922427178
F75L,1.6e-11,865964323.3600892,0.0015455531019198721,0.0002989099326715162
F75L,1.6e-11,891250938.1337701,0.001471278070645838,0.000259836493159619
F75L,1.6e-11,917275935.389805,0.0013999768607820717,0.00022393317099773572
F75L,1.6e-11,944060876.2859496,0.0013315855695512566,0.00019099276087073894
F75L,1.6e-11,971627951.5771332,0.0012660361488204658,0.00016081808780606485
F75L,1.6e-11,1000000000.0000279,0.0012032570575076936,0.0001332218882498781
