candidate,frequency_hz,output_psd_v2_per_hz,input_psd_v2_per_hz
A75,1000.0,2.987224247142791e-12,8.297837429025457e-14
A75,1014.4952080687361,2.9450021114129616e-12,8.180553906884827e-14
A75,1029.2005271944283,2.903383249325544e-12,8.064946141063583e-14
A75,1044.1190029805646,2.8623590412407185e-12,7.950990192758457e-14
A75,1059.2537251772892,2.8219209906768266e-12,7.838662456001057e-14
A75,1074.6078283213178,2.782060722550684e-12,7.727939671447395e-14
A75,1090.1844923851281,2.7427699814430233e-12,7.618798902608405e-14
A75,1105.98694343556,2.704040629888734e-12,7.511217550329732e-14
A75,1122.018454301964,2.6658646466914997e-12,7.405173328599048e-14
A75,1138.2823452540329,2.6282341252625543e-12,7.300644279728815e-14
A75,1154.781984689459,2.5911412719831513e-12,7.19760874971986e-14
A75,1171.520789831561,2.554578404590426e-12,7.096045404160112e-14
A75,1188.5022274370194,2.5185379505863437e-12,6.995933203123506e-14
A75,1205.7298145138755,2.4830124456693554e-12,6.89725141779852e-14
A75,1223.2071190499328,2.447994532188483e-12,6.79997960490089e-14
A75,1240.9377607517208,2.4134769576194807e-12,6.704097624046435e-14
A75,1258.9254117941684,2.3794525730627686e-12,6.609585611655692e-14
A75,1277.1737975811443,2.345914331762833e-12,6.516423999086106e-14
A75,1295.686697517021,2.3128552876487806e-12,6.424593486006276e-14
A75,1314.4679457894238,2.280268593895748e-12,6.334075059303266e-14
A75,1333.5214321633257,2.248147501506855e-12,6.244849965903636e-14
A75,1352.851102786652,2.216485357915434e-12,6.156899732472302e-14
A75,1372.4609610075638,2.1852756056072147e-12,6.070206137657049e-14
A75,1392.3550682035861,2.154511780762217e-12,5.984751232596095e-14
A75,1412.5375446227565,2.124187511916022e-12,5.900517312562239e-14
A75,1433.012570236965,2.094296518640193e-12,5.81748693829695e-14
A75,1453.7843856076643,2.0648326102415377e-12,5.73564290702983e-14
A75,1474.8572927641271,2.0357896844799615e-12,5.654968274657804e-14
A75,1496.235656094436,2.007161726304641e-12,5.5754463261148856e-14
A75,1517.923903249387,1.9789428066082466e-12,5.497060598415868e-14
A75,1539.926526059495,1.9511270809989783e-12,5.419794850350847e-14
A75,1562.2480814652934,1.923708788590129e-12,5.343633086413512e-14
A75,1584.8931924611168,1.896682250806968e-12,5.268559525794278e-14
A75,1607.866549052564,1.8700418702106415e-12,5.1945586272140826e-14
A75,1631.1729092278417,1.8437821293388984e-12,5.121615057189276e-14
A75,1654.817099943185,1.8178975895633802e-12,5.0497137157927395e-14
A75,1678.804018122564,1.7923828899632248e-12,4.97883970416301e-14
A75,1703.1386316718808,1.7672327462147677e-12,4.9089783512152314e-14
A75,1727.8259805078674,1.7424419494971226e-12,4.840115180366405e-14
A75,1752.871177601897,1.7180053654133748e-12,4.7722359372196e-14
A75,1778.2794100389272,1.693917932927212e-12,4.705326555476396e-14
A75,1804.0559400917907,1.6701746633147285e-12,4.639373185618681e-14
A75,1830.2061063110607,1.6467706391312244e-12,4.5743621599786207e-14
A75,1856.735324630711,1.6237010131927494e-12,4.510280022443264e-14
A75,1883.6490894898054,1.60096100757221e-12,4.447113492651586e-14
A75,1910.9529749704457,1.5785459126098228e-12,4.3848494967480973e-14
A75,1938.6526359522127,1.5564510859376932e-12,4.323475130675697e-14
A75,1966.7538092833438,1.5346719515183436e-12,4.262977692005354e-14
A75,1995.2623149688852,1.5132039986969718e-12,4.2033446422927115e-14
A75,2024.1840573760674,1.492042781267258e-12,4.144563640011968e-14
A75,2053.525026457152,1.471183916550506e-12,4.086622501943205e-14
A75,2083.291298990005,1.4506230844879633e-12,4.0295092372396106e-14
A75,2113.489039836653,1.4303560267460837e-12,3.9732120078117066e-14
A75,2144.1245032200786,1.4103785458345984e-12,3.917719163558018e-14
A75,2175.2040340195294,1.3906865042371717e-12,3.8630192017113705e-14
A75,2206.7340690845967,1.3712758235544886e-12,3.809100803264298e-14
A75,2238.7211385683468,1.3521424836595704e-12,3.7559527912415787e-14
A75,2271.171867279773,1.3332825218651806e-12,3.703564168352746e-14
A75,2304.0929760558533,1.3146920321031145e-12,3.6519240741540904e-14
A75,2337.4912831534966,1.2963671641152113e-12,3.601021823961729e-14
A75,2371.3737056616637,1.278304122655933e-12,3.550846864865176e-14
A75,2405.7472609339593,1.2604991667063375e-12,3.5013888159357395e-14
A75,2440.619068041989,1.2429486086992752e-12,3.452637423052663e-14
A75,2475.9963492497827,1.2256488137556566e-12,3.4045826004427067e-14
A75,2511.8864315095893,1.208596198931645e-12,3.3572143842788353e-14
A75,2548.296747979356,1.1917872324765874e-12,3.3105229755881443e-14
A75,2585.2348395622007,1.1752184331015602e-12,3.264498692581759e-14
A75,2622.7083564682007,1.15888636925836e-12,3.219132014969611e-14
A75,2660.7250597988204,1.1427876584288015e-12,3.1744135349790707e-14
A75,2699.2928231543046,1.1269189664241614e-12,3.130334003116342e-14
A75,2738.4196342643727,1.1112770066946409e-12,3.086884277830072e-14
A75,2778.1135966425472,1.0958585396486902e-12,3.044055372760568e-14
A75,2818.382931264466,1.0806603719820574e-12,3.001838405003317e-14
A75,2859.235978270519,1.0656793560164265e-12,2.960224643888617e-14
A75,2900.6811986931666,1.050912389047503e-12,2.9192054577985715e-14
A75,2942.727176209295,1.0363564127024171e-12,2.878772364521235e-14
A75,2985.382618917973,1.0220084123063007e-12,2.8389169765732463e-14
A75,3028.6563611439774,1.007865416257926e-12,2.7996310531740827e-14
A75,3072.5573652674607,9.939244954142553e-13,2.7609064440250473e-14
A75,3117.0947235801405,9.801827624837873e-13,2.7227351429507754e-14
A75,3162.277660168394,9.66637371428575e-13,2.685109230083794e-14
A75,3208.115532823651,9.53285516874781e-13,2.6480209272220886e-14
A75,3254.617834980474,9.40124433531659e-13,2.6114625383668038e-14
A75,3301.7941976827356,9.271513956188362e-13,2.5754265068463792e-14
A75,3349.6543915782927,9.143637163017777e-13,2.5399053541533925e-14
A75,3398.208328942576,9.017587471353175e-13,2.5048917388874534e-14
A75,3447.4660657315108,8.893338775151376e-13,2.4703783938354867e-14
A75,3497.437803664196,8.770865341370917e-13,2.4363581867874165e-14
A75,3548.133892335772,8.650141804642447e-13,2.402824055802416e-14
A75,3599.564831360914,8.531143162015327e-13,2.3697690719532397e-14
A75,3651.7412725483955,8.413844767779293e-13,2.3371863727191942e-14
A75,3704.674022107176,8.298222328360036e-13,2.3050692267168908e-14
A75,3758.3740428844612,8.184251897287829e-13,2.2734109651587716e-14
A75,3812.8524566362084,8.071909870237927e-13,2.2422050486300904e-14
A75,3868.1205463305423,7.961172980141932e-13,2.2114449965498465e-14
A75,3924.189758484557,7.852018292368867e-13,2.1811244560558325e-14
A75,3981.071705534994,7.744423199975289e-13,2.151237129402859e-14
A75,4038.7781682432824,7.638365419023082e-13,2.1217768450198392e-14
A75,4097.321098135438,7.533822983964254e-13,2.0927374827780044e-14
A75,4156.712619977334,7.430774243091683e-13,2.064113047286251e-14
A75,4216.965034285847,7.329197854054777e-13,2.0358975909599092e-14
A75,4278.0908198764055,7.229072779439286e-13,2.008085289622791e-14
A75,4340.102636447464,7.130378282410239e-13,1.9806703633048283e-14
A75,4403.01332720244,7.033093922417105e-13,1.9536471542216515e-14
A75,4466.835921509658,6.937199550960378e-13,1.9270100452270366e-14
A75,4531.583637600846,6.84267530741859e-13,1.9007535402433202e-14
A75,4597.26988530875,6.749501614934968e-13,1.874872180292133e-14
A75,4663.908268844436,6.657659176362868e-13,1.8493606264515016e-14
A75,4731.512589614835,6.567128970269124e-13,1.8242135733858267e-14
A75,4800.0968490811465,6.477892246994509e-13,1.7994258349081488e-14
A75,4869.675251658663,6.389930524770475e-13,1.7749922549276984e-14
A75,4940.26220765863,6.303225585891396e-13,1.7509077956985473e-14
A75,5011.872336272756,6.217759472941417e-13,1.7271674461003005e-14
A75,5084.520468600972,6.133514485075394e-13,1.7037663126572117e-14
A75,5158.2216507230905,6.050473174352719e-13,1.680699525064769e-14
A75,5232.991146814981,5.968618342123743e-13,1.657962330066232e-14
A75,5308.844442309919,5.887933035467709e-13,1.635549994134964e-14
A75,5385.797247105755,5.808400543681616e-13,1.6134579002984257e-14
A75,5463.865498818579,5.730004394819223e-13,1.5916814478829677e-14
A75,5543.065366083543,5.65272835227956e-13,1.5702161523785375e-14
A75,5623.413251903529,5.576556411444065e-13,1.549057542149472e-14
A75,5704.92579704636,5.501472796361906e-13,1.5282012614364213e-14
A75,5787.619883491247,5.427461956482564e-13,1.507642963933416e-14
A75,5871.512637925207,5.354508563435106e-13,1.4873784190269048e-14
A75,5956.621435290147,5.282597507853516e-13,1.467403402135917e-14
A75,6042.963902381372,5.211713896247366e-13,1.4477138042917116e-14
A75,6130.557921498252,5.14184304791714e-13,1.4283055191342506e-14
A75,6219.421634147808,5.072970491913724e-13,1.409174555939613e-14
A75,6309.573444801979,5.005081964041254e-13,1.3903169231623343e-14
A75,6401.032024709357,4.938163403902838e-13,1.3717287450215446e-14
A75,6493.816315762163,4.872200951988423e-13,1.3534061414748483e-14
A75,6587.945534419289,4.807180946804338e-13,1.3353453484781465e-14
A75,6683.439175686198,4.743089922043807e-13,1.3175425942727233e-14
A75,6780.317017152512,4.679914603797868e-13,1.2999942234378215e-14
A75,6878.59912308813,4.617641907806178e-13,1.2826965693684297e-14
A75,6978.3058485987185,4.556258936747076e-13,1.2656460822439975e-14
A75,7079.4578438414355,4.495752977566341e-13,1.24883919757006e-14
A75,7182.076058301764,4.436111498844161e-13,1.2322724681909364e-14
A75,7286.181745132336,4.377322148199644e-13,1.2159424287638228e-14
A75,7391.796465554657,4.319372749732486e-13,1.1998457319479531e-14
A75,7498.94209332462,4.2622513015011414e-13,1.1839790086751083e-14
A75,7607.640819262764,4.2059459730370236e-13,1.1683390086525348e-14
A75,7717.915155850188,4.1504451028942115e-13,1.1529224562889083e-14
A75,7829.787941891089,4.0957371962342166e-13,1.1377261956533626e-14
A75,7943.282347242882,4.041810922445148e-13,1.1227470419108533e-14
A75,8058.421877614886,3.9886551127949837e-13,1.1079819308848367e-14
A75,8175.23037943657,3.9362587581183223e-13,1.0934277658507089e-14
A75,8293.732044796356,3.88461100653618e-13,1.0790815718551289e-14
A75,8413.951416452024,3.8337011612083765e-13,1.0649403377106615e-14
A75,8535.913392913733,3.783518678118008e-13,1.051001175230408e-14
A75,8659.64323360073,3.7340531638875876e-13,1.0372611562612408e-14
A75,8785.166564072795,3.685294373626364e-13,1.0237174769982982e-14
A75,8912.509381337535,3.6372322088083935e-13,1.0103672898882044e-14
A75,9041.698059234586,3.5898567151809534e-13,9.972078731941348e-15
A75,9172.75935389788,3.5431580807027587e-13,9.842364575941786e-15
A75,9305.720409297075,3.4971266335117274e-13,9.7145040117406e-15
A75,9440.608762859321,3.4517528399216755e-13,9.588470105393225e-15
A75,9577.452351172502,3.40702730244771e-13,9.464237214194425e-15
A75,9716.279515771153,3.3629407578597567e-13,9.34177914105731e-15
A75,9857.119009006256,3.3194840752639527e-13,9.221070998575382e-15
A75,10000.000000000096,3.2766482542113823e-13,9.102087304706975e-15
A75,10144.952080687459,3.234424422833876e-13,8.984803906837504e-15
A75,10292.005271944381,3.1928038360064075e-13,8.86919601674408e-15
A75,10441.190029805744,3.1517778735357294e-13,8.755240196712618e-15
A75,10592.537251772992,3.1113380383749087e-13,8.64291233168047e-15
A75,10746.07828321328,3.0714759548633514e-13,8.532189679541974e-15
A75,10901.844923851384,3.0321833669919207e-13,8.423048778286733e-15
A75,11059.869434355705,2.993452136692906e-13,8.315467562709041e-15
A75,11220.184543019746,2.955274242154355e-13,8.209423204276216e-15
A75,11382.823452540435,2.917641776158498e-13,8.104894296542769e-15
A75,11547.819846894698,2.8805469444439066e-13,8.00185862539584e-15
A75,11715.207898315717,2.843982064091015e-13,7.900295425564481e-15
A75,11885.022274370305,2.8079395619307435e-13,7.800183078798263e-15
A75,12057.298145138866,2.7724119729757905e-13,7.701501443955162e-15
A75,12232.07119049944,2.7373919388743703e-13,7.604229480574366e-15
A75,12409.377607517323,2.702872206385992e-13,7.508347655123576e-15
A75,12589.254117941802,2.668845625879039e-13,7.413835487327846e-15
A75,12771.737975811562,2.635305149849758e-13,7.32067403525864e-15
A75,12956.86697517033,2.602243831462436e-13,7.228843361677064e-15
A75,13144.679457894359,2.5696548231103885e-13,7.138325100753023e-15
A75,13335.21432163338,2.537531374997501e-13,7.049099841572996e-15
A75,13528.511027866647,2.5058668337400215e-13,6.961149779388383e-15
A75,13724.609610075766,2.4746546409883204e-13,6.874456013324944e-15
A75,13923.55068203599,2.443888332068314e-13,6.789001285175195e-15
A75,14125.375446227694,2.4135615346422755e-13,6.704767188228609e-15
A75,14330.125702369782,2.3836679673887875e-13,6.621736996743693e-15
A75,14537.843856076775,2.3542014387014945e-13,6.539892782694627e-15
A75,14748.572927641406,2.3251558454064815e-13,6.4592183391850944e-15
A75,14962.356560944498,2.2965251714979056e-13,6.379696201778037e-15
A75,15179.239032494008,2.2683034868917097e-13,6.301310669245299e-15
A75,15399.26526059509,2.2404849461970893e-13,6.224044726012301e-15
A75,15622.480814653076,2.2130637875055304e-13,6.147883163775733e-15
A75,15848.931924611312,2.1860343311970865e-13,6.072809401453957e-15
A75,16078.665490525787,2.1593909787637157e-13,5.998808711349251e-15
A75,16311.729092278567,2.1331282116493844e-13,5.9258649328471484e-15
A75,16548.170999432,2.1072405901067473e-13,5.8539638069509345e-15
A75,16788.040181225795,2.0817227520701047e-13,5.783089579818974e-15
A75,17031.386316718967,2.0565694120444586e-13,5.713228449656899e-15
A75,17278.259805078833,2.0317753600104181e-13,5.644365056020398e-15
A75,17528.711776019132,2.0073354603446956e-13,5.576486043216094e-15
A75,17782.794100389434,1.9832446507560345e-13,5.5095764311283414e-15
A75,18040.55940091807,1.9594979412362933e-13,5.443623299452725e-15
A75,18302.061063110774,1.936090413026475e-13,5.37861203562845e-15
A75,18567.35324630728,1.9130172175975253e-13,5.314530144409489e-15
A75,18836.49089489823,1.8902735756456437e-13,5.2513633682992044e-15
A75,19109.529749704634,1.8678547761019177e-13,5.1890996271536336e-15
A75,19386.526359522308,1.8457561751560858e-13,5.127725006321025e-15
A75,19667.538092833624,1.8239731952941967e-13,5.067227831170407e-15
A75,19952.62314968904,1.8025013243500026e-13,5.007594517935666e-15
A75,20241.840573760863,1.7813361145698486e-13,4.948813788270434e-15
A75,20535.250264571714,1.7604731816909104e-13,4.890872377583676e-15
A75,20832.91298990025,1.739908204032537e-13,4.8337593949397476e-15
A75,21134.890398366733,1.7196369216005637e-13,4.777461883449615e-15
A75,21441.245032200994,1.6996551352043527e-13,4.721969331063136e-15
A75,21752.0403401955,1.6799587055864422e-13,4.667269077346612e-15
A75,22067.340690846177,1.6605435525645544e-13,4.613350980953464e-15
A75,22387.21138568368,1.6414056541858412e-13,4.5602026668740445e-15
A75,22711.718672797946,1.622541045893166e-13,4.507814356621561e-15
A75,23040.929760558753,1.6039458197032306e-13,4.456173949783667e-15
A75,23374.912831535188,1.5856161233964354e-13,4.40527202322312e-15
A75,23713.73705661686,1.5675481597182278e-13,4.355096740491756e-15
A75,24057.47260933982,1.5497381855918278e-13,4.305639026620839e-15
A75,24406.19068042012,1.5321825113421639e-13,4.256887298676117e-15
A75,24759.96349249806,1.5148774999308108e-13,4.208832823001701e-15
A75,25118.864315096132,1.4978195662018409e-13,4.161464259899045e-15
A75,25482.967479793802,1.481005176138365e-13,4.114773210491229e-15
A75,25852.34839562225,1.464430846129651e-13,4.068748568198584e-15
A75,26227.083564682252,1.4480931422486593e-13,4.02338226270798e-15
A75,26607.25059798845,1.431988679539824e-13,3.9786634105923935e-15
A75,26992.928231543297,1.4161141213169672e-13,3.934584264203208e-15
A75,27384.19634264398,1.4004661784711607e-13,3.891134153439727e-15
A75,27781.13596642573,1.385041608788424e-13,3.848305647732269e-15
A75,28183.82931264492,1.369837216277099e-13,3.8060882806091645e-15
A75,28592.359782705455,1.354849850504765e-13,3.76447493330577e-15
A75,29006.811986931934,1.3400764059445513e-13,3.7234553334004536e-15
A75,29427.271762093224,1.3255138213307252e-13,3.68302266896993e-15
A75,29853.82618918001,1.3111590790234034e-13,3.643166852170994e-15
A75,30286.56361144006,1.297009204382264e-13,3.603881373267175e-15
A75,30725.573652674895,1.28306126514913e-13,3.5651563196184875e-15
A75,31170.947235801697,1.2693123708392874e-13,3.5269854793292195e-15
A75,31622.77660168424,1.2557596721414149e-13,3.4893591056727486e-15
A75,32081.155328236815,1.2424003603259763e-13,3.4522712805562713e-15
A75,32546.17834980505,1.229231666662121e-13,3.415712413950999e-15
A75,33017.94197682767,1.2162508618425264e-13,3.3796768778378655e-15
A75,33496.543915783244,1.2034552554166545e-13,3.3441552297327177e-15
A75,33982.08328942608,1.1908421952318753e-13,3.30914212827029e-15
A75,34474.660657315435,1.1784090668824924e-13,3.2746282694097286e-15
A75,34974.378036642294,1.1661532931665398e-13,3.2406085953298877e-15
A75,35481.33892335806,1.1540723335502426e-13,3.2070739313713613e-15
A75,35995.64831360948,1.1421636836400096e-13,3.1740195004596017e-15
A75,36517.412725484304,1.1304248746618643e-13,3.1414362482826178e-15
A75,37046.74022107211,1.1188534729482019e-13,3.1093196760291943e-15
A75,37583.74042884497,1.1074470794317569e-13,3.0776608407164386e-15
A75,38128.524566362445,1.0962033291466769e-13,3.046455519630124e-15
A75,38681.205463305785,1.0851198907366157e-13,3.0156948721014913e-15
A75,39241.89758484594,1.0741944659697055e-13,2.985374949667156e-15
A75,39810.71705535032,1.0634247892603432e-13,2.9554870049482306e-15
A75,40387.781682433204,1.0528086271976724e-13,2.9260273622099256e-15
A75,40973.210981354765,1.0423437780806557e-13,2.8969873583168204e-15
A75,41567.12619977373,1.0320280714596582e-13,2.868363589068754e-15
A75,42169.65034285886,1.021859367684423e-13,2.8401474664918857e-15
A75,42780.90819876445,1.0118355574583663e-13,2.812335857059915e-15
A75,43401.026364475045,1.0019545613990795e-13,2.7849202388296628e-15
A75,44030.13327202482,9.922143296049501e-14,2.757897748426661e-15
A75,44668.359215097,9.826128412278167e-14,2.7312599207444083e-15
A75,45315.836376008876,9.731481040515604e-14,2.705004162383177e-15
A75,45972.698853087924,9.638181540765416e-14,2.679122055801707e-15
A75,46639.08268844478,9.546210551098036e-14,2.653611277749653e-15
A75,47315.12589614878,9.455548983609421e-14,2.628463448887254e-15
A75,48000.9684908119,9.366178020435727e-14,2.6036765166474472e-15
A75,48696.75251658707,9.278079109822876e-14,2.5792421304206077e-15
A75,49402.62207658675,9.191233962250393e-14,2.5551585092243523e-15
A75,50118.72336272801,9.105624546608584e-14,2.531417321584308e-15
A75,50845.20468601018,9.021233086428292e-14,2.50801705938063e-15
A75,51582.21650723137,8.938042056162236e-14,2.484949400539466e-15
A75,52329.91146815029,8.856034177517532e-14,2.4622131114675322e-15
A75,53088.444423099674,8.775192415838143e-14,2.4397998695999295e-15
A75,53857.97247105804,8.695499976536795e-14,2.4177087179306595e-15
A75,54638.654988186296,8.616940301575504e-14,2.395931323337751e-15
A75,55430.653660835946,8.539497065993873e-14,2.3744670078713226e-15
A75,56234.13251903581,8.46315417448466e-14,2.3533074175936015e-15
A75,57049.25797046412,8.387895758015424e-14,2.3324521564999506e-15
A75,57876.198834913,8.313706170496058e-14,2.3118928393663945e-15
A75,58715.12637925261,8.240569985491089e-14,2.2916293554561263e-15
A75,59566.21435290201,8.168471992976194e-14,2.271653277557224e-15
A75,60429.63902381426,8.097397196138157e-14,2.2519647839707932e-15
A75,61305.57921498307,8.027330808217695e-14,2.232555394543341e-15
A75,62194.216341478634,7.958258249394297e-14,2.2134255808465816e-15
A75,63095.73444802036,7.890165143712514e-14,2.194566798558633e-15
A75,64010.32024709414,7.823037316049004e-14,2.1759798172331894e-15
A75,64938.163157622206,7.756860789119578e-14,2.1576560168577504e-15
A75,65879.45534419348,7.691621780525748e-14,2.1395964701751884e-15
A75,66834.39175686258,7.627306699839974e-14,2.121792469641592e-15
A75,67803.17017152572,7.563902145729068e-14,2.104245396910332e-15
A75,68785.99123088192,7.501394903115069e-14,2.0869464447225923e-15
A75,69783.05848598781,7.439771940372944e-14,2.0698973098971204e-15
A75,70794.57843841499,7.379020406564366e-14,2.0530890729087634e-15
A75,71820.76058301827,7.319127628708035e-14,2.036523752550833e-15
A75,72861.81745132401,7.260081109083096e-14,2.0201923040863797e-15
A75,73917.96465554723,7.201868522568902e-14,2.0040970756682643e-15
A75,74989.42093324687,7.144477714017528e-14,1.9882288839807367e-15
A75,76076.40819262833,7.087896695659802e-14,1.9725904145208588e-15
A75,77179.15155850258,7.032113644543895e-14,1.957172331576787e-15
A75,78297.8794189116,6.977116900005956e-14,1.9419776665982843e-15
A75,79432.82347242955,6.922894961172262e-14,1.9269969171801135e-15
A75,80584.2187761496,6.869436484492207e-14,1.912233469983239e-15
A75,81752.30379436645,6.816730281301745e-14,1.897677641100443e-15
A75,82937.32044796432,6.764765315416496e-14,1.8833331823398865e-15
A75,84139.51416452101,6.71353070075383e-14,1.8691902129398194e-15
A75,85359.13392913812,6.663015698985279e-14,1.855252860498355e-15
A75,86596.43233600809,6.613209717213844e-14,1.8415110314689048e-15
A75,87851.66564072875,6.564102305682108e-14,1.827969240618975e-15
A75,89125.09381337615,6.515683155505919e-14,1.8146171650733128e-15
A75,90416.98059234666,6.467942096434867e-14,1.8014597189183853e-15
A75,91727.5935389796,6.420869094638831e-14,1.7884863327556066e-15
A75,93057.20409297157,6.374454250520104e-14,1.7757023329434296e-15
A75,94406.08762859405,6.328687796550453e-14,1.763096885675891e-15
A75,95774.52351172586,6.283560095132426e-14,1.7506757433758524e-15
A75,97162.79515771239,6.239061636486235e-14,1.7384277892161138e-15
A75,98571.19009006342,6.195183036556991e-14,1.726359216353748e-15
A75,100000.00000000183,6.151915034948166e-14,1.714458605553663e-15
A75,101449.52080687547,6.10924849287591e-14,1.702732606293793e-15
A75,102920.0527194447,6.067174391145864e-14,1.6911694767285782e-15
A75,104411.90029805835,6.025683828151454e-14,1.679776339201707e-15
A75,105925.37251773084,5.984768017893331e-14,1.6685411081919634e-15
A75,107460.78283213373,5.944418288019449e-14,1.6574713964558426e-15
A75,109018.44923851478,5.904626077885294e-14,1.6465547528207974e-15
A75,110598.694343558,5.865382936633865e-14,1.6357992990509885e-15
A75,112201.84543019843,5.826680521294845e-14,1.6251921953863421e-15
A75,113828.23452540534,5.788510594902663e-14,1.6147420922892145e-15
A75,115478.19846894799,5.750865024632871e-14,1.604435737463185e-15
A75,117152.0789831582,5.713735779956436e-14,1.5942823309051208e-15
A75,118850.22274370409,5.6771149308115825e-14,1.5842681827665091e-15
A75,120572.98145138971,5.6409946457912406e-14,1.5744030646127542e-15
A75,122320.71190499548,5.6053671903540064e-14,1.5646728229049285e-15
A75,124093.77607517432,5.570224925037693e-14,1.5550878240644739e-15
A75,125892.54117941913,5.5355603037022605e-14,1.5456334235394584e-15
A75,127717.37975811675,5.501365871781371e-14,1.5363206072045051e-15
A75,129568.66975170444,5.467634264550268e-14,1.527134210931451e-15
A75,131446.79457894477,5.4343582054080994e-14,1.5180858660133687e-15
A75,133352.14321633498,5.4015305041751517e-14,1.5091598588758498e-15
A75,135285.11027866765,5.36914405540253e-14,1.5003684936267208e-15
A75,137246.09610075885,5.3371918366966095e-14,1.491695476003529e-15
A75,139235.5068203611,5.3056669070556594e-14,1.4831538118196482e-15
A75,141253.75446227816,5.274562405220511e-14,1.4747265934438265e-15
A75,143301.25702369906,5.243871548035122e-14,1.4664275588467598e-15
A75,145378.43856076902,5.21358762882144e-14,1.4582391528377782e-15
A75,147485.72927641534,5.183704015765387e-14,1.450175877626365e-15
A75,149623.56560944626,5.1542141503130885e-14,1.4422194946907378e-15
A75,151792.39032494137,5.125111545579383e-14,1.434385304261455e-15
A75,153992.6526059522,5.0963897847663377e-14,1.4266543470571171e-15
A75,156224.80814653207,5.068042519592548e-14,1.419042756883087e-15
A75,158489.31924611444,5.0400634687318444e-14,1.4115308145398526e-15
A75,160786.6549052592,5.0124464162629794e-14,1.4041355248139519e-15
A75,163117.290922787,4.985185210127327e-14,1.3968363676145212e-15
A75,165481.70999432137,4.9582737605969457e-14,1.3896512580390917e-15
A75,167880.4018122593,4.9317060387522193e-14,1.3825588322435549e-15
A75,170313.86316719104,4.9054760749660265e-14,1.3755779569724104e-15
A75,172782.59805078973,4.8795779573987205e-14,1.3686863797919172e-15
A75,175287.11776019275,4.854005830501336e-14,1.3619039625155088e-15
A75,177827.9410038958,4.8287538935250325e-14,1.3552075172271729e-15
A75,180405.5940091822,4.80381639904083e-14,1.348617946398696e-15
A75,183020.61063110924,4.779187651466048e-14,1.3421110775975973e-15
A75,185673.5324630743,4.754862005598752e-14,1.3357089017950727e-15
A75,188364.90894898382,4.7308338651595907e-14,1.3293862107807551e-15
A75,191095.2974970479,4.707097681342338e-14,1.3231661342014307e-15
A75,193865.26359522465,4.683647951369566e-14,1.3170223744945687e-15
A75,196675.3809283378,4.6604792170581294e-14,1.3109792525777894e-15
A75,199526.231496892,4.6375860633906e-14,1.3050093255628383e-15
A75,202418.40573761027,4.614963117095496e-14,1.299138160737563e-15
A75,205352.50264571878,4.592605045232744e-14,1.2933371114294717e-15
A75,208329.12989900415,4.5705065537886594e-14,1.2876330489827024e-15
A75,211348.90398366898,4.548662386278458e-14,1.2819960619125186e-15
A75,214412.4503220116,4.52706732235462e-14,1.2764543859753897e-15
A75,217520.40340195672,4.505716176425257e-14,1.270976781193112e-15
A75,220673.4069084635,4.4846037962794946e-14,1.2655929108401913e-15
A75,223872.11385683858,4.463725061721191e-14,1.2602701400307534e-15
A75,227117.18672798126,4.4430748832121656e-14,1.2550396254902499e-15
A75,230409.29760558935,4.422648200522669e-14,1.2498672682003423e-15
A75,233749.12831535374,4.40243998139266e-14,1.2447857871710951e-15
A75,237137.3705661705,4.3824452202017234e-14,1.2397595471432068e-15
A75,240574.72609340012,4.362658936649617e-14,1.234822901214938e-15
A75,244061.90680420317,4.343076174447911e-14,1.2299386028266035e-15
A75,247599.6349249826,4.3236920000212904e-14,1.2251427140010044e-15
A75,251188.64315096333,4.304501501222125e-14,1.2203962988065104e-15
A75,254829.67479794007,4.285499786056506e-14,1.2157372061147252e-15
A75,258523.48395622458,4.266681981424013e-14,1.2111247294862567e-15
A75,262270.8356468246,4.2480432318713245e-14,1.2065985857008153e-15
A75,266072.5059798866,4.229578698360742e-14,1.202116213567918e-15
A75,269929.2823154351,4.21128355705336e-14,1.1977192820034631e-15
A75,273841.963426442,4.193152998110929e-14,1.193363287685338e-15
A75,277811.35966425954,4.17518222451375e-14,1.1890919390903659e-15
A75,281838.2931264515,4.157366450898489e-14,1.184858700225783e-15
A75,285923.5978270569,4.139700902415055e-14,1.1807094097548689e-15
A75,290068.1198693217,4.122180813607011e-14,1.1765954053186393e-15
A75,294272.71762093465,4.10480142731194e-14,1.1725647495877853e-15
A75,298538.26189180254,4.08755799358913e-14,1.1685665569990643e-15
A75,302865.6361144031,4.0704457686706585e-14,1.1646512112186573e-15
A75,307255.7365267515,4.053460013941448e-14,1.1607655035362662e-15
A75,311709.4723580195,4.036595994948548e-14,1.1569622387188398e-15
A75,316227.76601684495,4.0198489804407923e-14,1.1531857819226255e-15
A75,320811.55328237073,4.003214241441927e-14,1.1494914621625206e-15
A75,325461.78349805315,3.9866870503611964e-14,1.1458211125192468e-15
A75,330179.4197682794,3.970262680136331e-14,1.1422326923409326e-15
A75,334965.4391578352,3.953936403421033e-14,1.1386653938531754e-15
A75,339820.8328942636,3.9377034918124463e-14,1.1351799156249209e-15
A75,344746.6065731572,3.921559215123246e-14,1.1317126975630352e-15
A75,349743.7803664258,3.905498840701347e-14,1.1283272889729132e-15
A75,354813.3892335835,3.889517632800219e-14,1.1249572634868651e-15
A75,359956.4831360978,3.873610851999102e-14,1.1216691350779285e-15
A75,365174.12725484604,3.8577737546869614e-14,1.118393494890031e-15
A75,370467.4022107242,3.842001592593046e-14,1.1151999376526228e-15
A75,375837.4042884528,3.8262896123914765e-14,1.1120159538299933e-15
A75,381285.24566362763,3.810633055362243e-14,1.1089143368437595e-15
A75,386812.0546330611,3.7950271571311256e-14,1.105819356647669e-15
A75,392418.97584846267,3.7794671474737503e-14,1.1028071247764043e-15
A75,398107.17055350647,3.763948250199073e-14,1.0997985695934458e-15
A75,403877.8168243354,3.748465683114769e-14,1.096873241224679e-15
A75,409732.109813551,3.73301465807405e-14,1.0939486045727547e-15
A75,415671.2619977407,3.7175903811141895e-14,1.0911077693994332e-15
A75,421696.5034285921,3.7021880526836873e-14,1.0882646150120382e-15
A75,427809.0819876481,3.686802867969954e-14,1.0855059318563233e-15
A75,434010.2636447541,3.671430017325785e-14,1.082741891846164e-15
A75,440301.3327202518,3.6560646868025326e-14,1.0800630865173955e-15
A75,446683.5921509737,3.640702058792903e-14,1.0773758596153943e-15
A75,453158.3637600925,3.6253373127894537e-14,1.0747747228023959e-15
A75,459726.9885308831,3.609965626261585e-14,1.072162072675608e-15
A75,466390.82688445173,3.5945821756566576e-14,1.069636457867019e-15
A75,473151.25896149175,3.5791821375345937e-14,1.0670962115123326e-15
A75,480009.68490812305,3.563760689825595e-14,1.0646440329487062e-15
A75,486967.5251658748,3.548313013238009e-14,1.0621740791673728e-15
A75,494026.2207658717,3.532834292803051e-14,1.0597933098103697e-15
A75,501187.2336272844,3.5173197195688864e-14,1.057391597757479e-15
A75,508452.0468601062,3.501764492448706e-14,1.0550802672840995e-15
A75,515822.1650723182,3.486163820222785e-14,1.0527448050968423e-15
A75,523299.11468150746,3.4705129237050447e-14,1.0505009979102126e-15
A75,530884.4442310013,3.454807038079004e-14,1.0482298514141526e-15
A75,538579.7247105851,3.43904141539322e-14,1.0460517046720987e-15
A75,546386.5498818677,3.423211327242694e-14,1.0438429961659887e-15
A75,554306.5366083643,3.407312067622198e-14,1.0417286978177953e-15
A75,562341.3251903631,3.391338955963971e-14,1.039580604934679e-15
A75,570492.5797046463,3.375287340358038e-14,1.0375283917723096e-15
A75,578761.9883491352,3.359152600960626e-14,1.0354391464170067e-15
A75,587151.2637925313,3.3429301535964496e-14,1.0334473021356044e-15
A75,595662.1435290255,3.32661545354963e-14,1.031415189501682e-15
A75,604296.390238148,3.3102039995497647e-14,1.0294820427659423e-15
A75,613055.7921498362,3.293691337956495e-14,1.0275054004231644e-15
A75,621942.1634147919,3.2770730671356997e-14,1.0256293229435688e-15
A75,630957.3444802093,3.2603448420353853e-14,1.0237065400032153e-15
A75,640103.2024709472,3.2435023789565666e-14,1.0218859446164699e-15
A75,649381.631576228,3.226541460518888e-14,1.0200154609651208e-15
A75,658794.5534419408,3.2094579408184774e-14,1.0182487997229234e-15
A75,668343.9175686318,3.192247750776528e-14,1.0164291053253406e-15
A75,678031.7017152634,3.174906903675317e-14,1.0147148675928428e-15
A75,687859.9123088254,3.1574315008730504e-14,1.0129445018625353e-15
A75,697830.5848598845,3.139817737698941e-14,1.0112812124257803e-15
A75,707945.7843841563,3.122061909518103e-14,1.0095587636537807e-15
A75,718207.6058301893,3.1041604179605605e-14,1.0079449808414752e-15
A75,728618.1745132467,3.086109777301569e-14,1.0062690856852788e-15
A75,739179.646555479,3.067906620993371e-14,1.0047033995062844e-15
A75,749894.2093324756,3.049547708326341e-14,1.0030727425260407e-15
A75,760764.0819262902,3.0310299312186486e-14,1.0015537728297285e-15
A75,771791.5155850328,3.012350321111617e-14,9.999670860708401e-16
A75,782978.7941891231,2.993506055965503e-14,9.984934807347274e-16
A75,794328.2347243025,2.974494467332513e-14,9.969495433457508e-16
A75,805842.1877615032,2.955313047498872e-14,9.955199764978882e-16
A75,817523.0379436717,2.9359594566711626e-14,9.940176143785992e-16
A75,829373.2044796505,2.9164315301848776e-14,9.926307846622817e-16
A75,841395.1416452174,2.896727285730954e-14,9.911688701249144e-16
A75,853591.3392913886,2.876844930558402e-14,9.89823499013927e-16
A75,865964.3233600885,2.856782868643805e-14,9.88400950456669e-16
A75,878516.6564072954,2.836539707800616e-14,9.870957806336998e-16
A75,891250.9381337696,2.8161142666986063e-14,9.857115622081734e-16
A75,904169.8059234748,2.7955055817717875e-14,9.844453560146762e-16
A75,917275.9353898044,2.774712913991287e-14,9.830984772741815e-16
A75,930572.0409297242,2.7537357554624084e-14,9.818700152451633e-16
A75,944060.876285949,2.7325738358323824e-14,9.805595307656353e-16
A75,957745.2351172672,2.711227128468178e-14,9.793676102593643e-16
A75,971627.9515771327,2.6896958563786983e-14,9.78092619214016e-16
A75,985711.9009006431,2.667980497849275e-14,9.769360531547553e-16
A75,1000000.0000000274,2.6460817917583842e-14,9.756956988315243e-16
R75,1000.0,7.669874277047798e-14,2.1305206290087226e-15
R75,1014.4952080687361,7.562130768193284e-14,2.1005918766964487e-15
R75,1029.2005271944283,7.45592670926539e-14,2.0710907493603338e-15
R75,1044.1190029805646,7.351240104450917e-14,2.042011137057987e-15
R75,1059.2537251772892,7.248049272215034e-14,2.0133470171351014e-15
R75,1074.6078283213178,7.146332840810835e-14,1.9850924530012012e-15
R75,1090.1844923851281,7.046069743853028e-14,1.9572415928766822e-15
R75,1105.98694343556,6.947239215954937e-14,1.9297886686046415e-15
R75,1122.018454301964,6.849820788427795e-14,1.9027279944321097e-15
R75,1138.2823452540329,6.75379428504147e-14,1.8760539658569596e-15
R75,1154.781984689459,6.659139817845806e-14,1.849761058442319e-15
R75,1171.520789831561,6.565837783051656e-14,1.823843826697629e-15
R75,1188.5022274370194,6.473868856970751e-14,1.798296902925243e-15
R75,1205.7298145138755,6.38321399201359e-14,1.7731149961346958e-15
R75,1223.2071190499328,6.293854412744528e-14,1.7482928909205442e-15
R75,1240.9377607517208,6.205771611993186e-14,1.723825446408939e-15
R75,1258.9254117941684,6.118947347021481e-14,1.6997075951657835e-15
R75,1277.1737975811443,6.033363635745375e-14,1.6759343421747483e-15
R75,1295.686697517021,5.949002753010623e-14,1.6525007637748195e-15
R75,1314.4679457894238,5.865847226921749e-14,1.6294020066689217e-15
R75,1333.5214321633257,5.783879835223437e-14,1.6066332868899759e-15
R75,1352.851102786652,5.703083601733667e-14,1.5841898888393034e-15
R75,1372.4609610075638,5.6234417928277837e-14,1.5620671642803467e-15
R75,1392.3550682035861,5.5449379139728204e-14,1.540260531406052e-15
R75,1412.5375446227565,5.467555706311339e-14,1.5187654738594206e-15
R75,1433.012570236965,5.391279143294049e-14,1.4975775398290917e-15
R75,1453.7843856076643,5.316092427360598e-14,1.4766923410959145e-15
R75,1474.8572927641271,5.241979986667728e-14,1.4561055521559942e-15
R75,1496.235656094436,5.1689264718642173e-14,1.4358129092924788e-15
R75,1517.923903249387,5.0969167529119056e-14,1.4158102097253551e-15
R75,1539.926526059495,5.025935915952113e-14,1.3960933107076749e-15
R75,1562.2480814652934,4.955969260216837e-14,1.3766581287013842e-15
R75,1584.8931924611168,4.8870022949841125e-14,1.357500638497259e-15
R75,1607.866549052564,4.819020736576846e-14,1.3386168724160889e-15
R75,1631.1729092278417,4.7520105054045267e-14,1.3200029194515703e-15
R75,1654.817099943185,4.685957723047235e-14,1.3016549244961946e-15
R75,1678.804018122564,4.620848709381278e-14,1.2835690875063953e-15
R75,1703.1386316718808,4.5566699797459315e-14,1.2657416627524937e-15
R75,1727.8259805078674,4.493408242150649e-14,1.248168958005407e-15
R75,1752.871177601897,4.431050394522125e-14,1.2308473338100202e-15
R75,1778.2794100389272,4.369583521990807e-14,1.2137732026927976e-15
R75,1804.0559400917907,4.308994894216072e-14,1.1969430284579942e-15
R75,1830.2061063110607,4.249271962749636e-14,1.180353325415465e-15
R75,1856.735324630711,4.1904023584367236e-14,1.164000657699167e-15
R75,1883.6490894898054,4.132373888854234e-14,1.1478816385145356e-15
R75,1910.9529749704457,4.0751745357856303e-14,1.1319929294786816e-15
R75,1938.6526359522127,4.018792452731841e-14,1.116331239886736e-15
R75,1966.7538092833438,3.963215962457736e-14,1.1008933260731847e-15
R75,1995.2623149688852,3.9084335545736844e-14,1.0856759906965698e-15
R75,2024.1840573760674,3.8544338831516344e-14,1.0706760821214495e-15
R75,2053.525026457152,3.8012057643752797e-14,1.0558904937208467e-15
R75,2083.291298990005,3.748738174223785e-14,1.0413161632783292e-15
R75,2113.489039836653,3.6970202461886094e-14,1.026950072307623e-15
R75,2144.1245032200786,3.646041269022971e-14,1.0127892454743276e-15
R75,2175.2040340195294,3.5957906845234285e-14,9.988307499321197e-16
R75,2206.7340690845967,3.546258085343202e-14,9.850716947636266e-16
R75,2238.7211385683468,3.497433212836707e-14,9.71509230332677e-16
R75,2271.171867279773,3.449305954934908e-14,9.581405477438642e-16
R75,2304.0929760558533,3.401866344050996e-14,9.449628782103012e-16
R75,2337.4912831534966,3.3551045550160425e-14,9.319734925314399e-16
R75,2371.3737056616637,3.3090109030440906e-14,9.191697004757973e-16
R75,2405.7472609339593,3.263575841726373e-14,9.065488502765984e-16
R75,2440.619068041989,3.2187899610541383e-14,8.941083280289624e-16
R75,2475.9963492497827,3.1746439854697824e-14,8.818455572029564e-16
R75,2511.8864315095893,3.131128771945778e-14,8.697579980547379e-16
R75,2548.296747979356,3.0882353080910796e-14,8.578431471566157e-16
R75,2585.2348395622007,3.045954710284575e-14,8.460985368216605e-16
R75,2622.7083564682007,3.004278221835198e-14,8.34521734650388e-16
R75,2660.7250597988204,2.963197211168362e-14,8.231103429683529e-16
R75,2699.2928231543046,2.922703170038262e-14,8.11861998389091e-16
R75,2738.4196342643727,2.882787711765744e-14,8.007743712642134e-16
R75,2778.1135966425472,2.843442569501358e-14,7.898451652622605e-16
R75,2818.382931264466,2.8046595945132145e-14,7.790721168308397e-16
R75,2859.235978270519,2.7664307544993082e-14,7.684529947910362e-16
R75,2900.6811986931666,2.7287481319239527e-14,7.579855998111427e-16
R75,2942.727176209295,2.691603922377995e-14,7.47667764016306e-16
R75,2985.382618917973,2.654990432962444e-14,7.374973504734042e-16
R75,3028.6563611439774,2.618900080695216e-14,7.274722528156104e-16
R75,3072.5573652674607,2.5833253909406153e-14,7.175903947379835e-16
R75,3117.0947235801405,2.5482589958612734e-14,7.078497296366409e-16
R75,3162.277660168394,2.5136936328922156e-14,6.982482401146459e-16
R75,3208.115532823651,2.4796221432367052e-14,6.887839376354986e-16
R75,3254.617834980474,2.4460374703835974e-14,6.79454862038891e-16
R75,3301.7941976827356,2.412932658645878e-14,6.702590812082493e-16
R75,3349.6543915782927,2.3803008517200602e-14,6.611946905959393e-16
R75,3398.208328942576,2.348135291266212e-14,6.522598129045955e-16
R75,3447.4660657315108,2.3164293155082146e-14,6.434525976213838e-16
R75,3497.437803664196,2.2851763578540623e-14,6.347712207128466e-16
R75,3548.133892335772,2.254369945535861e-14,6.26213884167833e-16
R75,3599.564831360914,2.224003698269268e-14,6.177788157056271e-16
R75,3651.7412725483955,2.194071326932055e-14,6.094642683271434e-16
R75,3704.674022107176,2.1645666322615975e-14,6.012685200361103e-16
R75,3758.3740428844612,2.1354835035709422e-14,5.931898733981566e-16
R75,3812.8524566362084,2.1068159174832335e-14,5.852266552748227e-16
R75,3868.1205463305423,2.0785579366842084e-14,5.773772163901575e-16
R75,3924.189758484557,2.0507037086925318e-14,5.696399310773547e-16
R75,3981.071705534994,2.0232474646476992e-14,5.620131968524914e-16
R75,4038.7781682432824,1.996183518115248e-14,5.544954341735907e-16
R75,4097.321098135438,1.9695062639090446e-14,5.470850860211278e-16
R75,4156.712619977334,1.9432101769304058e-14,5.397806176693394e-16
R75,4216.965034285847,1.9172898110238008e-14,5.325805162731419e-16
R75,4278.0908198764055,1.891739797848891e-14,5.254832906515013e-16
R75,4340.102636447464,1.8665548457687222e-14,5.184874708804086e-16
R75,4403.01332720244,1.841729738753753e-14,5.115916080881525e-16
R75,4466.835921509658,1.8172593353015892e-14,5.047942740539929e-16
R75,4531.583637600846,1.793138567372119e-14,4.980940610151874e-16
R75,4597.26988530875,1.7693624393378827e-14,4.914895812710095e-16
R75,4663.908268844436,1.7459260269494344e-14,4.849794670013892e-16
R75,4731.512589614835,1.7228244763154797e-14,4.785623698759279e-16
R75,4800.0968490811465,1.700053002897594e-14,4.722369608840199e-16
R75,4869.675251658663,1.6776068905193068e-14,4.660019299485293e-16
R75,4940.26220765863,1.6554814903893307e-14,4.598559857672648e-16
R75,5011.872336272756,1.6336722201387647e-14,4.537978554309751e-16
R75,5084.520468600972,1.6121745628720305e-14,4.478262842760705e-16
R75,5158.2216507230905,1.5909840662313952e-14,4.4194003550659965e-16
R75,5232.991146814981,1.5700963414748486e-14,4.3613789005812205e-16
R75,5308.844442309919,1.5495070625671425e-14,4.304186462233207e-16
R75,5385.797247105755,1.5292119652838415e-14,4.247811195269378e-16
R75,5463.865498818579,1.5092068463281622e-14,4.1922414235469787e-16
R75,5543.065366083543,1.489487562460427e-14,4.137465638392194e-16
R75,5623.413251903529,1.4700500296399694e-14,4.0834724949191754e-16
R75,5704.92579704636,1.4508902221792843e-14,4.030250810998259e-16
R75,5787.619883491247,1.4320041719102808e-14,3.9777895636014255e-16
R75,5871.512637925207,1.4133879673624326e-14,3.926077887879085e-16
R75,5956.621435290147,1.3950377529526775e-14,3.8751050735286227e-16
R75,6042.963902381372,1.3769497281868957e-14,3.8248605639793045e-16
R75,6130.557921498252,1.3591201468727875e-14,3.7753339527805836e-16
R75,6219.421634147808,1.3415453163440094e-14,3.7265149828947516e-16
R75,6309.573444801979,1.3242215966953857e-14,3.678393543101743e-16
R75,6401.032024709357,1.3071454000290504e-14,3.630959667399229e-16
R75,6493.816315762163,1.2903131897113662e-14,3.58420353142059e-16
R75,6587.945534419289,1.2737214796404483e-14,3.538115451942339e-16
R75,6683.439175686198,1.2573668335241745e-14,3.4926858833119494e-16
R75,6780.317017152512,1.241245864168478e-14,3.4479054170625287e-16
R75,6878.59912308813,1.2253552327758489e-14,3.4037647783471473e-16
R75,6978.3058485987185,1.2096916482538245e-14,3.3602548256609154e-16
R75,7079.4578438414355,1.1942518665333847e-14,3.3173665472783786e-16
R75,7182.076058301764,1.1790326898970722e-14,3.275091061083214e-16
R75,7286.181745132336,1.1640309663167115e-14,3.233419611005308e-16
R75,7391.796465554657,1.1492435888006056e-14,3.192343566958368e-16
R75,7498.94209332462,1.1346674947500396e-14,3.1518544212732957e-16
R75,7607.640819262764,1.1202996653249972e-14,3.111943788744098e-16
R75,7717.915155850188,1.1061371248189272e-14,3.072603403054151e-16
R75,7829.787941891089,1.0921769400424466e-14,3.0338251169309243e-16
R75,7943.282347242882,1.078416219715856e-14,2.995600898561659e-16
R75,8058.421877614886,1.0648521138703238e-14,2.9579228318575876e-16
R75,8175.23037943657,1.0514818132576364e-14,2.920783112855492e-16
R75,8293.732044796356,1.0383025487683734e-14,2.884174050092202e-16
R75,8413.951416452024,1.0253115908584035e-14,2.848088060988465e-16
R75,8535.913392913733,1.0125062489835681e-14,2.812517672334649e-16
R75,8659.64323360073,9.99883871042449e-15,2.777455516653309e-16
R75,8785.166564072795,9.874418428270902e-15,2.742894332797115e-16
R75,8912.509381337535,9.751775874815748e-15,2.7088269622864616e-16
R75,9041.698059234586,9.630885649683364e-15,2.6752463500207945e-16
R75,9172.75935389788,9.51172271542085e-15,2.642145540587515e-16
R75,9305.720409297075,9.3942623923127e-15,2.6095176790880183e-16
R75,9440.608762859321,9.278480353269349e-15,2.5773560074141297e-16
R75,9577.452351172502,9.164352618788814e-15,2.5456538651902435e-16
R75,9716.279515771153,9.051855551990372e-15,2.5144046860134593e-16
R75,9857.119009006256,8.940965853719057e-15,2.4836019985133963e-16
R75,10000.000000000096,8.831660557720267e-15,2.4532394225520817e-16
R75,10144.952080687459,8.723917025883204e-15,2.4233106704031975e-16
R75,10292.005271944381,8.617712943552372e-15,2.393809542907671e-16
R75,10441.190029805744,8.513026314905906e-15,2.364729930774209e-16
R75,10592.537251772992,8.409835458400175e-15,2.3360658106865403e-16
R75,10746.07828321328,8.308119002279186e-15,2.3078112467272327e-16
R75,10901.844923851384,8.207855880148415e-15,2.2799603864323594e-16
R75,11059.869434355705,8.109025326611715e-15,2.252507462340835e-16
R75,11220.184543019746,8.011606872970602e-15,2.22544678799217e-16
R75,11382.823452540435,7.915580342985054e-15,2.198772759603676e-16
R75,11547.819846894698,7.820925848694737e-15,2.1724798520069087e-16
R75,11715.207898315717,7.727623786300139e-15,2.1465626204552444e-16
R75,11885.022274370305,7.635654832102325e-15,2.1210156964945102e-16
R75,12057.298145138866,7.544999938500955e-15,2.095833789903598e-16
R75,12232.07119049944,7.455640330049214e-15,2.0710116844946445e-16
R75,12409.377607517323,7.367557499565329e-15,2.046544240189534e-16
R75,12589.254117941802,7.280733204299545e-15,2.0224263887448802e-16
R75,12771.737975811562,7.195149462155841e-15,1.9986531359674616e-16
R75,12956.86697517033,7.110788547967786e-15,1.9752195573590834e-16
R75,13144.679457894359,7.027632989827324e-15,1.9521208004741968e-16
R75,13335.21432163338,6.945665565466351e-15,1.9293520804795759e-16
R75,13528.511027866647,6.864869298689704e-15,1.9069086826575987e-16
R75,13724.609610075766,6.785227455859268e-15,1.8847859578754668e-16
R75,13923.55068203599,6.7067235424283075e-15,1.862979325237846e-16
R75,14125.375446227694,6.629341299525267e-15,1.8414842674602485e-16
R75,14330.125702369782,6.553064700586414e-15,1.8202963336748787e-16
R75,14537.843856076775,6.477877948036606e-15,1.7994111347026444e-16
R75,14748.572927641406,6.403765470017409e-15,1.7788243460162948e-16
R75,14962.356560944498,6.330711917162099e-15,1.758531702905314e-16
R75,15179.239032494008,6.258702159416627e-15,1.7385290036007125e-16
R75,15399.26526059509,6.1877212829059885e-15,1.718812104326824e-16
R75,15622.480814653076,6.117754586845526e-15,1.6993769225923541e-16
R75,15848.931924611312,6.048787580496168e-15,1.68021943212294e-16
R75,16078.665490525787,5.980805980163306e-15,1.66133566632326e-16
R75,16311.729092278567,5.9137957062384816e-15,1.642721713084007e-16
R75,16548.170999432,5.847742880283376e-15,1.6243737184201771e-16
R75,16788.040181225795,5.782633822155482e-15,1.6062878811458268e-16
R75,17031.386316718967,5.718455047174755e-15,1.5884604566939286e-16
R75,17278.259805078833,5.655193263330863e-15,1.570887751652073e-16
R75,17528.711776019132,5.592835368530235e-15,1.5535661277695673e-16
R75,17782.794100389434,5.531368447882545e-15,1.5364919963469541e-16
R75,18040.55940091807,5.470779771025859e-15,1.5196618224363495e-16
R75,18302.061063110774,5.4110567894900825e-15,1.5030721190773746e-16
R75,18567.35324630728,5.35218713409804e-15,1.4867194516970484e-16
R75,18836.49089489823,5.294158612403754e-15,1.4706004321844697e-16
R75,19109.529749704634,5.236959206167151e-15,1.454711723496851e-16
R75,19386.526359522308,5.180577068865075e-15,1.4390500335649828e-16
R75,19667.538092833624,5.125000523237688e-15,1.423612120112428e-16
R75,19952.62314968904,5.070218058870034e-15,1.4083947843834217e-16
R75,20241.840573760863,5.016218329808104e-15,1.3933948761825827e-16
R75,20535.250264571714,4.962990152208995e-15,1.3786092874166116e-16
R75,20832.91298990025,4.910522502024544e-15,1.364034957362215e-16
R75,21134.890398366733,4.858804512718267e-15,1.3496688660126233e-16
R75,21441.245032200994,4.807825473014661e-15,1.3355080395818648e-16
R75,21752.0403401955,4.757574824680861e-15,1.3215495436466825e-16
R75,22067.340690846177,4.708042160339951e-15,1.3077904888957462e-16
R75,22387.21138568368,4.6592172213153756e-15,1.2942280240571523e-16
R75,22711.718672797946,4.611089895506375e-15,1.2808593419015458e-16
R75,23040.929760558753,4.563650215293585e-15,1.2676816719450474e-16
R75,23374.912831535188,4.5168883554747225e-15,1.2546922867157033e-16
R75,23713.73705661686,4.470794631229583e-15,1.241888494221189e-16
R75,24057.47260933982,4.425359496114285e-15,1.229267644488515e-16
R75,24406.19068042012,4.380573540084039e-15,1.2168271217853893e-16
R75,24759.96349249806,4.336427487544344e-15,1.204564351443638e-16
R75,25118.864315096132,4.292912195429734e-15,1.192476791822606e-16
R75,25482.967479793802,4.2500186513102875e-15,1.1805619414272317e-16
R75,25852.34839562225,4.207737971525004e-15,1.1688173306013938e-16
R75,26227.083564682252,4.166061399341905e-15,1.157240528952159e-16
R75,26607.25059798845,4.124980303144418e-15,1.1458291367603926e-16
R75,26992.928231543297,4.084486174643635e-15,1.1345807927232928e-16
R75,27384.19634264398,4.044570627116243e-15,1.1234931650690162e-16
R75,27781.13596642573,4.0052253936674245e-15,1.1125639596302326e-16
R75,28183.82931264492,3.966442325518755e-15,1.1017909106488845e-16
R75,28592.359782705455,3.928213390320479e-15,1.0911717891941757e-16
R75,29006.811986931934,3.890530670487898e-15,1.0807043936429275e-16
R75,29427.271762093224,3.853386361561594e-15,1.0703865584560753e-16
R75,29853.82618918001,3.81677277059095e-15,1.0602161443194496e-16
R75,30286.56361144006,3.780682314540938e-15,1.0501910472935396e-16
R75,30725.573652674895,3.745107518721498e-15,1.0403091885988293e-16
R75,31170.947235801697,3.710041015239465e-15,1.0305685241543325e-16
R75,31622.77660168424,3.675475541472633e-15,1.0209670339908601e-16
R75,32081.155328236815,3.6414039385654585e-15,1.0115027321946373e-16
R75,32546.17834980505,3.6078191499464976e-15,1.0021736559310613e-16
R75,33017.94197682767,3.57471421986678e-15,9.929778758105914e-17
R75,33496.543915783244,3.5420822919592963e-15,9.83913484504681e-17
R75,33982.08328942608,3.509916607818828e-15,9.74978607551988e-17
R75,34474.660657315435,3.4782105056022887e-15,9.661713915473376e-17
R75,34974.378036642294,3.446957418648887e-15,9.574900154072193e-17
R75,35481.33892335806,3.4161508741201455e-15,9.489326781116695e-17
R75,35995.64831360948,3.3857844916592344e-15,9.40497610449006e-17
R75,36517.412725484304,3.3558519820695008e-15,9.321830622895609e-17
R75,37046.74022107211,3.326347146011926e-15,9.239873148306166e-17
R75,37583.74042884497,3.2972638727210968e-15,9.159086673798871e-17
R75,38128.524566362445,3.2685961387396056e-15,9.07945450122682e-17
R75,38681.205463305785,3.240338006670485e-15,9.000960103919628e-17
R75,39241.89758484594,3.2124836239474685e-15,8.923587259809034e-17
R75,39810.71705535032,3.1850272216228254e-15,8.847319908751689e-17
R75,40387.781682433204,3.1579631131725504e-15,8.772142291352735e-17
R75,40973.210981354765,3.1312856933185343e-15,8.698038800655089e-17
R75,41567.12619977373,3.104989436867641e-15,8.62499412691726e-17
R75,42169.65034285886,3.079068897567343e-15,8.552993103400961e-17
R75,42780.90819876445,3.0535187069776946e-15,8.48202085737288e-17
R75,43401.026364475045,3.0283335733594077e-15,8.412062649708453e-17
R75,44030.13327202482,3.0035082805778896e-15,8.343104032401656e-17
R75,44668.359215097,2.9790376870227995e-15,8.275130681688644e-17
R75,45315.836376008876,2.9549167245432007e-15,8.208128562363967e-17
R75,45972.698853087924,2.931140397397749e-15,8.14208375411309e-17
R75,46639.08268844478,2.9077037812200637e-15,8.076982622949103e-17
R75,47315.12589614878,2.8846020219987053e-15,8.01281164042695e-17
R75,48000.9684908119,2.8618303350718685e-15,7.949557562531264e-17
R75,48696.75251658707,2.8393840041363015e-15,7.887207241428526e-17
R75,49402.62207658675,2.8172583802705156e-15,7.825747812153943e-17
R75,50118.72336272801,2.7954488809718217e-15,7.765166496539923e-17
R75,50845.20468601018,2.7739509892072384e-15,7.705450798068315e-17
R75,51582.21650723137,2.752760252477843e-15,7.64658829759503e-17
R75,52329.91146815029,2.7318722818965778e-15,7.58856685675306e-17
R75,53088.444423099674,2.7112827512792062e-15,7.531374405073553e-17
R75,53857.97247105804,2.690987396247897e-15,7.474999152346245e-17
R75,54638.654988186296,2.670982013349132e-15,7.419429366714243e-17
R75,55430.653660835946,2.651262459181348e-15,7.364653596416687e-17
R75,56234.13251903581,2.631824649537813e-15,7.310660438424439e-17
R75,57049.25797046412,2.6126645585604264e-15,7.257438770012711e-17
R75,57876.198834913,2.593778217905775e-15,7.204977507459016e-17
R75,58715.12637925261,2.5751617159232042e-15,7.153265847929785e-17
R75,59566.21435290201,2.556811196844548e-15,7.102293017753537e-17
R75,60429.63902381426,2.538722859985477e-15,7.052048525114921e-17
R75,61305.57921498307,2.5208929589582387e-15,7.002521897388534e-17
R75,62194.216341478634,2.5033178008956453e-15,6.953702945166451e-17
R75,63095.73444802036,2.485993745686119e-15,6.905581488109223e-17
R75,64010.32024709414,2.4689172052196776e-15,6.858147630860855e-17
R75,64938.163157622206,2.4520846426447013e-15,6.811391476844853e-17
R75,65879.45534419348,2.4354925716352925e-15,6.765303416650491e-17
R75,66834.39175686258,2.4191375556690974e-15,6.719873829171099e-17
R75,67803.17017152572,2.4030162073154354e-15,6.675093383076773e-17
R75,68785.99123088192,2.3871251875336235e-15,6.630952724660175e-17
R75,69783.05848598781,2.3714612049812668e-15,6.587442793043951e-17
R75,70794.57843841499,2.35602101533246e-15,6.544554494065198e-17
R75,71820.76058301827,2.340801420605729e-15,6.502279029900986e-17
R75,72861.81745132401,2.3257992685015313e-15,6.4606075582868e-17
R75,73917.96465554723,2.3110114517492346e-15,6.419531537280299e-17
R75,74989.42093324687,2.2964349074634478e-15,6.379042369071375e-17
R75,76076.40819262833,2.2820666165094564e-15,6.339131760643312e-17
R75,77179.15155850258,2.2679036028777947e-15,6.299791351391821e-17
R75,78297.8794189116,2.2539429330677266e-15,6.261013090484339e-17
R75,79432.82347242955,2.240181715479493e-15,6.222788847463056e-17
R75,80584.2187761496,2.226617099815247e-15,6.185110807146247e-17
R75,81752.30379436645,2.2132462764885802e-15,6.147971062345961e-17
R75,82937.32044796432,2.2000664760424053e-15,6.111362027201444e-17
R75,84139.51416452101,2.1870749685751868e-15,6.075276011094602e-17
R75,85359.13392913812,2.174269063175359e-15,6.039705651354332e-17
R75,86596.43233600809,2.1616461073638006e-15,6.004643467403057e-17
R75,87851.66564072875,2.1492034865442525e-15,5.970082313821929e-17
R75,89125.09381337615,2.1369386234616083e-15,5.936014913709165e-17
R75,90416.98059234666,2.1248489776678964e-15,5.902434333150467e-17
R75,91727.5935389796,2.1129320449959175e-15,5.869333492713997e-17
R75,93057.20409297157,2.101185357037674e-15,5.836705664433268e-17
R75,94406.08762859405,2.089606480643541e-15,5.804543960295194e-17
R75,95774.52351172586,2.0781930174021542e-15,5.772841852868896e-17
R75,97162.79515771239,2.0669426031540067e-15,5.741592639664454e-17
R75,98571.19009006342,2.0558529074988987e-15,5.710789988629215e-17
R75,100000.00000000183,2.0449216333130247e-15,5.680427377008788e-17
R75,101449.52080687547,2.0341465162729103e-15,5.650498663079235e-17
R75,102920.0527194447,2.0235253243861448e-15,5.620997498207693e-17
R75,104411.90029805835,2.013055857528838e-15,5.591917926140168e-17
R75,105925.37251773084,2.0027359469896147e-15,5.563253766869432e-17
R75,107460.78283213373,1.992563455020167e-15,5.534999244919853e-17
R75,109018.44923851478,1.982536274392114e-15,5.5071483435396877e-17
R75,110598.694343558,1.972652327960307e-15,5.479695463504293e-17
R75,112201.84543019843,1.962909568232211e-15,5.452634746067679e-17
R75,113828.23452540534,1.953305976943545e-15,5.425960763890018e-17
R75,115478.19846894799,1.943839564639865e-15,5.39966781109658e-17
R75,117152.0789831582,1.9345083702641835e-15,5.373750628024823e-17
R75,118850.22274370409,1.9253104607503736e-15,5.348203656646737e-17
R75,120572.98145138971,1.91624393062246e-15,5.323021800925534e-17
R75,122320.71190499548,1.9073069015995184e-15,5.298199645760344e-17
R75,124093.77607517432,1.898497522206255e-15,5.273732254842254e-17
R75,125892.54117941913,1.8898139673890884e-15,5.249614351177632e-17
R75,127717.37975811675,1.8812544381377277e-15,5.2258411544391495e-17
R75,129568.66975170444,1.8728171611121117e-15,5.2024075210152673e-17
R75,131446.79457894477,1.8645003882746205e-15,5.1793088229634404e-17
R75,133352.14321633498,1.856302396527576e-15,5.1565400454185497e-17
R75,135285.11027866765,1.8482214873558424e-15,5.134096709373924e-17
R75,137246.09610075885,1.840255986474523e-15,5.1119739241597196e-17
R75,139235.5068203611,1.832404243481667e-15,5.090167356403495e-17
R75,141253.75446227816,1.8246646315156123e-15,5.0686722351570905e-17
R75,143301.25702369906,1.8170355469185717e-15,5.0474843695224235e-17
R75,145378.43856076902,1.8095154089022656e-15,5.0265991038798216e-17
R75,147485.72927641534,1.802102659221022e-15,5.006012386791638e-17
R75,149623.56560944626,1.7947957618481235e-15,4.9857196736357977e-17
R75,151792.39032494137,1.7875932026570817e-15,4.965717049563796e-17
R75,153992.6526059522,1.7804934891073345e-15,4.946000076687481e-17
R75,156224.80814653207,1.7734951499344695e-15,4.9265649740176216e-17
R75,158489.31924611444,1.7665967348448139e-15,4.90740740619474e-17
R75,160786.6549052592,1.7597968142125986e-15,4.888523723502715e-17
R75,163117.290922787,1.7530939787900356e-15,4.86990968896155e-17
R75,165481.70999432137,1.7464868394043393e-15,4.8515617816643896e-17
R75,167880.4018122593,1.7399740266761103e-15,4.833475858909623e-17
R75,170313.86316719104,1.7335541907332018e-15,4.815648526318817e-17
R75,172782.59805078973,1.7272260009303185e-15,4.798075731396871e-17
R75,175287.11776019275,1.7209881455725356e-15,4.7807542041204795e-17
R75,177827.9410038958,1.714839331641729e-15,4.7636799781781265e-17
R75,180405.5940091822,1.7087782845320888e-15,4.7468499058704695e-17
R75,183020.61063110924,1.7028037477788376e-15,4.730260103094616e-17
R75,185673.5324630743,1.6969144828012926e-15,4.713907542593499e-17
R75,188364.90894898382,1.6911092686442803e-15,4.6977884184987536e-17
R75,191095.2974970479,1.6853869017242497e-15,4.6818998222584816e-17
R75,193865.26359522465,1.6797461955786737e-15,4.666238022294649e-17
R75,196675.3809283378,1.6741859806201863e-15,4.6508002271630585e-17
R75,199526.231496892,1.6687051038921537e-15,4.635582775651169e-17
R75,202418.40573761027,1.6633024288290166e-15,4.620582991970627e-17
R75,205352.50264571878,1.6579768350199964e-15,4.6057972813518874e-17
R75,208329.12989900415,1.652727217975138e-15,4.5912230823613866e-17
R75,211348.90398366898,1.6475524888974676e-15,4.576856862755254e-17
R75,214412.4503220116,1.6424515744529962e-15,4.56269617429404e-17
R75,217520.40340195672,1.6374234165492361e-15,4.5487375433388076e-17
R75,220673.4069084635,1.6324669721125885e-15,4.534978633849244e-17
R75,223872.11385683858,1.6275812128772365e-15,4.521416026859107e-17
R75,227117.18672798126,1.6227651251607164e-15,4.50804749765992e-17
R75,230409.29760558935,1.6180177096609253e-15,4.4948696780127565e-17
R75,233749.12831535374,1.613337981242631e-15,4.4818804538649934e-17
R75,237137.3705661705,1.6087249687350274e-15,4.469076503723358e-17
R75,240574.72609340012,1.6041777147268703e-15,4.4564558236542974e-17
R75,244061.90680420317,1.5996952753667852e-15,4.444015134903853e-17
R75,247599.6349249826,1.5952767201689858e-15,4.4317525432820313e-17
R75,251188.64315096333,1.5909211318140338e-15,4.4196648087429244e-17
R75,254829.67479794007,1.586627605958765e-15,4.40775014663761e-17
R75,258523.48395622458,1.582395251051624e-15,4.3960053515324906e-17
R75,262270.8356468246,1.578223188139468e-15,4.384428748273568e-17
R75,266072.5059798866,1.5741105506862088e-15,4.3730171619039625e-17
R75,269929.2823154351,1.5700564843918357e-15,4.36176902692851e-17
R75,273841.963426442,1.5660601470133821e-15,4.350681194648279e-17
R75,277811.35966425954,1.562120708186638e-15,4.33975220954336e-17
R75,281838.2931264515,1.5582373492561534e-15,4.3289789449024246e-17
R75,285923.5978270569,1.5544092630977642e-15,4.318360055687697e-17
R75,290068.1198693217,1.5506356539525953e-15,4.3078924328152803e-17
R75,294272.71762093465,1.5469157372594951e-15,4.2975748424530627e-17
R75,298538.26189180254,1.5432487394872517e-15,4.287404188680787e-17
R75,302865.6361144031,1.5396338979803021e-15,4.277379349762042e-17
R75,307255.7365267515,1.5360704607857043e-15,4.267497238418745e-17
R75,311709.4723580195,1.5325576865042321e-15,4.2577568461247487e-17
R75,316227.76601684495,1.5290948441282052e-15,4.248155089566096e-17
R75,320811.55328237073,1.5256812128946322e-15,4.238691074753665e-17
R75,325461.78349805315,1.522316082122666e-15,4.229361717568971e-17
R75,330179.4197682794,1.5189987510739608e-15,4.2201662401038986e-17
R75,334965.4391578352,1.5157285287955407e-15,4.211101552527146e-17
R75,339820.8328942636,1.5125047339788095e-15,4.202166994793917e-17
R75,344746.6065731572,1.5093266948142945e-15,4.1933594663003075e-17
R75,349743.7803664258,1.5061937488452984e-15,4.184678426885273e-17
R75,354813.3892335835,1.5031052428372431e-15,4.1761207599654953e-17
R75,359956.4831360978,1.5000605326251418e-15,4.167686047526784e-17
R75,365174.12725484604,1.4970589829857428e-15,4.1593711516199866e-17
R75,370467.4022107242,1.4940999674996253e-15,4.1511757789450476e-17
R75,375837.4042884528,1.4911828684150348e-15,4.1430967646010974e-17
R75,381285.24566362763,1.4883070765253005e-15,4.13513394278656e-17
R75,386812.0546330611,1.4854719910248515e-15,4.127284115923397e-17
R75,392418.97584846267,1.4826770193879252e-15,4.1195472488023e-17
R75,398107.17055350647,1.4799215772451704e-15,4.111920105178195e-17
R75,403877.8168243354,1.477205088248663e-15,4.104402783819607e-17
R75,409732.109813551,1.474526983957301e-15,4.096992003618372e-17
R75,415671.2619977407,1.4718867037071198e-15,4.089688001041674e-17
R75,421696.5034285921,1.4692836944910283e-15,4.082487443650409e-17
R75,427809.0819876481,1.4667174108478221e-15,4.075390709644038e-17
R75,434010.2636447541,1.4641873147319217e-15,4.0683944085674664e-17
R75,440301.3327202518,1.4616928754028024e-15,4.0614990647169355e-17
R75,446683.5921509737,1.4592335693098003e-15,4.0547012226191855e-17
R75,453158.3637600925,1.4568088799754874e-15,4.048001557410559e-17
R75,459726.9885308831,1.454418297887871e-15,4.041396541315427e-17
R75,466390.82688445173,1.452061320379052e-15,4.034887005421024e-17
R75,473151.25896149175,1.4497374515292215e-15,4.02846934203579e-17
R75,480009.68490812305,1.447446202042634e-15,4.022144543716785e-17
R75,486967.5251658748,1.4451870891488288e-15,4.0159089148898376e-17
R75,494026.2207658717,1.4429596364943072e-15,4.0097636155277004e-17
R75,501187.2336272844,1.4407633740370966e-15,4.003704853861612e-17
R75,508452.0468601062,1.43859783793826e-15,3.997733963631987e-17
R75,515822.1650723182,1.4364625704664434e-15,3.991847048171765e-17
R75,523299.11468150746,1.4343571198842678e-15,3.986045621832615e-17
R75,530884.4442310013,1.432281040360768e-15,3.9803256739156685e-17
R75,538579.7247105851,1.4302338918570224e-15,3.974688906709493e-17
R75,546386.5498818677,1.4282152400388575e-15,3.9691311859136644e-17
R75,554306.5366083643,1.4262246561701948e-15,3.963654409583956e-17
R75,562341.3251903631,1.424261717021022e-15,3.958254309795085e-17
R75,570492.5797046463,1.4223260047638654e-15,3.952932988749115e-17
R75,578761.9883491352,1.420417106886414e-15,3.9476860343445264e-17
R75,587151.2637925313,1.4185346160903783e-15,3.9425157618745054e-17
R75,595662.1435290255,1.4166781302025581e-15,3.937417604007076e-17
R75,604296.390238148,1.4148472520738644e-15,3.9323940986627825e-17
R75,613055.7921498362,1.413041589497464e-15,3.927440511647989e-17
R75,621942.1634147919,1.411260755105316e-15,3.922559613693778e-17
R75,630957.3444802093,1.4095043662856415e-15,3.917746491503321e-17
R75,640103.2024709472,1.4077720450914116e-15,3.9130041594654395e-17
R75,649381.631576228,1.4060634181432695e-15,3.9083275123209923e-17
R75,658794.5534419408,1.4043781165514406e-15,3.903719819666568e-17
R75,668343.9175686318,1.4027157758161691e-15,3.899175770735348e-17
R75,678031.7017152634,1.4010760357497344e-15,3.894698902610375e-17
R75,687859.9123088254,1.399458540382073e-15,3.890283684774746e-17
R75,697830.5848598845,1.3978629378769793e-15,3.885933934861016e-17
R75,707945.7843841563,1.3962888804416081e-15,3.881643887580892e-17
R75,718207.6058301893,1.3947360242457336e-15,3.877417655033594e-17
R75,728618.1745132467,1.3932040293343748e-15,3.8732492213339975e-17
R75,739179.646555479,1.3916925595400709e-15,3.869143007801966e-17
R75,749894.2093324756,1.3902012824014278e-15,3.865092731285695e-17
R75,760764.0819262902,1.3887298690747683e-15,3.861103138029789e-17
R75,771791.5155850328,1.3872779942551943e-15,3.857167660027047e-17
R75,782978.7941891231,1.385845336086673e-15,3.853291385109825e-17
R75,794328.2347243025,1.384431576083268e-15,3.8494674418741025e-17
R75,805842.1877615032,1.383036399042727e-15,3.8457012774335355e-17
R75,817523.0379436717,1.3816594929646684e-15,3.841985697432573e-17
R75,829373.2044796505,1.3803005489673062e-15,3.838326527039105e-17
R75,841395.1416452174,1.3789592612016915e-15,3.8347162283109223e-17
R75,853591.3392913886,1.377635326774883e-15,3.831161024394498e-17
R75,865964.3233600885,1.3763284456598477e-15,3.8276530119912656e-17
R75,878516.6564072954,1.3750383206171541e-15,3.824198833351186e-17
R75,891250.9381337696,1.3737646571144253e-15,3.820790196844324e-17
R75,904169.8059234748,1.3725071632370308e-15,3.8174341862170386e-17
R75,917275.9353898044,1.3712655496087801e-15,3.814122097251516e-17
R75,930572.0409297242,1.3700395293066762e-15,3.810861478967769e-17
R75,944060.876285949,1.368828817787616e-15,3.80764318894866e-17
R75,957745.2351172672,1.3676331327878943e-15,3.8044752666429466e-17
R75,971627.9515771327,1.3664521942548494e-15,3.8013481043919495e-17
R75,985711.9009006431,1.365285724256787e-15,3.798270258779622e-17
R75,1000000.0000000274,1.3641334468959957e-15,3.795231628345038e-17
F75S,1000.0,1.3215335924853961e-12,3.6709266011246104e-14
F75S,1014.4952080687361,1.3028071474380271e-12,3.618908700083553e-14
F75S,1029.2005271944283,1.2843482676837419e-12,3.5676340359236795e-14
F75S,1044.1190029805646,1.266153130227006e-12,3.517091989285637e-14
F75S,1059.2537251772892,1.2482179666926127e-12,3.467272092387539e-14
F75S,1074.6078283213178,1.2305390625439524e-12,3.4181640271479766e-14
F75S,1090.1844923851281,1.2131127563256705e-12,3.369757622781433e-14
F75S,1105.98694343556,1.19593543888758e-12,3.322042853946731e-14
F75S,1122.018454301964,1.1790035526591164e-12,3.2750098384270695e-14
F75S,1138.2823452540329,1.1623135908893996e-12,3.2286488353239514e-14
F75S,1154.781984689459,1.1458620969396136e-12,3.1829502427864053e-14
F75S,1171.520789831561,1.1296456635571347e-12,3.1379045963066355e-14
F75S,1188.5022274370194,1.1136609321793625e-12,3.093502566460781e-14
F75S,1205.7298145138755,1.0979045922166172e-12,3.049734957248436e-14
F75S,1223.2071190499328,1.08237338039346e-12,3.006592703933142e-14
F75S,1240.9377607517208,1.067064080055355e-12,2.9640668714499614e-14
F75S,1258.9254117941684,1.0519735205116714e-12,2.922148652237845e-14
F75S,1277.1737975811443,1.0370985763687629e-12,2.880829364735723e-14
F75S,1295.686697517021,1.0224361668941606e-12,2.8401004512649268e-14
F75S,1314.4679457894238,1.0079832553721026e-12,2.7999534765950585e-14
F75S,1333.5214321633257,9.937368484711319e-13,2.7603801258247672e-14
F75S,1352.851102786652,9.796939956362003e-13,2.7213722030618308e-14
F75S,1372.4609610075638,9.658517884666672e-13,2.682921629320927e-14
F75S,1392.3550682035861,9.522073601153162e-13,2.6450204412332346e-14
F75S,1412.5375446227565,9.387578846992776e-13,2.6076607890278097e-14
F75S,1433.012570236965,9.25500576711237e-13,2.5708349352827887e-14
F75S,1453.7843856076643,9.124326904448116e-13,2.5345352529368636e-14
F75S,1474.8572927641271,8.995515194236336e-13,2.498754224103609e-14
F75S,1496.235656094436,8.868543958408929e-13,2.4634844381042862e-14
F75S,1517.923903249387,8.743386900068791e-13,2.4287185903491573e-14
F75S,1539.926526059495,8.620018098105796e-13,2.3944494804252044e-14
F75S,1562.2480814652934,8.498412001702854e-13,2.3606700109901836e-14
F75S,1584.8931924611168,8.37854342513907e-13,2.3273731859027753e-14
F75S,1607.866549052564,8.260387542581903e-13,2.2945521092128605e-14
F75S,1631.1729092278417,8.143919882914114e-13,2.26219998327244e-14
F75S,1654.817099943185,8.029116324569639e-13,2.230310107757502e-14
F75S,1678.804018122564,7.91595309073359e-13,2.1988758778854305e-14
F75S,1703.1386316718808,7.804406744308417e-13,2.1678907834726487e-14
F75S,1727.8259805078674,7.694454183023756e-13,2.1373484070994852e-14
F75S,1752.871177601897,7.586072634709262e-13,2.1072424232819764e-14
F75S,1778.2794100389272,7.479239652577511e-13,2.077566596681556e-14
F75S,1804.0559400917907,7.373933110565473e-13,2.048314781294584e-14
F75S,1830.2061063110607,7.27013119875199e-13,2.0194809186836034e-14
F75S,1856.735324630711,7.167812418823387e-13,1.9910590372249923e-14
F75S,1883.6490894898054,7.066955579647496e-13,1.963043250361836e-14
F75S,1910.9529749704457,6.967539792867475e-13,1.9354277559060736e-14
F75S,1938.6526359522127,6.869544468567774e-13,1.9082068343022725e-14
F75S,1966.7538092833438,6.772949311035219e-13,1.8813748479855046e-14
F75S,1995.2623149688852,6.67773431455471e-13,1.854926239678415e-14
F75S,2024.1840573760674,6.583879759273101e-13,1.8288555317884374e-14
F75S,2053.525026457152,6.491366207044221e-13,1.8031573246847518e-14
F75S,2083.291298990005,6.400174497467778e-13,1.7778262961751616e-14
F75S,2113.489039836653,6.310285743935354e-13,1.752857199837141e-14
F75S,2144.1245032200786,6.221681329702288e-13,1.7282448645028784e-14
F75S,2175.2040340195294,6.134342903958371e-13,1.7039841925735646e-14
F75S,2206.7340690845967,6.048252378161238e-13,1.6800701596076472e-14
F75S,2238.7211385683468,5.963391922193087e-13,1.6564978126396748e-14
F75S,2271.171867279773,5.879743960676878e-13,1.633262269777895e-14
F75S,2304.0929760558533,5.79729116937207e-13,1.6103587185744053e-14
F75S,2337.4912831534966,5.716016471578644e-13,1.587782415665389e-14
F75S,2371.3737056616637,5.635903034566338e-13,1.5655286851269278e-14
F75S,2405.7472609339593,5.556934266116557e-13,1.5435929181764347e-14
F75S,2440.619068041989,5.479093811111854e-13,1.5219705715571565e-14
F75S,2475.9963492497827,5.402365548069671e-13,1.500657167250932e-14
F75S,2511.8864315095893,5.326733585889142e-13,1.479648290890044e-14
F75S,2548.296747979356,5.25218226052629e-13,1.4589395915297767e-14
F75S,2585.2348395622007,5.178696131706736e-13,1.4385267800247026e-14
F75S,2622.7083564682007,5.106259979809523e-13,1.4184056288846751e-14
F75S,2660.7250597988204,5.034858802658439e-13,1.3985719706544552e-14
F75S,2699.2928231543046,4.96447781242201e-13,1.3790216977913511e-14
F75S,2738.4196342643727,4.895102432574626e-13,1.3597507610703942e-14
F75S,2778.1135966425472,4.826718294848109e-13,1.3407551695003949e-14
F75S,2818.382931264466,4.759311236273736e-13,1.3220309887270767e-14
F75S,2859.235978270519,4.692867296243345e-13,1.3035743410027385e-14
F75S,2900.6811986931666,4.627372713618138e-13,1.285381403587901e-14
F75S,2942.727176209295,4.562813923895012e-13,1.267448408770668e-14
F75S,2985.382618917973,4.4991775563484655e-13,1.24977164225299e-14
F75S,3028.6563611439774,4.4364504313423986e-13,1.2323474432368568e-14
F75S,3072.5573652674607,4.3746195574992464e-13,1.215172202792185e-14
F75S,3117.0947235801405,4.3136721291150106e-13,1.1982423639980434e-14
F75S,3162.277660168394,4.25359552341825e-13,1.1815544203077979e-14
F75S,3208.115532823651,4.194377297998152e-13,1.165104915719598e-14
F75S,3254.617834980474,4.1360051882370457e-13,1.148890443169652e-14
F75S,3301.7941976827356,4.07846710475981e-13,1.1329076447306578e-14
F75S,3349.6543915782927,4.021751130882465e-13,1.1171532099778516e-14
F75S,3398.208328942576,3.965845520236068e-13,1.1016238762688683e-14
F75S,3447.4660657315108,3.91073869427538e-13,1.0863164271008966e-14
F75S,3497.437803664196,3.8564192398680913e-13,1.0712276924046146e-14
F75S,3548.133892335772,3.8028759069685567e-13,1.0563545469197035e-14
F75S,3599.564831360914,3.750097606273677e-13,1.0416939105367923e-14
F75S,3651.7412725483955,3.6980734069306685e-13,1.0272427466527721e-14
F75S,3704.674022107176,3.6467925342601053e-13,1.0129980625624984e-14
F75S,3758.3740428844612,3.596244367525059e-13,9.989569077972797e-15
F75S,3812.8524566362084,3.546418437748803e-13,9.851163745751242e-15
F75S,3868.1205463305423,3.4973044255296097e-13,9.714735961258017e-15
F75S,3924.189758484557,3.448892158928395e-13,9.58025747188205e-15
F75S,3981.071705534994,3.4011716113250676e-13,9.447700423097548e-15
F75S,4038.7781682432824,3.3541328993551594e-13,9.317037363955705e-15
F75S,4097.321098135438,3.3077662808944815e-13,9.188241230130622e-15
F75S,4156.712619977334,3.262062152990105e-13,9.061285349689358e-15
F75S,4216.965034285847,3.2170110499111746e-13,8.936143425969177e-15
F75S,4278.0908198764055,3.172603641165272e-13,8.812789543959716e-15
F75S,4340.102636447464,3.128830729588837e-13,8.691198152929769e-15
F75S,4403.01332720244,3.0856832493946416e-13,8.571344073241282e-15
F75S,4466.835921509658,3.0431522643890994e-13,8.453202478998884e-15
F75S,4531.583637600846,3.001228965991369e-13,8.336748905132498e-15
F75S,4597.26988530875,2.9599046715313495e-13,8.221959229871548e-15
F75S,4663.908268844436,2.919170822359469e-13,8.108809682492456e-15
F75S,4731.512589614835,2.8790189821440307e-13,7.997276825404117e-15
F75S,4800.0968490811465,2.83944083507242e-13,7.887337562533408e-15
F75S,4869.675251658663,2.800428184149984e-13,7.77896912100987e-15
F75S,4940.26220765863,2.7619729495089124e-13,7.672149060266384e-15
F75S,5011.872336272756,2.7240671667376936e-13,7.566855253391925e-15
F75S,5084.520468600972,2.6867029851842655e-13,7.463065896622598e-15
F75S,5158.2216507230905,2.649872666406709e-13,7.360759490647156e-15
F75S,5232.991146814981,2.613568582513418e-13,7.259914850608393e-15
F75S,5308.844442309919,2.577783214602678e-13,7.160511086899694e-15
F75S,5385.797247105755,2.5425091512025173e-13,7.062527615939218e-15
F75S,5463.865498818579,2.507739086736092e-13,6.965944140578663e-15
F75S,5543.065366083543,2.4734658200088683e-13,6.870740661449003e-15
F75S,5623.413251903529,2.4396822527202777e-13,6.776897457059585e-15
F75S,5704.92579704636,2.406381387988106e-13,6.68439509570454e-15
F75S,5787.619883491247,2.3735563289162233e-13,6.593214415219596e-15
F75S,5871.512637925207,2.341200277119528e-13,6.503336535392986e-15
F75S,5956.621435290147,2.309306531382354e-13,6.4147428375031e-15
F75S,6042.963902381372,2.277868486221256e-13,6.327414977318544e-15
F75S,6130.557921498252,2.2468796305338015e-13,6.241334864065898e-15
F75S,6219.421634147808,2.2163335462451334e-13,6.156484674213592e-15
F75S,6309.573444801979,2.1862239069892682e-13,6.072846830023603e-15
F75S,6401.032024709357,2.1565444767937232e-13,5.990404013953976e-15
F75S,6493.816315762163,2.127289108775856e-13,5.90913914668011e-15
F75S,6587.945534419289,2.098451743885302e-13,5.829035402239252e-15
F75S,6683.439175686198,2.070026409644193e-13,5.750076185634569e-15
F75S,6780.317017152512,2.0420072189128274e-13,5.672245148585961e-15
F75S,6878.59912308813,2.0143883686635638e-13,5.595526166636986e-15
F75S,6978.3058485987185,1.9871641387840689e-13,5.519903355621399e-15
F75S,7079.4578438414355,1.9603288908883097e-13,5.445361048270169e-15
F75S,7182.076058301764,1.9338770671538094e-13,5.371883811370384e-15
F75S,7286.181745132336,1.9078031891728408e-13,5.299456421887678e-15
F75S,7391.796465554657,1.8821018568114252e-13,5.228063884809096e-15
F75S,7498.94209332462,1.856767747095569e-13,5.1576914086822774e-15
F75S,7607.640819262764,1.8317956130881676e-13,5.088324424189929e-15
F75S,7717.915155850188,1.807180282849071e-13,5.019948559268198e-15
F75S,7829.787941891089,1.782916658311669e-13,4.952549658304767e-15
F75S,7943.282347242882,1.7589997142669103e-13,4.886113756644538e-15
F75S,8058.421877614886,1.7354244973001225e-13,4.820627100668521e-15
F75S,8175.23037943657,1.7121861247658793e-13,4.756076121547425e-15
F75S,8293.732044796356,1.689279783787048e-13,4.692447456221155e-15
F75S,8413.951416452024,1.666700730263654e-13,4.629727920530441e-15
F75S,8535.913392913733,1.6444442878546915e-13,4.5679045308654e-15
F75S,8659.64323360073,1.6225058470593015e-13,4.506964476768322e-15
F75S,8785.166564072795,1.6008808642282978e-13,4.446895143420457e-15
F75S,8912.509381337535,1.5795648606258984e-13,4.38768408339558e-15
F75S,9041.698059234586,1.5585534215222925e-13,4.329319040182332e-15
F75S,9172.75935389788,1.537842195251067e-13,4.271787919125101e-15
F75S,9305.720409297075,1.5174268923382974e-13,4.215078811856926e-15
F75S,9440.608762859321,1.4973032845815582e-13,4.159179966464255e-15
F75S,9577.452351172502,1.477467204198958e-13,4.104079812817128e-15
F75S,9716.279515771153,1.4579145429641938e-13,4.049766932063687e-15
F75S,9857.119009006256,1.4386412513427936e-13,3.9962300827681924e-15
F75S,10000.000000000096,1.4196433376543204e-13,3.943458169585834e-15
F75S,10144.952080687459,1.4009168672699182e-13,3.891440270493642e-15
F75S,10292.005271944381,1.382457961754987e-13,3.840165604485879e-15
F75S,10441.190029805744,1.364262798110528e-13,3.7896235598517024e-15
F75S,10592.537251772992,1.346327607945958e-13,3.739803661031993e-15
F75S,10746.07828321328,1.328648676729624e-13,3.690695597865762e-15
F75S,10901.844923851384,1.3112223429839295e-13,3.642289191520271e-15
F75S,11059.869434355705,1.2940449975603216e-13,3.5945744248109135e-15
F75S,11220.184543019746,1.2771130828743823e-13,3.5475414072494138e-15
F75S,11382.823452540435,1.2604230921724953e-13,3.5011804063456375e-15
F75S,11547.819846894698,1.243971568800578e-13,3.455481811706771e-15
F75S,11715.207898315717,1.2277551055025282e-13,3.4104361674959328e-15
F75S,11885.022274370305,1.211770343699723e-13,3.3660341354783637e-15
F75S,12057.298145138866,1.1960139727989447e-13,3.322266528602377e-15
F75S,12232.07119049944,1.1804827295138518e-13,3.2791242730543163e-15
F75S,12409.377607517323,1.1651733971803243e-13,3.2365984429874447e-15
F75S,12589.254117941802,1.1500828050948279e-13,3.1946802214691048e-15
F75S,12771.737975811562,1.1352078278569547e-13,3.1533609364598524e-15
F75S,12956.86697517033,1.120545384721424e-13,3.1126320206114334e-15
F75S,13144.679457894359,1.1060924389606177e-13,3.072485048503941e-15
F75S,13335.21432163338,1.0918459972361911e-13,3.032911695277224e-15
F75S,13528.511027866647,1.0778031089796599e-13,2.9939037751640276e-15
F75S,13724.609610075766,1.0639608657771654e-13,2.9554531988809094e-15
F75S,13923.55068203599,1.0503164007735938e-13,2.917552013528664e-15
F75S,14125.375446227694,1.0368668880724508e-13,2.880192358704894e-15
F75S,14330.125702369782,1.0236095421546893e-13,2.8433665077852313e-15
F75S,14537.843856076775,1.010541617301245e-13,2.807066822738037e-15
F75S,14748.572927641406,9.976604070238541e-14,2.7712857968228746e-15
F75S,14962.356560944498,9.849632434987814e-14,2.7360160080269316e-15
F75S,15179.239032494008,9.724474970309524e-14,2.701250163290753e-15
F75S,15399.26526059509,9.60110575486573e-14,2.666981050481588e-15
F75S,15622.480814653076,9.479499237759663e-14,2.6332015841554404e-15
F75S,15848.931924611312,9.359630233145071e-14,2.599904756101296e-15
F75S,16078.665490525787,9.241473914998174e-14,2.5670836826201345e-15
F75S,16311.729092278567,9.125005812033421e-14,2.5347315535952977e-15
F75S,16548.170999432,9.01020180264019e-14,2.5028416814082752e-15
F75S,16788.040181225795,8.897038109750259e-14,2.4714074483667847e-15
F75S,17031.386316718967,8.785491296132127e-14,2.4404223573724182e-15
F75S,17278.259805078833,8.675538259343846e-14,2.409879977710858e-15
F75S,17528.711776019132,8.567156227105398e-14,2.3797739974340545e-15
F75S,17782.794100389434,8.460322752424087e-14,2.350098167451476e-15
F75S,18040.55940091807,8.355015709072612e-14,2.3208463557228767e-15
F75S,18302.061063110774,8.251213286932983e-14,2.292012489614924e-15
F75S,18567.35324630728,8.148893987540041e-14,2.2635906119336007e-15
F75S,18836.49089489823,8.048036619533603e-14,2.2355748214509752e-15
F75S,19109.529749704634,7.948620294397452e-14,2.207959330889325e-15
F75S,19386.526359522308,7.850624422063119e-14,2.1807384055561054e-15
F75S,19667.538092833624,7.754028706573335e-14,2.1539064232730744e-15
F75S,19952.62314968904,7.658813142026786e-14,2.127457811112494e-15
F75S,20241.840573760863,7.564958008336327e-14,2.1013871073813334e-15
F75S,20535.250264571714,7.472443867162751e-14,2.0756888962824297e-15
F75S,20832.91298990025,7.381251557935872e-14,2.0503578720858118e-15
F75S,21134.890398366733,7.291362193765041e-14,2.0253887716283574e-15
F75S,21441.245032200994,7.202757157681971e-14,2.0007764407385686e-15
F75S,21752.0403401955,7.115418098716134e-14,1.976515764557606e-15
F75S,22067.340690846177,7.029326927995588e-14,1.9526017361876257e-15
F75S,22387.21138568368,6.944465815242017e-14,1.9290293848216486e-15
F75S,22711.718672797946,6.860817184771e-14,1.905793846714527e-15
F75S,23040.929760558753,6.778363712119262e-14,1.8828902909581028e-15
F75S,23374.912831535188,6.697088320310055e-14,1.860313992962887e-15
F75S,23713.73705661686,6.616974176368641e-14,1.8380602577146113e-15
F75S,24057.47260933982,6.538004687799054e-14,1.8161244958487694e-15
F75S,24406.19068042012,6.460163499197973e-14,1.7945021443577882e-15
F75S,24759.96349249806,6.383434488818255e-14,1.7731887453139417e-15
F75S,25118.864315096132,6.307801765260619e-14,1.7521798639212122e-15
F75S,25482.967479793802,6.233249664161161e-14,1.7314711699970746e-15
F75S,25852.34839562225,6.159762744964682e-14,1.711058353280394e-15
F75S,26227.083564682252,6.087325787731131e-14,1.6909372077669966e-15
F75S,26607.25059798845,6.015923789987591e-14,1.6711035441523936e-15
F75S,26992.928231543297,5.945541963525962e-14,1.651553277105366e-15
F75S,27384.19634264398,5.876165731535621e-14,1.6322823348079608e-15
F75S,27781.13596642573,5.80778072537197e-14,1.6132867492587254e-15
F75S,28183.82931264492,5.74037278174997e-14,1.5945625627176394e-15
F75S,28592.359782705455,5.673927939673974e-14,1.5761059212282206e-15
F75S,29006.811986931934,5.608432437655076e-14,1.5579129778453564e-15
F75S,29427.271762093224,5.5438727107734586e-14,1.5399799894728145e-15
F75S,29853.82618918001,5.4802353879844465e-14,1.5223032167769022e-15
F75S,30286.56361144006,5.4175072892003945e-14,1.5048790244371135e-15
F75S,30725.573652674895,5.355675422676229e-14,1.4877037775964108e-15
F75S,31170.947235801697,5.2947269822629804e-14,1.4707739457132453e-15
F75S,31622.77660168424,5.234649344779502e-14,1.4540859953958331e-15
F75S,32081.155328236815,5.175430067390947e-14,1.4376364979682545e-15
F75S,32546.17834980505,5.117056885015833e-14,1.4214220185590601e-15
F75S,33017.94197682767,5.059517707824199e-14,1.4054392275312416e-15
F75S,33496.543915783244,5.002800618679786e-14,1.3896847856758586e-15
F75S,33982.08328942608,4.9468938707249204e-14,1.374155459645496e-15
F75S,34474.660657315435,4.891785884909669e-14,1.3588480031174558e-15
F75S,34974.378036642294,4.8374652476225346e-14,1.343759276375067e-15
F75S,35481.33892335806,4.783920708286674e-14,1.3288861232684252e-15
F75S,35995.64831360948,4.731141177085527e-14,1.3142254951272246e-15
F75S,36517.412725484304,4.6791157225968167e-14,1.299774323344731e-15
F75S,37046.74022107211,4.627833569601449e-14,1.2855296477874466e-15
F75S,37583.74042884497,4.577284096806002e-14,1.2714884848391307e-15
F75S,38128.524566362445,4.5274568346385836e-14,1.2576479604641346e-15
F75S,38681.205463305785,4.478341463113397e-14,1.2440051735389022e-15
F75S,39241.89758484594,4.429927809651889e-14,1.230557333768043e-15
F75S,39810.71705535032,4.3822058470212494e-14,1.2173016200979544e-15
F75S,40387.781682433204,4.3351656912218604e-14,1.204235323690238e-15
F75S,40973.210981354765,4.288797599457619e-14,1.191355701196788e-15
F75S,41567.12619977373,4.243091968096781e-14,1.178660123003899e-15
F75S,42169.65034285886,4.1980393307160386e-14,1.1661459211802895e-15
F75S,42780.90819876445,4.153630356126596e-14,1.1538105431976607e-15
F75S,43401.026364475045,4.109855846418984e-14,1.141651394296036e-15
F75S,44030.13327202482,4.0667067350770905e-14,1.1296659969268933e-15
F75S,44668.359215097,4.024174085114839e-14,1.1178518273401834e-15
F75S,45315.836376008876,3.9822490871834135e-14,1.1062064809448644e-15
F75S,45972.698853087924,3.9409230577944275e-14,1.0947275028752809e-15
F75S,46639.08268844478,3.90018743748815e-14,1.0834125595417692e-15
F75S,47315.12589614878,3.860033789067272e-14,1.0722592628952938e-15
F75S,48000.9684908119,3.8204537958558967e-14,1.0612653484385716e-15
F75S,48696.75251658707,3.781439259973895e-14,1.0504284929370708e-15
F75S,49402.62207658675,3.7429821006334e-14,1.039746499141703e-15
F75S,50118.72336272801,3.705074352476275e-14,1.0292171066732504e-15
F75S,50845.20468601018,3.667708163904176e-14,1.018838183742427e-15
F75S,51582.21650723137,3.630875795477097e-14,1.0086075309183381e-15
F75S,52329.91146815029,3.594569618294537e-14,9.9852308014644e-16
F75S,53088.444423099674,3.558782112404518e-14,9.885826910794983e-16
F75S,53857.97247105804,3.5235058652802565e-14,9.787843577210888e-16
F75S,54638.654988186296,3.488733570250856e-14,9.691259970030969e-16
F75S,55430.653660835946,3.454458024996906e-14,9.596056633569272e-16
F75S,56234.13251903581,3.420672130059211e-14,9.502213292247695e-16
F75S,57049.25797046412,3.3873688873913575e-14,9.409711079094651e-16
F75S,57876.198834913,3.3545413988615657e-14,9.318530256365283e-16
F75S,58715.12637925261,3.322182864867991e-14,9.22865253051869e-16
F75S,59566.21435290201,3.290286582897707e-14,9.140058684876696e-16
F75S,60429.63902381426,3.258845946158493e-14,9.052730984645714e-16
F75S,61305.57921498307,3.227854442213999e-14,8.966650717846262e-16
F75S,62194.216341478634,3.197305651603594e-14,8.881800694245666e-16
F75S,63095.73444802036,3.167193246544289e-14,8.79816269046439e-16
F75S,64010.32024709414,3.137510989610546e-14,8.715720047194257e-16
F75S,64938.163157622206,3.1082527324270714e-14,8.634455014004424e-16
F75S,65879.45534419348,3.0794124144175554e-14,8.554351449228246e-16
F75S,66834.39175686258,3.050984061535441e-14,8.475392060149262e-16
F75S,67803.17017152572,3.022961785012073e-14,8.397561209894068e-16
F75S,68785.99123088192,2.995339780176739e-14,8.320842048542861e-16
F75S,69783.05848598781,2.968112325217595e-14,8.245219431827075e-16
F75S,70794.57843841499,2.941273780001086e-14,8.17067693789158e-16
F75S,71820.76058301827,2.91481858491515e-14,8.097199903115549e-16
F75S,72861.81745132401,2.88874125971172e-14,8.024772319526867e-16
F75S,73917.96465554723,2.86303640236271e-14,7.953379992716215e-16
F75S,74989.42093324687,2.8376986879628375e-14,7.883007314585654e-16
F75S,76076.40819262833,2.8127228675939833e-14,7.8136405489487e-16
F75S,77179.15155850258,2.788103767253357e-14,7.745264473803691e-16
F75S,78297.8794189116,2.7638362867906255e-14,7.677865800619776e-16
F75S,79432.82347242955,2.7399153988408064e-14,7.611429680146378e-16
F75S,80584.2187761496,2.716336147768084e-14,7.545943261286895e-16
F75S,81752.30379436645,2.6930936486723045e-14,7.481392054351979e-16
F75S,82937.32044796432,2.6701830863274503e-14,7.417763635921548e-16
F75S,84139.51416452101,2.647599714244936e-14,7.35504386295954e-16
F75S,85359.13392913812,2.625338853633909e-14,7.293220730459993e-16
F75S,86596.43233600809,2.6033958924511897e-14,7.232280429239153e-16
F75S,87851.66564072875,2.58176628446607e-14,7.172211363764344e-16
F75S,89125.09381337615,2.560445548273372e-14,7.113000046299906e-16
F75S,90416.98059234666,2.5394292664088013e-14,7.054635282180366e-16
F75S,91727.5935389796,2.5187130843985833e-14,6.997103892884585e-16
F75S,93057.20409297157,2.4982927098743743e-14,6.940395076446329e-16
F75S,94406.08762859405,2.4781639116791306e-14,6.884495951484962e-16
F75S,95774.52351172586,2.4583225189821404e-14,6.829396100983749e-16
F75S,97162.79515771239,2.4387644204289244e-14,6.775082928800798e-16
F75S,98571.19009006342,2.4194855632811813e-14,6.721546395576184e-16
F75S,100000.00000000183,2.4004819525457017e-14,6.668774178563863e-16
F75S,101449.52080687547,2.3817496502029208e-14,6.616756608995015e-16
F75S,102920.0527194447,2.363284774348318e-14,6.565481626118196e-16
F75S,104411.90029805835,2.3450834984003395e-14,6.514939925180829e-16
F75S,105925.37251773084,2.3271420502936776e-14,6.465119695854397e-16
F75S,107460.78283213373,2.3094567117188652e-14,6.41601199120527e-16
F75S,109018.44923851478,2.292023817325546e-14,6.367605240046306e-16
F75S,110598.694343558,2.27483975398069e-14,6.319890847421754e-16
F75S,112201.84543019843,2.2579009600013974e-14,6.272857470055933e-16
F75S,113828.23452540534,2.2412039244348196e-14,6.22649685954953e-16
F75S,115478.19846894799,2.2247451863013652e-14,6.180797889396211e-16
F75S,117152.0789831582,2.2085213339070543e-14,6.135752652678252e-16
F75S,118850.22274370409,2.1925290041088836e-14,6.09135022864879e-16
F75S,120572.98145138971,2.176764881629391e-14,6.047583047190708e-16
F75S,122320.71190499548,2.1612256983649097e-14,6.00444038232475e-16
F75S,124093.77607517432,2.145908232706276e-14,5.961914996501024e-16
F75S,125892.54117941913,2.1308093088618762e-14,5.919996347523816e-16
F75S,127717.37975811675,2.1159257962089544e-14,5.878677526501455e-16
F75S,129568.66975170444,2.101254608629607e-14,5.837948164144961e-16
F75S,131446.79457894477,2.086792703883025e-14,5.797801676751561e-16
F75S,133352.14321633498,2.0725370829626612e-14,5.758227857047961e-16
F75S,135285.11027866765,2.058484789466843e-14,5.719220443394996e-16
F75S,137246.09610075885,2.0446329090001348e-14,5.680769379643881e-16
F75S,139235.5068203611,2.0309785685511545e-14,5.642868723592741e-16
F75S,141253.75446227816,2.0175189359000968e-14,5.605508559267449e-16
F75S,143301.25702369906,2.0042512190302944e-14,5.568683261627204e-16
F75S,145378.43856076902,1.991172665541965e-14,5.53238304394246e-16
F75S,147485.72927641534,1.9782805620832518e-14,5.496602596493251e-16
F75S,149623.56560944626,1.9655722337803636e-14,5.461332250781524e-16
F75S,151792.39032494137,1.953045043677513e-14,5.426567010950806e-16
F75S,153992.6526059522,1.9406963921942737e-14,5.392297315679181e-16
F75S,156224.80814653207,1.9285237165827557e-14,5.358518482057525e-16
F75S,158489.31924611444,1.916524490380429e-14,5.325221044725117e-16
F75S,160786.6549052592,1.9046962229005228e-14,5.292400633159223e-16
F75S,163117.290922787,1.893036458691524e-14,5.260047866695855e-16
F75S,165481.70999432137,1.881542777039456e-14,5.228158687084635e-16
F75S,167880.4018122593,1.87021279146216e-14,5.196723786990264e-16
F75S,170313.86316719104,1.859044149193432e-14,5.16573942083257e-16
F75S,172782.59805078973,1.8480345307088532e-14,5.13519634298364e-16
F75S,175287.11776019275,1.8371816492333994e-14,5.10509112144391e-16
F75S,177827.9410038958,1.8264832502605617e-14,5.075414560548232e-16
F75S,180405.5940091822,1.8159371110787816e-14,5.046163543190696e-16
F75S,183020.61063110924,1.8055410403132226e-14,5.017328911750656e-16
F75S,185673.5324630743,1.7952928774576447e-14,4.988907865928394e-16
F75S,188364.90894898382,1.7851904924290345e-14,4.960891273951254e-16
F75S,191095.2974970479,1.7752317851039382e-14,4.933276654664791e-16
F75S,193865.26359522465,1.765414684899595e-14,4.906054889754607e-16
F75S,196675.3809283378,1.7557371503245007e-14,4.879223820214568e-16
F75S,199526.231496892,1.7461971685485282e-14,4.852774328455048e-16
F75S,202418.40573761027,1.7367927549859193e-14,4.826704581078321e-16
F75S,205352.50264571878,1.727521952873539e-14,4.801005448269628e-16
F75S,208329.12989900415,1.7183828328554765e-14,4.775675426310363e-16
F75S,211348.90398366898,1.7093734925795937e-14,4.750705359821553e-16
F75S,214412.4503220116,1.7004920562968775e-14,4.726094079458007e-16
F75S,217520.40340195672,1.6917366744596945e-14,4.7018323905980805e-16
F75S,220673.4069084635,1.683105523339926e-14,4.677919463589246e-16
F75S,223872.11385683858,1.67459680462632e-14,4.65434605047235e-16
F75S,227117.18672798126,1.6662087450615056e-14,4.631111667199089e-16
F75S,230409.29760558935,1.657939596056122e-14,4.608206998034175e-16
F75S,233749.12831535374,1.649787633318707e-14,4.58563191118556e-16
F75S,237137.3705661705,1.6417511564864824e-14,4.563377008140827e-16
F75S,240574.72609340012,1.6338284887714582e-14,4.541442516696614e-16
F75S,244061.90680420317,1.62601797659516e-14,4.51981894014691e-16
F75S,247599.6349249826,1.618317989241679e-14,4.498506873951576e-16
F75S,251188.64315096333,1.6107269185009705e-14,4.477496707211177e-16
F75S,254829.67479794007,1.6032431783331785e-14,4.456789411858106e-16
F75S,258523.48395622458,1.5958652045326687e-14,4.436375246306886e-16
F75S,262270.8356468246,1.5885914543723656e-14,4.41625556858087e-16
F75S,266072.5059798866,1.5814204062950663e-14,4.3964204892192894e-16
F75S,269929.2823154351,1.574350559580447e-14,4.3768717628909884e-16
F75S,273841.963426442,1.5673804340079013e-14,4.357599334415295e-16
F75S,277811.35966425954,1.5605085695558792e-14,4.3386053663894695e-16
F75S,281838.2931264515,1.5537335260772534e-14,4.319879619469568e-16
F75S,285923.5978270569,1.5470538829798823e-14,4.3014246764074346e-16
F75S,290068.1198693217,1.540468238935457e-14,4.2832300944391294e-16
F75S,294272.71762093465,1.533975211564621e-14,4.26529888976611e-16
F75S,298538.26189180254,1.5275734371316383e-14,4.2476203961031484e-16
F75S,302865.6361144031,1.52126157026005e-14,4.2301980772940603e-16
F75S,307255.7365267515,1.5150382836245506e-14,4.213021022674075e-16
F75S,311709.4723580195,1.5089022676680796e-14,4.1960931589859067e-16
F75S,316227.76601684495,1.502852230314145e-14,4.1794033093924677e-16
F75S,320811.55328237073,1.49688689667731e-14,4.1629558799464723e-16
F75S,325461.78349805315,1.491005008788072e-14,4.146739404844241e-16
F75S,330179.4197682794,1.485205325303706e-14,4.1307587869618253e-16
F75S,334965.4391578352,1.479486621249449e-14,4.115002247766273e-16
F75S,339820.8328942636,1.473847687728053e-14,4.099475205738938e-16
F75S,344746.6065731572,1.4682873316617908e-14,4.084165544713316e-16
F75S,349743.7803664258,1.462804375523638e-14,4.069079218843783e-16
F75S,354813.3892335835,1.457397657069438e-14,4.0542037482952003e-16
F75S,359956.4831360978,1.4520660290748008e-14,4.039545644232324e-16
F75S,365174.12725484604,1.4468083590814565e-14,4.025092035910672e-16
F75S,370467.4022107242,1.441623529139098e-14,4.010850014349739e-16
F75S,375837.4042884528,1.436510435543845e-14,3.996806289299736e-16
F75S,381285.24566362763,1.4314679885973748e-14,3.9829685558877157e-16
F75S,386812.0546330611,1.4264951123480857e-14,3.969323074452474e-16
F75S,392418.97584846267,1.421590744347479e-14,3.9558781700778357e-16
F75S,398107.17055350647,1.4167538354051811e-14,3.9426196222729006e-16
F75S,403877.8168243354,1.4119833493436673e-14,3.929556413592576e-16
F75S,409732.109813551,1.4072782627546457e-14,3.916673809728904e-16
F75S,415671.2619977407,1.4026375647639595e-14,3.9039814798887424e-16
F75S,421696.5034285921,1.3980602567930205e-14,3.891464141397146e-16
F75S,427809.0819876481,1.3935453523212861e-14,3.879132181190827e-16
F75S,434010.2636447541,1.3890918766527461e-14,3.8669697318424627e-16
F75S,440301.3327202518,1.3846988666827424e-14,3.854987930946448e-16
F75S,446683.5921509737,1.3803653706656522e-14,3.843170288160719e-16
F75S,453158.3637600925,1.3760904479909869e-14,3.8315287267079095e-16
F75S,459726.9885308831,1.3718731689507705e-14,3.820046093222042e-16
F75S,466390.82688445173,1.367712614515008e-14,3.8087351336577457e-16
F75S,473151.25896149175,1.363607876099897e-14,3.7975779894000665e-16
F75S,480009.68490812305,1.3595580553564163e-14,3.786588268422923e-16
F75S,486967.5251658748,1.3555622639362624e-14,3.775747362559422e-16
F75S,494026.2207658717,1.3516196232751767e-14,3.765069783466323e-16
F75S,501187.2336272844,1.3477292643718505e-14,3.7545361267515523e-16
F75S,508452.0468601062,1.3438903275688726e-14,3.7441618519032085e-16
F75S,515822.1650723182,1.3401019623287456e-14,3.7339267092079513e-16
F75S,523299.11468150746,1.3363633270262347e-14,3.723847152713595e-16
F75S,530884.4442310013,1.3326735887221379e-14,3.7139020357637666e-16
F75S,538579.7247105851,1.3290319229484735e-14,3.704108856401664e-16
F75S,546386.5498818677,1.3254375134974631e-14,3.6944455166898983e-16
F75S,554306.5366083643,1.3218895522013371e-14,3.6849306110438904e-16
F75S,562341.3251903631,1.3183872387227514e-14,3.675541033027245e-16
F75S,570492.5797046463,1.314929780332334e-14,3.6662965287732496e-16
F75S,578761.9883491352,1.3115163917065747e-14,3.657172923153415e-16
F75S,587151.2637925313,1.3081462947023689e-14,3.648191172572866e-16
F75S,595662.1435290255,1.3048187181535325e-14,3.6393259698308997e-16
F75S,604296.390238148,1.3015328976532809e-14,3.6305995435310116e-16
F75S,613055.7921498362,1.2982880753412651e-14,3.621985387661061e-16
F75S,621942.1634147919,1.295083499692633e-14,3.6135070684176634e-16
F75S,630957.3444802093,1.2919184253024881e-14,3.6051368107535206e-16
F75S,640103.2024709472,1.2887921126769035e-14,3.596899587565099e-16
F75S,649381.631576228,1.285703828017412e-14,3.588766280839558e-16
F75S,658794.5534419408,1.2826528430078415e-14,3.5807633431883854e-16
F75S,668343.9175686318,1.2796384346039575e-14,3.572860235770693e-16
F75S,678031.7017152634,1.2766598848126708e-14,3.565084967972122e-16
F75S,687859.9123088254,1.2737164804876516e-14,3.5574054981921417e-16
F75S,697830.5848598845,1.2708075131070653e-14,3.549851473997184e-16
F75S,707945.7843841563,1.2679322785625712e-14,3.5423892647351374e-16
F75S,718207.6058301893,1.2650900769419312e-14,3.5350502419958145e-16
F75S,728618.1745132467,1.2622802123123105e-14,3.527799095301537e-16
F75S,739179.646555479,1.259501992508779e-14,3.520669010881e-16
F75S,749894.2093324756,1.2567547289069943e-14,3.5136229028565993e-16
F75S,760764.0819262902,1.2540377362149609e-14,3.5066958676048674e-16
F75S,771791.5155850328,1.2513503322465579e-14,3.499848943323493e-16
F75S,782978.7941891231,1.2486918377059794e-14,3.4931192372839586e-16
F75S,794328.2347243025,1.2460615759638458e-14,3.486465805942456e-16
F75S,805842.1877615032,1.2434588728373785e-14,3.479927873633261e-16
F75S,817523.0379436717,1.2408830563651369e-14,3.4734624037777755e-16
F75S,829373.2044796505,1.2383334565847158e-14,3.4671108496103887e-16
F75S,841395.1416452174,1.235809405307147e-14,3.460827964490542e-16
F75S,853591.3392913886,1.233310235890598e-14,3.454657548405583e-16
F75S,865964.3233600885,1.2308352830124904e-14,3.4485520215390983e-16
F75S,878516.6564072954,1.2283838824392536e-14,3.4425576546372175e-16
F75S,891250.9381337696,1.2259553708011835e-14,3.4366244053615957e-16
F75S,904169.8059234748,1.2235490853540335e-14,3.4308011457938496e-16
F75S,917275.9353898044,1.2211643637536608e-14,3.425035235073276e-16
F75S,930572.0409297242,1.2188005438161532e-14,3.4193782839635744e-16
F75S,944060.876285949,1.2164569632861656e-14,3.4137749102279267e-16
F75S,957745.2351172672,1.2141329595991652e-14,3.408279607743635e-16
F75S,971627.9515771327,1.2118278696435212e-14,3.402834102870296e-16
F75S,985711.9009006431,1.2095410295218398e-14,3.397495924421001e-16
F75S,1000000.0000000274,1.2072717743080413e-14,3.3922037498299566e-16
F75L,1000.0,5.918184170106155e-13,1.6434625697803587e-14
F75L,1014.4952080687361,5.835206411760224e-13,1.6204198876713846e-14
F75L,1029.2005271944283,5.753414247820719e-13,1.5977064416720977e-14
F75L,1044.1190029805646,5.67279073839598e-13,1.5753175276596767e-14
F75L,1059.2537251772892,5.59331918564066e-13,1.553248508654692e-14
F75L,1074.6078283213178,5.514983130264157e-13,1.531494813995309e-14
F75L,1090.1844923851281,5.437766348188137e-13,1.5100519382663874e-14
F75L,1105.98694343556,5.361652847100842e-13,1.488915440485505e-14
F75L,1122.018454301964,5.286626863235933e-13,1.4680809430640774e-14
F75L,1138.2823452540329,5.212672858005604e-13,1.4475441310177425e-14
F75L,1154.781984689459,5.139775514920305e-13,1.4273007509651574e-14
F75L,1171.520789831561,5.067919736254759e-13,1.4073466103514493e-14
F75L,1188.5022274370194,4.997090640039175e-13,1.3876775764568315e-14
F75L,1205.7298145138755,4.927273556933541e-13,1.3682895756872387e-14
F75L,1223.2071190499328,4.858454027184168e-13,1.349178592571641e-14
F75L,1240.9377607517208,4.7906177976637e-13,1.3303406690989826e-14
F75L,1258.9254117941684,4.723750818872795e-13,1.3117719037226759e-14
F75L,1277.1737975811443,4.657839242059536e-13,1.2934684507267672e-14
F75L,1295.686697517021,4.592869416356062e-13,1.2754265192622424e-14
F75L,1314.4679457894238,4.528827885902553e-13,1.2576423727182391e-14
F75L,1333.5214321633257,4.465701387157889e-13,1.2401123278051762e-14
F75L,1352.851102786652,4.403476846044434e-13,1.222832753935594e-14
F75L,1372.4609610075638,4.3421413752898276e-13,1.2058000723049745e-14
F75L,1392.3550682035861,4.281682271767913e-13,1.1890107553357895e-14
F75L,1412.5375446227565,4.222087013867024e-13,1.1724613257687371e-14
F75L,1433.012570236965,4.163343258890939e-13,1.1561483561226954e-14
F75L,1453.7843856076643,4.1054388404491203e-13,1.1400684677760295e-14
F75L,1474.8572927641271,4.0483617660261314e-13,1.1242183304892305e-14
F75L,1496.235656094436,3.9921002144574227e-13,1.1085946615115906e-14
F75L,1517.923903249387,3.936642533467261e-13,1.0931942250904375e-14
F75L,1539.926526059495,3.8819772372653985e-13,1.078013831604207e-14
F75L,1562.2480814652934,3.8280930041866296e-13,1.0630503371112346e-14
F75L,1584.8931924611168,3.774978674322721e-13,1.048300642485006e-14
F75L,1607.866549052564,3.7226232472117046e-13,1.0337616929821586e-14
F75L,1631.1729092278417,3.6710158795860433e-13,1.0194304774052815e-14
F75L,1654.817099943185,3.6201458830830703e-13,1.0053040276813758e-14
F75L,1678.804018122564,3.570002722083394e-13,9.913794180447237e-15
F75L,1703.1386316718808,3.5205760114898905e-13,9.776537646414544e-15
F75L,1727.8259805078674,3.471855514573574e-13,9.6412422470362e-15
F75L,1752.871177601897,3.4238311408867527e-13,9.507879962006493e-15
F75L,1778.2794100389272,3.376492944160056e-13,9.376423170244082e-15
F75L,1804.0559400917907,3.32983112022272e-13,9.246844646454113e-15
F75L,1830.2061063110607,3.283836004988433e-13,9.119117553140775e-15
F75L,1856.735324630711,3.2384980724575826e-13,8.993215437490373e-15
F75L,1883.6490894898054,3.193807932740262e-13,8.869112223434689e-15
F75L,1910.9529749704457,3.1497563301114743e-13,8.746782208734171e-15
F75L,1938.6526359522127,3.1063341410796243e-13,8.626200057071092e-15
F75L,1966.7538092833438,3.0635323725265684e-13,8.50734079546665e-15
F75L,1995.2623149688852,3.021342159815744e-13,8.39017980642697e-15
F75L,2024.1840573760674,2.979754764984982e-13,8.274692825569205e-15
F75L,2053.525026457152,2.9387615749117634e-13,8.16085593381081e-15
F75L,2083.291298990005,2.898354099526682e-13,8.048645555168448e-15
F75L,2113.489039836653,2.858523970092565e-13,7.9380384492022e-15
F75L,2144.1245032200786,2.8192629374202796e-13,7.829011708872675e-15
F75L,2175.2040340195294,2.7805628702106127e-13,7.721542753071487e-15
F75L,2206.7340690845967,2.7424157533111014e-13,7.615609324682721e-15
F75L,2238.7211385683468,2.7048136861370246e-13,7.511189483275085e-15
F75L,2271.171867279773,2.667748880945205e-13,7.408261603271727e-15
F75L,2304.0929760558533,2.6312136612882183e-13,7.306804366633592e-15
F75L,2337.4912831534966,2.5952004603958516e-13,7.206796761451508e-15
F75L,2371.3737056616637,2.55970181961426e-13,7.108218074460199e-15
F75L,2405.7472609339593,2.5247103868465327e-13,7.011047889899383e-15
F75L,2440.619068041989,2.490218915054016e-13,6.91526608214588e-15
F75L,2475.9963492497827,2.456220260751853e-13,6.820852814787369e-15
F75L,2511.8864315095893,2.422707382509413e-13,6.727788533129204e-15
F75L,2548.296747979356,2.3896733395039373e-13,6.6360539635607875e-15
F75L,2585.2348395622007,2.357111290096741e-13,6.545630106188971e-15
F75L,2622.7083564682007,2.3250144903885813e-13,6.4564982342882244e-15
F75L,2660.7250597988204,2.293376292853063e-13,6.368639886974923e-15
F75L,2699.2928231543046,2.262190144927609e-13,6.282036868880542e-15
F75L,2738.4196342643727,2.2314495876781357e-13,6.196671242816093e-15
F75L,2778.1135966425472,2.201148254466102e-13,6.1125253297582575e-15
F75L,2818.382931264466,2.1712798696218627e-13,6.029581701397915e-15
F75L,2859.235978270519,2.1418382471152837e-13,5.9478231802668266e-15
F75L,2900.6811986931666,2.1128172893299417e-13,5.867232832493933e-15
F75L,2942.727176209295,2.0842109857697479e-13,5.7877939681085105e-15
F75L,2985.382618917973,2.0560134118096258e-13,5.709490133586169e-15
F75L,3028.6563611439774,2.028218727473765e-13,5.632305112506853e-15
F75L,3072.5573652674607,2.000821176242308e-13,5.556222918148644e-15
F75L,3117.0947235801405,1.973815083833414e-13,5.481227794257369e-15
F75L,3162.277660168394,1.947194857037846e-13,5.407304207580917e-15
F75L,3208.115532823651,1.9209549825739443e-13,5.334436848991201e-15
F75L,3254.617834980474,1.8950900259277289e-13,5.2626106258946405e-15
F75L,3301.7941976827356,1.8695946302321762e-13,5.191810663552567e-15
F75L,3349.6543915782927,1.844463515160058e-13,5.122022297512775e-15
F75L,3398.208328942576,1.8196914758303918e-13,5.053231075125556e-15
F75L,3447.4660657315108,1.7952733817365942e-13,4.985422747957984e-15
F75L,3497.437803664196,1.7712041756755122e-13,4.9185832735055114e-15
F75L,3548.133892335772,1.7474788726863013e-13,4.852698807462705e-15
F75L,3599.564831360914,1.7240925590543623e-13,4.787755705826459e-15
F75L,3651.7412725483955,1.7010403912710772e-13,4.723740517061798e-15
F75L,3704.674022107176,1.6783175950062084e-13,4.660639984257203e-15
F75L,3758.3740428844612,1.6559194641789831e-13,4.598441037485557e-15
F75L,3812.8524566362084,1.6338413599295412e-13,4.537130796079883e-15
F75L,3868.1205463305423,1.6120787096850911e-13,4.476696560813025e-15
F75L,3924.189758484557,1.5906270062107216e-13,4.417125816579995e-15
F75L,3981.071705534994,1.5694818066544906e-13,4.358406224340884e-15
F75L,4038.7781682432824,1.5486387316685394e-13,4.3005256241716894e-15
F75L,4097.321098135438,1.5280934644541885e-13,4.2434720270359955e-15
F75L,4156.712619977334,1.5078417499067854e-13,4.187233618067029e-15
F75L,4216.965034285847,1.4878793937117904e-13,4.131798748325574e-15
F75L,4278.0908198764055,1.4682022614882018e-13,4.077155938239818e-15
F75L,4340.102636447464,1.448806277923909e-13,4.0232938692874204e-15
F75L,4403.01332720244,1.4296874259384142e-13,3.970201387681392e-15
F75L,4466.835921509658,1.4108417458381123e-13,3.9178674959235064e-15
F75L,4531.583637600846,1.3922653345264474e-13,3.86628135681325e-15
F75L,4597.26988530875,1.3739543446498307e-13,3.8154322847603134e-15
F75L,4663.908268844436,1.3559049838388537e-13,3.765309750091596e-15
F75L,4731.512589614835,1.3381135139175711e-13,3.7159033703583595e-15
F75L,4800.0968490811465,1.3205762500980948e-13,3.667202914689643e-15
F75L,4869.675251658663,1.3032895602696957e-13,3.6191982951248755e-15
F75L,4940.26220765863,1.2862498641948544e-13,3.571879571183168e-15
F75L,5011.872336272756,1.2694536327989185e-13,3.525236940974825e-15
F75L,5084.520468600972,1.2528973874373167e-13,3.479260746194891e-15
F75L,5158.2216507230905,1.2365776991529975e-13,3.4339414629215622e-15
F75L,5232.991146814981,1.2204911879969787e-13,3.3892697069779677e-15
F75L,5308.844442309919,1.2046345223102028e-13,3.345236224582286e-15
F75L,5385.797247105755,1.1890044180299118e-13,3.3018318978926736e-15
F75L,5463.865498818579,1.1735976380242372e-13,3.2590477355641886e-15
F75L,5543.065366083543,1.1584109914073473e-13,3.2168748785662757e-15
F75L,5623.413251903529,1.143441332890414e-13,3.1753045905372077e-15
F75L,5704.92579704636,1.1286855621188256e-13,3.1343282639106274e-15
F75L,5787.619883491247,1.1141406230427585e-13,3.0939374100767747e-15
F75L,5871.512637925207,1.0998035032719299e-13,3.054123665808031e-15
F75L,5956.621435290147,1.0856712334580877e-13,3.0148787831974686e-15
F75L,6042.963902381372,1.0717408866847785e-13,2.9761946364455863e-15
F75L,6130.557921498252,1.0580095778471116e-13,2.9380632115163868e-15
F75L,6219.421634147808,1.0444744630696504e-13,2.9004766132790545e-15
F75L,6309.573444801979,1.031132739104803e-13,2.8634270549462172e-15
F75L,6401.032024709357,1.0179816427648515e-13,2.826906865532027e-15
F75L,6493.816315762163,1.0050184503384866e-13,2.79090847904077e-15
F75L,6587.945534419289,9.922404770260812e-14,2.7554244422361175e-15
F75L,6683.439175686198,9.796450763998682e-14,2.7204474036679594e-15
F75L,6780.317017152512,9.672296398365562e-14,2.6859701217218752e-15
F75L,6878.59912308813,9.5499159598386e-14,2.6519854533469475e-15
F75L,6978.3058485987185,9.429284102362368e-14,2.618486362553348e-15
F75L,7079.4578438414355,9.310375841956936e-14,2.5854659088019815e-15
F75L,7182.076058301764,9.193166551637852e-14,2.552917255867581e-15
F75L,7286.181745132336,9.077631956334875e-14,2.520833659991921e-15
F75L,7391.796465554657,8.963748127748739e-14,2.489208479060503e-15
F75L,7498.94209332462,8.851491479523917e-14,2.4580351604804692e-15
F75L,7607.640819262764,8.740838762268843e-14,2.4273072507533295e-15
F75L,7717.915155850188,8.631767058799732e-14,2.397018383027303e-15
F75L,7829.787941891089,8.524253779403394e-14,2.3671622870926227e-15
F75L,7943.282347242882,8.418276657087558e-14,2.3377327765549227e-15
F75L,8058.421877614886,8.31381374301728e-14,2.308723759266556e-15
F75L,8175.23037943657,8.210843401970328e-14,2.280129224181059e-15
F75L,8293.732044796356,8.109344307832214e-14,2.2519432521755185e-15
F75L,8413.951416452024,8.009295439257336e-14,2.224160002577379e-15
F75L,8535.913392913733,7.910676075189272e-14,2.1967737243917402e-15
F75L,8659.64323360073,7.813465790632354e-14,2.1697787424446324e-15
F75L,8785.166564072795,7.717644452479247e-14,2.1431694691197174e-15
F75L,8912.509381337535,7.623192215252545e-14,2.1169403900658714e-15
F75L,9041.698059234586,7.530089517006315e-14,2.091086076383888e-15
F75L,9172.75935389788,7.438317075323984e-14,2.065601169974908e-15
F75L,9305.720409297075,7.347855883302032e-14,2.0404803961911112e-15
F75L,9440.608762859321,7.258687205592566e-14,2.0157185487342914e-15
F75L,9577.452351172502,7.170792574511605e-14,1.9913105028114327e-15
F75L,9716.279515771153,7.084153786326218e-14,1.9672511996362893e-15
F75L,9857.119009006256,6.998752897281158e-14,1.9435356600315513e-15
F75L,10000.000000000096,6.914572220110285e-14,1.920158968509117e-15
F75L,10144.952080687459,6.831594320201778e-14,1.897116287410262e-15
F75L,10292.005271944381,6.7498020120618e-14,1.8744028404555693e-15
F75L,10441.190029805744,6.66917835574289e-14,1.8520139274819485e-15
F75L,10592.537251772992,6.589706653331251e-14,1.829944907479814e-15
F75L,10746.07828321328,6.511370445503691e-14,1.808191213892457e-15
F75L,10901.844923851384,6.434153508113855e-14,1.7867483371346193e-15
F75L,11059.869434355705,6.358039848802021e-14,1.7656118404667767e-15
F75L,11220.184543019746,6.283013703711847e-14,1.7447773419809773e-15
F75L,11382.823452540435,6.209059534233622e-14,1.7242405310898152e-15
F75L,11547.819846894698,6.136162023763117e-14,1.7039971499377823e-15
F75L,11715.207898315717,6.06430607453232e-14,1.6840430105089404e-15
F75L,11885.022274370305,5.99347680449736e-14,1.6643739754718155e-15
F75L,12057.298145138866,5.923659544286992e-14,1.6449859759388664e-15
F75L,12232.07119049944,5.854839834015157e-14,1.6258749916454542e-15
F75L,12409.377607517323,5.787003420522476e-14,1.6070370694467938e-15
F75L,12589.254117941802,5.720136254217463e-14,1.5884683028527798e-15
F75L,12771.737975811562,5.654224486268132e-14,1.5701648511710159e-15
F75L,12956.86697517033,5.589254465751262e-14,1.5521229184473016e-15
F75L,13144.679457894359,5.525212736707744e-14,1.5343387732683762e-15
F75L,13335.21432163338,5.46208603552681e-14,1.516808727054777e-15
F75L,13528.511027866647,5.3998612880140304e-14,1.4995291545907714e-15
F75L,13724.609610075766,5.338525606840786e-14,1.4824964716054958e-15
F75L,13923.55068203599,5.2780662888030886e-14,1.4657071561031536e-15
F75L,14125.375446227694,5.21847081218392e-14,1.4491577251437144e-15
F75L,14330.125702369782,5.1597268341540436e-14,1.4328447570032071e-15
F75L,14537.843856076775,5.101822188301934e-14,1.4167648672107628e-15
F75L,14748.572927641406,5.0447448819697334e-14,1.4009147314923456e-15
F75L,14962.356560944498,4.9884830938903486e-14,1.385291061012867e-15
F75L,15179.239032494008,4.9330251716976e-14,1.3698906262148323e-15
F75L,15399.26526059509,4.878359629511369e-14,1.354710231179063e-15
F75L,15622.480814653076,4.824475145525954e-14,1.3397467383654436e-15
F75L,15848.931924611312,4.771360559737047e-14,1.3249970421263984e-15
F75L,16078.665490525787,4.719004871582905e-14,1.310458094366915e-15
F75L,16311.729092278567,4.667397237656983e-14,1.2961268771194618e-15
F75L,16548.170999432,4.61652696950479e-14,1.2820004292031245e-15
F75L,16788.040181225795,4.5663835313575676e-14,1.2680758178360526e-15
F75L,17031.386316718967,4.5169565380171496e-14,1.254350166305774e-15
F75L,17278.259805078833,4.468235752608564e-14,1.2408206245756161e-15
F75L,17528.711776019132,4.420211084567138e-14,1.2274843980136466e-15
F75L,17782.794100389434,4.3728725874778785e-14,1.2143387169797263e-15
F75L,18040.55940091807,4.326210457032013e-14,1.2013808666095408e-15
F75L,18302.061063110774,4.2802150290157034e-14,1.1886081553524115e-15
F75L,18567.35324630728,4.234876777277104e-14,1.1760179458737687e-15
F75L,18836.49089489823,4.190186311773105e-14,1.1636076224711317e-15
F75L,19109.529749704634,4.146134376628126e-14,1.151374623163523e-15
F75L,19386.526359522308,4.102711848205931e-14,1.1393164059283138e-15
F75L,19667.538092833624,4.059909733209953e-14,1.1274304820112028e-15
F75L,19952.62314968904,4.017719166860743e-14,1.1157143809621712e-15
F75L,20241.840573760863,3.9761314109963395e-14,1.104165685199431e-15
F75L,20535.250264571714,3.9351378523476013e-14,1.0927819937922903e-15
F75L,20832.91298990025,3.894730000667739e-14,1.0815609583439991e-15
F75L,21134.890398366733,3.854899487027073e-14,1.0705002454343917e-15
F75L,21441.245032200994,3.815638062047058e-14,1.059597573902575e-15
F75L,21752.0403401955,3.776937594245564e-14,1.0488506759173913e-15
F75L,22067.340690846177,3.7387900682974875e-14,1.038257335685629e-15
F75L,22387.21138568368,3.7011875833804736e-14,1.0278153490556647e-15
F75L,22711.718672797946,3.6641223515500864e-14,1.0175225637522306e-15
F75L,23040.929760558753,3.627586696158904e-14,1.0073768374993332e-15
F75L,23374.912831535188,3.591573050221151e-14,9.973760797844475e-16
F75L,23713.73705661686,3.556073954845308e-14,9.875182083961845e-16
F75L,24057.47260933982,3.521082057724137e-14,9.77801192851711e-16
F75L,24406.19068042012,3.4865901115809994e-14,9.682230092880402e-16
F75L,24759.96349249806,3.452590972682917e-14,9.587816855755952e-16
F75L,25118.864315096132,3.4190775993490783e-14,9.494752545095284e-16
F75L,25482.967479793802,3.386043050519959e-14,9.403018006945145e-16
F75L,25852.34839562225,3.3534804842775354e-14,9.312594119443092e-16
F75L,26227.083564682252,3.321383156474996e-14,9.223462280192184e-16
F75L,26607.25059798845,3.2897444192988204e-14,9.135603901590935e-16
F75L,26992.928231543297,3.2585577199088245e-14,9.04900091740055e-16
F75L,27384.19634264398,3.2278165990837934e-14,8.96363525880349e-16
F75L,27781.13596642573,3.1975146898940326e-14,8.879489381002397e-16
F75L,28183.82931264492,3.167645716352534e-14,8.796545718814445e-16
F75L,28592.359782705455,3.138203492134175e-14,8.714787234334176e-16
F75L,29006.811986931934,3.109181919295152e-14,8.634196851413423e-16
F75L,29427.271762093224,3.0805749870107916e-14,8.554758025129853e-16
F75L,29853.82618918001,3.052376770315154e-14,8.47645415403712e-16
F75L,30286.56361144006,3.0245814288990395e-14,8.399269172604293e-16
F75L,30725.573652674895,2.997183205875846e-14,8.323186940231549e-16
F75L,31170.947235801697,2.9701764265983595e-14,8.248191857544102e-16
F75L,31622.77660168424,2.9435554974896083e-14,8.174268231300103e-16
F75L,32081.155328236815,2.917314904888142e-14,8.101400915616503e-16
F75L,32546.17834980505,2.8914492138710335e-14,8.029574651357997e-16
F75L,33017.94197682767,2.8659530671786876e-14,7.958774733643834e-16
F75L,33496.543915783244,2.84082118405594e-14,7.888986324747043e-16
F75L,33982.08328942608,2.8160483592138384e-14,7.820195148838005e-16
F75L,34474.660657315435,2.7916294616953732e-14,7.752386777107843e-16
F75L,34974.378036642294,2.7675594338392112e-14,7.685547351003321e-16
F75L,35481.33892335806,2.7438332902409148e-14,7.619662838557752e-16
F75L,35995.64831360948,2.7204461166936437e-14,7.554719787258453e-16
F75L,36517.412725484304,2.697393069205262e-14,7.490704550129441e-16
F75L,37046.74022107211,2.674669372955733e-14,7.427604069765522e-16
F75L,37583.74042884497,2.652270321340861e-14,7.365405072641934e-16
F75L,38128.524566362445,2.6301912749784146e-14,7.304094885860405e-16
F75L,38681.205463305785,2.6084276607442093e-14,7.243660598128581e-16
F75L,39241.89758484594,2.586974970857979e-14,7.184089910812995e-16
F75L,39810.71705535032,2.5658287618886772e-14,7.125370263926399e-16
F75L,40387.781682433204,2.5449846538964608e-14,7.067489723036664e-16
F75L,40973.210981354765,2.524438329492872e-14,7.010436068941336e-16
F75L,41567.12619977373,2.504185532941907e-14,6.95419772177764e-16
F75L,42169.65034285886,2.4842220693050747e-14,6.898762792682922e-16
F75L,42780.90819876445,2.4645438035307614e-14,6.844120047019887e-16
F75L,43401.026364475045,2.445146659646367e-14,6.790257916160224e-16
F75L,44030.13327202482,2.4260266198765494e-14,6.737165501735258e-16
F75L,44668.359215097,2.4071797238252528e-14,6.684831545429863e-16
F75L,45315.836376008876,2.388602067659377e-14,6.633245476385935e-16
F75L,45972.698853087924,2.3702898032829032e-14,6.58239633700115e-16
F75L,46639.08268844478,2.3522391375584987e-14,6.532273875426911e-16
F75L,47315.12589614878,2.3344463315112962e-14,6.482867425430705e-16
F75L,48000.9684908119,2.3169076995579756e-14,6.434167046034502e-16
F75L,48696.75251658707,2.2996196087411847e-14,6.386162353169536e-16
F75L,49402.62207658675,2.2825784779696135e-14,6.338843708794054e-16
F75L,50118.72336272801,2.26578077729603e-14,6.292201002081733e-16
F75L,50845.20468601018,2.249223027164849e-14,6.246224890361163e-16
F75L,51582.21650723137,2.2329017976937154e-14,6.200905527224268e-16
F75L,52329.91146815029,2.2168137079813708e-14,6.15623385801488e-16
F75L,53088.444423099674,2.2009554253837817e-14,6.112200292246109e-16
F75L,53857.97247105804,2.185323664830903e-14,6.068796056112623e-16
F75L,54638.654988186296,2.1699151881567066e-14,6.026011806706788e-16
F75L,55430.653660835946,2.1547268034091725e-14,5.983839044282227e-16
F75L,56234.13251903581,2.1397553642106307e-14,5.942268665297127e-16
F75L,57049.25797046412,2.1249977690796314e-14,5.90129243746724e-16
F75L,57876.198834913,2.1104509608103008e-14,5.860901488593907e-16
F75L,58715.12637925261,2.0961119258314596e-14,5.82108784756043e-16
F75L,59566.21435290201,2.081977693569089e-14,5.781842865640882e-16
F75L,60429.63902381426,2.068045335858037e-14,5.743158826773352e-16
F75L,61305.57921498307,2.054311966301803e-14,5.705027298045977e-16
F75L,62194.216341478634,2.0407747397041548e-14,5.667440812581792e-16
F75L,63095.73444802036,2.0274308514588274e-14,5.63039114575384e-16
F75L,64010.32024709414,2.0142775369734422e-14,5.593871074235903e-16
F75L,64938.163157622206,2.0013120711015914e-14,5.557872574279337e-16
F75L,65879.45534419348,1.9885317675714366e-14,5.522388660774073e-16
F75L,66834.39175686258,1.9759339784314742e-14,5.487411503551951e-16
F75L,67803.17017152572,1.963516093497226e-14,5.452934350552317e-16
F75L,68785.99123088192,1.9512755398175036e-14,5.418949558056689e-16
F75L,69783.05848598781,1.939209781134551e-14,5.385450602172738e-16
F75L,70794.57843841499,1.9273163173558744e-14,5.35243001856334e-16
F75L,71820.76058301827,1.91559268403837e-14,5.319881506775459e-16
F75L,72861.81745132401,1.9040364518871144e-14,5.287797774991843e-16
F75L,73917.96465554723,1.892645226233627e-14,5.256172741799283e-16
F75L,74989.42093324687,1.881416646544012e-14,5.224999280976779e-16
F75L,76076.40819262833,1.870348385937742e-14,5.194271525893146e-16
F75L,77179.15155850258,1.8594381506966758e-14,5.1639825092608315e-16
F75L,78297.8794189116,1.8486836797897487e-14,5.134126575228605e-16
F75L,79432.82347242955,1.8380827444077173e-14,5.104696908763593e-16
F75L,80584.2187761496,1.827633147491465e-14,5.075688061014152e-16
F75L,81752.30379436645,1.8173327232884125e-14,5.047093362622845e-16
F75L,82937.32044796432,1.80717933689101e-14,5.018907568207975e-16
F75L,84139.51416452101,1.7971708837985476e-14,4.991124147547743e-16
F75L,85359.13392913812,1.7873052894804152e-14,4.963738055389557e-16
F75L,86596.43233600809,1.7775805089427805e-14,4.936742894211965e-16
F75L,87851.66564072875,1.7679945263098394e-14,4.910133815823132e-16
F75L,89125.09381337615,1.7585453543925058e-14,4.883904548958464e-16
F75L,90416.98059234666,1.7492310342850448e-14,4.858050439560346e-16
F75L,91727.5935389796,1.7400496349589575e-14,4.832565336301102e-16
F75L,93057.20409297157,1.7309992528548932e-14,4.807444776655152e-16
F75L,94406.08762859405,1.7220780114885092e-14,4.782682722833304e-16
F75L,95774.52351172586,1.713284061065159e-14,4.758274901421564e-16
F75L,97162.79515771239,1.7046155780865843e-14,4.734215381868095e-16
F75L,98571.19009006342,1.6960707649802092e-14,4.710500077678857e-16
F75L,100000.00000000183,1.6876478497178683e-14,4.687123159234518e-16
F75L,101449.52080687547,1.679345085454319e-14,4.664080725041195e-16
F75L,102920.0527194447,1.671160750154281e-14,4.641367040075772e-16
F75L,104411.90029805835,1.6630931462401397e-14,4.618978386105942e-16
F75L,105925.37251773084,1.655140600236945e-14,4.596909116408887e-16
F75L,107460.78283213373,1.647301462423026e-14,4.575155694560894e-16
F75L,109018.44923851478,1.6395741064867115e-14,4.553712555789544e-16
F75L,110598.694343558,1.6319569291877685e-14,4.532576344276756e-16
F75L,112201.84543019843,1.624448350022498e-14,4.511741570819594e-16
F75L,113828.23452540534,1.6170468108911238e-14,4.49120505921495e-16
F75L,115478.19846894799,1.609750775776526e-14,4.470961389423564e-16
F75L,117152.0789831582,1.6025587304259825e-14,4.4510075641811655e-16
F75L,118850.22274370409,1.5954691820240254e-14,4.431338226124862e-16
F75L,120572.98145138971,1.5884806588996773e-14,4.411950556481385e-16
F75L,122320.71190499548,1.5815917101874415e-14,4.392839254018956e-16
F75L,124093.77607517432,1.5748009055614805e-14,4.3740016782176866e-16
F75L,125892.54117941913,1.5681068349103845e-14,4.355432577456344e-16
F75L,127717.37975811675,1.5615081080544433e-14,4.3371294896053264e-16
F75L,129568.66975170444,1.555003354446606e-14,4.319087205879447e-16
F75L,131446.79457894477,1.5485912228894138e-14,4.3013034428871004e-16
F75L,133352.14321633498,1.542270381253938e-14,4.283773027912761e-16
F75L,135285.11027866765,1.5360395161969497e-14,4.266493856997099e-16
F75L,137246.09610075885,1.5298973328854686e-14,4.249460786547185e-16
F75L,139235.5068203611,1.5238425547286026e-14,4.2326718929972925e-16
F75L,141253.75446227816,1.517873923104961e-14,4.2161220548405877e-16
F75L,143301.25702369906,1.511990197100695e-14,4.199809530169721e-16
F75L,145378.43856076902,1.5061901532494474e-14,4.1837292123749246e-16
F75L,147485.72927641534,1.5004725852728637e-14,4.1678795428134297e-16
F75L,149623.56560944626,1.4948363038249152e-14,4.1522554223962537e-16
F75L,151792.39032494137,1.489280136250897e-14,4.1368554776906363e-16
F75L,153992.6526059522,1.483802926322919e-14,4.1216746095855067e-16
F75L,156224.80814653207,1.4784035340145684e-14,4.106711632090367e-16
F75L,158489.31924611444,1.473080835247428e-14,4.091961438381283e-16
F75L,160786.6549052592,1.4678337216595387e-14,4.077423032556981e-16
F75L,163117.290922787,1.4626611003695707e-14,4.063091292107433e-16
F75L,165481.70999432137,1.4575618937424186e-14,4.048965414200134e-16
F75L,167880.4018122593,1.4525350391643877e-14,4.035040252469831e-16
F75L,170313.86316719104,1.4475794888199823e-14,4.021315200570506e-16
F75L,172782.59805078973,1.4426942094614645e-14,4.0077850798353727e-16
F75L,175287.11776019275,1.4378781821967655e-14,3.994449484155451e-16
F75L,177827.9410038958,1.4331304022700043e-14,3.981303193890624e-16
F75L,180405.5940091822,1.428449878844125e-14,3.9683460073765643e-16
F75L,183020.61063110924,1.4238356347988624e-14,3.9555726549973097e-16
F75L,185673.5324630743,1.4192867065071769e-14,3.9429831441704577e-16
F75L,188364.90894898382,1.4148021436465414e-14,3.9305721459879213e-16
F75L,191095.2974970479,1.4103810089789705e-14,3.91833988205753e-16
F75L,193865.26359522465,1.4060223781648254e-14,3.906280954522183e-16
F75L,196675.3809283378,1.4017253395503331e-14,3.894395804740865e-16
F75L,199526.231496892,1.3974889939829474e-14,3.8826789558954877e-16
F75L,202418.40573761027,1.3933124546107764e-14,3.8711310751762416e-16
F75L,205352.50264571878,1.3891948466948265e-14,3.8597465963969457e-16
F75L,208329.12989900415,1.385135307417651e-14,3.8485264191725455e-16
F75L,211348.90398366898,1.3811329856972526e-14,3.8374648771164153e-16
F75L,214412.4503220116,1.37718704200213e-14,3.826563109400956e-16
F75L,217520.40340195672,1.3732966481693335e-14,3.8158153381716485e-16
F75L,220673.4069084635,1.3694609872239372e-14,3.805222949869672e-16
F75L,223872.11385683858,1.365679253199763e-14,3.7947800434228828e-16
F75L,227117.18672798126,1.361950650965277e-14,3.7844882608687627e-16
F75L,230409.29760558935,1.3582743960465594e-14,3.7743415656455034e-16
F75L,233749.12831535374,1.354649714457165e-14,3.764341864336135e-16
F75L,237137.3705661705,1.35107584252421e-14,3.7544829720733495e-16
F75L,240574.72609340012,1.347552026723813e-14,3.7447670695738313e-16
F75L,244061.90680420317,1.3440775235118349e-14,3.735187810306254e-16
F75L,247599.6349249826,1.3406515991613169e-14,3.725747659466329e-16
F75L,251188.64315096333,1.3372735295925987e-14,3.716440094811432e-16
F75L,254829.67479794007,1.3339426002208302e-14,3.7072678770546686e-16
F75L,258523.48395622458,1.3306581057899818e-14,3.6982242935967107e-16
F75L,262270.8356468246,1.3274193502111953e-14,3.689312412441838e-16
F75L,266072.5059798866,1.3242256464151223e-14,3.6805253152878144e-16
F75L,269929.2823154351,1.3210763161903295e-14,3.671866390118334e-16
F75L,273841.963426442,1.317970690028497e-14,3.6633284967747216e-16
F75L,277811.35966425954,1.3149081069755375e-14,3.654915356673099e-16
F75L,281838.2931264515,1.3118879144785229e-14,3.6466195909311553e-16
F75L,285923.5978270569,1.3089094682354059e-14,3.638445268794032e-16
F75L,290068.1198693217,1.305972132049066e-14,3.630384754902122e-16
F75L,294272.71762093465,1.3030752776730758e-14,3.6224424816338786e-16
F75L,298538.26189180254,1.3002182846750349e-14,3.614610538538838e-16
F75L,302865.6361144031,1.2974005402854883e-14,3.6068937374853682e-16
F75L,307255.7365267515,1.2946214392566118e-14,3.5992838733452494e-16
F75L,311709.4723580195,1.2918803837178869e-14,3.591786154856583e-16
F75L,316227.76601684495,1.289176783036349e-14,3.5843920616332135e-16
F75L,320811.55328237073,1.2865100536734785e-14,3.5771072177575264e-16
F75L,325461.78349805315,1.2838796190472983e-14,3.5699227659568683e-16
F75L,330179.4197682794,1.2812849093939918e-14,3.5628447653323866e-16
F75L,334965.4391578352,1.2787253616310823e-14,3.5558639989566628e-16
F75L,339820.8328942636,1.276200419212607e-14,3.5489869817984427e-16
F75L,344746.6065731572,1.2737095320051478e-14,3.542204113336228e-16
F75L,349743.7803664258,1.2712521561432245e-14,3.535522386644825e-16
F75L,354813.3892335835,1.2688277538976071e-14,3.5289317923480805e-16
F75L,359956.4831360978,1.2664357935412622e-14,3.52243982514955e-16
F75L,365174.12725484604,1.2640757492142156e-14,3.5160360402873303e-16
F75L,370467.4022107242,1.2617471007940332e-14,3.5097284590949947e-16
F75L,375837.4042884528,1.2594493337591319e-14,3.5035061734479206e-16
F75L,381285.24566362763,1.2571819390604142e-14,3.497377757825733e-16
F75L,386812.0546330611,1.2549444129883427e-14,3.4913318112677237e-16
F75L,392418.97584846267,1.2527362570421267e-14,3.4853774895417697e-16
F75L,398107.17055350647,1.2505569777968124e-14,3.479502867764203e-16
F75L,403877.8168243354,1.2484060867765449e-14,3.4737177127570266e-16
F75L,409732.109813551,1.2462831003235472e-14,3.4680095430341857e-16
F75L,415671.2619977407,1.2441875394658956e-14,3.4623887681103387e-16
F75L,421696.5034285921,1.2421189297906667e-14,3.456842315335742e-16
F75L,427809.0819876481,1.2400768013113967e-14,3.4513812703608157e-16
F75L,434010.2636447541,1.2380606883424678e-14,3.445991933024816e-16
F75L,440301.3327202518,1.2360701293668237e-14,3.440686100623815e-16
F75L,446683.5921509737,1.2341046669061343e-14,3.4354494070693657e-16
F75L,453158.3637600925,1.2321638473932468e-14,3.430294398814716e-16
F75L,459726.9885308831,1.2302472210402204e-14,3.425206003422252e-16
F75L,466390.82688445173,1.2283543417117676e-14,3.4201975562633877e-16
F75L,473151.25896149175,1.2264847667926848e-14,3.415253235879577e-16
F75L,480009.68490812305,1.2246380570583766e-14,3.410387208640344e-16
F75L,486967.5251658748,1.2228137765438973e-14,3.405582859050348e-16
F75L,494026.2207658717,1.2210114924152271e-14,3.4008552290146013e-16
F75L,501187.2336272844,1.2192307748347552e-14,3.396186861526096e-16
F75L,508452.0468601062,1.2174711968318933e-14,3.391593721113017e-16
F75L,515822.1650723182,1.2157323341709002e-14,3.387057459201279e-16
F75L,523299.11468150746,1.2140137652166983e-14,3.382595012778385e-16
F75L,530884.4442310013,1.2123150708037537e-14,3.378187088875805e-16
F75L,538579.7247105851,1.2106358340995901e-14,3.37385164963189e-16
F75L,546386.5498818677,1.2089756404731307e-14,3.369568401971198e-16
F75L,554306.5366083643,1.2073340773564052e-14,3.365356388888117e-16
F75L,562341.3251903631,1.2057107341111763e-14,3.361194258438457e-16
F75L,570492.5797046463,1.2041052018892895e-14,3.357102193350008e-16
F75L,578761.9883491352,1.2025170734977274e-14,3.353057720835261e-16
F75L,587151.2637925313,1.2009459432580459e-14,3.3490822256037407e-16
F75L,595662.1435290255,1.1993914068651726e-14,3.3451520486309737e-16
F75L,604296.390238148,1.1978530612515853e-14,3.3412898423399506e-16
F75L,613055.7921498362,1.1963305044389421e-14,3.337470692550361e-16
F75L,621942.1634147919,1.1948233354012252e-14,3.333718588852826e-16
F75L,630957.3444802093,1.1933311539154162e-14,3.330007289204332e-16
F75L,640103.2024709472,1.1918535604196248e-14,3.3263621936865145e-16
F75L,649381.631576228,1.1903901558644787e-14,3.322755655758515e-16
F75L,658794.5534419408,1.1889405415666147e-14,3.3192145634678605e-16
F75L,668343.9175686318,1.1875043190566143e-14,3.315709784923471e-16
F75L,678031.7017152634,1.1860810899306861e-14,3.3122697778473206e-16
F75L,687859.9123088254,1.1846704556975494e-14,3.3088638398420467e-16
F75L,697830.5848598845,1.1832720176238581e-14,3.3055220845874877e-16
F75L,707945.7843841563,1.1818853765792823e-14,3.302212149366369e-16
F75L,718207.6058301893,1.1805101328799477e-14,3.2989658948149826e-16
F75L,728618.1745132467,1.1791458861271485e-14,3.295749203287853e-16
F75L,739179.646555479,1.1777922350516153e-14,3.2925957783837136e-16
F75L,749894.2093324756,1.176448777346494e-14,3.2894696478312217e-16
F75L,760764.0819262902,1.175115109506115e-14,3.286406459389668e-16
F75L,771791.5155850328,1.1737908266589174e-14,3.2833682811645975e-16
F75L,782978.7941891231,1.1724755224007003e-14,3.2803928117891114e-16
F75L,794328.2347243025,1.1711687886247523e-14,3.277440049146093e-16
F75L,805842.1877615032,1.1698702153493617e-14,3.2745498551718373e-16
F75L,817523.0379436717,1.1685793905456564e-14,3.271680041098376e-16
F75L,829373.2044796505,1.1672958999615652e-14,3.268872750624185e-16
F75L,841395.1416452174,1.1660193269444334e-14,3.266083485771739e-16
F75L,853591.3392913886,1.1647492522606445e-14,3.2633567967263484e-16
F75L,865964.3233600885,1.1634852539158115e-14,3.2606457473560314e-16
F75L,878516.6564072954,1.1622269069690178e-14,3.257997425661292e-16
F75L,891250.9381337696,1.16097378334921e-14,3.2553623216925794e-16
F75L,904169.8059234748,1.1597254516646227e-14,3.252790199438335e-16
F75L,917275.9353898044,1.1584814770156523e-14,3.250228832497663e-16
F75L,930572.0409297242,1.1572414208009987e-14,3.2477308062170235e-16
F75L,944060.876285949,1.15600484052364e-14,3.2452410277908814e-16
F75L,957745.2351172672,1.1547712895952142e-14,3.24281505673165e-16
F75L,971627.9515771327,1.1535403171371845e-14,3.240394776306894e-16
F75L,985711.9009006431,1.1523114677807827e-14,3.2380388808374163e-16
F75L,1000000.0000000274,1.1510842814636526e-14,3.2356860641721515e-16
