candidate,frequency_hz,observed_input_psd_v2_per_hz,series_input_input_psd_v2_per_hz,output_load_input_psd_v2_per_hz,drain_resistor_input_psd_v2_per_hz,feedback_resistor_input_psd_v2_per_hz,selected_passives_input_psd_v2_per_hz,unassigned_input_psd_v2_per_hz,incoherent_feedback_input_psd_v2_per_hz,feedback_cross_input_psd_v2_per_hz
R75,1000.0,2.1305206290087226e-15,1.6567788e-17,1.7373938015623663e-19,2.60588546846667e-18,0.0,1.9347412848622902e-17,2.1111732161600998e-15,0.0,0.0
R75,1014.4952080687361,2.1005918766964487e-15,1.6567788e-17,1.7373938015623865e-19,2.6058854684666996e-18,0.0,1.9347412848622936e-17,2.081244463847826e-15,0.0,0.0
R75,1029.2005271944283,2.0710907493603338e-15,1.6567788e-17,1.7373938015624067e-19,2.6058854684667304e-18,0.0,1.934741284862297e-17,2.0517433365117106e-15,0.0,0.0
R75,1044.1190029805646,2.042011137057987e-15,1.6567788e-17,1.7373938015624303e-19,2.6058854684667655e-18,0.0,1.9347412848623007e-17,2.022663724209364e-15,0.0,0.0
R75,1059.2537251772892,2.0133470171351014e-15,1.6567788e-17,1.737393801562453e-19,2.6058854684667998e-18,0.0,1.9347412848623044e-17,1.9939996042864782e-15,0.0,0.0
R75,1074.6078283213178,1.9850924530012012e-15,1.6567788e-17,1.737393801562477e-19,2.6058854684668356e-18,0.0,1.934741284862308e-17,1.965745040152578e-15,0.0,0.0
R75,1090.1844923851281,1.9572415928766822e-15,1.6567788e-17,1.7373938015625002e-19,2.6058854684668702e-18,0.0,1.9347412848623118e-17,1.937894180028059e-15,0.0,0.0
R75,1105.98694343556,1.9297886686046415e-15,1.6567788e-17,1.7373938015625242e-19,2.6058854684669065e-18,0.0,1.9347412848623158e-17,1.9104412557560184e-15,0.0,0.0
R75,1122.018454301964,1.9027279944321097e-15,1.6567788e-17,1.7373938015625478e-19,2.605885468466942e-18,0.0,1.9347412848623195e-17,1.8833805815834866e-15,0.0,0.0
R75,1138.2823452540329,1.8760539658569596e-15,1.6567788e-17,1.7373938015625748e-19,2.6058854684669823e-18,0.0,1.9347412848623238e-17,1.8567065530083364e-15,0.0,0.0
R75,1154.781984689459,1.849761058442319e-15,1.6567788e-17,1.737393801562602e-19,2.6058854684670228e-18,0.0,1.934741284862328e-17,1.8304136455936958e-15,0.0,0.0
R75,1171.520789831561,1.823843826697629e-15,1.6567788e-17,1.7373938015626297e-19,2.6058854684670648e-18,0.0,1.9347412848623328e-17,1.8044964138490057e-15,0.0,0.0
R75,1188.5022274370194,1.798296902925243e-15,1.6567788e-17,1.737393801562657e-19,2.6058854684671056e-18,0.0,1.934741284862337e-17,1.7789494900766196e-15,0.0,0.0
R75,1205.7298145138755,1.7731149961346958e-15,1.6567788e-17,1.7373938015626865e-19,2.60588546846715e-18,0.0,1.9347412848623417e-17,1.7537675832860724e-15,0.0,0.0
R75,1223.2071190499328,1.7482928909205442e-15,1.6567788e-17,1.7373938015627166e-19,2.6058854684671946e-18,0.0,1.9347412848623466e-17,1.7289454780719207e-15,0.0,0.0
R75,1240.9377607517208,1.723825446408939e-15,1.6567788e-17,1.7373938015627479e-19,2.605885468467242e-18,0.0,1.9347412848623515e-17,1.7044780335603154e-15,0.0,0.0
R75,1258.9254117941684,1.6997075951657835e-15,1.6567788e-17,1.7373938015627797e-19,2.6058854684672893e-18,0.0,1.9347412848623568e-17,1.68036018231716e-15,0.0,0.0
R75,1277.1737975811443,1.6759343421747483e-15,1.6567788e-17,1.7373938015628122e-19,2.6058854684673382e-18,0.0,1.9347412848623617e-17,1.6565869293261248e-15,0.0,0.0
R75,1295.686697517021,1.6525007637748195e-15,1.6567788e-17,1.737393801562845e-19,2.605885468467387e-18,0.0,1.934741284862367e-17,1.6331533509261958e-15,0.0,0.0
R75,1314.4679457894238,1.6294020066689217e-15,1.6567788e-17,1.7373938015628793e-19,2.605885468467439e-18,0.0,1.9347412848623725e-17,1.610054593820298e-15,0.0,0.0
R75,1333.5214321633257,1.6066332868899759e-15,1.6567788e-17,1.737393801562914e-19,2.6058854684674908e-18,0.0,1.934741284862378e-17,1.5872858740413521e-15,0.0,0.0
R75,1352.851102786652,1.5841898888393034e-15,1.6567788e-17,1.737393801562952e-19,2.605885468467548e-18,0.0,1.934741284862384e-17,1.5648424759906797e-15,0.0,0.0
R75,1372.4609610075638,1.5620671642803467e-15,1.6567788e-17,1.7373938015629903e-19,2.6058854684676056e-18,0.0,1.9347412848623904e-17,1.5427197514317228e-15,0.0,0.0
R75,1392.3550682035861,1.540260531406052e-15,1.6567788e-17,1.7373938015630293e-19,2.605885468467664e-18,0.0,1.9347412848623965e-17,1.5209131185574281e-15,0.0,0.0
R75,1412.5375446227565,1.5187654738594206e-15,1.6567788e-17,1.7373938015630688e-19,2.605885468467723e-18,0.0,1.9347412848624027e-17,1.4994180610107966e-15,0.0,0.0
R75,1433.012570236965,1.4975775398290917e-15,1.6567788e-17,1.7373938015631104e-19,2.605885468467786e-18,0.0,1.9347412848624098e-17,1.4782301269804676e-15,0.0,0.0
R75,1453.7843856076643,1.4766923410959145e-15,1.6567788e-17,1.7373938015631523e-19,2.605885468467849e-18,0.0,1.9347412848624163e-17,1.4573449282472903e-15,0.0,0.0
R75,1474.8572927641271,1.4561055521559942e-15,1.6567788e-17,1.7373938015631961e-19,2.605885468467914e-18,0.0,1.934741284862423e-17,1.4367581393073701e-15,0.0,0.0
R75,1496.235656094436,1.4358129092924788e-15,1.6567788e-17,1.7373938015632395e-19,2.6058854684679792e-18,0.0,1.93474128486243e-17,1.4164654964438544e-15,0.0,0.0
R75,1517.923903249387,1.4158102097253551e-15,1.6567788e-17,1.7373938015632867e-19,2.60588546846805e-18,0.0,1.9347412848624375e-17,1.3964627968767308e-15,0.0,0.0
R75,1539.926526059495,1.3960933107076749e-15,1.6567788e-17,1.7373938015633336e-19,2.6058854684681206e-18,0.0,1.9347412848624452e-17,1.3767458978590503e-15,0.0,0.0
R75,1562.2480814652934,1.3766581287013842e-15,1.6567788e-17,1.7373938015633832e-19,2.605885468468195e-18,0.0,1.934741284862453e-17,1.3573107158527597e-15,0.0,0.0
R75,1584.8931924611168,1.357500638497259e-15,1.6567788e-17,1.7373938015634333e-19,2.6058854684682696e-18,0.0,1.9347412848624612e-17,1.3381532256486344e-15,0.0,0.0
R75,1607.866549052564,1.3386168724160889e-15,1.6567788e-17,1.7373938015634855e-19,2.6058854684683482e-18,0.0,1.9347412848624696e-17,1.3192694595674642e-15,0.0,0.0
R75,1631.1729092278417,1.3200029194515703e-15,1.6567788e-17,1.737393801563538e-19,2.605885468468427e-18,0.0,1.9347412848624782e-17,1.3006555066029456e-15,0.0,0.0
R75,1654.817099943185,1.3016549244961946e-15,1.6567788e-17,1.7373938015635924e-19,2.605885468468509e-18,0.0,1.9347412848624865e-17,1.2823075116475697e-15,0.0,0.0
R75,1678.804018122564,1.2835690875063953e-15,1.6567788e-17,1.7373938015636473e-19,2.6058854684685913e-18,0.0,1.9347412848624955e-17,1.2642216746577704e-15,0.0,0.0
R75,1703.1386316718808,1.2657416627524937e-15,1.6567788e-17,1.737393801563707e-19,2.6058854684686806e-18,0.0,1.934741284862505e-17,1.2463942499038686e-15,0.0,0.0
R75,1727.8259805078674,1.248168958005407e-15,1.6567788e-17,1.737393801563767e-19,2.60588546846877e-18,0.0,1.9347412848625146e-17,1.2288215451567818e-15,0.0,0.0
R75,1752.871177601897,1.2308473338100202e-15,1.6567788e-17,1.737393801563829e-19,2.605885468468864e-18,0.0,1.9347412848625244e-17,1.211499920961395e-15,0.0,0.0
R75,1778.2794100389272,1.2137732026927976e-15,1.6567788e-17,1.737393801563892e-19,2.6058854684689576e-18,0.0,1.9347412848625346e-17,1.1944257898441723e-15,0.0,0.0
R75,1804.0559400917907,1.1969430284579942e-15,1.6567788e-17,1.737393801563958e-19,2.605885468469057e-18,0.0,1.934741284862545e-17,1.1775956156093687e-15,0.0,0.0
R75,1830.2061063110607,1.180353325415465e-15,1.6567788e-17,1.7373938015640243e-19,2.605885468469156e-18,0.0,1.9347412848625555e-17,1.1610059125668394e-15,0.0,0.0
R75,1856.735324630711,1.164000657699167e-15,1.6567788e-17,1.7373938015640943e-19,2.6058854684692615e-18,0.0,1.934741284862567e-17,1.1446532448505412e-15,0.0,0.0
R75,1883.6490894898054,1.1478816385145356e-15,1.6567788e-17,1.7373938015641644e-19,2.6058854684693666e-18,0.0,1.9347412848625783e-17,1.1285342256659099e-15,0.0,0.0
R75,1910.9529749704457,1.1319929294786816e-15,1.6567788e-17,1.737393801564238e-19,2.6058854684694768e-18,0.0,1.9347412848625897e-17,1.1126455166300557e-15,0.0,0.0
R75,1938.6526359522127,1.116331239886736e-15,1.6567788e-17,1.737393801564312e-19,2.6058854684695873e-18,0.0,1.9347412848626018e-17,1.09698382703811e-15,0.0,0.0
R75,1966.7538092833438,1.1008933260731847e-15,1.6567788e-17,1.7373938015643905e-19,2.6058854684697056e-18,0.0,1.9347412848626144e-17,1.0815459132245586e-15,0.0,0.0
R75,1995.2623149688852,1.0856759906965698e-15,1.6567788e-17,1.7373938015644692e-19,2.6058854684698235e-18,0.0,1.934741284862627e-17,1.0663285778479434e-15,0.0,0.0
R75,2024.1840573760674,1.0706760821214495e-15,1.6567788e-17,1.737393801564552e-19,2.6058854684699475e-18,0.0,1.93474128486264e-17,1.0513286692728232e-15,0.0,0.0
R75,2053.525026457152,1.0558904937208467e-15,1.6567788e-17,1.737393801564635e-19,2.6058854684700723e-18,0.0,1.9347412848626535e-17,1.0365430808722201e-15,0.0,0.0
R75,2083.291298990005,1.0413161632783292e-15,1.6567788e-17,1.7373938015647227e-19,2.605885468470204e-18,0.0,1.9347412848626674e-17,1.0219687504297025e-15,0.0,0.0
R75,2113.489039836653,1.026950072307623e-15,1.6567788e-17,1.7373938015648103e-19,2.6058854684703354e-18,0.0,1.9347412848626816e-17,1.0076026594589962e-15,0.0,0.0
R75,2144.1245032200786,1.0127892454743276e-15,1.6567788e-17,1.737393801564904e-19,2.6058854684704756e-18,0.0,1.9347412848626964e-17,9.934418326257007e-16,0.0,0.0
R75,2175.2040340195294,9.988307499321197e-16,1.6567788e-17,1.7373938015649976e-19,2.6058854684706166e-18,0.0,1.9347412848627115e-17,9.794833370834926e-16,0.0,0.0
R75,2206.7340690845967,9.850716947636266e-16,1.6567788e-17,1.7373938015650968e-19,2.605885468470765e-18,0.0,1.9347412848627272e-17,9.657242819149994e-16,0.0,0.0
R75,2238.7211385683468,9.71509230332677e-16,1.6567788e-17,1.7373938015651962e-19,2.6058854684709143e-18,0.0,1.9347412848627432e-17,9.521618174840496e-16,0.0,0.0
R75,2271.171867279773,9.581405477438642e-16,1.6567788e-17,1.7373938015653012e-19,2.605885468471071e-18,0.0,1.93474128486276e-17,9.387931348952366e-16,0.0,0.0
R75,2304.0929760558533,9.449628782103012e-16,1.6567788e-17,1.737393801565406e-19,2.6058854684712286e-18,0.0,1.9347412848627768e-17,9.256154653616735e-16,0.0,0.0
R75,2337.4912831534966,9.319734925314399e-16,1.6567788e-17,1.737393801565517e-19,2.605885468471395e-18,0.0,1.9347412848627947e-17,9.12626079682812e-16,0.0,0.0
R75,2371.3737056616637,9.191697004757973e-16,1.6567788e-17,1.7373938015656274e-19,2.605885468471561e-18,0.0,1.9347412848628122e-17,8.998222876271692e-16,0.0,0.0
R75,2405.7472609339593,9.065488502765984e-16,1.6567788e-17,1.737393801565744e-19,2.6058854684717355e-18,0.0,1.9347412848628307e-17,8.872014374279701e-16,0.0,0.0
R75,2440.619068041989,8.941083280289624e-16,1.6567788e-17,1.7373938015658607e-19,2.6058854684719108e-18,0.0,1.9347412848628495e-17,8.747609151803339e-16,0.0,0.0
R75,2475.9963492497827,8.818455572029564e-16,1.6567788e-17,1.737393801565986e-19,2.6058854684720988e-18,0.0,1.9347412848628695e-17,8.624981443543278e-16,0.0,0.0
R75,2511.8864315095893,8.697579980547379e-16,1.6567788e-17,1.737393801566111e-19,2.6058854684722863e-18,0.0,1.9347412848628896e-17,8.50410585206109e-16,0.0,0.0
R75,2548.296747979356,8.578431471566157e-16,1.6567788e-17,1.7373938015662427e-19,2.6058854684724836e-18,0.0,1.9347412848629105e-17,8.384957343079867e-16,0.0,0.0
R75,2585.2348395622007,8.460985368216605e-16,1.6567788e-17,1.737393801566374e-19,2.6058854684726808e-18,0.0,1.9347412848629318e-17,8.267511239730312e-16,0.0,0.0
R75,2622.7083564682007,8.34521734650388e-16,1.6567788e-17,1.737393801566514e-19,2.6058854684728907e-18,0.0,1.934741284862954e-17,8.151743218017584e-16,0.0,0.0
R75,2660.7250597988204,8.231103429683529e-16,1.6567788e-17,1.7373938015666541e-19,2.6058854684731006e-18,0.0,1.9347412848629765e-17,8.037629301197232e-16,0.0,0.0
R75,2699.2928231543046,8.11861998389091e-16,1.6567788e-17,1.7373938015668022e-19,2.605885468473323e-18,0.0,1.9347412848630002e-17,7.92514585540461e-16,0.0,0.0
R75,2738.4196342643727,8.007743712642134e-16,1.6567788e-17,1.7373938015669505e-19,2.6058854684735455e-18,0.0,1.934741284863024e-17,7.814269584155831e-16,0.0,0.0
R75,2778.1135966425472,7.898451652622605e-16,1.6567788e-17,1.7373938015671077e-19,2.6058854684737813e-18,0.0,1.934741284863049e-17,7.704977524136301e-16,0.0,0.0
R75,2818.382931264466,7.790721168308397e-16,1.6567788e-17,1.7373938015672644e-19,2.605885468474016e-18,0.0,1.934741284863074e-17,7.59724703982209e-16,0.0,0.0
R75,2859.235978270519,7.684529947910362e-16,1.6567788e-17,1.73739380156743e-19,2.6058854684742647e-18,0.0,1.9347412848631007e-17,7.491055819424052e-16,0.0,0.0
R75,2900.6811986931666,7.579855998111427e-16,1.6567788e-17,1.7373938015675957e-19,2.6058854684745127e-18,0.0,1.9347412848631272e-17,7.386381869625114e-16,0.0,0.0
R75,2942.727176209295,7.47667764016306e-16,1.6567788e-17,1.7373938015677714e-19,2.6058854684747766e-18,0.0,1.9347412848631552e-17,7.283203511676745e-16,0.0,0.0
R75,2985.382618917973,7.374973504734042e-16,1.6567788e-17,1.7373938015679474e-19,2.6058854684750404e-18,0.0,1.9347412848631836e-17,7.181499376247724e-16,0.0,0.0
R75,3028.6563611439774,7.274722528156104e-16,1.6567788e-17,1.7373938015681335e-19,2.6058854684753197e-18,0.0,1.9347412848632134e-17,7.081248399669783e-16,0.0,0.0
R75,3072.5573652674607,7.175903947379835e-16,1.6567788e-17,1.7373938015683203e-19,2.6058854684755997e-18,0.0,1.934741284863243e-17,6.982429818893511e-16,0.0,0.0
R75,3117.0947235801405,7.078497296366409e-16,1.6567788e-17,1.7373938015685172e-19,2.605885468475895e-18,0.0,1.9347412848632745e-17,6.885023167880082e-16,0.0,0.0
R75,3162.277660168394,6.982482401146459e-16,1.6567788e-17,1.7373938015687142e-19,2.6058854684761906e-18,0.0,1.934741284863306e-17,6.789008272660129e-16,0.0,0.0
R75,3208.115532823651,6.887839376354986e-16,1.6567788e-17,1.7373938015689231e-19,2.6058854684765037e-18,0.0,1.9347412848633395e-17,6.694365247868652e-16,0.0,0.0
R75,3254.617834980474,6.79454862038891e-16,1.6567788e-17,1.737393801569132e-19,2.6058854684768173e-18,0.0,1.934741284863373e-17,6.601074491902573e-16,0.0,0.0
R75,3301.7941976827356,6.702590812082493e-16,1.6567788e-17,1.737393801569353e-19,2.6058854684771493e-18,0.0,1.9347412848634082e-17,6.509116683596152e-16,0.0,0.0
R75,3349.6543915782927,6.611946905959393e-16,1.6567788e-17,1.7373938015695743e-19,2.605885468477481e-18,0.0,1.9347412848634436e-17,6.418472777473049e-16,0.0,0.0
R75,3398.208328942576,6.522598129045955e-16,1.6567788e-17,1.7373938015698086e-19,2.6058854684778323e-18,0.0,1.9347412848634812e-17,6.329124000559607e-16,0.0,0.0
R75,3447.4660657315108,6.434525976213838e-16,1.6567788e-17,1.737393801570043e-19,2.605885468478184e-18,0.0,1.9347412848635188e-17,6.241051847727486e-16,0.0,0.0
R75,3497.437803664196,6.347712207128466e-16,1.6567788e-17,1.7373938015702925e-19,2.605885468478558e-18,0.0,1.9347412848635586e-17,6.15423807864211e-16,0.0,0.0
R75,3548.133892335772,6.26213884167833e-16,1.6567788e-17,1.7373938015705414e-19,2.6058854684789308e-18,0.0,1.9347412848635983e-17,6.06866471319197e-16,0.0,0.0
R75,3599.564831360914,6.177788157056271e-16,1.6567788e-17,1.7373938015708045e-19,2.6058854684793256e-18,0.0,1.9347412848636405e-17,5.984314028569907e-16,0.0,0.0
R75,3651.7412725483955,6.094642683271434e-16,1.6567788e-17,1.737393801571068e-19,2.605885468479721e-18,0.0,1.9347412848636828e-17,5.901168554785065e-16,0.0,0.0
R75,3704.674022107176,6.012685200361103e-16,1.6567788e-17,1.7373938015713467e-19,2.6058854684801387e-18,0.0,1.934741284863727e-17,5.81921107187473e-16,0.0,0.0
R75,3758.3740428844612,5.931898733981566e-16,1.6567788e-17,1.7373938015716252e-19,2.605885468480557e-18,0.0,1.9347412848637718e-17,5.738424605495189e-16,0.0,0.0
R75,3812.8524566362084,5.852266552748227e-16,1.6567788e-17,1.73739380157192e-19,2.6058854684809993e-18,0.0,1.9347412848638193e-17,5.658792424261845e-16,0.0,0.0
R75,3868.1205463305423,5.773772163901575e-16,1.6567788e-17,1.737393801572215e-19,2.605885468481442e-18,0.0,1.934741284863866e-17,5.580298035415189e-16,0.0,0.0
R75,3924.189758484557,5.696399310773547e-16,1.6567788e-17,1.7373938015725275e-19,2.6058854684819102e-18,0.0,1.934741284863916e-17,5.502925182287155e-16,0.0,0.0
R75,3981.071705534994,5.620131968524914e-16,1.6567788e-17,1.73739380157284e-19,2.605885468482379e-18,0.0,1.934741284863966e-17,5.426657840038518e-16,0.0,0.0
R75,4038.7781682432824,5.544954341735907e-16,1.6567788e-17,1.7373938015731715e-19,2.6058854684828763e-18,0.0,1.9347412848640192e-17,5.351480213249505e-16,0.0,0.0
R75,4097.321098135438,5.470850860211278e-16,1.6567788e-17,1.7373938015735032e-19,2.6058854684833735e-18,0.0,1.9347412848640723e-17,5.277376731724871e-16,0.0,0.0
R75,4156.712619977334,5.397806176693394e-16,1.6567788e-17,1.7373938015738542e-19,2.6058854684839e-18,0.0,1.9347412848641283e-17,5.204332048206981e-16,0.0,0.0
R75,4216.965034285847,5.325805162731419e-16,1.6567788e-17,1.737393801574205e-19,2.6058854684844263e-18,0.0,1.9347412848641847e-17,5.132331034245e-16,0.0,0.0
R75,4278.0908198764055,5.254832906515013e-16,1.6567788e-17,1.7373938015745777e-19,2.605885468484985e-18,0.0,1.9347412848642442e-17,5.061358778028588e-16,0.0,0.0
R75,4340.102636447464,5.184874708804086e-16,1.6567788e-17,1.7373938015749503e-19,2.605885468485544e-18,0.0,1.9347412848643037e-17,4.991400580317656e-16,0.0,0.0
R75,4403.01332720244,5.115916080881525e-16,1.6567788e-17,1.737393801575344e-19,2.6058854684861346e-18,0.0,1.9347412848643668e-17,4.922441952395088e-16,0.0,0.0
R75,4466.835921509658,5.047942740539929e-16,1.6567788e-17,1.7373938015757373e-19,2.6058854684867243e-18,0.0,1.9347412848644294e-17,4.854468612053486e-16,0.0,0.0
R75,4531.583637600846,4.980940610151874e-16,1.6567788e-17,1.7373938015761533e-19,2.6058854684873487e-18,0.0,1.9347412848644963e-17,4.787466481665425e-16,0.0,0.0
R75,4597.26988530875,4.914895812710095e-16,1.6567788e-17,1.7373938015765696e-19,2.605885468487973e-18,0.0,1.9347412848645628e-17,4.721421684223639e-16,0.0,0.0
R75,4663.908268844436,4.849794670013892e-16,1.6567788e-17,1.7373938015770113e-19,2.6058854684886356e-18,0.0,1.9347412848646337e-17,4.656320541527428e-16,0.0,0.0
R75,4731.512589614835,4.785623698759279e-16,1.6567788e-17,1.737393801577453e-19,2.605885468489298e-18,0.0,1.9347412848647043e-17,4.592149570272808e-16,0.0,0.0
R75,4800.0968490811465,4.722369608840199e-16,1.6567788e-17,1.737393801577921e-19,2.60588546849e-18,0.0,1.9347412848647788e-17,4.528895480353721e-16,0.0,0.0
R75,4869.675251658663,4.660019299485293e-16,1.6567788e-17,1.7373938015783884e-19,2.605885468490701e-18,0.0,1.9347412848648537e-17,4.466545170998808e-16,0.0,0.0
R75,4940.26220765863,4.598559857672648e-16,1.6567788e-17,1.737393801578884e-19,2.605885468491444e-18,0.0,1.9347412848649332e-17,4.405085729186155e-16,0.0,0.0
R75,5011.872336272756,4.537978554309751e-16,1.6567788e-17,1.7373938015793795e-19,2.6058854684921874e-18,0.0,1.9347412848650124e-17,4.34450442582325e-16,0.0,0.0
R75,5084.520468600972,4.478262842760705e-16,1.6567788e-17,1.737393801579904e-19,2.6058854684929743e-18,0.0,1.9347412848650965e-17,4.2847887142741957e-16,0.0,0.0
R75,5158.2216507230905,4.4194003550659965e-16,1.6567788e-17,1.7373938015804286e-19,2.605885468493761e-18,0.0,1.9347412848651804e-17,4.2259262265794785e-16,0.0,0.0
R75,5232.991146814981,4.3613789005812205e-16,1.6567788e-17,1.7373938015809847e-19,2.605885468494595e-18,0.0,1.9347412848652694e-17,4.1679047720946936e-16,0.0,0.0
R75,5308.844442309919,4.304186462233207e-16,1.6567788e-17,1.7373938015815413e-19,2.60588546849543e-18,0.0,1.9347412848653585e-17,4.1107123337466715e-16,0.0,0.0
R75,5385.797247105755,4.247811195269378e-16,1.6567788e-17,1.7373938015821314e-19,2.605885468496315e-18,0.0,1.9347412848654528e-17,4.0543370667828327e-16,0.0,0.0
R75,5463.865498818579,4.1922414235469787e-16,1.6567788e-17,1.7373938015827217e-19,2.6058854684972e-18,0.0,1.934741284865547e-17,3.998767295060424e-16,0.0,0.0
R75,5543.065366083543,4.137465638392194e-16,1.6567788e-17,1.7373938015833462e-19,2.6058854684981366e-18,0.0,1.934741284865647e-17,3.9439915099056294e-16,0.0,0.0
R75,5623.413251903529,4.0834724949191754e-16,1.6567788e-17,1.7373938015839704e-19,2.6058854684990733e-18,0.0,1.934741284865747e-17,3.8899983664326007e-16,0.0,0.0
R75,5704.92579704636,4.030250810998259e-16,1.6567788e-17,1.7373938015846313e-19,2.605885468500064e-18,0.0,1.9347412848658524e-17,3.836776682511674e-16,0.0,0.0
R75,5787.619883491247,3.9777895636014255e-16,1.6567788e-17,1.7373938015852919e-19,2.605885468501055e-18,0.0,1.934741284865958e-17,3.7843154351148296e-16,0.0,0.0
R75,5871.512637925207,3.926077887879085e-16,1.6567788e-17,1.7373938015859912e-19,2.605885468502104e-18,0.0,1.93474128486607e-17,3.732603759392478e-16,0.0,0.0
R75,5956.621435290147,3.8751050735286227e-16,1.6567788e-17,1.7373938015866903e-19,2.605885468503153e-18,0.0,1.934741284866182e-17,3.6816309450420046e-16,0.0,0.0
R75,6042.963902381372,3.8248605639793045e-16,1.6567788e-17,1.7373938015874323e-19,2.6058854685042656e-18,0.0,1.9347412848663008e-17,3.6313864354926746e-16,0.0,0.0
R75,6130.557921498252,3.7753339527805836e-16,1.6567788e-17,1.7373938015881742e-19,2.605885468505378e-18,0.0,1.9347412848664194e-17,3.581859824293942e-16,0.0,0.0
R75,6219.421634147808,3.7265149828947516e-16,1.6567788e-17,1.7373938015889595e-19,2.6058854685065563e-18,0.0,1.9347412848665448e-17,3.533040854408097e-16,0.0,0.0
R75,6309.573444801979,3.678393543101743e-16,1.6567788e-17,1.737393801589745e-19,2.6058854685077342e-18,0.0,1.934741284866671e-17,3.4849194146150763e-16,0.0,0.0
R75,6401.032024709357,3.630959667399229e-16,1.6567788e-17,1.737393801590577e-19,2.6058854685089826e-18,0.0,1.934741284866804e-17,3.437485538912549e-16,0.0,0.0
R75,6493.816315762163,3.58420353142059e-16,1.6567788e-17,1.7373938015914096e-19,2.605885468510231e-18,0.0,1.934741284866937e-17,3.3907294029338967e-16,0.0,0.0
R75,6587.945534419289,3.538115451942339e-16,1.6567788e-17,1.73739380159229e-19,2.6058854685115514e-18,0.0,1.934741284867078e-17,3.3446413234556313e-16,0.0,0.0
R75,6683.439175686198,3.4926858833119494e-16,1.6567788e-17,1.7373938015931706e-19,2.605885468512872e-18,0.0,1.9347412848672188e-17,3.299211754825228e-16,0.0,0.0
R75,6780.317017152512,3.4479054170625287e-16,1.6567788e-17,1.7373938015941042e-19,2.6058854685142724e-18,0.0,1.934741284867368e-17,3.254431288575792e-16,0.0,0.0
R75,6878.59912308813,3.4037647783471473e-16,1.6567788e-17,1.7373938015950375e-19,2.6058854685156725e-18,0.0,1.9347412848675177e-17,3.2102906498603956e-16,0.0,0.0
R75,6978.3058485987185,3.3602548256609154e-16,1.6567788e-17,1.737393801596027e-19,2.6058854685171567e-18,0.0,1.9347412848676757e-17,3.166780697174148e-16,0.0,0.0
R75,7079.4578438414355,3.3173665472783786e-16,1.6567788e-17,1.7373938015970167e-19,2.6058854685186408e-18,0.0,1.934741284867834e-17,3.1238924187915954e-16,0.0,0.0
R75,7182.076058301764,3.275091061083214e-16,1.6567788e-17,1.7373938015980646e-19,2.6058854685202127e-18,0.0,1.9347412848680018e-17,3.081616932596414e-16,0.0,0.0
R75,7286.181745132336,3.233419611005308e-16,1.6567788e-17,1.7373938015991126e-19,2.605885468521785e-18,0.0,1.9347412848681694e-17,3.0399454825184913e-16,0.0,0.0
R75,7391.796465554657,3.192343566958368e-16,1.6567788e-17,1.7373938016002229e-19,2.60588546852345e-18,0.0,1.9347412848683472e-17,2.9988694384715333e-16,0.0,0.0
R75,7498.94209332462,3.1518544212732957e-16,1.6567788e-17,1.7373938016013332e-19,2.605885468525115e-18,0.0,1.9347412848685247e-17,2.9583802927864434e-16,0.0,0.0
R75,7607.640819262764,3.111943788744098e-16,1.6567788e-17,1.7373938016025075e-19,2.605885468526877e-18,0.0,1.9347412848687127e-17,2.9184696602572266e-16,0.0,0.0
R75,7717.915155850188,3.072603403054151e-16,1.6567788e-17,1.7373938016036816e-19,2.6058854685286375e-18,0.0,1.9347412848689003e-17,2.879129274567261e-16,0.0,0.0
R75,7829.787941891089,3.0338251169309243e-16,1.6567788e-17,1.7373938016049262e-19,2.6058854685305045e-18,0.0,1.9347412848690997e-17,2.8403509884440143e-16,0.0,0.0
R75,7943.282347242882,2.995600898561659e-16,1.6567788e-17,1.7373938016061709e-19,2.605885468532371e-18,0.0,1.9347412848692988e-17,2.8021267700747295e-16,0.0,0.0
R75,8058.421877614886,2.9579228318575876e-16,1.6567788e-17,1.7373938016074892e-19,2.6058854685343483e-18,0.0,1.9347412848695095e-17,2.7644487033706367e-16,0.0,0.0
R75,8175.23037943657,2.920783112855492e-16,1.6567788e-17,1.7373938016088075e-19,2.6058854685363254e-18,0.0,1.9347412848697206e-17,2.72730898436852e-16,0.0,0.0
R75,8293.732044796356,2.884174050092202e-16,1.6567788e-17,1.7373938016102047e-19,2.6058854685384216e-18,0.0,1.934741284869944e-17,2.6906999216052076e-16,0.0,0.0
R75,8413.951416452024,2.848088060988465e-16,1.6567788e-17,1.737393801611602e-19,2.6058854685405178e-18,0.0,1.9347412848701677e-17,2.654613932501448e-16,0.0,0.0
R75,8535.913392913733,2.812517672334649e-16,1.6567788e-17,1.7373938016130823e-19,2.6058854685427372e-18,0.0,1.9347412848704044e-17,2.6190435438476085e-16,0.0,0.0
R75,8659.64323360073,2.777455516653309e-16,1.6567788e-17,1.7373938016145624e-19,2.6058854685449575e-18,0.0,1.934741284870641e-17,2.583981388166245e-16,0.0,0.0
R75,8785.166564072795,2.742894332797115e-16,1.6567788e-17,1.7373938016161296e-19,2.6058854685473083e-18,0.0,1.934741284870892e-17,2.549420204310026e-16,0.0,0.0
R75,8912.509381337535,2.7088269622864616e-16,1.6567788e-17,1.737393801617697e-19,2.6058854685496594e-18,0.0,1.9347412848711427e-17,2.5153528337993475e-16,0.0,0.0
R75,9041.698059234586,2.6752463500207945e-16,1.6567788e-17,1.7373938016193577e-19,2.60588546855215e-18,0.0,1.9347412848714083e-17,2.481772221533654e-16,0.0,0.0
R75,9172.75935389788,2.642145540587515e-16,1.6567788e-17,1.7373938016210179e-19,2.60588546855464e-18,0.0,1.934741284871674e-17,2.4486714121003477e-16,0.0,0.0
R75,9305.720409297075,2.6095176790880183e-16,1.6567788e-17,1.7373938016227765e-19,2.6058854685572776e-18,0.0,1.9347412848719553e-17,2.416043550600823e-16,0.0,0.0
R75,9440.608762859321,2.5773560074141297e-16,1.6567788e-17,1.737393801624535e-19,2.6058854685599154e-18,0.0,1.9347412848722367e-17,2.383881878926906e-16,0.0,0.0
R75,9577.452351172502,2.5456538651902435e-16,1.6567788e-17,1.7373938016263975e-19,2.6058854685627088e-18,0.0,1.9347412848725346e-17,2.35217973670299e-16,0.0,0.0
R75,9716.279515771153,2.5144046860134593e-16,1.6567788e-17,1.73739380162826e-19,2.6058854685655025e-18,0.0,1.9347412848728326e-17,2.320930557526176e-16,0.0,0.0
R75,9857.119009006256,2.4836019985133963e-16,1.6567788e-17,1.737393801630233e-19,2.6058854685684615e-18,0.0,1.9347412848731485e-17,2.2901278700260815e-16,0.0,0.0
R75,10000.000000000096,2.4532394225520817e-16,1.6567788e-17,1.7373938016322056e-19,2.60588546857142e-18,0.0,1.934741284873464e-17,2.2597652940647354e-16,0.0,0.0
R75,10144.952080687459,2.4233106704031975e-16,1.6567788e-17,1.7373938016342967e-19,2.6058854685745567e-18,0.0,1.9347412848737987e-17,2.2298365419158176e-16,0.0,0.0
R75,10292.005271944381,2.393809542907671e-16,1.6567788e-17,1.7373938016363875e-19,2.605885468577693e-18,0.0,1.934741284874133e-17,2.2003354144202576e-16,0.0,0.0
R75,10441.190029805744,2.364729930774209e-16,1.6567788e-17,1.7373938016386006e-19,2.6058854685810124e-18,0.0,1.934741284874487e-17,2.1712558022867606e-16,0.0,0.0
R75,10592.537251772992,2.3360658106865403e-16,1.6567788e-17,1.7373938016408138e-19,2.6058854685843316e-18,0.0,1.934741284874841e-17,2.1425916821990562e-16,0.0,0.0
R75,10746.07828321328,2.3078112467272327e-16,1.6567788e-17,1.737393801643158e-19,2.605885468587848e-18,0.0,1.934741284875216e-17,2.1143371182397112e-16,0.0,0.0
R75,10901.844923851384,2.2799603864323594e-16,1.6567788e-17,1.737393801645503e-19,2.6058854685913643e-18,0.0,1.9347412848755912e-17,2.0864862579448003e-16,0.0,0.0
R75,11059.869434355705,2.252507462340835e-16,1.6567788e-17,1.7373938016479866e-19,2.6058854685950898e-18,0.0,1.9347412848759887e-17,2.0590333338532365e-16,0.0,0.0
R75,11220.184543019746,2.22544678799217e-16,1.6567788e-17,1.7373938016504709e-19,2.605885468598816e-18,0.0,1.9347412848763862e-17,2.0319726595045312e-16,0.0,0.0
R75,11382.823452540435,2.198772759603676e-16,1.6567788e-17,1.7373938016531031e-19,2.6058854686027642e-18,0.0,1.9347412848768074e-17,2.0052986311159952e-16,0.0,0.0
R75,11547.819846894698,2.1724798520069087e-16,1.6567788e-17,1.7373938016557356e-19,2.6058854686067124e-18,0.0,1.9347412848772284e-17,1.979005723519186e-16,0.0,0.0
R75,11715.207898315717,2.1465626204552444e-16,1.6567788e-17,1.7373938016585224e-19,2.6058854686108924e-18,0.0,1.9347412848776742e-17,1.953088491967477e-16,0.0,0.0
R75,11885.022274370305,2.1210156964945102e-16,1.6567788e-17,1.7373938016613093e-19,2.605885468615072e-18,0.0,1.93474128487812e-17,1.9275415680066982e-16,0.0,0.0
R75,12057.298145138866,2.095833789903598e-16,1.6567788e-17,1.7373938016642612e-19,2.6058854686195e-18,0.0,1.9347412848785925e-17,1.9023596614157388e-16,0.0,0.0
R75,12232.07119049944,2.0710116844946445e-16,1.6567788e-17,1.7373938016672127e-19,2.6058854686239268e-18,0.0,1.9347412848790646e-17,1.877537556006738e-16,0.0,0.0
R75,12409.377607517323,2.046544240189534e-16,1.6567788e-17,1.7373938016703387e-19,2.6058854686286152e-18,0.0,1.9347412848795647e-17,1.8530701117015775e-16,0.0,0.0
R75,12589.254117941802,2.0224263887448802e-16,1.6567788e-17,1.7373938016734653e-19,2.605885468633305e-18,0.0,1.9347412848800652e-17,1.8289522602568737e-16,0.0,0.0
R75,12771.737975811562,1.9986531359674616e-16,1.6567788e-17,1.7373938016767786e-19,2.6058854686382745e-18,0.0,1.934741284880595e-17,1.805179007479402e-16,0.0,0.0
R75,12956.86697517033,1.9752195573590834e-16,1.6567788e-17,1.7373938016800917e-19,2.605885468643244e-18,0.0,1.9347412848811252e-17,1.781745428870971e-16,0.0,0.0
R75,13144.679457894359,1.9521208004741968e-16,1.6567788e-17,1.7373938016836012e-19,2.6058854686485074e-18,0.0,1.9347412848816867e-17,1.758646671986028e-16,0.0,0.0
R75,13335.21432163338,1.9293520804795759e-16,1.6567788e-17,1.73739380168711e-19,2.60588546865377e-18,0.0,1.934741284882248e-17,1.735877951991351e-16,0.0,0.0
R75,13528.511027866647,1.9069086826575987e-16,1.6567788e-17,1.737393801690827e-19,2.6058854686593454e-18,0.0,1.9347412848828425e-17,1.7134345541693144e-16,0.0,0.0
R75,13724.609610075766,1.8847859578754668e-16,1.6567788e-17,1.7373938016945438e-19,2.60588546866492e-18,0.0,1.9347412848834372e-17,1.691311829387123e-16,0.0,0.0
R75,13923.55068203599,1.862979325237846e-16,1.6567788e-17,1.7373938016984807e-19,2.605885468670825e-18,0.0,1.9347412848840674e-17,1.669505196749439e-16,0.0,0.0
R75,14125.375446227694,1.8414842674602485e-16,1.6567788e-17,1.7373938017024175e-19,2.6058854686767296e-18,0.0,1.934741284884697e-17,1.6480101389717788e-16,0.0,0.0
R75,14330.125702369782,1.8202963336748787e-16,1.6567788e-17,1.737393801706587e-19,2.6058854686829835e-18,0.0,1.934741284885364e-17,1.6268222051863422e-16,0.0,0.0
R75,14537.843856076775,1.7994111347026444e-16,1.6567788e-17,1.7373938017107566e-19,2.6058854686892373e-18,0.0,1.9347412848860312e-17,1.6059370062140414e-16,0.0,0.0
R75,14748.572927641406,1.7788243460162948e-16,1.6567788e-17,1.7373938017151751e-19,2.605885468695865e-18,0.0,1.934741284886738e-17,1.585350217527621e-16,0.0,0.0
R75,14962.356560944498,1.758531702905314e-16,1.6567788e-17,1.7373938017195934e-19,2.6058854687024916e-18,0.0,1.934741284887445e-17,1.5650575744165693e-16,0.0,0.0
R75,15179.239032494008,1.7385290036007125e-16,1.6567788e-17,1.7373938017242723e-19,2.6058854687095093e-18,0.0,1.9347412848881935e-17,1.5450548751118932e-16,0.0,0.0
R75,15399.26526059509,1.718812104326824e-16,1.6567788e-17,1.7373938017289508e-19,2.6058854687165266e-18,0.0,1.934741284888942e-17,1.5253379758379297e-16,0.0,0.0
R75,15622.480814653076,1.6993769225923541e-16,1.6567788e-17,1.7373938017339077e-19,2.6058854687239615e-18,0.0,1.934741284889735e-17,1.5059027941033806e-16,0.0,0.0
R75,15848.931924611312,1.68021943212294e-16,1.6567788e-17,1.7373938017388648e-19,2.6058854687313963e-18,0.0,1.934741284890528e-17,1.4867453036338873e-16,0.0,0.0
R75,16078.665490525787,1.66133566632326e-16,1.6567788e-17,1.7373938017441132e-19,2.6058854687392684e-18,0.0,1.934741284891368e-17,1.4678615378341232e-16,0.0,0.0
R75,16311.729092278567,1.642721713084007e-16,1.6567788e-17,1.737393801749362e-19,2.605885468747141e-18,0.0,1.9347412848922078e-17,1.449247584594786e-16,0.0,0.0
R75,16548.170999432,1.6243737184201771e-16,1.6567788e-17,1.7373938017549237e-19,2.605885468755483e-18,0.0,1.9347412848930974e-17,1.4308995899308673e-16,0.0,0.0
R75,16788.040181225795,1.6062878811458268e-16,1.6567788e-17,1.7373938017604855e-19,2.6058854687638248e-18,0.0,1.9347412848939873e-17,1.412813752656428e-16,0.0,0.0
R75,17031.386316718967,1.5884604566939286e-16,1.6567788e-17,1.737393801766375e-19,2.6058854687726582e-18,0.0,1.9347412848949293e-17,1.3949863282044356e-16,0.0,0.0
R75,17278.259805078833,1.570887751652073e-16,1.6567788e-17,1.737393801772265e-19,2.6058854687814925e-18,0.0,1.9347412848958717e-17,1.3774136231624858e-16,0.0,0.0
R75,17528.711776019132,1.5535661277695673e-16,1.6567788e-17,1.7373938017785043e-19,2.6058854687908506e-18,0.0,1.93474128489687e-17,1.3600919992798803e-16,0.0,0.0
R75,17782.794100389434,1.5364919963469541e-16,1.6567788e-17,1.7373938017847428e-19,2.6058854688002083e-18,0.0,1.9347412848978682e-17,1.3430178678571673e-16,0.0,0.0
R75,18040.55940091807,1.5196618224363495e-16,1.6567788e-17,1.7373938017913526e-19,2.6058854688101218e-18,0.0,1.9347412848989257e-17,1.326187693946457e-16,0.0,0.0
R75,18302.061063110774,1.5030721190773746e-16,1.6567788e-17,1.737393801797962e-19,2.6058854688200353e-18,0.0,1.934741284899983e-17,1.3095979905873763e-16,0.0,0.0
R75,18567.35324630728,1.4867194516970484e-16,1.6567788e-17,1.737393801804963e-19,2.605885468830536e-18,0.0,1.934741284901103e-17,1.293245323206938e-16,0.0,0.0
R75,18836.49089489823,1.4706004321844697e-16,1.6567788e-17,1.737393801811964e-19,2.6058854688410364e-18,0.0,1.934741284902223e-17,1.2771263036942475e-16,0.0,0.0
R75,19109.529749704634,1.454711723496851e-16,1.6567788e-17,1.7373938018193792e-19,2.605885468852159e-18,0.0,1.9347412849034096e-17,1.26123759500651e-16,0.0,0.0
R75,19386.526359522308,1.4390500335649828e-16,1.6567788e-17,1.7373938018267955e-19,2.605885468863282e-18,0.0,1.934741284904596e-17,1.2455759050745232e-16,0.0,0.0
R75,19667.538092833624,1.423612120112428e-16,1.6567788e-17,1.737393801834651e-19,2.605885468875064e-18,0.0,1.934741284905853e-17,1.2301379916218427e-16,0.0,0.0
R75,19952.62314968904,1.4083947843834217e-16,1.6567788e-17,1.737393801842506e-19,2.6058854688868466e-18,0.0,1.93474128490711e-17,1.2149206558927106e-16,0.0,0.0
R75,20241.840573760863,1.3933948761825827e-16,1.6567788e-17,1.7373938018508256e-19,2.6058854688993243e-18,0.0,1.9347412849084407e-17,1.1999207476917385e-16,0.0,0.0
R75,20535.250264571714,1.3786092874166116e-16,1.6567788e-17,1.7373938018591451e-19,2.605885468911803e-18,0.0,1.9347412849097713e-17,1.1851351589256346e-16,0.0,0.0
R75,20832.91298990025,1.364034957362215e-16,1.6567788e-17,1.7373938018679606e-19,2.605885468925025e-18,0.0,1.934741284911182e-17,1.1705608288710966e-16,0.0,0.0
R75,21134.890398366733,1.3496688660126233e-16,1.6567788e-17,1.7373938018767763e-19,2.6058854689382474e-18,0.0,1.9347412849125924e-17,1.156194737521364e-16,0.0,0.0
R75,21441.245032200994,1.3355080395818648e-16,1.6567788e-17,1.7373938018861113e-19,2.6058854689522485e-18,0.0,1.934741284914086e-17,1.142033911090456e-16,0.0,0.0
R75,21752.0403401955,1.3215495436466825e-16,1.6567788e-17,1.737393801895446e-19,2.6058854689662496e-18,0.0,1.9347412849155793e-17,1.1280754151551246e-16,0.0,0.0
R75,22067.340690846177,1.3077904888957462e-16,1.6567788e-17,1.7373938019053354e-19,2.6058854689810824e-18,0.0,1.9347412849171614e-17,1.11431636040403e-16,0.0,0.0
R75,22387.21138568368,1.2942280240571523e-16,1.6567788e-17,1.7373938019152248e-19,2.6058854689959155e-18,0.0,1.9347412849187437e-17,1.1007538955652779e-16,0.0,0.0
R75,22711.718672797946,1.2808593419015458e-16,1.6567788e-17,1.7373938019256997e-19,2.605885469011627e-18,0.0,1.9347412849204194e-17,1.0873852134095037e-16,0.0,0.0
R75,23040.929760558753,1.2676816719450474e-16,1.6567788e-17,1.7373938019361749e-19,2.605885469027338e-18,0.0,1.9347412849220954e-17,1.0742075434528379e-16,0.0,0.0
R75,23374.912831535188,1.2546922867157033e-16,1.6567788e-17,1.73739380194727e-19,2.6058854690439798e-18,0.0,1.9347412849238704e-17,1.0612181582233163e-16,0.0,0.0
R75,23713.73705661686,1.241888494221189e-16,1.6567788e-17,1.737393801958365e-19,2.605885469060621e-18,0.0,1.9347412849256456e-17,1.0484143657286243e-16,0.0,0.0
R75,24057.47260933982,1.229267644488515e-16,1.6567788e-17,1.7373938019701182e-19,2.6058854690782494e-18,0.0,1.934741284927526e-17,1.0357935159957625e-16,0.0,0.0
R75,24406.19068042012,1.2168271217853893e-16,1.6567788e-17,1.7373938019818712e-19,2.6058854690958774e-18,0.0,1.9347412849294063e-17,1.0233529932924487e-16,0.0,0.0
R75,24759.96349249806,1.204564351443638e-16,1.6567788e-17,1.7373938019943201e-19,2.6058854691145493e-18,0.0,1.9347412849313978e-17,1.0110902229504983e-16,0.0,0.0
R75,25118.864315096132,1.192476791822606e-16,1.6567788e-17,1.737393802006769e-19,2.6058854691332212e-18,0.0,1.9347412849333897e-17,9.990026633292672e-17,0.0,0.0
R75,25482.967479793802,1.1805619414272317e-16,1.6567788e-17,1.7373938020199571e-19,2.6058854691530017e-18,0.0,1.9347412849354996e-17,9.870878129336817e-17,0.0,0.0
R75,25852.34839562225,1.1688173306013938e-16,1.6567788e-17,1.737393802033145e-19,2.605885469172782e-18,0.0,1.9347412849376095e-17,9.753432021076329e-17,0.0,0.0
R75,26227.083564682252,1.157240528952159e-16,1.6567788e-17,1.737393802047115e-19,2.605885469193735e-18,0.0,1.9347412849398445e-17,9.637664004581746e-17,0.0,0.0
R75,26607.25059798845,1.1458291367603926e-16,1.6567788e-17,1.7373938020610847e-19,2.605885469214688e-18,0.0,1.9347412849420795e-17,9.523550082661847e-17,0.0,0.0
R75,26992.928231543297,1.1345807927232928e-16,1.6567788e-17,1.7373938020758806e-19,2.60588546923688e-18,0.0,1.9347412849444467e-17,9.411066642288481e-17,0.0,0.0
R75,27384.19634264398,1.1234931650690162e-16,1.6567788e-17,1.7373938020906766e-19,2.6058854692590726e-18,0.0,1.934741284946814e-17,9.300190365743348e-17,0.0,0.0
R75,27781.13596642573,1.1125639596302326e-16,1.6567788e-17,1.7373938021063486e-19,2.605885469282579e-18,0.0,1.9347412849493213e-17,9.190898311353005e-17,0.0,0.0
R75,28183.82931264492,1.1017909106488845e-16,1.6567788e-17,1.7373938021220208e-19,2.6058854693060854e-18,0.0,1.9347412849518284e-17,9.083167821537016e-17,0.0,0.0
R75,28592.359782705455,1.0911717891941757e-16,1.6567788e-17,1.7373938021386224e-19,2.6058854693309853e-18,0.0,1.9347412849544846e-17,8.976976606987273e-17,0.0,0.0
R75,29006.811986931934,1.0807043936429275e-16,1.6567788e-17,1.737393802155224e-19,2.6058854693558864e-18,0.0,1.934741284957141e-17,8.872302651472134e-17,0.0,0.0
R75,29427.271762093224,1.0703865584560753e-16,1.6567788e-17,1.7373938021728105e-19,2.6058854693822636e-18,0.0,1.9347412849599546e-17,8.769124299600799e-17,0.0,0.0
R75,29853.82618918001,1.0602161443194496e-16,1.6567788e-17,1.7373938021903966e-19,2.6058854694086407e-18,0.0,1.9347412849627677e-17,8.667420158231729e-17,0.0,0.0
R75,30286.56361144006,1.0501910472935396e-16,1.6567788e-17,1.7373938022090235e-19,2.605885469436579e-18,0.0,1.934741284965748e-17,8.567169187969647e-17,0.0,0.0
R75,30725.573652674895,1.0403091885988293e-16,1.6567788e-17,1.7373938022276502e-19,2.6058854694645166e-18,0.0,1.934741284968728e-17,8.468350601019565e-17,0.0,0.0
R75,31170.947235801697,1.0305685241543325e-16,1.6567788e-17,1.7373938022473815e-19,2.6058854694941112e-18,0.0,1.9347412849718846e-17,8.370943956571441e-17,0.0,0.0
R75,31622.77660168424,1.0209670339908601e-16,1.6567788e-17,1.737393802267113e-19,2.6058854695237062e-18,0.0,1.9347412849750416e-17,8.27492905493356e-17,0.0,0.0
R75,32081.155328236815,1.0115027321946373e-16,1.6567788e-17,1.7373938022880124e-19,2.605885469555053e-18,0.0,1.9347412849783853e-17,8.180286036967988e-17,0.0,0.0
R75,32546.17834980505,1.0021736559310613e-16,1.6567788e-17,1.7373938023089126e-19,2.6058854695864006e-18,0.0,1.934741284981729e-17,8.086995274328884e-17,0.0,0.0
R75,33017.94197682767,9.929778758105914e-17,1.6567788e-17,1.7373938023310521e-19,2.6058854696196075e-18,0.0,1.9347412849852712e-17,7.995037473120642e-17,0.0,0.0
R75,33496.543915783244,9.83913484504681e-17,1.6567788e-17,1.7373938023531917e-19,2.605885469652814e-18,0.0,1.934741284988813e-17,7.904393560057997e-17,0.0,0.0
R75,33982.08328942608,9.74978607551988e-17,1.6567788e-17,1.7373938023766418e-19,2.6058854696879865e-18,0.0,1.9347412849925648e-17,7.815044790527315e-17,0.0,0.0
R75,34474.660657315435,9.661713915473376e-17,1.6567788e-17,1.737393802400092e-19,2.605885469723159e-18,0.0,1.9347412849963165e-17,7.726972630477058e-17,0.0,0.0
R75,34974.378036642294,9.574900154072193e-17,1.6567788e-17,1.7373938024249318e-19,2.605885469760416e-18,0.0,1.9347412850002907e-17,7.640158869071902e-17,0.0,0.0
R75,35481.33892335806,9.489326781116695e-17,1.6567788e-17,1.7373938024497722e-19,2.6058854697976736e-18,0.0,1.934741285004265e-17,7.55458549611243e-17,0.0,0.0
R75,35995.64831360948,9.40497610449006e-17,1.6567788e-17,1.7373938024760838e-19,2.605885469837138e-18,0.0,1.9347412850084745e-17,7.470234819481586e-17,0.0,0.0
R75,36517.412725484304,9.321830622895609e-17,1.6567788e-17,1.7373938025023956e-19,2.6058854698766024e-18,0.0,1.934741285012684e-17,7.387089337882925e-17,0.0,0.0
R75,37046.74022107211,9.239873148306166e-17,1.6567788e-17,1.737393802530267e-19,2.605885469918406e-18,0.0,1.9347412850171433e-17,7.305131863289023e-17,0.0,0.0
R75,37583.74042884497,9.159086673798871e-17,1.6567788e-17,1.7373938025581383e-19,2.60588546996021e-18,0.0,1.9347412850216022e-17,7.224345388777268e-17,0.0,0.0
R75,38128.524566362445,9.07945450122682e-17,1.6567788e-17,1.7373938025876609e-19,2.6058854700044903e-18,0.0,1.9347412850263255e-17,7.144713216200495e-17,0.0,0.0
R75,38681.205463305785,9.000960103919628e-17,1.6567788e-17,1.7373938026171832e-19,2.60588547004877e-18,0.0,1.9347412850310485e-17,7.06621881888858e-17,0.0,0.0
R75,39241.89758484594,8.923587259809034e-17,1.6567788e-17,1.7373938026484545e-19,2.6058854700956735e-18,0.0,1.9347412850360516e-17,6.988845974772982e-17,0.0,0.0
R75,39810.71705535032,8.847319908751689e-17,1.6567788e-17,1.737393802679726e-19,2.6058854701425772e-18,0.0,1.9347412850410547e-17,6.912578623710634e-17,0.0,0.0
R75,40387.781682433204,8.772142291352735e-17,1.6567788e-17,1.7373938027128519e-19,2.605885470192262e-18,0.0,1.9347412850463546e-17,6.83740100630638e-17,0.0,0.0
R75,40973.210981354765,8.698038800655089e-17,1.6567788e-17,1.7373938027459774e-19,2.6058854702419467e-18,0.0,1.9347412850516544e-17,6.763297515603434e-17,0.0,0.0
R75,41567.12619977373,8.62499412691726e-17,1.6567788e-17,1.737393802781064e-19,2.605885470294572e-18,0.0,1.9347412850572677e-17,6.690252841859993e-17,0.0,0.0
R75,42169.65034285886,8.552993103400961e-17,1.6567788e-17,1.7373938028161508e-19,2.605885470347198e-18,0.0,1.9347412850628812e-17,6.61825181833808e-17,0.0,0.0
R75,42780.90819876445,8.48202085737288e-17,1.6567788e-17,1.7373938028533176e-19,2.6058854704029444e-18,0.0,1.9347412850688276e-17,6.547279572304052e-17,0.0,0.0
R75,43401.026364475045,8.412062649708453e-17,1.6567788e-17,1.7373938028904852e-19,2.605885470458691e-18,0.0,1.9347412850747736e-17,6.47732136463368e-17,0.0,0.0
R75,44030.13327202482,8.343104032401656e-17,1.6567788e-17,1.7373938029298546e-19,2.6058854705177403e-18,0.0,1.9347412850810725e-17,6.408362747320583e-17,0.0,0.0
R75,44668.359215097,8.275130681688644e-17,1.6567788e-17,1.7373938029692237e-19,2.6058854705767897e-18,0.0,1.9347412850873713e-17,6.340389396601273e-17,0.0,0.0
R75,45315.836376008876,8.208128562363967e-17,1.6567788e-17,1.7373938030109247e-19,2.605885470639336e-18,0.0,1.9347412850940428e-17,6.273387277269923e-17,0.0,0.0
R75,45972.698853087924,8.14208375411309e-17,1.6567788e-17,1.7373938030526256e-19,2.6058854707018827e-18,0.0,1.9347412851007142e-17,6.207342469012375e-17,0.0,0.0
R75,46639.08268844478,8.076982622949103e-17,1.6567788e-17,1.7373938030967992e-19,2.6058854707681377e-18,0.0,1.934741285107782e-17,6.142241337841321e-17,0.0,0.0
R75,47315.12589614878,8.01281164042695e-17,1.6567788e-17,1.7373938031409728e-19,2.6058854708343932e-18,0.0,1.934741285114849e-17,6.078070355312102e-17,0.0,0.0
R75,48000.9684908119,7.949557562531264e-17,1.6567788e-17,1.7373938031877628e-19,2.605885470904572e-18,0.0,1.9347412851223348e-17,6.014816277408929e-17,0.0,0.0
R75,48696.75251658707,7.887207241428526e-17,1.6567788e-17,1.7373938032345526e-19,2.605885470974751e-18,0.0,1.9347412851298204e-17,5.952465956298705e-17,0.0,0.0
R75,49402.62207658675,7.825747812153943e-17,1.6567788e-17,1.7373938032841154e-19,2.6058854710490897e-18,0.0,1.93474128513775e-17,5.891006527016193e-17,0.0,0.0
R75,50118.72336272801,7.765166496539923e-17,1.6567788e-17,1.737393803333678e-19,2.605885471123428e-18,0.0,1.9347412851456796e-17,5.830425211394243e-17,0.0,0.0
R75,50845.20468601018,7.705450798068315e-17,1.6567788e-17,1.7373938033861774e-19,2.6058854712021707e-18,0.0,1.9347412851540788e-17,5.770709512914236e-17,0.0,0.0
R75,51582.21650723137,7.64658829759503e-17,1.6567788e-17,1.7373938034386768e-19,2.605885471280914e-18,0.0,1.934741285162478e-17,5.711847012432552e-17,0.0,0.0
R75,52329.91146815029,7.58856685675306e-17,1.6567788e-17,1.7373938034942861e-19,2.6058854713643213e-18,0.0,1.934741285171375e-17,5.653825571581684e-17,0.0,0.0
R75,53088.444423099674,7.531374405073553e-17,1.6567788e-17,1.7373938035498957e-19,2.6058854714477287e-18,0.0,1.9347412851802714e-17,5.596633119893281e-17,0.0,0.0
R75,53857.97247105804,7.474999152346245e-17,1.6567788e-17,1.7373938036091864e-19,2.6058854715366577e-18,0.0,1.9347412851897575e-17,5.5402578671564875e-17,0.0,0.0
R75,54638.654988186296,7.419429366714243e-17,1.6567788e-17,1.737393803668477e-19,2.605885471625587e-18,0.0,1.9347412851992435e-17,5.484688081515e-17,0.0,0.0
R75,55430.653660835946,7.364653596416687e-17,1.6567788e-17,1.7373938037308724e-19,2.6058854717191724e-18,0.0,1.934741285209226e-17,5.429912311207461e-17,0.0,0.0
R75,56234.13251903581,7.310660438424439e-17,1.6567788e-17,1.737393803793268e-19,2.6058854718127587e-18,0.0,1.9347412852192082e-17,5.3759191532052306e-17,0.0,0.0
R75,57049.25797046412,7.257438770012711e-17,1.6567788e-17,1.7373938038593608e-19,2.60588547191189e-18,0.0,1.9347412852297823e-17,5.3226974847829286e-17,0.0,0.0
R75,57876.198834913,7.204977507459016e-17,1.6567788e-17,1.737393803925454e-19,2.605885472011022e-18,0.0,1.9347412852403567e-17,5.2702362222186595e-17,0.0,0.0
R75,58715.12637925261,7.153265847929785e-17,1.6567788e-17,1.7373938039954627e-19,2.6058854721160268e-18,0.0,1.9347412852515573e-17,5.2185245626782274e-17,0.0,0.0
R75,59566.21435290201,7.102293017753537e-17,1.6567788e-17,1.7373938040654715e-19,2.605885472221031e-18,0.0,1.9347412852627576e-17,5.16755173249078e-17,0.0,0.0
R75,60429.63902381426,7.052048525114921e-17,1.6567788e-17,1.7373938041396284e-19,2.6058854723322583e-18,0.0,1.934741285274622e-17,5.117307239840299e-17,0.0,0.0
R75,61305.57921498307,7.002521897388534e-17,1.6567788e-17,1.7373938042137856e-19,2.605885472443485e-18,0.0,1.9347412852864863e-17,5.067780612102048e-17,0.0,0.0
R75,62194.216341478634,6.953702945166451e-17,1.6567788e-17,1.7373938042923378e-19,2.6058854725613045e-18,0.0,1.9347412852990535e-17,5.018961659867397e-17,0.0,0.0
R75,63095.73444802036,6.905581488109223e-17,1.6567788e-17,1.73739380437089e-19,2.6058854726791232e-18,0.0,1.934741285311621e-17,4.970840202797602e-17,0.0,0.0
R75,64010.32024709414,6.858147630860855e-17,1.6567788e-17,1.737393804454096e-19,2.6058854728039223e-18,0.0,1.9347412853249328e-17,4.9234063455359216e-17,0.0,0.0
R75,64938.163157622206,6.811391476844853e-17,1.6567788e-17,1.7373938045373017e-19,2.6058854729287215e-18,0.0,1.934741285338245e-17,4.8766501915066076e-17,0.0,0.0
R75,65879.45534419348,6.765303416650491e-17,1.6567788e-17,1.7373938046254363e-19,2.605885473060913e-18,0.0,1.9347412853523457e-17,4.830562131298145e-17,0.0,0.0
R75,66834.39175686258,6.719873829171099e-17,1.6567788e-17,1.7373938047135714e-19,2.605885473193105e-18,0.0,1.934741285366446e-17,4.7851325438046534e-17,0.0,0.0
R75,67803.17017152572,6.675093383076773e-17,1.6567788e-17,1.73739380480693e-19,2.6058854733331317e-18,0.0,1.9347412853813826e-17,4.74035209769539e-17,0.0,0.0
R75,68785.99123088192,6.630952724660175e-17,1.6567788e-17,1.7373938049002884e-19,2.6058854734731587e-18,0.0,1.9347412853963186e-17,4.6962114392638564e-17,0.0,0.0
R75,69783.05848598781,6.587442793043951e-17,1.6567788e-17,1.7373938049991794e-19,2.6058854736214827e-18,0.0,1.9347412854121398e-17,4.6527015076318117e-17,0.0,0.0
R75,70794.57843841499,6.544554494065198e-17,1.6567788e-17,1.7373938050980696e-19,2.605885473769807e-18,0.0,1.9347412854279614e-17,4.609813208637237e-17,0.0,0.0
R75,71820.76058301827,6.502279029900986e-17,1.6567788e-17,1.737393805202819e-19,2.6058854739269186e-18,0.0,1.9347412854447198e-17,4.567537744456266e-17,0.0,0.0
R75,72861.81745132401,6.4606075582868e-17,1.6567788e-17,1.7373938053075682e-19,2.60588547408403e-18,0.0,1.9347412854614785e-17,4.5258662728253207e-17,0.0,0.0
R75,73917.96465554723,6.419531537280299e-17,1.6567788e-17,1.7373938054185246e-19,2.6058854742504517e-18,0.0,1.9347412854792303e-17,4.484790251801068e-17,0.0,0.0
R75,74989.42093324687,6.379042369071375e-17,1.6567788e-17,1.7373938055294815e-19,2.6058854744168733e-18,0.0,1.934741285496982e-17,4.444301083574392e-17,0.0,0.0
R75,76076.40819262833,6.339131760643312e-17,1.6567788e-17,1.7373938056470136e-19,2.605885474593158e-18,0.0,1.9347412855157857e-17,4.404390475127526e-17,0.0,0.0
R75,77179.15155850258,6.299791351391821e-17,1.6567788e-17,1.737393805764546e-19,2.605885474769443e-18,0.0,1.9347412855345895e-17,4.365050065857231e-17,0.0,0.0
R75,78297.8794189116,6.261013090484339e-17,1.6567788e-17,1.7373938058890404e-19,2.6058854749561695e-18,0.0,1.934741285554507e-17,4.3262718049298316e-17,0.0,0.0
R75,79432.82347242955,6.222788847463056e-17,1.6567788e-17,1.737393806013535e-19,2.6058854751428965e-18,0.0,1.934741285574425e-17,4.288047561888631e-17,0.0,0.0
R75,80584.2187761496,6.185110807146247e-17,1.6567788e-17,1.7373938061454081e-19,2.605885475340691e-18,0.0,1.9347412855955232e-17,4.2503695215507235e-17,0.0,0.0
R75,81752.30379436645,6.147971062345961e-17,1.6567788e-17,1.7373938062772819e-19,2.605885475538486e-18,0.0,1.9347412856166212e-17,4.2132297767293394e-17,0.0,0.0
R75,82937.32044796432,6.111362027201444e-17,1.6567788e-17,1.7373938064169664e-19,2.6058854757479963e-18,0.0,1.934741285638969e-17,4.176620741562475e-17,0.0,0.0
R75,84139.51416452101,6.075276011094602e-17,1.6567788e-17,1.737393806556651e-19,2.6058854759575067e-18,0.0,1.934741285661317e-17,4.1405347254332854e-17,0.0,0.0
R75,85359.13392913812,6.039705651354332e-17,1.6567788e-17,1.7373938067046144e-19,2.6058854761794347e-18,0.0,1.9347412856849896e-17,4.1049643656693426e-17,0.0,0.0
R75,86596.43233600809,6.004643467403057e-17,1.6567788e-17,1.7373938068525778e-19,2.6058854764013623e-18,0.0,1.934741285708662e-17,4.0699021816943946e-17,0.0,0.0
R75,87851.66564072875,5.970082313821929e-17,1.6567788e-17,1.7373938070093083e-19,2.6058854766364394e-18,0.0,1.934741285733737e-17,4.035341028088192e-17,0.0,0.0
R75,89125.09381337615,5.936014913709165e-17,1.6567788e-17,1.737393807166039e-19,2.6058854768715164e-18,0.0,1.934741285758812e-17,4.001273627950353e-17,0.0,0.0
R75,90416.98059234666,5.902434333150467e-17,1.6567788e-17,1.7373938073320569e-19,2.6058854771205234e-18,0.0,1.9347412857853727e-17,3.967693047365094e-17,0.0,0.0
R75,91727.5935389796,5.869333492713997e-17,1.6567788e-17,1.7373938074980747e-19,2.6058854773695307e-18,0.0,1.9347412858119336e-17,3.934592206902063e-17,0.0,0.0
R75,93057.20409297157,5.836705664433268e-17,1.6567788e-17,1.7373938076777863e-19,2.6058854776390773e-18,0.0,1.9347412858406854e-17,3.901964378592583e-17,0.0,0.0
R75,94406.08762859405,5.804543960295194e-17,1.6567788e-17,1.7373938078574985e-19,2.6058854779086243e-18,0.0,1.9347412858694373e-17,3.8698026744257574e-17,0.0,0.0
R75,95774.52351172586,5.772841852868896e-17,1.6567788e-17,1.7373938080437725e-19,2.605885478188013e-18,0.0,1.934741285899239e-17,3.8381005669696574e-17,0.0,0.0
R75,97162.79515771239,5.741592639664454e-17,1.6567788e-17,1.7373938082300465e-19,2.605885478467402e-18,0.0,1.9347412859290406e-17,3.806851353735414e-17,0.0,0.0
R75,98571.19009006342,5.710789988629215e-17,1.6567788e-17,1.7373938084273595e-19,2.605885478763348e-18,0.0,1.9347412859606083e-17,3.7760487026686065e-17,0.0,0.0
R75,100000.00000000183,5.680427377008788e-17,1.6567788e-17,1.7373938086246722e-19,2.6058854790592943e-18,0.0,1.934741285992176e-17,3.745686091016611e-17,0.0,0.0
R75,101449.52080687547,5.650498663079235e-17,1.6567788e-17,1.7373938088336746e-19,2.6058854793727733e-18,0.0,1.934741286025614e-17,3.715757377053621e-17,0.0,0.0
R75,102920.0527194447,5.620997498207693e-17,1.6567788e-17,1.7373938090426775e-19,2.605885479686253e-18,0.0,1.9347412860590517e-17,3.686256212148641e-17,0.0,0.0
R75,104411.90029805835,5.591917926140168e-17,1.6567788e-17,1.7373938092640665e-19,2.6058854800183103e-18,0.0,1.9347412860944715e-17,3.657176640045696e-17,0.0,0.0
R75,105925.37251773084,5.563253766869432e-17,1.6567788e-17,1.7373938094854558e-19,2.6058854803503676e-18,0.0,1.934741286129891e-17,3.628512480739541e-17,0.0,0.0
R75,107460.78283213373,5.534999244919853e-17,1.6567788e-17,1.7373938097199592e-19,2.605885480702095e-18,0.0,1.9347412861674088e-17,3.6002579587524444e-17,0.0,0.0
R75,109018.44923851478,5.5071483435396877e-17,1.6567788e-17,1.7373938099544635e-19,2.6058854810538235e-18,0.0,1.934741286204927e-17,3.5724070573347605e-17,0.0,0.0
R75,110598.694343558,5.479695463504293e-17,1.6567788e-17,1.737393810202866e-19,2.605885481426399e-18,0.0,1.9347412862446685e-17,3.5449541772596244e-17,0.0,0.0
R75,112201.84543019843,5.452634746067679e-17,1.6567788e-17,1.7373938104512687e-19,2.605885481798973e-18,0.0,1.9347412862844098e-17,3.517893459783269e-17,0.0,0.0
R75,113828.23452540534,5.425960763890018e-17,1.6567788e-17,1.7373938107143878e-19,2.6058854821936205e-18,0.0,1.934741286326506e-17,3.491219477563512e-17,0.0,0.0
R75,115478.19846894799,5.39966781109658e-17,1.6567788e-17,1.737393810977507e-19,2.605885482588268e-18,0.0,1.9347412863686016e-17,3.464926524727978e-17,0.0,0.0
R75,117152.0789831582,5.373750628024823e-17,1.6567788e-17,1.7373938112562164e-19,2.6058854830062997e-18,0.0,1.934741286413192e-17,3.439009341611631e-17,0.0,0.0
R75,118850.22274370409,5.348203656646737e-17,1.6567788e-17,1.7373938115349266e-19,2.6058854834243317e-18,0.0,1.9347412864577824e-17,3.413462370188955e-17,0.0,0.0
R75,120572.98145138971,5.323021800925534e-17,1.6567788e-17,1.737393811830152e-19,2.6058854838671353e-18,0.0,1.9347412865050148e-17,3.388280514420519e-17,0.0,0.0
R75,122320.71190499548,5.298199645760344e-17,1.6567788e-17,1.7373938121253782e-19,2.6058854843099397e-18,0.0,1.9347412865522478e-17,3.363458359208096e-17,0.0,0.0
R75,124093.77607517432,5.273732254842254e-17,1.6567788e-17,1.7373938124380966e-19,2.6058854847789803e-18,0.0,1.934741286602279e-17,3.338990968239975e-17,0.0,0.0
R75,125892.54117941913,5.249614351177632e-17,1.6567788e-17,1.7373938127508153e-19,2.605885485248021e-18,0.0,1.93474128665231e-17,3.314873064525322e-17,0.0,0.0
R75,127717.37975811675,5.2258411544391495e-17,1.6567788e-17,1.7373938130820632e-19,2.6058854857448542e-18,0.0,1.934741286705306e-17,3.2910998677338435e-17,0.0,0.0
R75,129568.66975170444,5.2024075210152673e-17,1.6567788e-17,1.737393813413312e-19,2.605885486241688e-18,0.0,1.934741286758302e-17,3.2676662342569653e-17,0.0,0.0
R75,131446.79457894477,5.1793088229634404e-17,1.6567788e-17,1.7373938137641865e-19,2.6058854867679587e-18,0.0,1.9347412868144375e-17,3.244567536149003e-17,0.0,0.0
R75,133352.14321633498,5.1565400454185497e-17,1.6567788e-17,1.7373938141150623e-19,2.6058854872942306e-18,0.0,1.9347412868705736e-17,3.221798758547976e-17,0.0,0.0
R75,135285.11027866765,5.134096709373924e-17,1.6567788e-17,1.7373938144867285e-19,2.605885487851686e-18,0.0,1.9347412869300358e-17,3.199355422443888e-17,0.0,0.0
R75,137246.09610075885,5.1119739241597196e-17,1.6567788e-17,1.7373938148583954e-19,2.6058854884091426e-18,0.0,1.934741286989498e-17,3.1772326371702216e-17,0.0,0.0
R75,139235.5068203611,5.090167356403495e-17,1.6567788e-17,1.7373938152524705e-19,2.6058854890002086e-18,0.0,1.9347412870525456e-17,3.15542606935095e-17,0.0,0.0
R75,141253.75446227816,5.0686722351570905e-17,1.6567788e-17,1.737393815646546e-19,2.6058854895912757e-18,0.0,1.9347412871155928e-17,3.1339309480414973e-17,0.0,0.0
R75,143301.25702369906,5.0474843695224235e-17,1.6567788e-17,1.7373938160635622e-19,2.6058854902167503e-18,0.0,1.9347412871823104e-17,3.112743082340113e-17,0.0,0.0
R75,145378.43856076902,5.0265991038798216e-17,1.6567788e-17,1.7373938164805792e-19,2.6058854908422265e-18,0.0,1.9347412872490283e-17,3.091857816630793e-17,0.0,0.0
R75,147485.72927641534,5.006012386791638e-17,1.6567788e-17,1.7373938169223054e-19,2.6058854915047634e-18,0.0,1.9347412873196992e-17,3.071271099471939e-17,0.0,0.0
R75,149623.56560944626,4.9857196736357977e-17,1.6567788e-17,1.737393817364032e-19,2.6058854921673014e-18,0.0,1.9347412873903703e-17,3.050978386245427e-17,0.0,0.0
R75,151792.39032494137,4.965717049563796e-17,1.6567788e-17,1.7373938178319313e-19,2.6058854928690952e-18,0.0,1.9347412874652286e-17,3.0309757620985674e-17,0.0,0.0
R75,153992.6526059522,4.946000076687481e-17,1.6567788e-17,1.7373938182998324e-19,2.6058854935708914e-18,0.0,1.9347412875400872e-17,3.011258789147394e-17,0.0,0.0
R75,156224.80814653207,4.9265649740176216e-17,1.6567788e-17,1.737393818795456e-19,2.6058854943142684e-18,0.0,1.9347412876193813e-17,2.99182368639824e-17,0.0,0.0
R75,158489.31924611444,4.90740740619474e-17,1.6567788e-17,1.7373938192910808e-19,2.605885495057647e-18,0.0,1.9347412876986754e-17,2.9726661184960645e-17,0.0,0.0
R75,160786.6549052592,4.888523723502715e-17,1.6567788e-17,1.7373938198185815e-19,2.605885495848836e-18,0.0,1.9347412877830693e-17,2.9537824357196456e-17,0.0,0.0
R75,163117.290922787,4.86990968896155e-17,1.6567788e-17,1.7373938203460833e-19,2.605885496640026e-18,0.0,1.9347412878674632e-17,2.935168401094087e-17,0.0,0.0
R75,165481.70999432137,4.8515617816643896e-17,1.6567788e-17,1.7373938209021829e-19,2.60588549747411e-18,0.0,1.9347412879564326e-17,2.916820493707957e-17,0.0,0.0
R75,167880.4018122593,4.833475858909623e-17,1.6567788e-17,1.7373938214582843e-19,2.605885498308196e-18,0.0,1.9347412880454022e-17,2.898734570864221e-17,0.0,0.0
R75,170313.86316719104,4.815648526318817e-17,1.6567788e-17,1.7373938220473355e-19,2.6058854991917033e-18,0.0,1.9347412881396437e-17,2.8809072381791733e-17,0.0,0.0
R75,172782.59805078973,4.798075731396871e-17,1.6567788e-17,1.7373938226363886e-19,2.6058855000752136e-18,0.0,1.934741288233885e-17,2.863334443162986e-17,0.0,0.0
R75,175287.11776019275,4.7807542041204795e-17,1.6567788e-17,1.7373938232618845e-19,2.6058855010133838e-18,0.0,1.934741288333957e-17,2.846012915786522e-17,0.0,0.0
R75,177827.9410038958,4.7636799781781265e-17,1.6567788e-17,1.737393823887383e-19,2.605885501951557e-18,0.0,1.9347412884340296e-17,2.828938689744097e-17,0.0,0.0
R75,180405.5940091822,4.7468499058704695e-17,1.6567788e-17,1.7373938245483091e-19,2.6058855029428686e-18,0.0,1.93474128853977e-17,2.8121086173306995e-17,0.0,0.0
R75,183020.61063110924,4.730260103094616e-17,1.6567788e-17,1.7373938252092375e-19,2.6058855039341833e-18,0.0,1.9347412886455106e-17,2.795518814449105e-17,0.0,0.0
R75,185673.5324630743,4.713907542593499e-17,1.6567788e-17,1.737393825909326e-19,2.6058855049842334e-18,0.0,1.9347412887575162e-17,2.779166253835983e-17,0.0,0.0
R75,188364.90894898382,4.6977884184987536e-17,1.6567788e-17,1.737393826609417e-19,2.605885506034287e-18,0.0,1.9347412888695227e-17,2.763047129629231e-17,0.0,0.0
R75,191095.2974970479,4.6818998222584816e-17,1.6567788e-17,1.7373938273513733e-19,2.6058855071471336e-18,0.0,1.9347412889882272e-17,2.7471585332702543e-17,0.0,0.0
R75,193865.26359522465,4.666238022294649e-17,1.6567788e-17,1.7373938280933318e-19,2.6058855082599837e-18,0.0,1.9347412891069317e-17,2.731496733187717e-17,0.0,0.0
R75,196675.3809283378,4.6508002271630585e-17,1.6567788e-17,1.7373938288790366e-19,2.605885509438448e-18,0.0,1.934741289232635e-17,2.7160589379304234e-17,0.0,0.0
R75,199526.231496892,4.635582775651169e-17,1.6567788e-17,1.737393829664744e-19,2.6058855106169164e-18,0.0,1.934741289358339e-17,2.7008414862928302e-17,0.0,0.0
R75,202418.40573761027,4.620582991970627e-17,1.6567788e-17,1.7373938304968e-19,2.605885511864902e-18,0.0,1.9347412894914582e-17,2.6858417024791687e-17,0.0,0.0
R75,205352.50264571878,4.6057972813518874e-17,1.6567788e-17,1.7373938313288585e-19,2.605885513112892e-18,0.0,1.9347412896245776e-17,2.6710559917273098e-17,0.0,0.0
R75,208329.12989900415,4.5912230823613866e-17,1.6567788e-17,1.7373938322109898e-19,2.6058855144359846e-18,0.0,1.9347412897657082e-17,2.6564817925956785e-17,0.0,0.0
R75,211348.90398366898,4.576856862755254e-17,1.6567788e-17,1.7373938330931246e-19,2.6058855157590823e-18,0.0,1.9347412899068394e-17,2.642115572848415e-17,0.0,0.0
R75,214412.4503220116,4.56269617429404e-17,1.6567788e-17,1.7373938340267062e-19,2.6058855171593447e-18,0.0,1.9347412900562016e-17,2.6279548842378385e-17,0.0,0.0
R75,217520.40340195672,4.5487375433388076e-17,1.6567788e-17,1.7373938349602923e-19,2.6058855185596132e-18,0.0,1.934741290205564e-17,2.6139962531332435e-17,0.0,0.0
R75,220673.4069084635,4.534978633849244e-17,1.6567788e-17,1.7373938359515063e-19,2.6058855200463175e-18,0.0,1.9347412903641467e-17,2.6002373434850973e-17,0.0,0.0
R75,223872.11385683858,4.521416026859107e-17,1.6567788e-17,1.7373938369427254e-19,2.6058855215330287e-18,0.0,1.9347412905227302e-17,2.5866747363363765e-17,0.0,0.0
R75,227117.18672798126,4.50804749765992e-17,1.6567788e-17,1.7373938379909918e-19,2.6058855231053048e-18,0.0,1.9347412906904402e-17,2.5733062069694795e-17,0.0,0.0
R75,230409.29760558935,4.4948696780127565e-17,1.6567788e-17,1.7373938390392634e-19,2.605885524677588e-18,0.0,1.934741290858151e-17,2.5601283871546054e-17,0.0,0.0
R75,233749.12831535374,4.4818804538649934e-17,1.6567788e-17,1.7373938401492136e-19,2.605885526342382e-18,0.0,1.9347412910357302e-17,2.5471391628292633e-17,0.0,0.0
R75,237137.3705661705,4.469076503723358e-17,1.6567788e-17,1.7373938412591692e-19,2.6058855280071844e-18,0.0,1.9347412912133098e-17,2.534335212510048e-17,0.0,0.0
R75,240574.72609340012,4.4564558236542974e-17,1.6567788e-17,1.7373938424356363e-19,2.6058855297717464e-18,0.0,1.9347412914015308e-17,2.5217145322527666e-17,0.0,0.0
R75,244061.90680420317,4.444015134903853e-17,1.6567788e-17,1.7373938436121096e-19,2.6058855315363173e-18,0.0,1.9347412915897527e-17,2.5092738433141006e-17,0.0,0.0
R75,247599.6349249826,4.4317525432820313e-17,1.6567788e-17,1.7373938448570603e-19,2.605885533403596e-18,0.0,1.9347412917889302e-17,2.497011251493101e-17,0.0,0.0
R75,251188.64315096333,4.4196648087429244e-17,1.6567788e-17,1.7373938461020183e-19,2.605885535270886e-18,0.0,1.9347412919881087e-17,2.4849235167548157e-17,0.0,0.0
R75,254829.67479794007,4.40775014663761e-17,1.6567788e-17,1.7373938474236306e-19,2.6058855372531488e-18,0.0,1.934741292199551e-17,2.473008854438059e-17,0.0,0.0
R75,258523.48395622458,4.3960053515324906e-17,1.6567788e-17,1.7373938487452507e-19,2.6058855392354226e-18,0.0,1.9347412924109948e-17,2.4612640591214958e-17,0.0,0.0
R75,262270.8356468246,4.384428748273568e-17,1.6567788e-17,1.7373938501421072e-19,2.605885541330542e-18,0.0,1.934741292634475e-17,2.449687455639093e-17,0.0,0.0
R75,266072.5059798866,4.3730171619039625e-17,1.6567788e-17,1.7373938515389724e-19,2.6058855434256753e-18,0.0,1.934741292857957e-17,2.4382758690460055e-17,0.0,0.0
R75,269929.2823154351,4.36176902692851e-17,1.6567788e-17,1.7373938530187915e-19,2.605885545645229e-18,0.0,1.9347412930947107e-17,2.4270277338337992e-17,0.0,0.0
R75,273841.963426442,4.350681194648279e-17,1.6567788e-17,1.73739385449862e-19,2.6058855478647967e-18,0.0,1.9347412933314658e-17,2.415939901316813e-17,0.0,0.0
R75,277811.35966425954,4.33975220954336e-17,1.6567788e-17,1.7373938560672697e-19,2.6058855502175863e-18,0.0,1.9347412935824314e-17,2.4050109159609285e-17,0.0,0.0
R75,281838.2931264515,4.3289789449024246e-17,1.6567788e-17,1.7373938576359303e-19,2.6058855525703917e-18,0.0,1.9347412938333986e-17,2.394237651069026e-17,0.0,0.0
R75,285923.5978270569,4.318360055687697e-17,1.6567788e-17,1.7373938592962894e-19,2.6058855550607342e-18,0.0,1.934741294099036e-17,2.3836187615886612e-17,0.0,0.0
R75,290068.1198693217,4.3078924328152803e-17,1.6567788e-17,1.7373938609566613e-19,2.6058855575510957e-18,0.0,1.9347412943646763e-17,2.373151138450604e-17,0.0,0.0
R75,294272.71762093465,4.2975748424530627e-17,1.6567788e-17,1.7373938627180925e-19,2.6058855601930348e-18,0.0,1.9347412946464843e-17,2.3628335478065784e-17,0.0,0.0
R75,298538.26189180254,4.287404188680787e-17,1.6567788e-17,1.7373938644795377e-19,2.6058855628349947e-18,0.0,1.9347412949282947e-17,2.352662893752492e-17,0.0,0.0
R75,302865.6361144031,4.277379349762042e-17,1.6567788e-17,1.7373938663428542e-19,2.6058855656297494e-18,0.0,1.9347412952264033e-17,2.3426380545356385e-17,0.0,0.0
R75,307255.7365267515,4.267497238418745e-17,1.6567788e-17,1.737393868206186e-19,2.605885568424527e-18,0.0,1.9347412955245145e-17,2.3327559428942306e-17,0.0,0.0
R75,311709.4723580195,4.2577568461247487e-17,1.6567788e-17,1.7373938701814175e-19,2.6058855713871405e-18,0.0,1.9347412958405282e-17,2.3230155502842205e-17,0.0,0.0
R75,316227.76601684495,4.248155089566096e-17,1.6567788e-17,1.7373938721566664e-19,2.6058855743497804e-18,0.0,1.9347412961565443e-17,2.313413793409552e-17,0.0,0.0
R75,320811.55328237073,4.238691074753665e-17,1.6567788e-17,1.7373938742484276e-19,2.605885577487175e-18,0.0,1.9347412964912016e-17,2.303949778262463e-17,0.0,0.0
R75,325461.78349805315,4.229361717568971e-17,1.6567788e-17,1.7373938763402082e-19,2.605885580624599e-18,0.0,1.9347412968258617e-17,2.2946204207431095e-17,0.0,0.0
R75,330179.4197682794,4.2201662401038986e-17,1.6567788e-17,1.737393878554459e-19,2.605885583945714e-18,0.0,1.934741297180116e-17,2.2854249429237827e-17,0.0,0.0
R75,334965.4391578352,4.211101552527146e-17,1.6567788e-17,1.737393880768732e-19,2.6058855872668616e-18,0.0,1.9347412975343734e-17,2.2763602549927728e-17,0.0,0.0
R75,339820.8328942636,4.202166994793917e-17,1.6567788e-17,1.7373938831147412e-19,2.6058855907855984e-18,0.0,1.934741297909707e-17,2.2674256968842103e-17,0.0,0.0
R75,344746.6065731572,4.1933594663003075e-17,1.6567788e-17,1.737393885460775e-19,2.6058855943043718e-18,0.0,1.9347412982850445e-17,2.258618168015263e-17,0.0,0.0
R75,349743.7803664258,4.184678426885273e-17,1.6567788e-17,1.7373938879480502e-19,2.605885598034991e-18,0.0,1.9347412986829795e-17,2.2499371282022934e-17,0.0,0.0
R75,354813.3892335835,4.1761207599654953e-17,1.6567788e-17,1.7373938904353533e-19,2.6058856017656517e-18,0.0,1.9347412990809186e-17,2.2413794608845768e-17,0.0,0.0
R75,359956.4831360978,4.167686047526784e-17,1.6567788e-17,1.7373938930669206e-19,2.605885605712692e-18,0.0,1.9347412995019382e-17,2.2329447480248456e-17,0.0,0.0
R75,365174.12725484604,4.1593711516199866e-17,1.6567788e-17,1.7373938956985193e-19,2.605885609659779e-18,0.0,1.934741299922963e-17,2.2246298516970238e-17,0.0,0.0
R75,370467.4022107242,4.1511757789450476e-17,1.6567788e-17,1.7373938984888867e-19,2.6058856138450003e-18,0.0,1.9347413003693888e-17,2.2164344785756588e-17,0.0,0.0
R75,375837.4042884528,4.1430967646010974e-17,1.6567788e-17,1.7373939012792884e-19,2.6058856180302737e-18,0.0,1.9347413008158203e-17,2.208355463785277e-17,0.0,0.0
R75,381285.24566362763,4.13513394278656e-17,1.6567788e-17,1.73739390423152e-19,2.6058856224582717e-18,0.0,1.934741301288142e-17,2.200392641498418e-17,0.0,0.0
R75,386812.0546330611,4.127284115923397e-17,1.6567788e-17,1.7373939071837902e-19,2.6058856268863286e-18,0.0,1.9347413017604707e-17,2.1925428141629262e-17,0.0,0.0
R75,392418.97584846267,4.1195472488023e-17,1.6567788e-17,1.7373939103138467e-19,2.6058856315810436e-18,0.0,1.9347413022612427e-17,2.1848059465410573e-17,0.0,0.0
R75,398107.17055350647,4.111920105178195e-17,1.6567788e-17,1.7373939134439468e-19,2.6058856362758237e-18,0.0,1.9347413027620215e-17,2.1771788024161737e-17,0.0,0.0
R75,403877.8168243354,4.104402783819607e-17,1.6567788e-17,1.7373939167591032e-19,2.605885641248167e-18,0.0,1.9347413032924075e-17,2.1696614805271996e-17,0.0,0.0
R75,409732.109813551,4.096992003618372e-17,1.6567788e-17,1.7373939200743085e-19,2.6058856462205833e-18,0.0,1.9347413038228012e-17,2.1622506997955705e-17,0.0,0.0
R75,415671.2619977407,4.089688001041674e-17,1.6567788e-17,1.737393923586318e-19,2.6058856514881824e-18,0.0,1.9347413043846813e-17,2.1549466966569927e-17,0.0,0.0
R75,421696.5034285921,4.082487443650409e-17,1.6567788e-17,1.7373939270983823e-19,2.6058856567558646e-18,0.0,1.9347413049465702e-17,2.1477461387038387e-17,0.0,0.0
R75,427809.0819876481,4.075390709644038e-17,1.6567788e-17,1.7373939308161733e-19,2.6058856623321117e-18,0.0,1.9347413055413726e-17,2.1406494041026656e-17,0.0,0.0
R75,434010.2636447541,4.0683944085674664e-17,1.6567788e-17,1.7373939345340263e-19,2.605885667908452e-18,0.0,1.9347413061361854e-17,2.133653102431281e-17,0.0,0.0
R75,440301.3327202518,4.0614990647169355e-17,1.6567788e-17,1.7373939384728118e-19,2.605885673816165e-18,0.0,1.9347413067663445e-17,2.126757757950591e-17,0.0,0.0
R75,446683.5921509737,4.0547012226191855e-17,1.6567788e-17,1.7373939424116662e-19,2.6058856797239817e-18,0.0,1.934741307396515e-17,2.1199599152226706e-17,0.0,0.0
R75,453158.3637600925,4.048001557410559e-17,1.6567788e-17,1.7373939465846872e-19,2.60588568598302e-18,0.0,1.9347413080641488e-17,2.11326024934641e-17,0.0,0.0
R75,459726.9885308831,4.041396541315427e-17,1.6567788e-17,1.737393950757786e-19,2.605885692242175e-18,0.0,1.9347413087317954e-17,2.1066552325836316e-17,0.0,0.0
R75,466390.82688445173,4.034887005421024e-17,1.6567788e-17,1.7373939551792505e-19,2.6058856988738498e-18,0.0,1.9347413094391772e-17,2.100145695981847e-17,0.0,0.0
R75,473151.25896149175,4.02846934203579e-17,1.6567788e-17,1.7373939596008023e-19,2.605885705505655e-18,0.0,1.9347413101465734e-17,2.0937280318892168e-17,0.0,0.0
R75,480009.68490812305,4.022144543716785e-17,1.6567788e-17,1.7373939642830368e-19,2.6058857125284535e-18,0.0,1.9347413108956757e-17,2.0874032328211094e-17,0.0,0.0
R75,486967.5251658748,4.0159089148898376e-17,1.6567788e-17,1.7373939689653685e-19,2.6058857195513983e-18,0.0,1.934741311644793e-17,2.0811676032450444e-17,0.0,0.0
R75,494026.2207658717,4.0097636155277004e-17,1.6567788e-17,1.73739397392523e-19,2.6058857269906046e-18,0.0,1.9347413124383126e-17,2.0750223030893878e-17,0.0,0.0
R75,501187.2336272844,4.003704853861612e-17,1.6567788e-17,1.7373939788852017e-19,2.605885734429976e-18,0.0,1.9347413132318494e-17,2.0689635406297624e-17,0.0,0.0
R75,508452.0468601062,3.997733963631987e-17,1.6567788e-17,1.7373939841379616e-19,2.6058857423084954e-18,0.0,1.934741314072229e-17,2.062992649559758e-17,0.0,0.0
R75,515822.1650723182,3.991847048171765e-17,1.6567788e-17,1.737393989390845e-19,2.6058857501871998e-18,0.0,1.934741314912628e-17,2.0571057332591367e-17,0.0,0.0
R75,523299.11468150746,3.986045621832615e-17,1.6567788e-17,1.7373939949556395e-19,2.6058857585337345e-18,0.0,1.9347413158029298e-17,2.0513043060296852e-17,0.0,0.0
R75,530884.4442310013,3.9803256739156685e-17,1.6567788e-17,1.7373940005205727e-19,2.6058857668804764e-18,0.0,1.934741316693253e-17,2.0455843572224155e-17,0.0,0.0
R75,538579.7247105851,3.974688906709493e-17,1.6567788e-17,1.737394006416413e-19,2.6058857757235406e-18,0.0,1.934741317636518e-17,2.0399475890729748e-17,0.0,0.0
R75,546386.5498818677,3.9691311859136644e-17,1.6567788e-17,1.7373940123124086e-19,2.6058857845668373e-18,0.0,1.9347413185798077e-17,2.0343898673338567e-17,0.0,0.0
R75,554306.5366083643,3.963654409583956e-17,1.6567788e-17,1.7373940185551519e-19,2.605885793930215e-18,0.0,1.9347413195785728e-17,2.0289130900053834e-17,0.0,0.0
R75,562341.3251903631,3.958254309795085e-17,1.6567788e-17,1.737394024798069e-19,2.6058858032938532e-18,0.0,1.934741320577366e-17,2.0235129892177193e-17,0.0,0.0
R75,570492.5797046463,3.952932988749115e-17,1.6567788e-17,1.7373940314116755e-19,2.6058858132134818e-18,0.0,1.9347413216354647e-17,2.0181916671136503e-17,0.0,0.0
R75,578761.9883491352,3.9476860343445264e-17,1.6567788e-17,1.7373940380254776e-19,2.6058858231334034e-18,0.0,1.934741322693595e-17,2.0129447116509314e-17,0.0,0.0
R75,587151.2637925313,3.9425157618745054e-17,1.6567788e-17,1.737394045031084e-19,2.6058858336409852e-18,0.0,1.9347413238144092e-17,2.0077744380600962e-17,0.0,0.0
R75,595662.1435290255,3.937417604007076e-17,1.6567788e-17,1.7373940520369088e-19,2.6058858441488952e-18,0.0,1.9347413249352585e-17,2.0026762790718172e-17,0.0,0.0
R75,604296.390238148,3.9323940986627825e-17,1.6567788e-17,1.7373940594579068e-19,2.6058858552795157e-18,0.0,1.9347413261225305e-17,1.997652772540252e-17,0.0,0.0
R75,613055.7921498362,3.927440511647989e-17,1.6567788e-17,1.7373940668791502e-19,2.6058858664105045e-18,0.0,1.9347413273098417e-17,1.9926991843381472e-17,0.0,0.0
R75,621942.1634147919,3.922559613693778e-17,1.6567788e-17,1.737394074740701e-19,2.6058858782019016e-18,0.0,1.934741328567597e-17,1.9878182851261814e-17,0.0,0.0
R75,630957.3444802093,3.917746491503321e-17,1.6567788e-17,1.737394082602527e-19,2.6058858899937123e-18,0.0,1.9347413298253965e-17,1.9830051616779248e-17,0.0,0.0
R75,640103.2024709472,3.9130041594654395e-17,1.6567788e-17,1.7373940909273852e-19,2.605885902480016e-18,0.0,1.9347413311572753e-17,1.9782628283081642e-17,0.0,0.0
R75,649381.631576228,3.9083275123209923e-17,1.6567788e-17,1.7373940992525523e-19,2.6058859149667833e-18,0.0,1.9347413324892035e-17,1.973586179831789e-17,0.0,0.0
R75,658794.5534419408,3.903719819666568e-17,1.6567788e-17,1.737394108071959e-19,2.6058859281948513e-18,0.0,1.9347413339002045e-17,1.9689784857663634e-17,0.0,0.0
R75,668343.9175686318,3.899175770735348e-17,1.6567788e-17,1.7373941168917123e-19,2.6058859414234394e-18,0.0,1.934741335311261e-17,1.964434435424087e-17,0.0,0.0
R75,678031.7017152634,3.894698902610375e-17,1.6567788e-17,1.737394126234881e-19,2.6058859554370888e-18,0.0,1.9347413368060574e-17,1.9599575658043174e-17,0.0,0.0
R75,687859.9123088254,3.890283684774746e-17,1.6567788e-17,1.7373941355784392e-19,2.6058859694513226e-18,0.0,1.9347413383009165e-17,1.9555423464738294e-17,0.0,0.0
R75,697830.5848598845,3.885933934861016e-17,1.6567788e-17,1.7373941454728362e-19,2.605885984291749e-18,0.0,1.934741339883903e-17,1.9511925949771132e-17,0.0,0.0
R75,707945.7843841563,3.881643887580892e-17,1.6567788e-17,1.73739415536767e-19,2.6058859991328312e-18,0.0,1.9347413414669598e-17,1.946902546113932e-17,0.0,0.0
R75,718207.6058301893,3.877417655033594e-17,1.6567788e-17,1.7373941658501252e-19,2.6058860148552755e-18,0.0,1.9347413431440285e-17,1.9426763118895658e-17,0.0,0.0
R75,728618.1745132467,3.8732492213339975e-17,1.6567788e-17,1.7373941763330702e-19,2.605886030578455e-18,0.0,1.934741344821176e-17,1.9385078765128215e-17,0.0,0.0
R75,739179.646555479,3.869143007801966e-17,1.6567788e-17,1.7373941874354054e-19,2.6058860472306463e-18,0.0,1.9347413465974187e-17,1.934401661204547e-17,0.0,0.0
R75,749894.2093324756,3.865092731285695e-17,1.6567788e-17,1.7373941985382907e-19,2.6058860638836625e-18,0.0,1.9347413483737492e-17,1.930351382911946e-17,0.0,0.0
R75,760764.0819262902,3.861103138029789e-17,1.6567788e-17,1.737394210299016e-19,2.6058860815233608e-18,0.0,1.934741350255326e-17,1.9263617877744627e-17,0.0,0.0
R75,771791.5155850328,3.857167660027047e-17,1.6567788e-17,1.737394222060358e-19,2.6058860991639847e-18,0.0,1.9347413521370018e-17,1.9224263078900455e-17,0.0,0.0
R75,782978.7941891231,3.853291385109825e-17,1.6567788e-17,1.7373942345184258e-19,2.605886117849615e-18,0.0,1.9347413541301458e-17,1.9185500309796793e-17,0.0,0.0
R75,794328.2347243025,3.8494674418741025e-17,1.6567788e-17,1.737394246977186e-19,2.605886136536283e-18,0.0,1.9347413561234e-17,1.9147260857507024e-17,0.0,0.0
R75,805842.1877615032,3.8457012774335355e-17,1.6567788e-17,1.7373942601736663e-19,2.605886156329445e-18,0.0,1.934741358234681e-17,1.9109599191988546e-17,0.0,0.0
R75,817523.0379436717,3.841985697432573e-17,1.6567788e-17,1.7373942733709231e-19,2.6058861761237712e-18,0.0,1.9347413603460865e-17,1.9072443370864863e-17,0.0,0.0
R75,829373.2044796505,3.838326527039105e-17,1.6567788e-17,1.7373942873483616e-19,2.605886197088278e-18,0.0,1.9347413625823112e-17,1.903585164456794e-17,0.0,0.0
R75,841395.1416452174,3.8347162283109223e-17,1.6567788e-17,1.7373943013266716e-19,2.605886218054092e-18,0.0,1.9347413648186758e-17,1.8999748634922465e-17,0.0,0.0
R75,853591.3392913886,3.831161024394498e-17,1.6567788e-17,1.7373943161315573e-19,2.6058862402596712e-18,0.0,1.9347413671872824e-17,1.8964196572072156e-17,0.0,0.0
R75,865964.3233600885,3.8276530119912656e-17,1.6567788e-17,1.7373943309374208e-19,2.6058862624667174e-18,0.0,1.9347413695560456e-17,1.89291164243522e-17,0.0,0.0
R75,878516.6564072954,3.824198833351186e-17,1.6567788e-17,1.7373943466220681e-19,2.6058862859918357e-18,0.0,1.934741372065404e-17,1.889457461285782e-17,0.0,0.0
R75,891250.9381337696,3.820790196844324e-17,1.6567788e-17,1.7373943623078125e-19,2.6058863095186e-18,0.0,1.934741374574938e-17,1.886048822269386e-17,0.0,0.0
R75,904169.8059234748,3.8174341862170386e-17,1.6567788e-17,1.7373943789183795e-19,2.605886334432488e-18,0.0,1.9347413772324323e-17,1.8826928089846063e-17,0.0,0.0
R75,917275.9353898044,3.814122097251516e-17,1.6567788e-17,1.7373943955301772e-19,2.605886359348222e-18,0.0,1.9347413798901238e-17,1.8793807173613923e-17,0.0,0.0
R75,930572.0409297242,3.810861478967769e-17,1.6567788e-17,1.737394413128435e-19,2.60588638574353e-18,0.0,1.934741382705637e-17,1.876120096262132e-17,0.0,0.0
R75,944060.876285949,3.80764318894866e-17,1.6567788e-17,1.7373944307280737e-19,2.605886412140909e-18,0.0,1.9347413855213716e-17,1.8729018034272885e-17,0.0,0.0
R75,957745.2351172672,3.8044752666429466e-17,1.6567788e-17,1.7373944493684421e-19,2.6058864400992594e-18,0.0,1.9347413885036103e-17,1.8697338781393363e-17,0.0,0.0
R75,971627.9515771327,3.8013481043919495e-17,1.6567788e-17,1.73739446801036e-19,2.6058864680599342e-18,0.0,1.9347413914860968e-17,1.8666067129058527e-17,0.0,0.0
R75,985711.9009006431,3.798270258779622e-17,1.6567788e-17,1.7373944877536068e-19,2.6058864976724726e-18,0.0,1.934741394644783e-17,1.863528864134839e-17,0.0,0.0
R75,1000000.0000000274,3.795231628345038e-17,1.6567788e-17,1.737394507498592e-19,2.605886527287618e-18,0.0,1.9347413978037476e-17,1.8604902305412902e-17,0.0,0.0
F75L,1000.0,1.6434625697803587e-14,1.6567788e-16,1.3877141026775196e-18,0.0,2.7545361967674112e-17,1.9461095607035164e-16,1.6240014741733234e-14,1.7955502102677515e-17,9.5898598649966e-18
F75L,1014.4952080687361,1.6204198876713846e-14,1.6567788e-16,1.3877141026746268e-18,0.0,2.7545361967659974e-17,1.9461095607033458e-16,1.6009587920643513e-14,1.7955502102674618e-17,9.589859864985348e-18
F75L,1029.2005271944283,1.5977064416720977e-14,1.6567788e-16,1.3877141026717339e-18,0.0,2.7545361967645836e-17,1.9461095607031757e-16,1.578245346065066e-14,1.795550210267173e-17,9.589859864974099e-18
F75L,1044.1190029805646,1.5753175276596767e-14,1.6567788e-16,1.387714102672614e-18,0.0,2.7545361967648418e-17,1.9461095607032105e-16,1.5558564320526446e-14,1.795550210267261e-17,9.589859864975809e-18
F75L,1059.2537251772892,1.553248508654692e-14,1.6567788e-16,1.387714102673494e-18,0.0,2.7545361967651007e-17,1.946109560703245e-16,1.5337874130476595e-14,1.795550210267349e-17,9.58985986497752e-18
F75L,1074.6078283213178,1.531494813995309e-14,1.6567788e-16,1.387714102674744e-18,0.0,2.7545361967655164e-17,1.946109560703299e-16,1.512033718388276e-14,1.7955502102674745e-17,9.589859864980428e-18
F75L,1090.1844923851281,1.5100519382663874e-14,1.6567788e-16,1.3877141026759942e-18,0.0,2.754536196765932e-17,1.9461095607033532e-16,1.4905908426593537e-14,1.7955502102675996e-17,9.589859864983339e-18
F75L,1105.98694343556,1.488915440485505e-14,1.6567788e-16,1.3877141026769144e-18,0.0,2.754536196766194e-17,1.9461095607033885e-16,1.469454344878471e-14,1.795550210267692e-17,9.589859864985029e-18
F75L,1122.018454301964,1.4680809430640774e-14,1.6567788e-16,1.3877141026778348e-18,0.0,2.754536196766455e-17,1.946109560703424e-16,1.448619847457043e-14,1.7955502102677838e-17,9.589859864986718e-18
F75L,1138.2823452540329,1.4475441310177425e-14,1.6567788e-16,1.3877141026763898e-18,0.0,2.754536196765653e-17,1.9461095607033293e-16,1.428083035410709e-14,1.7955502102676393e-17,9.589859864980143e-18
F75L,1154.781984689459,1.4273007509651574e-14,1.6567788e-16,1.387714102674945e-18,0.0,2.7545361967648514e-17,1.9461095607032344e-16,1.407839655358125e-14,1.7955502102674948e-17,9.589859864973569e-18
F75L,1171.520789831561,1.4073466103514493e-14,1.6567788e-16,1.3877141026763338e-18,0.0,2.754536196765302e-17,1.9461095607032936e-16,1.3878855147444164e-14,1.7955502102676338e-17,9.589859864976695e-18
F75L,1188.5022274370194,1.3876775764568315e-14,1.6567788e-16,1.3877141026777224e-18,0.0,2.754536196765754e-17,1.9461095607033525e-16,1.368216480849798e-14,1.795550210267772e-17,9.589859864979817e-18
F75L,1205.7298145138755,1.3682895756872387e-14,1.6567788e-16,1.3877141026777474e-18,0.0,2.7545361967655872e-17,1.9461095607033362e-16,1.3488284800802053e-14,1.7955502102677746e-17,9.589859864978128e-18
F75L,1223.2071190499328,1.349178592571641e-14,1.6567788e-16,1.387714102677773e-18,0.0,2.7545361967654208e-17,1.9461095607033197e-16,1.3297174969646077e-14,1.7955502102677777e-17,9.589859864976442e-18
F75L,1240.9377607517208,1.3303406690989826e-14,1.6567788e-16,1.3877141026784425e-18,0.0,2.7545361967655324e-17,1.9461095607033377e-16,1.3108795734919492e-14,1.7955502102678442e-17,9.589859864976877e-18
F75L,1258.9254117941684,1.3117719037226759e-14,1.6567788e-16,1.3877141026791121e-18,0.0,2.7545361967656436e-17,1.9461095607033554e-16,1.2923108081156423e-14,1.7955502102679108e-17,9.589859864977313e-18
F75L,1277.1737975811443,1.2934684507267672e-14,1.6567788e-16,1.387714102680446e-18,0.0,2.754536196766038e-17,1.9461095607034082e-16,1.274007355119733e-14,1.7955502102680445e-17,9.589859864979932e-18
F75L,1295.686697517021,1.2754265192622424e-14,1.6567788e-16,1.38771410268178e-18,0.0,2.7545361967664328e-17,1.9461095607034612e-16,1.2559654236552078e-14,1.795550210268178e-17,9.58985986498255e-18
F75L,1314.4679457894238,1.2576423727182391e-14,1.6567788e-16,1.3877141026805953e-18,0.0,2.754536196765694e-17,1.9461095607033754e-16,1.2381812771112054e-14,1.7955502102680596e-17,9.589859864976348e-18
F75L,1333.5214321633257,1.2401123278051762e-14,1.6567788e-16,1.3877141026794104e-18,0.0,2.7545361967649546e-17,1.9461095607032894e-16,1.2206512321981433e-14,1.795550210267941e-17,9.589859864970145e-18
F75L,1352.851102786652,1.222832753935594e-14,1.6567788e-16,1.3877141026821857e-18,0.0,2.754536196765968e-17,1.9461095607034186e-16,1.2033716583285598e-14,1.7955502102682186e-17,9.589859864977502e-18
F75L,1372.4609610075638,1.2058000723049745e-14,1.6567788e-16,1.3877141026849612e-18,0.0,2.7545361967669813e-17,1.9461095607035477e-16,1.1863389766979391e-14,1.7955502102684957e-17,9.58985986498486e-18
F75L,1392.3550682035861,1.1890107553357895e-14,1.6567788e-16,1.3877141026814427e-18,0.0,2.7545361967651777e-17,1.9461095607033323e-16,1.1695496597287562e-14,1.795550210268144e-17,9.589859864970338e-18
F75L,1412.5375446227565,1.1724613257687371e-14,1.6567788e-16,1.3877141026779248e-18,0.0,2.7545361967633744e-17,1.9461095607031166e-16,1.153000230161706e-14,1.7955502102677928e-17,9.589859864955818e-18
F75L,1433.012570236965,1.1561483561226954e-14,1.6567788e-16,1.3877141026820087e-18,0.0,2.754536196764942e-17,1.9461095607033143e-16,1.1366872605156622e-14,1.7955502102682008e-17,9.589859864967421e-18
F75L,1453.7843856076643,1.1400684677760295e-14,1.6567788e-16,1.3877141026860928e-18,0.0,2.7545361967665098e-17,1.946109560703512e-16,1.1206073721689944e-14,1.795550210268609e-17,9.589859864979026e-18
F75L,1474.8572927641271,1.1242183304892305e-14,1.6567788e-16,1.3877141026856685e-18,0.0,2.754536196766056e-17,1.9461095607034622e-16,1.1047572348821959e-14,1.7955502102685665e-17,9.589859864974906e-18
F75L,1496.235656094436,1.1085946615115906e-14,1.6567788e-16,1.3877141026852443e-18,0.0,2.7545361967656026e-17,1.9461095607034126e-16,1.0891335659045564e-14,1.7955502102685243e-17,9.589859864970788e-18
F75L,1517.923903249387,1.0931942250904375e-14,1.6567788e-16,1.3877141026858993e-18,0.0,2.7545361967656122e-17,1.9461095607034203e-16,1.0737331294834033e-14,1.7955502102685896e-17,9.58985986497024e-18
F75L,1539.926526059495,1.078013831604207e-14,1.6567788e-16,1.3877141026865547e-18,0.0,2.7545361967656227e-17,1.9461095607034277e-16,1.0585527359971727e-14,1.7955502102686553e-17,9.589859864969692e-18
F75L,1562.2480814652934,1.0630503371112346e-14,1.6567788e-16,1.3877141026880584e-18,0.0,2.7545361967659955e-17,1.9461095607034802e-16,1.0435892415041999e-14,1.795550210268806e-17,9.589859864971913e-18
F75L,1584.8931924611168,1.048300642485006e-14,1.6567788e-16,1.3877141026895622e-18,0.0,2.7545361967663687e-17,1.9461095607035324e-16,1.0288395468779708e-14,1.795550210268956e-17,9.589859864974131e-18
F75L,1607.866549052564,1.0337616929821586e-14,1.6567788e-16,1.3877141026904052e-18,0.0,2.7545361967664294e-17,1.9461095607035467e-16,1.0143005973751232e-14,1.7955502102690405e-17,9.589859864973891e-18
F75L,1631.1729092278417,1.0194304774052815e-14,1.6567788e-16,1.3877141026912487e-18,0.0,2.7545361967664904e-17,1.9461095607035615e-16,9.99969381798246e-15,1.795550210269125e-17,9.589859864973652e-18
F75L,1654.817099943185,1.0053040276813758e-14,1.6567788e-16,1.3877141026903634e-18,0.0,2.754536196765762e-17,1.94610956070348e-16,9.85842932074341e-15,1.7955502102690365e-17,9.589859864967253e-18
F75L,1678.804018122564,9.913794180447237e-15,1.6567788e-16,1.3877141026894784e-18,0.0,2.7545361967650338e-17,1.946109560703398e-16,9.719183224376897e-15,1.795550210268948e-17,9.589859864960855e-18
F75L,1703.1386316718808,9.776537646414544e-15,1.6567788e-16,1.3877141026922078e-18,0.0,2.754536196765896e-17,1.9461095607035117e-16,9.581926690344193e-15,1.795550210269221e-17,9.589859864966745e-18
F75L,1727.8259805078674,9.6412422470362e-15,1.6567788e-16,1.3877141026949369e-18,0.0,2.754536196766758e-17,1.9461095607036251e-16,9.446631290965838e-15,1.7955502102694938e-17,9.589859864972635e-18
F75L,1752.871177601897,9.507879962006493e-15,1.6567788e-16,1.3877141026952073e-18,0.0,2.7545361967665027e-17,1.9461095607036022e-16,9.313269005936133e-15,1.795550210269521e-17,9.58985986496982e-18
F75L,1778.2794100389272,9.376423170244082e-15,1.6567788e-16,1.3877141026954773e-18,0.0,2.7545361967662488e-17,1.9461095607035795e-16,9.181812214173725e-15,1.795550210269548e-17,9.589859864967004e-18
F75L,1804.0559400917907,9.246844646454113e-15,1.6567788e-16,1.387714102697207e-18,0.0,2.7545361967666217e-17,1.946109560703634e-16,9.05223369038375e-15,1.795550210269721e-17,9.58985986496901e-18
F75L,1830.2061063110607,9.119117553140775e-15,1.6567788e-16,1.387714102698937e-18,0.0,2.7545361967669955e-17,1.946109560703689e-16,8.924506597070407e-15,1.7955502102698934e-17,9.589859864971016e-18
F75L,1856.735324630711,8.993215437490373e-15,1.6567788e-16,1.387714102698256e-18,0.0,2.7545361967662713e-17,1.9461095607036096e-16,8.798604481420013e-15,1.7955502102698253e-17,9.589859864964458e-18
F75L,1883.6490894898054,8.869112223434689e-15,1.6567788e-16,1.3877141026975752e-18,0.0,2.7545361967655484e-17,1.9461095607035305e-16,8.674501267364337e-15,1.7955502102697572e-17,9.589859864957901e-18
F75L,1910.9529749704457,8.746782208734171e-15,1.6567788e-16,1.387714102698691e-18,0.0,2.754536196765599e-17,1.946109560703547e-16,8.552171252663817e-15,1.7955502102698688e-17,9.589859864957302e-18
F75L,1938.6526359522127,8.626200057071092e-15,1.6567788e-16,1.387714102699806e-18,0.0,2.7545361967656498e-17,1.946109560703563e-16,8.431589101000736e-15,1.7955502102699803e-17,9.589859864956698e-18
F75L,1966.7538092833438,8.50734079546665e-15,1.6567788e-16,1.3877141026986543e-18,0.0,2.754536196764665e-17,1.946109560703453e-16,8.312729839396306e-15,1.795550210269865e-17,9.589859864947997e-18
F75L,1995.2623149688852,8.39017980642697e-15,1.6567788e-16,1.3877141026975024e-18,0.0,2.7545361967636804e-17,1.9461095607033429e-16,8.195568850356636e-15,1.79555021026975e-17,9.589859864939297e-18
F75L,2024.1840573760674,8.274692825569205e-15,1.6567788e-16,1.3877141027004845e-18,0.0,2.7545361967645087e-17,1.9461095607034555e-16,8.080081869498859e-15,1.7955502102700484e-17,9.589859864944603e-18
F75L,2053.525026457152,8.16085593381081e-15,1.6567788e-16,1.3877141027034665e-18,0.0,2.754536196765337e-17,1.9461095607035682e-16,7.966244977740452e-15,1.795550210270346e-17,9.589859864949908e-18
F75L,2083.291298990005,8.048645555168448e-15,1.6567788e-16,1.3877141027055559e-18,0.0,2.7545361967657385e-17,1.9461095607036293e-16,7.854034599098085e-15,1.7955502102705553e-17,9.589859864951832e-18
F75L,2113.489039836653,7.9380384492022e-15,1.6567788e-16,1.3877141027076451e-18,0.0,2.75453619676614e-17,1.9461095607036905e-16,7.743427493131832e-15,1.7955502102707642e-17,9.589859864953755e-18
F75L,2144.1245032200786,7.829011708872675e-15,1.6567788e-16,1.3877141027111813e-18,0.0,2.7545361967671542e-17,1.9461095607038273e-16,7.634400752802292e-15,1.795550210271118e-17,9.589859864960365e-18
F75L,2175.2040340195294,7.721542753071487e-15,1.6567788e-16,1.3877141027147172e-18,0.0,2.754536196768169e-17,1.946109560703964e-16,7.52693179700109e-15,1.7955502102714715e-17,9.589859864966973e-18
F75L,2206.7340690845967,7.615609324682721e-15,1.6567788e-16,1.3877141027145922e-18,0.0,2.7545361967675196e-17,1.946109560703898e-16,7.42099836861233e-15,1.795550210271459e-17,9.589859864960602e-18
F75L,2238.7211385683468,7.511189483275085e-15,1.6567788e-16,1.3877141027144672e-18,0.0,2.75453619676687e-17,1.9461095607038317e-16,7.316578527204703e-15,1.7955502102714465e-17,9.589859864954228e-18
F75L,2271.171867279773,7.408261603271727e-15,1.6567788e-16,1.3877141027141688e-18,0.0,2.754536196766108e-17,1.9461095607037523e-16,7.213650647201353e-15,1.7955502102714166e-17,9.589859864946905e-18
F75L,2304.0929760558533,7.306804366633592e-15,1.6567788e-16,1.3877141027138707e-18,0.0,2.7545361967653463e-17,1.9461095607036732e-16,7.112193410563225e-15,1.795550210271387e-17,9.589859864939582e-18
F75L,2337.4912831534966,7.206796761451508e-15,1.6567788e-16,1.387714102717752e-18,0.0,2.754536196766408e-17,1.9461095607038184e-16,7.012185805381126e-15,1.7955502102717753e-17,9.589859864946327e-18
F75L,2371.3737056616637,7.108218074460199e-15,1.6567788e-16,1.3877141027216336e-18,0.0,2.7545361967674706e-17,1.9461095607039634e-16,6.913607118389802e-15,1.7955502102721636e-17,9.589859864953071e-18
F75L,2405.7472609339593,7.011047889899383e-15,1.6567788e-16,1.3877141027216401e-18,0.0,2.7545361967667668e-17,1.946109560703893e-16,6.816436933828993e-15,1.795550210272164e-17,9.589859864946031e-18
F75L,2440.619068041989,6.91526608214588e-15,1.6567788e-16,1.3877141027216463e-18,0.0,2.7545361967660624e-17,1.9461095607038228e-16,6.720655126075497e-15,1.7955502102721645e-17,9.589859864938992e-18
F75L,2475.9963492497827,6.820852814787369e-15,1.6567788e-16,1.3877141027246582e-18,0.0,2.7545361967666574e-17,1.9461095607039123e-16,6.6262418587169775e-15,1.7955502102724655e-17,9.589859864941919e-18
F75L,2511.8864315095893,6.727788533129204e-15,1.6567788e-16,1.3877141027276702e-18,0.0,2.7545361967672522e-17,1.9461095607040018e-16,6.533177577058804e-15,1.795550210272767e-17,9.589859864944846e-18
F75L,2548.296747979356,6.6360539635607875e-15,1.6567788e-16,1.38771410272831e-18,0.0,2.754536196766745e-17,1.9461095607039574e-16,6.4414430074903915e-15,1.795550210272831e-17,9.589859864939135e-18
F75L,2585.2348395622007,6.545630106188971e-15,1.6567788e-16,1.3877141027289494e-18,0.0,2.754536196766238e-17,1.9461095607039133e-16,6.35101915011858e-15,1.795550210272895e-17,9.589859864933422e-18
F75L,2622.7083564682007,6.4564982342882244e-15,1.6567788e-16,1.3877141027314404e-18,0.0,2.754536196766508e-17,1.946109560703965e-16,6.261887278217828e-15,1.7955502102731438e-17,9.589859864933634e-18
F75L,2660.7250597988204,6.368639886974923e-15,1.6567788e-16,1.3877141027339314e-18,0.0,2.7545361967667782e-17,1.946109560704017e-16,6.174028930904521e-15,1.7955502102733928e-17,9.589859864933849e-18
F75L,2699.2928231543046,6.282036868880542e-15,1.6567788e-16,1.3877141027347867e-18,0.0,2.75453619676627e-17,1.946109560703975e-16,6.0874259128101446e-15,1.7955502102734787e-17,9.589859864927915e-18
F75L,2738.4196342643727,6.196671242816093e-15,1.6567788e-16,1.3877141027356414e-18,0.0,2.7545361967657613e-17,1.9461095607039323e-16,6.0020602867457e-15,1.795550210273564e-17,9.589859864921979e-18
F75L,2778.1135966425472,6.1125253297582575e-15,1.6567788e-16,1.3877141027414271e-18,0.0,2.7545361967673982e-17,1.9461095607041542e-16,5.917914373687842e-15,1.7955502102741428e-17,9.589859864932554e-18
F75L,2818.382931264466,6.029581701397915e-15,1.6567788e-16,1.3877141027472126e-18,0.0,2.7545361967690342e-17,1.9461095607043755e-16,5.8349707453274776e-15,1.7955502102747212e-17,9.589859864943128e-18
F75L,2859.235978270519,5.9478231802668266e-15,1.6567788e-16,1.3877141027475452e-18,0.0,2.7545361967681852e-17,1.946109560704294e-16,5.7532122241963975e-15,1.7955502102747548e-17,9.589859864934303e-18
F75L,2900.6811986931666,5.867232832493933e-15,1.6567788e-16,1.3877141027478774e-18,0.0,2.7545361967673366e-17,1.9461095607042123e-16,5.672621876423512e-15,1.7955502102747877e-17,9.589859864925478e-18
F75L,2942.727176209295,5.7877939681085105e-15,1.6567788e-16,1.3877141027515117e-18,0.0,2.7545361967678987e-17,1.946109560704305e-16,5.59318301203808e-15,1.7955502102751507e-17,9.58985986492747e-18
F75L,2985.382618917973,5.709490133586169e-15,1.6567788e-16,1.387714102755146e-18,0.0,2.754536196768461e-17,1.9461095607043977e-16,5.514879177515729e-15,1.795550210275514e-17,9.589859864929464e-18
F75L,3028.6563611439774,5.632305112506853e-15,1.6567788e-16,1.3877141027560894e-18,0.0,2.7545361967677625e-17,1.946109560704337e-16,5.437694156436419e-15,1.795550210275609e-17,9.589859864921532e-18
F75L,3072.5573652674607,5.556222918148644e-15,1.6567788e-16,1.3877141027570327e-18,0.0,2.754536196767063e-17,1.9461095607042764e-16,5.3616119620782166e-15,1.7955502102757033e-17,9.589859864913597e-18
F75L,3117.0947235801405,5.481227794257369e-15,1.6567788e-16,1.3877141027595567e-18,0.0,2.7545361967670026e-17,1.946109560704296e-16,5.286616838186939e-15,1.795550210275956e-17,9.589859864910463e-18
F75L,3162.277660168394,5.407304207580917e-15,1.6567788e-16,1.3877141027620808e-18,0.0,2.754536196766941e-17,1.946109560704315e-16,5.212693251510486e-15,1.795550210276208e-17,9.58985986490733e-18
F75L,3208.115532823651,5.334436848991201e-15,1.6567788e-16,1.3877141027665988e-18,0.0,2.7545361967676984e-17,1.9461095607044357e-16,5.139825892920758e-15,1.7955502102766598e-17,9.589859864910383e-18
F75L,3254.617834980474,5.2626106258946405e-15,1.6567788e-16,1.387714102771117e-18,0.0,2.7545361967684564e-17,1.946109560704557e-16,5.0679996698241846e-15,1.7955502102771115e-17,9.589859864913438e-18
F75L,3301.7941976827356,5.191810663552567e-15,1.6567788e-16,1.3877141027755136e-18,0.0,2.7545361967690847e-17,1.9461095607046637e-16,4.997199707482101e-15,1.7955502102775512e-17,9.589859864915332e-18
F75L,3349.6543915782927,5.122022297512775e-15,1.6567788e-16,1.38771410277991e-18,0.0,2.7545361967697133e-17,1.9461095607047705e-16,4.927411341442298e-15,1.7955502102779906e-17,9.589859864917224e-18
F75L,3398.208328942576,5.053231075125556e-15,1.6567788e-16,1.3877141027795779e-18,0.0,2.7545361967681563e-17,1.9461095607046115e-16,4.8586201190550945e-15,1.7955502102779577e-17,9.589859864901984e-18
F75L,3447.4660657315108,4.985422747957984e-15,1.6567788e-16,1.3877141027792456e-18,0.0,2.7545361967665992e-17,1.9461095607044522e-16,4.790811791887539e-15,1.795550210277924e-17,9.589859864886746e-18
F75L,3497.437803664196,4.9185832735055114e-15,1.6567788e-16,1.3877141027826077e-18,0.0,2.754536196766605e-17,1.9461095607044867e-16,4.723972317435063e-15,1.7955502102782606e-17,9.58985986488344e-18
F75L,3548.133892335772,4.852698807462705e-15,1.6567788e-16,1.38771410278597e-18,0.0,2.754536196766611e-17,1.9461095607045207e-16,4.658087851392253e-15,1.7955502102785968e-17,9.589859864880135e-18
F75L,3599.564831360914,4.787755705826459e-15,1.6567788e-16,1.387714102793661e-18,0.0,2.7545361967684564e-17,1.9461095607047823e-16,4.593144749755981e-15,1.7955502102793656e-17,9.589859864890902e-18
F75L,3651.7412725483955,4.723740517061798e-15,1.6567788e-16,1.3877141028013518e-18,0.0,2.7545361967703022e-17,1.9461095607050436e-16,4.529129560991294e-15,1.7955502102801344e-17,9.589859864901667e-18
F75L,3704.674022107176,4.660639984257203e-15,1.6567788e-16,1.3877141028037163e-18,0.0,2.7545361967696807e-17,1.9461095607050052e-16,4.466029028186702e-15,1.7955502102803717e-17,9.589859864893093e-18
F75L,3758.3740428844612,4.598441037485557e-15,1.6567788e-16,1.3877141028060806e-18,0.0,2.7545361967690595e-17,1.9461095607049667e-16,4.40383008141506e-15,1.7955502102806084e-17,9.589859864884515e-18
F75L,3812.8524566362084,4.537130796079883e-15,1.6567788e-16,1.3877141028087863e-18,0.0,2.7545361967684906e-17,1.946109560704937e-16,4.342519840009389e-15,1.7955502102808783e-17,9.589859864876128e-18
F75L,3868.1205463305423,4.476696560813025e-15,1.6567788e-16,1.387714102811492e-18,0.0,2.7545361967679224e-17,1.946109560704907e-16,4.282085604742534e-15,1.795550210281149e-17,9.58985986486774e-18
F75L,3924.189758484557,4.417125816579995e-15,1.6567788e-16,1.3877141028164224e-18,0.0,2.7545361967682407e-17,1.9461095607049881e-16,4.222514860509497e-15,1.795550210281642e-17,9.589859864865988e-18
F75L,3981.071705534994,4.358406224340884e-15,1.6567788e-16,1.3877141028213528e-18,0.0,2.7545361967685593e-17,1.9461095607050692e-16,4.163795268270377e-15,1.795550210282135e-17,9.589859864864238e-18
F75L,4038.7781682432824,4.3005256241716894e-15,1.6567788e-16,1.3877141028286122e-18,0.0,2.7545361967698033e-17,1.9461095607052665e-16,4.1059146681011625e-15,1.795550210282861e-17,9.589859864869419e-18
F75L,4097.321098135438,4.2434720270359955e-15,1.6567788e-16,1.3877141028358712e-18,0.0,2.7545361967710473e-17,1.9461095607054634e-16,4.048861070965449e-15,1.7955502102835872e-17,9.589859864874599e-18
F75L,4156.712619977334,4.187233618067029e-15,1.6567788e-16,1.3877141028403369e-18,0.0,2.7545361967709296e-17,1.9461095607054962e-16,3.992622661996479e-15,1.7955502102840338e-17,9.58985986486895e-18
F75L,4216.965034285847,4.131798748325574e-15,1.6567788e-16,1.3877141028448026e-18,0.0,2.7545361967708107e-17,1.9461095607055293e-16,3.937187792255021e-15,1.7955502102844806e-17,9.589859864863298e-18
F75L,4278.0908198764055,4.077155938239818e-15,1.6567788e-16,1.3877141028495789e-18,0.0,2.7545361967707053e-17,1.9461095607055662e-16,3.882544982169261e-15,1.795550210284958e-17,9.58985986485747e-18
F75L,4340.102636447464,4.0232938692874204e-15,1.6567788e-16,1.3877141028543554e-18,0.0,2.7545361967705996e-17,1.9461095607056035e-16,3.82868291321686e-15,1.7955502102854352e-17,9.589859864851644e-18
F75L,4403.01332720244,3.970201387681392e-15,1.6567788e-16,1.387714102857764e-18,0.0,2.754536196769754e-17,1.946109560705553e-16,3.775590431610837e-15,1.7955502102857763e-17,9.58985986483977e-18
F75L,4466.835921509658,3.9178674959235064e-15,1.6567788e-16,1.3877141028611722e-18,0.0,2.754536196768908e-17,1.9461095607055026e-16,3.723256539852956e-15,1.7955502102861175e-17,9.589859864827898e-18
F75L,4531.583637600846,3.86628135681325e-15,1.6567788e-16,1.3877141028705058e-18,0.0,2.7545361967705608e-17,1.946109560705761e-16,3.6716704007426746e-15,1.7955502102870508e-17,9.589859864835091e-18
F75L,4597.26988530875,3.8154322847603134e-15,1.6567788e-16,1.3877141028798393e-18,0.0,2.754536196772213e-17,1.9461095607060198e-16,3.6208213286897116e-15,1.795550210287984e-17,9.589859864842287e-18
F75L,4663.908268844436,3.765309750091596e-15,1.6567788e-16,1.3877141028874193e-18,0.0,2.7545361967729363e-17,1.9461095607061677e-16,3.570698794020979e-15,1.795550210288742e-17,9.589859864841937e-18
F75L,4731.512589614835,3.7159033703583595e-15,1.6567788e-16,1.3877141028949988e-18,0.0,2.7545361967736595e-17,1.946109560706316e-16,3.521292414287728e-15,1.7955502102895e-17,9.589859864841587e-18
F75L,4800.0968490811465,3.667202914689643e-15,1.6567788e-16,1.3877141029006559e-18,0.0,2.7545361967733683e-17,1.9461095607063433e-16,3.4725919586190086e-15,1.7955502102900658e-17,9.589859864833022e-18
F75L,4869.675251658663,3.6191982951248755e-15,1.6567788e-16,1.3877141029063125e-18,0.0,2.7545361967730777e-17,1.9461095607063709e-16,3.4245873390542386e-15,1.7955502102906315e-17,9.589859864824459e-18
F75L,4940.26220765863,3.571879571183168e-15,1.6567788e-16,1.3877141029133803e-18,0.0,2.7545361967732487e-17,1.9461095607064586e-16,3.3772686151125223e-15,1.7955502102913375e-17,9.5898598648191e-18
F75L,5011.872336272756,3.525236940974825e-15,1.6567788e-16,1.3877141029204479e-18,0.0,2.7545361967734198e-17,1.9461095607065464e-16,3.33062598490417e-15,1.7955502102920444e-17,9.589859864813744e-18
F75L,5084.520468600972,3.479260746194891e-15,1.6567788e-16,1.38771410292917e-18,0.0,2.754536196774151e-17,1.9461095607067069e-16,3.2846497901242202e-15,1.7955502102929164e-17,9.589859864812342e-18
F75L,5158.2216507230905,3.4339414629215622e-15,1.6567788e-16,1.3877141029378922e-18,0.0,2.7545361967748822e-17,1.946109560706867e-16,3.2393305068508756e-15,1.7955502102937885e-17,9.589859864810939e-18
F75L,5232.991146814981,3.3892697069779677e-15,1.6567788e-16,1.3877141029445963e-18,0.0,2.7545361967745294e-17,1.946109560706899e-16,3.194658750907278e-15,1.7955502102944594e-17,9.589859864800694e-18
F75L,5308.844442309919,3.345236224582286e-15,1.6567788e-16,1.3877141029513003e-18,0.0,2.7545361967741756e-17,1.9461095607069307e-16,3.150625268511593e-15,1.7955502102951302e-17,9.58985986479045e-18
F75L,5385.797247105755,3.3018318978926736e-15,1.6567788e-16,1.3877141029589819e-18,0.0,2.7545361967740585e-17,1.9461095607069955e-16,3.107220941821974e-15,1.795550210295898e-17,9.589859864781601e-18
F75L,5463.865498818579,3.2590477355641886e-15,1.6567788e-16,1.3877141029666635e-18,0.0,2.754536196773941e-17,1.9461095607070609e-16,3.0644367794934826e-15,1.7955502102966663e-17,9.589859864772753e-18
F75L,5543.065366083543,3.2168748785662757e-15,1.6567788e-16,1.3877141029761941e-18,0.0,2.7545361967744385e-17,1.9461095607072056e-16,3.022263922495555e-15,1.7955502102976197e-17,9.589859864768194e-18
F75L,5623.413251903529,3.1753045905372077e-15,1.6567788e-16,1.3877141029857244e-18,0.0,2.7545361967749355e-17,1.9461095607073508e-16,2.9806936344664725e-15,1.7955502102985722e-17,9.589859864763636e-18
F75L,5704.92579704636,3.1343282639106274e-15,1.6567788e-16,1.3877141029956591e-18,0.0,2.7545361967753904e-17,1.9461095607074955e-16,2.939717307839878e-15,1.795550210299566e-17,9.589859864758256e-18
F75L,5787.619883491247,3.0939374100767747e-15,1.6567788e-16,1.3877141030055942e-18,0.0,2.7545361967758458e-17,1.9461095607076404e-16,2.8993264540060108e-15,1.7955502103005595e-17,9.589859864752876e-18
F75L,5871.512637925207,3.054123665808031e-15,1.6567788e-16,1.3877141030150405e-18,0.0,2.7545361967758495e-17,1.9461095607077354e-16,2.8595127097372577e-15,1.7955502103015042e-17,9.589859864743454e-18
F75L,5956.621435290147,3.0148787831974686e-15,1.6567788e-16,1.387714103024487e-18,0.0,2.7545361967758535e-17,1.94610956070783e-16,2.8202678271266857e-15,1.795550210302449e-17,9.589859864734036e-18
F75L,6042.963902381372,2.9761946364455863e-15,1.6567788e-16,1.3877141030362076e-18,0.0,2.75453619677662e-17,1.946109560708024e-16,2.7815836803747837e-15,1.7955502103036206e-17,9.58985986472998e-18
F75L,6130.557921498252,2.9380632115163868e-15,1.6567788e-16,1.387714103047928e-18,0.0,2.754536196777386e-17,1.9461095607082178e-16,2.743452255445565e-15,1.7955502103047928e-17,9.589859864725922e-18
F75L,6219.421634147808,2.9004766132790545e-15,1.6567788e-16,1.3877141030577324e-18,0.0,2.7545361967770334e-17,1.9461095607082807e-16,2.7058656572082263e-15,1.795550210305773e-17,9.589859864712604e-18
F75L,6309.573444801979,2.8634270549462172e-15,1.6567788e-16,1.3877141030675365e-18,0.0,2.7545361967766818e-17,1.9461095607083435e-16,2.668816098875383e-15,1.7955502103067536e-17,9.589859864699286e-18
F75L,6401.032024709357,2.826906865532027e-15,1.6567788e-16,1.3877141030819344e-18,0.0,2.7545361967780984e-17,1.9461095607086292e-16,2.632295909461164e-15,1.7955502103081932e-17,9.589859864699045e-18
F75L,6493.816315762163,2.79090847904077e-15,1.6567788e-16,1.3877141030963327e-18,0.0,2.754536196779516e-17,1.946109560708915e-16,2.5962975229698787e-15,1.7955502103096335e-17,9.589859864698806e-18
F75L,6587.945534419289,2.7554244422361175e-15,1.6567788e-16,1.3877141031070951e-18,0.0,2.754536196779015e-17,1.9461095607089724e-16,2.56081348616522e-15,1.79555021031071e-17,9.589859864683042e-18
F75L,6683.439175686198,2.7204474036679594e-15,1.6567788e-16,1.3877141031178574e-18,0.0,2.7545361967785135e-17,1.9461095607090298e-16,2.5258364475970562e-15,1.795550210311786e-17,9.589859864667277e-18
F75L,6780.317017152512,2.6859701217218752e-15,1.6567788e-16,1.387714103131503e-18,0.0,2.7545361967789834e-17,1.9461095607092135e-16,2.491359165650954e-15,1.79555021031315e-17,9.589859864658336e-18
F75L,6878.59912308813,2.6519854533469475e-15,1.6567788e-16,1.3877141031451486e-18,0.0,2.754536196779454e-17,1.946109560709397e-16,2.4573744972760076e-15,1.795550210314515e-17,9.589859864649395e-18
F75L,6978.3058485987185,2.618486362553348e-15,1.6567788e-16,1.3877141031609628e-18,0.0,2.754536196780558e-17,1.9461095607096656e-16,2.423875406482381e-15,1.7955502103160963e-17,9.589859864644625e-18
F75L,7079.4578438414355,2.5854659088019815e-15,1.6567788e-16,1.3877141031767772e-18,0.0,2.7545361967816618e-17,1.946109560709934e-16,2.390854952730988e-15,1.7955502103176777e-17,9.589859864639853e-18
F75L,7182.076058301764,2.552917255867581e-15,1.6567788e-16,1.3877141031917694e-18,0.0,2.7545361967820485e-17,1.9461095607101224e-16,2.3583062997965687e-15,1.795550210319177e-17,9.589859864628726e-18
F75L,7286.181745132336,2.520833659991921e-15,1.6567788e-16,1.387714103206762e-18,0.0,2.7545361967824362e-17,1.9461095607103112e-16,2.32622270392089e-15,1.7955502103206766e-17,9.589859864617597e-18
F75L,7391.796465554657,2.489208479060503e-15,1.6567788e-16,1.3877141032238337e-18,0.0,2.754536196783376e-17,1.946109560710576e-16,2.2945975229894455e-15,1.7955502103223835e-17,9.589859864609921e-18
F75L,7498.94209332462,2.4580351604804692e-15,1.6567788e-16,1.3877141032409051e-18,0.0,2.7545361967843156e-17,1.9461095607108405e-16,2.263424204409385e-15,1.7955502103240906e-17,9.589859864602245e-18
F75L,7607.640819262764,2.4273072507533295e-15,1.6567788e-16,1.3877141032549927e-18,0.0,2.7545361967835298e-17,1.9461095607109029e-16,2.2326962946822394e-15,1.7955502103254992e-17,9.589859864580308e-18
F75L,7717.915155850188,2.397018383027303e-15,1.6567788e-16,1.3877141032690805e-18,0.0,2.7545361967827443e-17,1.9461095607109652e-16,2.2024074269562065e-15,1.795550210326908e-17,9.58985986455837e-18
F75L,7829.787941891089,2.3671622870926227e-15,1.6567788e-16,1.3877141032887296e-18,0.0,2.75453619678402e-17,1.9461095607112892e-16,2.172551331021494e-15,1.7955502103288728e-17,9.58985986455147e-18
F75L,7943.282347242882,2.3377327765549227e-15,1.6567788e-16,1.3877141033083785e-18,0.0,2.754536196785295e-17,1.946109560711613e-16,2.1431218204837615e-15,1.7955502103308375e-17,9.589859864544567e-18
F75L,8058.421877614886,2.308723759266556e-15,1.6567788e-16,1.3877141033287726e-18,0.0,2.7545361967864585e-17,1.9461095607119336e-16,2.1141128031953626e-15,1.7955502103328772e-17,9.589859864535805e-18
F75L,8175.23037943657,2.280129224181059e-15,1.6567788e-16,1.3877141033491666e-18,0.0,2.754536196787622e-17,1.9461095607122538e-16,2.0855182681098336e-15,1.7955502103349165e-17,9.589859864527044e-18
F75L,8293.732044796356,2.2519432521755185e-15,1.6567788e-16,1.3877141033676045e-18,0.0,2.7545361967874433e-17,1.9461095607124204e-16,2.0573322961042765e-15,1.7955502103367605e-17,9.589859864506828e-18
F75L,8413.951416452024,2.224160002577379e-15,1.6567788e-16,1.3877141033860426e-18,0.0,2.7545361967872655e-17,1.946109560712587e-16,2.0295490465061202e-15,1.7955502103386044e-17,9.589859864486614e-18
F75L,8535.913392913733,2.1967737243917402e-15,1.6567788e-16,1.387714103406779e-18,0.0,2.754536196787615e-17,1.9461095607128292e-16,2.0021627683204572e-15,1.795550210340678e-17,9.589859864469368e-18
F75L,8659.64323360073,2.1697787424446324e-15,1.6567788e-16,1.3877141034275156e-18,0.0,2.7545361967879644e-17,1.9461095607130715e-16,1.9751677863733253e-15,1.7955502103427512e-17,9.589859864452124e-18
F75L,8785.166564072795,2.1431694691197174e-15,1.6567788e-16,1.3877141034516596e-18,0.0,2.7545361967893045e-17,1.9461095607134472e-16,1.948558513048373e-15,1.795550210345166e-17,9.589859864441385e-18
F75L,8912.509381337535,2.1169403900658714e-15,1.6567788e-16,1.3877141034758033e-18,0.0,2.7545361967906447e-17,1.9461095607138224e-16,1.922329433994489e-15,1.7955502103475802e-17,9.589859864430645e-18
F75L,9041.698059234586,2.091086076383888e-15,1.6567788e-16,1.387714103498831e-18,0.0,2.7545361967909294e-17,1.9461095607140812e-16,1.89647512031248e-15,1.7955502103498833e-17,9.58985986441047e-18
F75L,9172.75935389788,2.065601169974908e-15,1.6567788e-16,1.3877141035218586e-18,0.0,2.7545361967912144e-17,1.9461095607143398e-16,1.870990213903474e-15,1.795550210352186e-17,9.589859864390293e-18
F75L,9305.720409297075,2.0404803961911112e-15,1.6567788e-16,1.3877141035499223e-18,0.0,2.7545361967931527e-17,1.9461095607148146e-16,1.84586944011963e-15,1.7955502103549927e-17,9.589859864381609e-18
F75L,9440.608762859321,2.0157185487342914e-15,1.6567788e-16,1.3877141035779856e-18,0.0,2.754536196795091e-17,1.946109560715289e-16,1.8211075926627627e-15,1.7955502103577987e-17,9.589859864372922e-18
F75L,9577.452351172502,1.9913105028114327e-15,1.6567788e-16,1.387714103605629e-18,0.0,2.7545361967962148e-17,1.9461095607156777e-16,1.796699546739865e-15,1.795550210360563e-17,9.589859864356524e-18
F75L,9716.279515771153,1.9672511996362893e-15,1.6567788e-16,1.3877141036332727e-18,0.0,2.7545361967973392e-17,1.9461095607160667e-16,1.7726402435646827e-15,1.7955502103633275e-17,9.589859864340126e-18
F75L,9857.119009006256,1.9435356600315513e-15,1.6567788e-16,1.3877141036596362e-18,0.0,2.754536196797231e-17,1.9461095607163194e-16,1.7489247039599194e-15,1.7955502103659637e-17,9.589859864312678e-18
F75L,10000.000000000096,1.920158968509117e-15,1.6567788e-16,1.3877141036859998e-18,0.0,2.754536196797123e-17,1.9461095607165723e-16,1.7255480124374597e-15,1.7955502103686003e-17,9.589859864285226e-18
F75L,10144.952080687459,1.897116287410262e-15,1.6567788e-16,1.387714103717761e-18,0.0,2.7545361967987163e-17,1.9461095607170493e-16,1.7025053313385573e-15,1.7955502103717763e-17,9.5898598642694e-18
F75L,10292.005271944381,1.8744028404555693e-15,1.6567788e-16,1.387714103749522e-18,0.0,2.7545361968003104e-17,1.946109560717526e-16,1.6797918843838167e-15,1.795550210374952e-17,9.589859864253575e-18
F75L,10441.190029805744,1.8520139274819485e-15,1.6567788e-16,1.3877141037807178e-18,0.0,2.754536196800908e-17,1.946109560717898e-16,1.6574029714101586e-15,1.7955502103780715e-17,9.589859864228354e-18
F75L,10592.537251772992,1.829944907479814e-15,1.6567788e-16,1.3877141038119133e-18,0.0,2.7545361968015044e-17,1.9461095607182696e-16,1.6353339514079871e-15,1.7955502103811912e-17,9.589859864203134e-18
F75L,10746.07828321328,1.808191213892457e-15,1.6567788e-16,1.387714103845251e-18,0.0,2.7545361968022696e-17,1.9461095607186796e-16,1.6135802578205892e-15,1.7955502103845254e-17,9.589859864177437e-18
F75L,10901.844923851384,1.7867483371346193e-15,1.6567788e-16,1.3877141038785886e-18,0.0,2.7545361968030332e-17,1.9461095607190893e-16,1.5921373810627104e-15,1.7955502103878592e-17,9.589859864151738e-18
F75L,11059.869434355705,1.7656118404667767e-15,1.6567788e-16,1.3877141039153213e-18,0.0,2.754536196804475e-17,1.9461095607196008e-16,1.5710008843948166e-15,1.7955502103915327e-17,9.589859864129421e-18
F75L,11220.184543019746,1.7447773419809773e-15,1.6567788e-16,1.387714103952054e-18,0.0,2.754536196805916e-17,1.946109560720112e-16,1.5501663859089661e-15,1.7955502103952055e-17,9.589859864107104e-18
F75L,11382.823452540435,1.7242405310898152e-15,1.6567788e-16,1.3877141039912185e-18,0.0,2.7545361968075568e-17,1.946109560720668e-16,1.5296295750177484e-15,1.795550210399122e-17,9.589859864084345e-18
F75L,11547.819846894698,1.7039971499377823e-15,1.6567788e-16,1.3877141040303829e-18,0.0,2.7545361968091964e-17,1.9461095607212234e-16,1.50938619386566e-15,1.795550210403038e-17,9.589859864061589e-18
F75L,11715.207898315717,1.6840430105089404e-15,1.6567788e-16,1.3877141040675138e-18,0.0,2.7545361968089946e-17,1.9461095607215747e-16,1.489432054436783e-15,1.795550210406751e-17,9.589859864022437e-18
F75L,11885.022274370305,1.6643739754718155e-15,1.6567788e-16,1.3877141041046446e-18,0.0,2.754536196808793e-17,1.9461095607219257e-16,1.469763019399623e-15,1.795550210410464e-17,9.589859863983287e-18
F75L,12057.298145138866,1.6449859759388664e-15,1.6567788e-16,1.3877141041497815e-18,0.0,2.7545361968111658e-17,1.9461095607226145e-16,1.450375019866605e-15,1.795550210414978e-17,9.589859863961876e-18
F75L,12232.07119049944,1.6258749916454542e-15,1.6567788e-16,1.3877141041949183e-18,0.0,2.7545361968135392e-17,1.9461095607233033e-16,1.431264035573124e-15,1.7955502104194916e-17,9.589859863940466e-18
F75L,12409.377607517323,1.6070370694467938e-15,1.6567788e-16,1.3877141042411794e-18,0.0,2.7545361968153622e-17,1.946109560723948e-16,1.4124261133743991e-15,1.7955502104241182e-17,9.589859863912431e-18
F75L,12589.254117941802,1.5884683028527798e-15,1.6567788e-16,1.3877141042874398e-18,0.0,2.7545361968171837e-17,1.9461095607245928e-16,1.3938573467803206e-15,1.795550210428744e-17,9.589859863884394e-18
F75L,12771.737975811562,1.5701648511710159e-15,1.6567788e-16,1.3877141043354015e-18,0.0,2.75453619681865e-17,1.946109560725219e-16,1.375553895098494e-15,1.7955502104335405e-17,9.589859863851101e-18
F75L,12956.86697517033,1.5521229184473016e-15,1.6567788e-16,1.387714104383363e-18,0.0,2.754536196820117e-17,1.9461095607258454e-16,1.357511962374717e-15,1.7955502104383365e-17,9.589859863817809e-18
F75L,13144.679457894359,1.5343387732683762e-15,1.6567788e-16,1.3877141044357986e-18,0.0,2.754536196822398e-17,1.9461095607265978e-16,1.3397278171957164e-15,1.7955502104435803e-17,9.589859863788184e-18
F75L,13335.21432163338,1.516808727054777e-15,1.6567788e-16,1.3877141044882344e-18,0.0,2.7545361968246785e-17,1.9461095607273501e-16,1.322197770982042e-15,1.7955502104488237e-17,9.589859863758558e-18
F75L,13528.511027866647,1.4995291545907714e-15,1.6567788e-16,1.3877141045391053e-18,0.0,2.7545361968250134e-17,1.9461095607278925e-16,1.3049181985179822e-15,1.795550210453911e-17,9.589859863711036e-18
F75L,13724.609610075766,1.4824964716054958e-15,1.6567788e-16,1.387714104589976e-18,0.0,2.7545361968253484e-17,1.9461095607284346e-16,1.2878855155326524e-15,1.7955502104589976e-17,9.58985986366351e-18
F75L,13923.55068203599,1.4657071561031536e-15,1.6567788e-16,1.3877141046498007e-18,0.0,2.7545361968283494e-17,1.946109560729333e-16,1.2710962000302203e-15,1.7955502104649803e-17,9.589859863633693e-18
F75L,14125.375446227694,1.4491577251437144e-15,1.6567788e-16,1.387714104709625e-18,0.0,2.754536196831351e-17,1.9461095607302314e-16,1.2545467690706911e-15,1.7955502104709627e-17,9.589859863603877e-18
F75L,14330.125702369782,1.4328447570032071e-15,1.6567788e-16,1.3877141047706052e-18,0.0,2.7545361968334644e-17,1.9461095607310524e-16,1.2382338009301018e-15,1.7955502104770606e-17,9.589859863564036e-18
F75L,14537.843856076775,1.4167648672107628e-15,1.6567788e-16,1.3877141048315853e-18,0.0,2.754536196835578e-17,1.9461095607318738e-16,1.2221539111375755e-15,1.7955502104831583e-17,9.589859863524197e-18
F75L,14748.572927641406,1.4009147314923456e-15,1.6567788e-16,1.3877141048945224e-18,0.0,2.7545361968370793e-17,1.9461095607326532e-16,1.2063037754190804e-15,1.7955502104894522e-17,9.589859863476275e-18
F75L,14962.356560944498,1.385291061012867e-15,1.6567788e-16,1.3877141049574591e-18,0.0,2.754536196838581e-17,1.9461095607334327e-16,1.1906801049395236e-15,1.7955502104957458e-17,9.58985986342835e-18
F75L,15179.239032494008,1.3698906262148323e-15,1.6567788e-16,1.3877141050279607e-18,0.0,2.754536196841879e-17,1.9461095607344676e-16,1.1752796701413857e-15,1.795550210502796e-17,9.58985986339084e-18
F75L,15399.26526059509,1.354710231179063e-15,1.6567788e-16,1.3877141050984624e-18,0.0,2.7545361968451787e-17,1.9461095607355025e-16,1.1600992751055127e-15,1.7955502105098458e-17,9.589859863353329e-18
F75L,15622.480814653076,1.3397467383654436e-15,1.6567788e-16,1.3877141051681233e-18,0.0,2.7545361968464375e-17,1.9461095607363251e-16,1.1451357822918112e-15,1.7955502105168124e-17,9.589859863296256e-18
F75L,15848.931924611312,1.3249970421263984e-15,1.6567788e-16,1.387714105237784e-18,0.0,2.7545361968476962e-17,1.9461095607371473e-16,1.1303860860526837e-15,1.7955502105237784e-17,9.589859863239187e-18
F75L,16078.665490525787,1.310458094366915e-15,1.6567788e-16,1.3877141053132891e-18,0.0,2.7545361968497938e-17,1.9461095607381122e-16,1.1158471382931037e-15,1.795550210531329e-17,9.589859863184663e-18
F75L,16311.729092278567,1.2961268771194618e-15,1.6567788e-16,1.3877141053887942e-18,0.0,2.7545361968518917e-17,1.946109560739077e-16,1.101515921045554e-15,1.795550210538879e-17,9.589859863130137e-18
F75L,16548.170999432,1.2820004292031245e-15,1.6567788e-16,1.387714105468349e-18,0.0,2.7545361968539264e-17,1.946109560740076e-16,1.087389473129117e-15,1.7955502105468348e-17,9.589859863070917e-18
F75L,16788.040181225795,1.2680758178360526e-15,1.6567788e-16,1.3877141055479038e-18,0.0,2.7545361968559602e-17,1.9461095607410748e-16,1.073464861761945e-15,1.79555021055479e-17,9.589859863011696e-18
F75L,17031.386316718967,1.254350166305774e-15,1.6567788e-16,1.3877141056360484e-18,0.0,2.754536196859841e-17,1.9461095607423447e-16,1.0597392102315394e-15,1.7955502105636045e-17,9.58985986296236e-18
F75L,17278.259805078833,1.2408206245756161e-15,1.6567788e-16,1.387714105724193e-18,0.0,2.754536196863721e-17,1.9461095607436142e-16,1.0462096685012548e-15,1.7955502105724188e-17,9.589859862913023e-18
F75L,17528.711776019132,1.2274843980136466e-15,1.6567788e-16,1.3877141058151418e-18,0.0,2.7545361968667546e-17,1.9461095607448269e-16,1.032873441939164e-15,1.7955502105815138e-17,9.589859862852407e-18
F75L,17782.794100389434,1.2143387169797263e-15,1.6567788e-16,1.3877141059060907e-18,0.0,2.754536196869789e-17,1.9461095607460397e-16,1.0197277609051224e-15,1.7955502105906088e-17,9.589859862791792e-18
F75L,18040.55940091807,1.2013808666095408e-15,1.6567788e-16,1.387714106001531e-18,0.0,2.7545361968726008e-17,1.9461095607472755e-16,1.0067699105348132e-15,1.7955502106001528e-17,9.589859862724482e-18
F75L,18302.061063110774,1.1886081553524115e-15,1.6567788e-16,1.3877141060969712e-18,0.0,2.754536196875414e-17,1.946109560748511e-16,9.939971992775605e-16,1.795550210609697e-17,9.589859862657173e-18
F75L,18567.35324630728,1.1760179458737687e-15,1.6567788e-16,1.3877141061982258e-18,0.0,2.7545361968784652e-17,1.946109560749829e-16,9.814069897987857e-16,1.795550210619823e-17,9.589859862586425e-18
F75L,18836.49089489823,1.1636076224711317e-15,1.6567788e-16,1.3877141062994806e-18,0.0,2.7545361968815162e-17,1.9461095607511464e-16,9.68996666396017e-16,1.7955502106299483e-17,9.589859862515677e-18
F75L,19109.529749704634,1.151374623163523e-15,1.6567788e-16,1.3877141064091952e-18,0.0,2.7545361968858435e-17,1.9461095607526765e-16,9.567636670882552e-16,1.7955502106409194e-17,9.589859862449237e-18
F75L,19386.526359522308,1.1393164059283138e-15,1.6567788e-16,1.38771410651891e-18,0.0,2.7545361968901712e-17,1.9461095607542062e-16,9.447054498528932e-16,1.795550210651891e-17,9.589859862382797e-18
F75L,19667.538092833624,1.1274304820112028e-15,1.6567788e-16,1.3877141066342e-18,0.0,2.754536196894342e-17,1.9461095607557762e-16,9.328195259356252e-16,1.79555021066342e-17,9.58985986230922e-18
F75L,19952.62314968904,1.1157143809621712e-15,1.6567788e-16,1.3877141067494897e-18,0.0,2.7545361968985128e-17,1.9461095607573463e-16,9.211034248864367e-16,1.7955502106749488e-17,9.589859862235642e-18
F75L,20241.840573760863,1.104165685199431e-15,1.6567788e-16,1.3877141068677505e-18,0.0,2.7545361969012124e-17,1.9461095607587988e-16,9.095547291235512e-16,1.7955502106867753e-17,9.58985986214437e-18
F75L,20535.250264571714,1.0927819937922903e-15,1.6567788e-16,1.3877141069860113e-18,0.0,2.7545361969039115e-17,1.9461095607602513e-16,8.981710377162652e-16,1.795550210698601e-17,9.589859862053098e-18
F75L,20832.91298990025,1.0815609583439991e-15,1.6567788e-16,1.387714107116476e-18,0.0,2.7545361969090847e-17,1.946109560762073e-16,8.869500022677918e-16,1.7955502107116478e-17,9.58985986197437e-18
F75L,21134.890398366733,1.0705002454343917e-15,1.6567788e-16,1.3877141072469409e-18,0.0,2.7545361969142576e-17,1.9461095607638953e-16,8.758892893580022e-16,1.7955502107246942e-17,9.58985986189564e-18
F75L,21441.245032200994,1.059597573902575e-15,1.6567788e-16,1.3877141073778423e-18,0.0,2.754536196916489e-17,1.9461095607654275e-16,8.649866178260322e-16,1.7955502107377844e-17,9.589859861787048e-18
F75L,21752.0403401955,1.0488506759173913e-15,1.6567788e-16,1.3877141075087437e-18,0.0,2.7545361969187205e-17,1.9461095607669593e-16,8.542397198406954e-16,1.7955502107508742e-17,9.589859861678457e-18
F75L,22067.340690846177,1.038257335685629e-15,1.6567788e-16,1.3877141076590298e-18,0.0,2.7545361969262643e-17,1.9461095607692167e-16,8.436463796087072e-16,1.795550210765903e-17,9.589859861603609e-18
F75L,22387.21138568368,1.0278153490556647e-15,1.6567788e-16,1.387714107809316e-18,0.0,2.7545361969338072e-17,1.9461095607714738e-16,8.332043929785173e-16,1.7955502107809314e-17,9.589859861528758e-18
F75L,22711.718672797946,1.0175225637522306e-15,1.6567788e-16,1.3877141079564885e-18,0.0,2.754536196936443e-17,1.946109560773209e-16,8.229116076749097e-16,1.795550210795649e-17,9.589859861407945e-18
F75L,23040.929760558753,1.0073768374993332e-15,1.6567788e-16,1.3877141081036608e-18,0.0,2.7545361969390784e-17,1.9461095607749443e-16,8.127658814218388e-16,1.795550210810366e-17,9.589859861287133e-18
F75L,23374.912831535188,9.973760797844475e-16,1.6567788e-16,1.3877141082652619e-18,0.0,2.7545361969444146e-17,1.9461095607770942e-16,8.02765123706738e-16,1.7955502108265266e-17,9.589859861178884e-18
F75L,23713.73705661686,9.875182083961845e-16,1.6567788e-16,1.3877141084268632e-18,0.0,2.7545361969497502e-17,1.9461095607792436e-16,7.929072523182602e-16,1.7955502108426866e-17,9.589859861070636e-18
F75L,24057.47260933982,9.77801192851711e-16,1.6567788e-16,1.3877141085988642e-18,0.0,2.7545361969557687e-17,1.9461095607815656e-16,7.831902367735545e-16,1.7955502108598862e-17,9.589859860958822e-18
F75L,24406.19068042012,9.682230092880402e-16,1.6567788e-16,1.3877141087708651e-18,0.0,2.754536196961787e-17,1.9461095607838873e-16,7.736120532096516e-16,1.7955502108770858e-17,9.589859860847007e-18
F75L,24759.96349249806,9.587816855755952e-16,1.6567788e-16,1.3877141089515364e-18,0.0,2.7545361969674857e-17,1.946109560786264e-16,7.641707294969688e-16,1.7955502108951535e-17,9.589859860723316e-18
F75L,25118.864315096132,9.494752545095284e-16,1.6567788e-16,1.387714109132208e-18,0.0,2.7545361969731846e-17,1.9461095607886404e-16,7.548642984306643e-16,1.7955502109132212e-17,9.589859860599625e-18
F75L,25482.967479793802,9.403018006945145e-16,1.6567788e-16,1.3877141093224482e-18,0.0,2.7545361969787128e-17,1.9461095607910958e-16,7.456908446154049e-16,1.795550210932245e-17,9.589859860464671e-18
F75L,25852.34839562225,9.312594119443092e-16,1.6567788e-16,1.3877141095126877e-18,0.0,2.7545361969842404e-17,1.9461095607935508e-16,7.366484558649542e-16,1.7955502109512683e-17,9.589859860329717e-18
F75L,26227.083564682252,9.223462280192184e-16,1.6567788e-16,1.3877141097183015e-18,0.0,2.7545361969919237e-17,1.9461095607963755e-16,7.277352719395808e-16,1.79555021097183e-17,9.589859860200939e-18
F75L,26607.25059798845,9.135603901590935e-16,1.6567788e-16,1.3877141099239157e-18,0.0,2.7545361969996077e-17,1.9461095607992e-16,7.189494340791734e-16,1.7955502109923914e-17,9.58985986007216e-18
F75L,26992.928231543297,9.04900091740055e-16,1.6567788e-16,1.3877141101362965e-18,0.0,2.7545361970053328e-17,1.9461095608018963e-16,7.102891356598653e-16,1.7955502110136293e-17,9.589859859917037e-18
F75L,27384.19634264398,8.96363525880349e-16,1.6567788e-16,1.3877141103486772e-18,0.0,2.754536197011059e-17,1.9461095608045927e-16,7.017525697998898e-16,1.795550211034868e-17,9.589859859761912e-18
F75L,27781.13596642573,8.879489381002397e-16,1.6567788e-16,1.3877141105784417e-18,0.0,2.7545361970192624e-17,1.9461095608077107e-16,6.933379820194686e-16,1.795550211057844e-17,9.589859859614182e-18
F75L,28183.82931264492,8.796545718814445e-16,1.6567788e-16,1.387714110808206e-18,0.0,2.754536197027465e-17,1.9461095608108286e-16,6.850436158003616e-16,1.7955502110808202e-17,9.58985985946645e-18
F75L,28592.359782705455,8.714787234334176e-16,1.6567788e-16,1.387714111048809e-18,0.0,2.754536197034918e-17,1.94610956081398e-16,6.768677673520197e-16,1.7955502111048802e-17,9.589859859300372e-18
F75L,29006.811986931934,8.634196851413423e-16,1.6567788e-16,1.3877141112894122e-18,0.0,2.7545361970423705e-17,1.9461095608171314e-16,6.688087290596291e-16,1.7955502111289405e-17,9.589859859134296e-18
F75L,29427.271762093224,8.554758025129853e-16,1.6567788e-16,1.3877141115441807e-18,0.0,2.7545361970502246e-17,1.9461095608204643e-16,6.608648464309388e-16,1.7955502111544176e-17,9.589859858958062e-18
F75L,29853.82618918001,8.47645415403712e-16,1.6567788e-16,1.3877141117989493e-18,0.0,2.7545361970580784e-17,1.9461095608237973e-16,6.530344593213323e-16,1.7955502111798947e-17,9.58985985878183e-18
F75L,30286.56361144006,8.399269172604293e-16,1.6567788e-16,1.3877141120709963e-18,0.0,2.7545361970673706e-17,1.946109560827447e-16,6.453159611776847e-16,1.7955502112071e-17,9.589859858602696e-18
F75L,30725.573652674895,8.323186940231549e-16,1.6567788e-16,1.3877141123430434e-18,0.0,2.7545361970766622e-17,1.9461095608310967e-16,6.377077379400452e-16,1.7955502112343045e-17,9.589859858423563e-18
F75L,31170.947235801697,8.248191857544102e-16,1.6567788e-16,1.3877141126262895e-18,0.0,2.754536197084311e-17,1.9461095608346941e-16,6.302082296709407e-16,1.7955502112626293e-17,9.589859858216812e-18
F75L,31622.77660168424,8.174268231300103e-16,1.6567788e-16,1.3877141129095362e-18,0.0,2.7545361970919602e-17,1.9461095608382916e-16,6.228158670461811e-16,1.7955502112909537e-17,9.589859858010061e-18
F75L,32081.155328236815,8.101400915616503e-16,1.6567788e-16,1.3877141132162051e-18,0.0,2.754536197103021e-17,1.9461095608424642e-16,6.1552913547740395e-16,1.7955502113216207e-17,9.589859857814003e-18
F75L,32546.17834980505,8.029574651357997e-16,1.6567788e-16,1.3877141135228748e-18,0.0,2.7545361971140816e-17,1.946109560846637e-16,6.083465090511361e-16,1.7955502113522873e-17,9.589859857617946e-18
F75L,33017.94197682767,7.958774733643834e-16,1.6567788e-16,1.387714113842892e-18,0.0,2.7545361971236497e-17,1.9461095608507938e-16,6.01266517279304e-16,1.7955502113842892e-17,9.589859857393605e-18
F75L,33496.543915783244,7.888986324747043e-16,1.6567788e-16,1.3877141141629093e-18,0.0,2.754536197133217e-17,1.9461095608549508e-16,5.942876763892092e-16,1.7955502114162907e-17,9.589859857169262e-18
F75L,33982.08328942608,7.820195148838005e-16,1.6567788e-16,1.387714114506851e-18,0.0,2.7545361971455624e-17,1.9461095608596246e-16,5.874085587978381e-16,1.795550211450685e-17,9.58985985694877e-18
F75L,34474.660657315435,7.752386777107843e-16,1.6567788e-16,1.387714114850793e-18,0.0,2.7545361971579084e-17,1.9461095608642986e-16,5.806277216243545e-16,1.7955502114850788e-17,9.58985985672828e-18
F75L,34974.378036642294,7.685547351003321e-16,1.6567788e-16,1.3877141152130563e-18,0.0,2.7545361971700676e-17,1.9461095608691375e-16,5.739437790134183e-16,1.795550211521306e-17,9.589859856487618e-18
F75L,35481.33892335806,7.619662838557752e-16,1.6567788e-16,1.3877141155753199e-18,0.0,2.7545361971822266e-17,1.946109560873976e-16,5.673553277683776e-16,1.7955502115575323e-17,9.589859856246952e-18
F75L,35995.64831360948,7.554719787258453e-16,1.6567788e-16,1.387714115956565e-18,0.0,2.7545361971940016e-17,1.9461095608789657e-16,5.608610226379487e-16,1.795550211595657e-17,9.589859855983447e-18
F75L,36517.412725484304,7.490704550129441e-16,1.6567788e-16,1.3877141163378105e-18,0.0,2.7545361972057765e-17,1.9461095608839558e-16,5.544594989245485e-16,1.7955502116337812e-17,9.58985985571994e-18
F75L,37046.74022107211,7.427604069765522e-16,1.6567788e-16,1.3877141167418957e-18,0.0,2.7545361972183576e-17,1.9461095608892547e-16,5.481494508876267e-16,1.7955502116741897e-17,9.589859855441681e-18
F75L,37583.74042884497,7.365405072641934e-16,1.6567788e-16,1.3877141171459812e-18,0.0,2.7545361972309394e-17,1.9461095608945536e-16,5.419295511747381e-16,1.795550211714598e-17,9.589859855163423e-18
F75L,38128.524566362445,7.304094885860405e-16,1.6567788e-16,1.3877141175728216e-18,0.0,2.7545361972437383e-17,1.946109560900102e-16,5.357985324960303e-16,1.795550211757282e-17,9.589859854864572e-18
F75L,38681.205463305785,7.243660598128581e-16,1.6567788e-16,1.3877141179996628e-18,0.0,2.754536197256538e-17,1.9461095609056504e-16,5.297551037222931e-16,1.7955502117999665e-17,9.589859854565722e-18
F75L,39241.89758484594,7.184089910812995e-16,1.6567788e-16,1.3877141184571247e-18,0.0,2.7545361972724704e-17,1.9461095609118184e-16,5.237980349901177e-16,1.7955502118457124e-17,9.589859854267577e-18
F75L,39810.71705535032,7.125370263926399e-16,1.6567788e-16,1.3877141189145875e-18,0.0,2.7545361972884026e-17,1.946109560917986e-16,5.179260703008413e-16,1.7955502118914586e-17,9.589859853969434e-18
F75L,40387.781682433204,7.067489723036664e-16,1.6567788e-16,1.3877141193953385e-18,0.0,2.7545361973035774e-17,1.9461095609243112e-16,5.121380162112353e-16,1.7955502119395342e-17,9.589859853640434e-18
F75L,40973.210981354765,7.010436068941336e-16,1.6567788e-16,1.3877141198760901e-18,0.0,2.7545361973187525e-17,1.9461095609306361e-16,5.0643265080107005e-16,1.7955502119876094e-17,9.589859853311433e-18
F75L,41567.12619977373,6.95419772177764e-16,1.6567788e-16,1.387714120388337e-18,0.0,2.754536197336168e-17,1.9461095609375002e-16,5.00808816084014e-16,1.795550212038834e-17,9.58985985297334e-18
F75L,42169.65034285886,6.898762792682922e-16,1.6567788e-16,1.387714120900585e-18,0.0,2.7545361973535832e-17,1.946109560944364e-16,4.952653231738558e-16,1.7955502120900587e-17,9.589859852635244e-18
F75L,42780.90819876445,6.844120047019887e-16,1.6567788e-16,1.3877141214385605e-18,0.0,2.75453619736997e-17,1.9461095609513827e-16,4.898010486068504e-16,1.7955502121438562e-17,9.58985985226114e-18
F75L,43401.026364475045,6.790257916160224e-16,1.6567788e-16,1.3877141219765369e-18,0.0,2.7545361973863573e-17,1.946109560958401e-16,4.844148355201822e-16,1.7955502121976538e-17,9.589859851887035e-18
F75L,44030.13327202482,6.737165501735258e-16,1.6567788e-16,1.3877141225476706e-18,0.0,2.754536197404286e-17,1.9461095609659054e-16,4.791055940769352e-16,1.7955502122547673e-17,9.58985985149519e-18
F75L,44668.359215097,6.684831545429863e-16,1.6567788e-16,1.3877141231188055e-18,0.0,2.7545361974222153e-17,1.9461095609734097e-16,4.738721984456454e-16,1.7955502123118805e-17,9.589859851103347e-18
F75L,45315.836376008876,6.633245476385935e-16,1.6567788e-16,1.3877141237275872e-18,0.0,2.754536197442902e-17,1.946109560981566e-16,4.687135915404369e-16,1.7955502123727587e-17,9.589859850701433e-18
F75L,45972.698853087924,6.58239633700115e-16,1.6567788e-16,1.3877141243363692e-18,0.0,2.754536197463588e-17,1.9461095609897226e-16,4.636286776011428e-16,1.7955502124336366e-17,9.589859850299517e-18
F75L,46639.08268844478,6.532273875426911e-16,1.6567788e-16,1.3877141249774984e-18,0.0,2.7545361974838405e-17,1.946109560998159e-16,4.586164314428752e-16,1.7955502124977494e-17,9.589859849860917e-18
F75L,47315.12589614878,6.482867425430705e-16,1.6567788e-16,1.3877141256186283e-18,0.0,2.7545361975040935e-17,1.9461095610065958e-16,4.536757864424109e-16,1.7955502125618622e-17,9.589859849422318e-18
F75L,48000.9684908119,6.434167046034502e-16,1.6567788e-16,1.3877141262999567e-18,0.0,2.7545361975265323e-17,1.946109561015653e-16,4.488057485018849e-16,1.7955502126299955e-17,9.589859848965369e-18
F75L,48696.75251658707,6.386162353169536e-16,1.6567788e-16,1.3877141269812864e-18,0.0,2.7545361975489717e-17,1.94610956102471e-16,4.4400527921448254e-16,1.7955502126981287e-17,9.58985984850842e-18
F75L,49402.62207658675,6.338843708794054e-16,1.6567788e-16,1.3877141276990465e-18,0.0,2.7545361975709834e-17,1.9461095610340886e-16,4.3927341477599655e-16,1.795550212769905e-17,9.589859848010779e-18
F75L,50118.72336272801,6.292201002081733e-16,1.6567788e-16,1.387714128416808e-18,0.0,2.754536197592994e-17,1.9461095610434674e-16,4.3460914410382653e-16,1.7955502128416807e-17,9.589859847513139e-18
F75L,50845.20468601018,6.246224890361163e-16,1.6567788e-16,1.3877141291793539e-18,0.0,2.754536197617316e-17,1.9461095610535251e-16,4.300115329307638e-16,1.7955502129179352e-17,9.589859846993806e-18
F75L,51582.21650723137,6.200905527224268e-16,1.6567788e-16,1.3877141299419012e-18,0.0,2.754536197641638e-17,1.9461095610635826e-16,4.2547959661606857e-16,1.7955502129941904e-17,9.589859846474476e-18
F75L,52329.91146815029,6.15623385801488e-16,1.6567788e-16,1.3877141307533174e-18,0.0,2.7545361976690434e-17,1.9461095610744373e-16,4.210124296940443e-16,1.7955502130753318e-17,9.58985984593711e-18
F75L,53088.444423099674,6.112200292246109e-16,1.6567788e-16,1.387714131564735e-18,0.0,2.7545361976964486e-17,1.946109561085292e-16,4.166090731160817e-16,1.7955502131564735e-17,9.589859845399744e-18
F75L,53857.97247105804,6.068796056112623e-16,1.6567788e-16,1.3877141324213052e-18,0.0,2.754536197724174e-17,1.9461095610966305e-16,4.122686495015992e-16,1.7955502132421306e-17,9.589859844820428e-18
F75L,54638.654988186296,6.026011806706788e-16,1.6567788e-16,1.3877141332778774e-18,0.0,2.7545361977518985e-17,1.9461095611079686e-16,4.07990224559882e-16,1.795550213327788e-17,9.589859844241115e-18
F75L,55430.653660835946,5.983839044282227e-16,1.6567788e-16,1.3877141341855102e-18,0.0,2.7545361977814047e-17,1.9461095611199955e-16,4.0377294831622315e-16,1.7955502134185513e-17,9.589859843628538e-18
F75L,56234.13251903581,5.942268665297127e-16,1.6567788e-16,1.3877141350931455e-18,0.0,2.7545361978109102e-17,1.9461095611320225e-16,3.9961591041651044e-16,1.7955502135093147e-17,9.589859843015961e-18
F75L,57049.25797046412,5.90129243746724e-16,1.6567788e-16,1.3877141360523915e-18,0.0,2.754536197841199e-17,1.9461095611446437e-16,3.955182876322596e-16,1.7955502136052395e-17,9.589859842359598e-18
F75L,57876.198834913,5.860901488593907e-16,1.6567788e-16,1.38771413701164e-18,0.0,2.7545361978714873e-17,1.946109561157265e-16,3.9147919274366424e-16,1.7955502137011638e-17,9.58985984170323e-18
F75L,58715.12637925261,5.82108784756043e-16,1.6567788e-16,1.387714138029017e-18,0.0,2.7545361979041462e-17,1.9461095611707048e-16,3.8749782863897254e-16,1.7955502138029022e-17,9.589859841012443e-18
F75L,59566.21435290201,5.781842865640882e-16,1.6567788e-16,1.3877141390463964e-18,0.0,2.754536197936804e-17,1.9461095611841445e-16,3.8357333044567375e-16,1.7955502139046403e-17,9.58985984032165e-18
F75L,60429.63902381426,5.743158826773352e-16,1.6567788e-16,1.3877141401243712e-18,0.0,2.7545361979715386e-17,1.9461095611983977e-16,3.7970492655749545e-16,1.7955502140124372e-17,9.589859839591016e-18
F75L,61305.57921498307,5.705027298045977e-16,1.6567788e-16,1.387714141202349e-18,0.0,2.7545361980062735e-17,1.946109561212651e-16,3.758917736833326e-16,1.7955502141202348e-17,9.58985983886038e-18
F75L,62194.216341478634,5.667440812581792e-16,1.6567788e-16,1.387714142345864e-18,0.0,2.7545361980438075e-17,1.9461095612278395e-16,3.7213312513539523e-16,1.7955502142345866e-17,9.589859838092208e-18
F75L,63095.73444802036,5.63039114575384e-16,1.6567788e-16,1.3877141434893822e-18,0.0,2.7545361980813425e-17,1.9461095612430283e-16,3.6842815845108117e-16,1.7955502143489385e-17,9.589859837324033e-18
F75L,64010.32024709414,5.593871074235903e-16,1.6567788e-16,1.38771414469817e-18,0.0,2.754536198119994e-17,1.9461095612589812e-16,3.6477615129769215e-16,1.795550214469817e-17,9.589859836501759e-18
F75L,64938.163157622206,5.557872574279337e-16,1.6567788e-16,1.3877141459069612e-18,0.0,2.754536198158646e-17,1.9461095612749342e-16,3.611763013004403e-16,1.7955502145906963e-17,9.589859835679484e-18
F75L,65879.45534419348,5.522388660774073e-16,1.6567788e-16,1.3877141471890175e-18,0.0,2.7545361982003188e-17,1.946109561291922e-16,3.5762790994821507e-16,1.7955502147189016e-17,9.589859834814164e-18
F75L,66834.39175686258,5.487411503551951e-16,1.6567788e-16,1.3877141484710779e-18,0.0,2.7545361982419922e-17,1.94610956130891e-16,3.5413019422430406e-16,1.7955502148471078e-17,9.58985983394884e-18
F75L,67803.17017152572,5.452934350552317e-16,1.6567788e-16,1.3877141498270471e-18,0.0,2.7545361982852196e-17,1.9461095613267925e-16,3.5068247892255243e-16,1.7955502149827044e-17,9.589859833025157e-18
F75L,68785.99123088192,5.418949558056689e-16,1.6567788e-16,1.3877141511830208e-18,0.0,2.754536198328448e-17,1.9461095613446752e-16,3.4728399967120136e-16,1.7955502151183025e-17,9.589859832101468e-18
F75L,69783.05848598781,5.385450602172738e-16,1.6567788e-16,1.3877141526236168e-18,0.0,2.7545361983761448e-17,1.9461095613638507e-16,3.439341040808888e-16,1.7955502152623617e-17,9.589859831137844e-18
F75L,70794.57843841499,5.35243001856334e-16,1.6567788e-16,1.3877141540642174e-18,0.0,2.754536198423842e-17,1.9461095613830264e-16,3.4063204571803135e-16,1.795550215406422e-17,9.589859830174212e-18
F75L,71820.76058301827,5.319881506775459e-16,1.6567788e-16,1.3877141555827342e-18,0.0,2.7545361984710512e-17,1.9461095614029323e-16,3.373771945372526e-16,1.7955502155582733e-17,9.589859829127779e-18
F75L,72861.81745132401,5.287797774991843e-16,1.6567788e-16,1.3877141571012568e-18,0.0,2.7545361985182614e-17,1.9461095614228387e-16,3.341688213569005e-16,1.7955502157101257e-17,9.589859828081344e-18
F75L,73917.96465554723,5.256172741799283e-16,1.6567788e-16,1.3877141587166261e-18,0.0,2.7545361985713287e-17,1.9461095614442992e-16,3.310063180354983e-16,1.7955502158716625e-17,9.589859826996662e-18
F75L,74989.42093324687,5.224999280976779e-16,1.6567788e-16,1.3877141603320016e-18,0.0,2.7545361986243974e-17,1.9461095614657597e-16,3.27888971951102e-16,1.7955502160332003e-17,9.589859825911975e-18
F75L,76076.40819262833,5.194271525893146e-16,1.6567788e-16,1.3877141620407044e-18,0.0,2.754536198679549e-17,1.946109561488362e-16,3.2481619644047837e-16,1.7955502162040703e-17,9.589859824754787e-18
F75L,77179.15155850258,5.1639825092608315e-16,1.6567788e-16,1.3877141637494143e-18,0.0,2.7545361987347015e-17,1.9461095615109641e-16,3.2178729477498674e-16,1.7955502163749413e-17,9.589859823597597e-18
F75L,78297.8794189116,5.134126575228605e-16,1.6567788e-16,1.3877141655593221e-18,0.0,2.754536198793103e-17,1.9461095615349036e-16,3.1880170136937015e-16,1.7955502165559325e-17,9.5898598223717e-18
F75L,79432.82347242955,5.104696908763593e-16,1.6567788e-16,1.3877141673692377e-18,0.0,2.7545361988515037e-17,1.9461095615588428e-16,3.1585873472047503e-16,1.795550216736924e-17,9.589859821145793e-18
F75L,80584.2187761496,5.075688061014152e-16,1.6567788e-16,1.3877141692847609e-18,0.0,2.754536198912639e-17,1.9461095615841113e-16,3.1295784994300406e-16,1.795550216928476e-17,9.589859819841625e-18
F75L,81752.30379436645,5.047093362622845e-16,1.6567788e-16,1.3877141712002927e-18,0.0,2.7545361989737747e-17,1.9461095616093804e-16,3.100983801013465e-16,1.795550217120029e-17,9.589859818537457e-18
F75L,82937.32044796432,5.018907568207975e-16,1.6567788e-16,1.3877141732313538e-18,0.0,2.7545361990394393e-17,1.9461095616362574e-16,3.0727980065717174e-16,1.7955502173231348e-17,9.589859817163054e-18
F75L,84139.51416452101,4.991124147547743e-16,1.6567788e-16,1.3877141752624247e-18,0.0,2.7545361991051055e-17,1.9461095616631347e-16,3.0450145858846086e-16,1.7955502175262422e-17,9.589859815788645e-18
F75L,85359.13392913812,4.963738055389557e-16,1.6567788e-16,1.3877141774094972e-18,0.0,2.754536199172731e-17,1.946109561691368e-16,3.0176284936981894e-16,1.7955502177409498e-17,9.589859814317818e-18
F75L,86596.43233600809,4.936742894211965e-16,1.6567788e-16,1.3877141795565802e-18,0.0,2.7545361992403567e-17,1.9461095617196016e-16,2.9906333324923634e-16,1.795550217955658e-17,9.589859812846985e-18
F75L,87851.66564072875,4.910133815823132e-16,1.6567788e-16,1.3877141818376449e-18,0.0,2.7545361993150057e-17,1.946109561749877e-16,2.964024254073255e-16,1.7955502181837645e-17,9.589859811312403e-18
F75L,89125.09381337615,4.883904548958464e-16,1.6567788e-16,1.3877141841187215e-18,0.0,2.7545361993896545e-17,1.9461095617801526e-16,2.937794987178312e-16,1.7955502184118723e-17,9.589859809777811e-18
F75L,90416.98059234666,4.858050439560346e-16,1.6567788e-16,1.3877141865304041e-18,0.0,2.7545361994667006e-17,1.9461095618119742e-16,2.9119408777483718e-16,1.7955502186530406e-17,9.589859808136597e-18
F75L,91727.5935389796,4.832565336301102e-16,1.6567788e-16,1.3877141889421004e-18,0.0,2.754536199543746e-17,1.9461095618437956e-16,2.886455774457307e-16,1.79555021889421e-17,9.589859806495373e-18
F75L,93057.20409297157,4.807444776655152e-16,1.6567788e-16,1.3877141914996458e-18,0.0,2.754536199626679e-17,1.9461095618776644e-16,2.861335214777488e-16,1.7955502191499644e-17,9.589859804767153e-18
F75L,94406.08762859405,4.782682722833304e-16,1.6567788e-16,1.3877141940572072e-18,0.0,2.754536199709613e-17,1.9461095619115334e-16,2.8365731609217703e-16,1.7955502194057205e-17,9.589859803038922e-18
F75L,95774.52351172586,4.758274901421564e-16,1.6567788e-16,1.3877141967666353e-18,0.0,2.75453619979761e-17,1.9461095619474273e-16,2.812165339474137e-16,1.7955502196766634e-17,9.589859801209466e-18
F75L,97162.79515771239,4.734215381868095e-16,1.6567788e-16,1.3877141994760815e-18,0.0,2.754536199885608e-17,1.9461095619833217e-16,2.788105819884774e-16,1.7955502199476082e-17,9.589859799379999e-18
F75L,98571.19009006342,4.710500077678857e-16,1.6567788e-16,1.3877142023415238e-18,0.0,2.7545361999768024e-17,1.9461095620210953e-16,2.764390515657761e-16,1.7955502202341524e-17,9.589859797426493e-18
F75L,100000.00000000183,4.687123159234518e-16,1.6567788e-16,1.3877142052069859e-18,0.0,2.754536200067997e-17,1.9461095620588694e-16,2.7410135971756483e-16,1.7955502205206987e-17,9.589859795472974e-18
F75L,101449.52080687547,4.664080725041195e-16,1.6567788e-16,1.3877142082473972e-18,0.0,2.7545362001669025e-17,1.9461095620991642e-16,2.7179711629420306e-16,1.7955502208247402e-17,9.58985979342162e-18
F75L,102920.0527194447,4.641367040075772e-16,1.6567788e-16,1.3877142112878302e-18,0.0,2.7545362002658084e-17,1.946109562139459e-16,2.695257477936313e-16,1.7955502211287835e-17,9.58985979137025e-18
F75L,104411.90029805835,4.618978386105942e-16,1.6567788e-16,1.3877142145081028e-18,0.0,2.754536200370443e-17,1.9461095621821253e-16,2.6728688239238174e-16,1.7955502214508107e-17,9.589859789196328e-18
F75L,105925.37251773084,4.596909116408887e-16,1.6567788e-16,1.3877142177284006e-18,0.0,2.754536200475078e-17,1.9461095622247918e-16,2.6507995541840953e-16,1.7955502217728403e-17,9.589859787022393e-18
F75L,107460.78283213373,4.575155694560894e-16,1.6567788e-16,1.3877142211358352e-18,0.0,2.7545362005842878e-17,1.9461095622697872e-16,2.6290461322911066e-16,1.7955502221135833e-17,9.58985978470705e-18
F75L,109018.44923851478,4.553712555789544e-16,1.6567788e-16,1.3877142245432979e-18,0.0,2.754536200693499e-17,1.9461095623147828e-16,2.607602993474761e-16,1.7955502224543296e-17,9.589859782391688e-18
F75L,110598.694343558,4.532576344276756e-16,1.6567788e-16,1.38771422815483e-18,0.0,2.754536200810157e-17,1.946109562362564e-16,2.586466781914192e-16,1.7955502228154827e-17,9.589859779946737e-18
F75L,112201.84543019843,4.511741570819594e-16,1.6567788e-16,1.3877142317663936e-18,0.0,2.7545362009268162e-17,1.9461095624103457e-16,2.5656320084092483e-16,1.7955502231766396e-17,9.589859777501764e-18
F75L,113828.23452540534,4.49120505921495e-16,1.6567788e-16,1.3877142355886985e-18,0.0,2.75453620104895e-17,1.946109562460782e-16,2.545095496754168e-16,1.7955502235588695e-17,9.589859774900807e-18
F75L,115478.19846894799,4.470961389423564e-16,1.6567788e-16,1.3877142394110385e-18,0.0,2.7545362011710857e-17,1.9461095625112188e-16,2.5248518269123454e-16,1.7955502239411034e-17,9.589859772299821e-18
F75L,117152.0789831582,4.4510075641811655e-16,1.6567788e-16,1.3877142434626925e-18,0.0,2.7545362013017328e-17,1.9461095625648002e-16,2.504898001616365e-16,1.7955502243462692e-17,9.589859769554644e-18
F75L,118850.22274370409,4.431338226124862e-16,1.6567788e-16,1.3877142475143853e-18,0.0,2.7545362014323805e-17,1.9461095626183819e-16,2.48522866350648e-16,1.7955502247514386e-17,9.589859766809437e-18
F75L,120572.98145138971,4.411950556481385e-16,1.6567788e-16,1.3877142518166131e-18,0.0,2.754536201575447e-17,1.9461095626757108e-16,2.465840993805674e-16,1.7955502251816615e-17,9.589859763937876e-18
F75L,122320.71190499548,4.392839254018956e-16,1.6567788e-16,1.387714256118885e-18,0.0,2.754536201718516e-17,1.9461095627330403e-16,2.4467296912859155e-16,1.7955502256118883e-17,9.589859761066285e-18
F75L,124093.77607517432,4.3740016782176866e-16,1.6567788e-16,1.3877142606629305e-18,0.0,2.7545362018642224e-17,1.9461095627930514e-16,2.427892115424635e-16,1.7955502260662935e-17,9.589859757979297e-18
F75L,125892.54117941913,4.355432577456344e-16,1.6567788e-16,1.387714265207025e-18,0.0,2.7545362020099308e-17,1.9461095628530633e-16,2.409323014603281e-16,1.795550226520703e-17,9.589859754892274e-18
F75L,127717.37975811675,4.3371294896053264e-16,1.6567788e-16,1.3877142700241844e-18,0.0,2.7545362021659906e-17,1.946109562916841e-16,2.3910199266884854e-16,1.7955502270024187e-17,9.589859751635722e-18
F75L,129568.66975170444,4.319087205879447e-16,1.6567788e-16,1.387714274841399e-18,0.0,2.7545362023220532e-17,1.9461095629806191e-16,2.3729776428988283e-16,1.79555022748414e-17,9.589859748379132e-18
F75L,131446.79457894477,4.3013034428871004e-16,1.6567788e-16,1.387714279940475e-18,0.0,2.754536202485794e-17,1.9461095630479842e-16,2.3551938798391163e-16,1.7955502279940477e-17,9.589859744917467e-18
F75L,133352.14321633498,4.283773027912761e-16,1.6567788e-16,1.3877142850396138e-18,0.0,2.7545362026495368e-17,1.9461095631153497e-16,2.3376634647974116e-16,1.7955502285039612e-17,9.589859741455759e-18
F75L,135285.11027866765,4.266493856997099e-16,1.6567788e-16,1.3877142904420736e-18,0.0,2.7545362028235358e-17,1.9461095631867744e-16,2.3203842938103248e-16,1.795550229044207e-17,9.589859737793289e-18
F75L,137246.09610075885,4.249460786547185e-16,1.6567788e-16,1.3877142958446033e-18,0.0,2.7545362029975366e-17,1.9461095632581998e-16,2.3033512232889854e-16,1.7955502295844603e-17,9.589859734130771e-18
F75L,139235.5068203611,4.2326718929972925e-16,1.6567788e-16,1.3877143015682912e-18,0.0,2.754536203182343e-17,1.9461095633339172e-16,2.2865623296633753e-16,1.795550230156829e-17,9.589859730255136e-18
F75L,141253.75446227816,4.2161220548405877e-16,1.6567788e-16,1.387714307292057e-18,0.0,2.7545362033671506e-17,1.9461095634096355e-16,2.270012491430952e-16,1.795550230729206e-17,9.589859726379445e-18
F75L,143301.25702369906,4.199809530169721e-16,1.6567788e-16,1.3877143133531671e-18,0.0,2.754536203562137e-17,1.9461095634897453e-16,2.253699966679976e-16,1.795550231335317e-17,9.589859722268207e-18
F75L,145378.43856076902,4.1837292123749246e-16,1.6567788e-16,1.387714319414365e-18,0.0,2.7545362037571265e-17,1.9461095635698563e-16,2.2376196488050685e-16,1.7955502319414365e-17,9.589859718156908e-18
F75L,147485.72927641534,4.1678795428134297e-16,1.6567788e-16,1.387714325833718e-18,0.0,2.7545362039632678e-17,1.946109563654664e-16,2.2217699791587656e-16,1.7955502325833717e-17,9.589859713798961e-18
F75L,149623.56560944626,4.1522554223962537e-16,1.6567788e-16,1.3877143322531695e-18,0.0,2.754536204169412e-17,1.946109563739473e-16,2.2061458586567807e-16,1.7955502332253165e-17,9.589859709440949e-18
F75L,151792.39032494137,4.1368554776906363e-16,1.6567788e-16,1.3877143390586382e-18,0.0,2.7545362043903285e-17,1.946109563829619e-16,2.1907459138610172e-16,1.7955502339058634e-17,9.589859704844641e-18
F75L,153992.6526059522,4.1216746095855067e-16,1.6567788e-16,1.3877143458642175e-18,0.0,2.7545362046112477e-17,1.946109563919767e-16,2.1755650456657398e-16,1.795550234586421e-17,9.589859700248257e-18
F75L,156224.80814653207,4.106711632090367e-16,1.6567788e-16,1.387714353067628e-18,0.0,2.7545362048428906e-17,1.9461095640149652e-16,2.160602068075402e-16,1.7955502353067627e-17,9.589859695361277e-18
F75L,158489.31924611444,4.091961438381283e-16,1.6567788e-16,1.387714360271163e-18,0.0,2.754536205074537e-17,1.9461095641101652e-16,2.145851874271118e-16,1.7955502360271166e-17,9.589859690474213e-18
F75L,160786.6549052592,4.077423032556981e-16,1.6567788e-16,1.3877143679046663e-18,0.0,2.754536205321362e-17,1.9461095642111827e-16,2.1313134683457983e-16,1.795550236790467e-17,9.589859685308957e-18
F75L,163117.290922787,4.063091292107433e-16,1.6567788e-16,1.3877143755383088e-18,0.0,2.7545362055681912e-17,1.946109564312202e-16,2.1169817277952308e-16,1.7955502375538314e-17,9.589859680143607e-18
F75L,165481.70999432137,4.048965414200134e-16,1.6567788e-16,1.3877143836199644e-18,0.0,2.7545362058277883e-17,1.9461095644189783e-16,2.1028558497811556e-16,1.7955502383619966e-17,9.589859674657927e-18
F75L,167880.4018122593,4.035040252469831e-16,1.6567788e-16,1.387714391701776e-18,0.0,2.7545362060873905e-17,1.9461095645257568e-16,2.0889306879440741e-16,1.7955502391701775e-17,9.58985966917214e-18
F75L,170313.86316719104,4.021315200570506e-16,1.6567788e-16,1.3877144002664947e-18,0.0,2.7545362063642418e-17,1.9461095646390892e-16,2.0752056359314165e-16,1.7955502400266494e-17,9.589859663375929e-18
F75L,172782.59805078973,4.0077850798353727e-16,1.6567788e-16,1.3877144088313887e-18,0.0,2.754536206641099e-17,1.9461095647524237e-16,2.061675515082949e-16,1.795550240883139e-17,9.589859657579598e-18
F75L,175287.11776019275,3.994449484155451e-16,1.6567788e-16,1.3877144179018895e-18,0.0,2.7545362069335957e-17,1.9461095648723783e-16,2.0483399192830726e-16,1.795550241790189e-17,9.589859651434057e-18
F75L,177827.9410038958,3.981303193890624e-16,1.6567788e-16,1.387714426972587e-18,0.0,2.754536207226098e-17,1.9461095649923357e-16,2.0351936288982882e-16,1.795550242697259e-17,9.589859645288382e-18
F75L,180405.5940091822,3.9683460073765643e-16,1.6567788e-16,1.387714436580683e-18,0.0,2.7545362075359868e-17,1.9461095651194055e-16,2.0222364422571588e-16,1.7955502436580685e-17,9.589859638779181e-18
F75L,183020.61063110924,3.9555726549973097e-16,1.6567788e-16,1.3877144461889995e-18,0.0,2.7545362078458828e-17,1.9461095652464784e-16,2.0094630897508313e-16,1.7955502446189002e-17,9.589859632269831e-18
F75L,185673.5324630743,3.9429831441704577e-16,1.6567788e-16,1.3877144563659927e-18,0.0,2.7545362081739516e-17,1.946109565381055e-16,1.9968735787894026e-16,1.7955502456365995e-17,9.589859625373521e-18
F75L,188364.90894898382,3.9305721459879213e-16,1.6567788e-16,1.387714466543233e-18,0.0,2.7545362085020284e-17,1.9461095655156352e-16,1.984462580472286e-16,1.7955502466543234e-17,9.589859618477043e-18
F75L,191095.2974970479,3.91833988205753e-16,1.6567788e-16,1.387714477326005e-18,0.0,2.7545362088507656e-17,1.9461095656583367e-16,1.9722303163991933e-16,1.7955502477326008e-17,9.589859611181648e-18
F75L,193865.26359522465,3.906280954522183e-16,1.6567788e-16,1.3877144881090547e-18,0.0,2.754536209199512e-17,1.9461095658010417e-16,1.9601713887211414e-16,1.7955502488109055e-17,9.589859603886067e-18
F75L,196675.3809283378,3.894395804740865e-16,1.6567788e-16,1.3877144995290891e-18,0.0,2.7545362095681788e-17,1.9461095659521088e-16,1.9482862387887564e-16,1.7955502499529086e-17,9.589859596152703e-18
F75L,199526.231496892,3.8826789558954877e-16,1.6567788e-16,1.387714510949435e-18,0.0,2.7545362099368566e-17,1.9461095661031798e-16,1.9365693897923079e-16,1.7955502510949435e-17,9.58985958841913e-18
F75L,202418.40573761027,3.8711310751762416e-16,1.6567788e-16,1.3877145230436208e-18,0.0,2.7545362103262464e-17,1.946109566263061e-16,1.9250215089131807e-16,1.795550252304362e-17,9.589859580218841e-18
F75L,205352.50264571878,3.8597465963969457e-16,1.6567788e-16,1.3877145351381564e-18,0.0,2.7545362107156466e-17,1.946109566422946e-16,1.9136370299739997e-16,1.7955502535138157e-17,9.589859572018316e-18
F75L,208329.12989900415,3.8485264191725455e-16,1.6567788e-16,1.387714547950748e-18,0.0,2.754536211128908e-17,1.9461095665923983e-16,1.902416852580147e-16,1.7955502547950746e-17,9.589859563338328e-18
F75L,211348.90398366898,3.8374648771164153e-16,1.6567788e-16,1.3877145607637313e-18,0.0,2.7545362115421812e-17,1.9461095667618555e-16,1.8913553103545598e-16,1.795550256076373e-17,9.589859554658071e-18
F75L,214412.4503220116,3.826563109400956e-16,1.6567788e-16,1.387714574336961e-18,0.0,2.7545362119805765e-17,1.9461095669414274e-16,1.8804535424595287e-16,1.795550257433696e-17,9.589859545468801e-18
F75L,217520.40340195672,3.8158153381716485e-16,1.6567788e-16,1.3877145879106304e-18,0.0,2.7545362124189862e-17,1.946109567121005e-16,1.8697057710506436e-16,1.795550258791063e-17,9.589859536279231e-18
F75L,220673.4069084635,3.805222949869672e-16,1.6567788e-16,1.3877146022844929e-18,0.0,2.7545362128817462e-17,1.9461095673110196e-16,1.8591133825586522e-16,1.7955502602284493e-17,9.589859526532969e-18
F75L,223872.11385683858,3.7947800434228828e-16,1.6567788e-16,1.387714616658848e-18,0.0,2.7545362133445213e-17,1.9461095675010404e-16,1.8486704759218424e-16,1.795550261665885e-17,9.589859516786372e-18
F75L,227117.18672798126,3.7844882608687627e-16,1.6567788e-16,1.387714631885115e-18,0.0,2.75453621383502e-17,1.946109567702353e-16,1.8383786931664097e-16,1.7955502631885118e-17,9.589859506465092e-18
F75L,230409.29760558935,3.7743415656455034e-16,1.6567788e-16,1.3877146471119352e-18,0.0,2.7545362143255358e-17,1.9461095679036728e-16,1.8282319977418306e-16,1.7955502647111936e-17,9.589859496143434e-18
F75L,233749.12831535374,3.764341864336135e-16,1.6567788e-16,1.3877146632475026e-18,0.0,2.754536214848264e-17,1.9461095681173015e-16,1.8182322962188336e-16,1.7955502663247504e-17,9.589859485235139e-18
F75L,237137.3705661705,3.7544829720733495e-16,1.6567788e-16,1.3877146793836913e-18,0.0,2.7545362153710116e-17,1.946109568330938e-16,1.8083734037424114e-16,1.7955502679383697e-17,9.589859474326425e-18
F75L,240574.72609340012,3.7447670695738313e-16,1.6567788e-16,1.3877146964660247e-18,0.0,2.7545362159205654e-17,1.9461095685567167e-16,1.7986575010171146e-16,1.7955502696466026e-17,9.589859462739629e-18
F75L,244061.90680420317,3.735187810306254e-16,1.6567788e-16,1.3877147135490551e-18,0.0,2.7545362164701416e-17,1.9461095687825047e-16,1.7890782415237493e-16,1.795550271354905e-17,9.589859451152359e-18
F75L,247599.6349249826,3.725747659466329e-16,1.6567788e-16,1.3877147316452793e-18,0.0,2.7545362170530236e-17,1.9461095690217551e-16,1.7796380904445736e-16,1.7955502731645275e-17,9.58985943888496e-18
F75L,251188.64315096333,3.716440094811432e-16,1.6567788e-16,1.3877147497422854e-18,0.0,2.7545362176359308e-17,1.946109569261016e-16,1.770330525550416e-16,1.7955502749742287e-17,9.589859426617031e-18
F75L,254829.67479794007,3.7072678770546686e-16,1.6567788e-16,1.3877147689196074e-18,0.0,2.7545362182572956e-17,1.9461095695149258e-16,1.7611583075397427e-16,1.795550276891961e-17,9.589859413653355e-18
F75L,258523.48395622458,3.6982242935967107e-16,1.6567788e-16,1.3877147880978073e-18,0.0,2.7545362188786893e-17,1.946109569768847e-16,1.7521147238278636e-16,1.7955502788097814e-17,9.589859400689086e-18
F75L,262270.8356468246,3.689312412441838e-16,1.6567788e-16,1.387714808401353e-18,0.0,2.7545362195323814e-17,1.9461095700372516e-16,1.7432028424045865e-16,1.7955502808401355e-17,9.58985938692246e-18
F75L,266072.5059798866,3.6805253152878144e-16,1.6567788e-16,1.3877148287058825e-18,0.0,2.754536220186105e-17,1.9461095703056694e-16,1.734415744982145e-16,1.7955502828705883e-17,9.589859373155168e-18
F75L,269929.2823154351,3.671866390118334e-16,1.6567788e-16,1.3877148502158755e-18,0.0,2.7545362208800528e-17,1.946109570590164e-16,1.72575681952817e-16,1.7955502850215874e-17,9.589859358584652e-18
F75L,273841.963426442,3.6633284967747216e-16,1.6567788e-16,1.387714871726973e-18,0.0,2.754536221574036e-17,1.9461095708746733e-16,1.7172189259000483e-16,1.7955502871726973e-17,9.589859344013385e-18
F75L,277811.35966425954,3.654915356673099e-16,1.6567788e-16,1.3877148945095074e-18,0.0,2.754536222308222e-17,1.9461095711759173e-16,1.7088057854971815e-16,1.7955502894509507e-17,9.589859328572724e-18
F75L,281838.2931264515,3.6466195909311553e-16,1.6567788e-16,1.3877149172932808e-18,0.0,2.7545362230424488e-17,1.9461095714771777e-16,1.7005100194539776e-16,1.7955502917293283e-17,9.589859313131221e-18
F75L,285923.5978270569,3.638445268794032e-16,1.6567788e-16,1.3877149414325955e-18,0.0,2.7545362238231992e-17,1.9461095717966459e-16,1.6923356969973862e-16,1.7955502941432597e-17,9.589859296799406e-18
F75L,290068.1198693217,3.630384754902122e-16,1.6567788e-16,1.387714965573301e-18,0.0,2.7545362246039955e-17,1.9461095721161326e-16,1.6842751827859892e-16,1.7955502965573303e-17,9.589859280466648e-18
F75L,294272.71762093465,3.6224424816338786e-16,1.6567788e-16,1.3877149911385243e-18,0.0,2.7545362254290485e-17,1.94610957245429e-16,1.6763329091795885e-16,1.7955502991138525e-17,9.58985926315196e-18
F75L,298538.26189180254,3.614610538538838e-16,1.6567788e-16,1.3877150167053077e-18,0.0,2.754536226254152e-17,1.9461095727924684e-16,1.6685009657463694e-16,1.7955503016705304e-17,9.589859245836218e-18
F75L,302865.6361144031,3.6068937374853682e-16,1.6567788e-16,1.3877150437814624e-18,0.0,2.754536227126375e-17,1.946109573150452e-16,1.6607841643349163e-16,1.7955503043781463e-17,9.58985922748229e-18
F75L,307255.7365267515,3.5992838733452494e-16,1.6567788e-16,1.3877150708593664e-18,0.0,2.7545362279986535e-17,1.946109573508459e-16,1.6531742998367905e-16,1.7955503070859366e-17,9.589859209127174e-18
F75L,311709.4723580195,3.591786154856583e-16,1.6567788e-16,1.387715099543505e-18,0.0,2.7545362289241935e-17,1.9461095738878542e-16,1.6456765809687285e-16,1.79555030995435e-17,9.589859189698442e-18
F75L,316227.76601684495,3.5843920616332135e-16,1.6567788e-16,1.3877151282296072e-18,0.0,2.7545362298497976e-17,1.946109574267276e-16,1.6382824873659376e-16,1.7955503128229602e-17,9.58985917026838e-18
F75L,320811.55328237073,3.5771072177575264e-16,1.6567788e-16,1.3877151586113562e-18,0.0,2.7545362308293006e-17,1.9461095746690437e-16,1.6309976430884826e-16,1.7955503158611356e-17,9.589859149681659e-18
F75L,325461.78349805315,3.5699227659568683e-16,1.6567788e-16,1.387715188995308e-18,0.0,2.7545362318088748e-17,1.9461095750708404e-16,1.623813190886028e-16,1.7955503188995308e-17,9.589859129093445e-18
F75L,330179.4197682794,3.5628447653323866e-16,1.6567788e-16,1.3877152211833845e-18,0.0,2.754536232849162e-17,1.94610957549675e-16,1.6167351898356365e-16,1.7955503221183384e-17,9.589859107308234e-18
F75L,334965.4391578352,3.5558639989566628e-16,1.6567788e-16,1.3877152533739327e-18,0.0,2.7545362338895284e-17,1.946109575922692e-16,1.6097544230339706e-16,1.7955503253373935e-17,9.589859085521348e-18
F75L,339820.8328942636,3.5489869817984427e-16,1.6567788e-16,1.3877152874596244e-18,0.0,2.7545362349871883e-17,1.946109576373315e-16,1.6028774054251276e-16,1.7955503287459626e-17,9.589859062412262e-18
F75L,344746.6065731572,3.542204113336228e-16,1.6567788e-16,1.387715321548088e-18,0.0,2.7545362360849376e-17,1.9461095768239746e-16,1.5960945365122534e-16,1.7955503321548086e-17,9.589859039301298e-18
F75L,349743.7803664258,3.535522386644825e-16,1.6567788e-16,1.3877153576599856e-18,0.0,2.754536237250571e-17,1.946109577301657e-16,1.589412809343168e-16,1.7955503357659985e-17,9.589859014845734e-18
F75L,354813.3892335835,3.5289317923480805e-16,1.6567788e-16,1.3877153937749939e-18,0.0,2.7545362384163056e-17,1.9461095777793803e-16,1.5828222145687002e-16,1.7955503393774995e-17,9.589858990388067e-18
F75L,359956.4831360978,3.52243982514955e-16,1.6567788e-16,1.3877154320257974e-18,0.0,2.7545362396506656e-17,1.9461095782853244e-16,1.5763302468642255e-16,1.79555034320258e-17,9.58985896448086e-18
F75L,365174.12725484604,3.5160360402873303e-16,1.6567788e-16,1.387715470280091e-18,0.0,2.754536240885138e-17,1.9461095787913148e-16,1.5699264614960155e-16,1.795550347028009e-17,9.589858938571287e-18
F75L,370467.4022107242,3.5097284590949947e-16,1.6567788e-16,1.3877155107938319e-18,0.0,2.754536242191095e-17,1.9461095793270477e-16,1.563618879767947e-16,1.7955503510793833e-17,9.589858911117116e-18
F75L,375837.4042884528,3.5035061734479206e-16,1.6567788e-16,1.3877155513114883e-18,0.0,2.7545362434971782e-17,1.9461095798628327e-16,1.557396593585088e-16,1.795550355131149e-17,9.589858883660288e-18
F75L,381285.24566362763,3.497377757825733e-16,1.6567788e-16,1.3877155942227557e-18,0.0,2.7545362448792033e-17,1.946109580430148e-16,1.551268177395585e-16,1.7955503594222755e-17,9.589858854569275e-18
F75L,386812.0546330611,3.4913318112677237e-16,1.6567788e-16,1.387715637138415e-18,0.0,2.7545362462613708e-17,1.9461095809975213e-16,1.5452222302702023e-16,1.7955503637138412e-17,9.589858825475285e-18
F75L,392418.97584846267,3.4853774895417697e-16,1.6567788e-16,1.3877156826079258e-18,0.0,2.754536247732289e-17,1.946109581599308e-16,1.5392679079424617e-16,1.7955503682607926e-17,9.589858794714961e-18
F75L,398107.17055350647,3.479502867764203e-16,1.6567788e-16,1.387715728082366e-18,0.0,2.754536249203367e-17,1.94610958220116e-16,1.533393285563043e-16,1.7955503728082368e-17,9.5898587639513e-18
F75L,403877.8168243354,3.4737177127570266e-16,1.6567788e-16,1.3877157762339547e-18,0.0,2.754536250756089e-17,1.9461095828379484e-16,1.5276081299190782e-16,1.7955503776233954e-17,9.589858731326933e-18
F75L,409732.109813551,3.4680095430341857e-16,1.6567788e-16,1.3877158243910723e-18,0.0,2.7545362523089896e-17,1.9461095834748098e-16,1.521899959559376e-16,1.795550382439107e-17,9.58985869869882e-18
F75L,415671.2619977407,3.4623887681103387e-16,1.6567788e-16,1.3877158754006484e-18,0.0,2.7545362539559386e-17,1.9461095841496002e-16,1.5162791839607385e-16,1.7955503875400647e-17,9.589858664158732e-18
F75L,421696.5034285921,3.456842315335742e-16,1.6567788e-16,1.3877159264164276e-18,0.0,2.7545362556030885e-17,1.9461095848244732e-16,1.5107327305112688e-16,1.7955503926416433e-17,9.589858629614444e-18
F75L,427809.0819876481,3.4513812703608157e-16,1.6567788e-16,1.3877159804340887e-18,0.0,2.754536257341279e-17,1.946109585538469e-16,1.5052716848223467e-16,1.7955503980434087e-17,9.589858592978694e-18
F75L,434010.2636447541,3.445991933024816e-16,1.6567788e-16,1.3877160344587072e-18,0.0,2.7545362590796937e-17,1.9461095862525565e-16,1.4998823467722594e-16,1.7955504034458706e-17,9.589858556338225e-18
F75L,440301.3327202518,3.440686100623815e-16,1.6567788e-16,1.3877160916889157e-18,0.0,2.7545362609262263e-17,1.9461095870095116e-16,1.4945765136143032e-16,1.7955504091688916e-17,9.589858517573345e-18
F75L,446683.5921509737,3.4354494070693657e-16,1.6567788e-16,1.387716148926931e-18,0.0,2.7545362627730107e-17,1.9461095877665704e-16,1.4893398193027954e-16,1.795550414892693e-17,9.589858478803176e-18
F75L,453158.3637600925,3.430294398814716e-16,1.6567788e-16,1.3877162095498587e-18,0.0,2.7545362647297786e-17,1.9461095885684763e-16,1.4841848102462397e-16,1.7955504209549856e-17,9.589858437747926e-18
F75L,459726.9885308831,3.425206003422252e-16,1.6567788e-16,1.387716270181545e-18,0.0,2.7545362666868292e-17,1.9461095893704984e-16,1.4790964140517536e-16,1.795550427018154e-17,9.589858396686743e-18
F75L,466390.82688445173,3.4201975562633877e-16,1.6567788e-16,1.3877163343934993e-18,0.0,2.7545362687582713e-17,1.946109590219762e-16,1.4740879660436256e-16,1.7955504334393498e-17,9.58985835318921e-18
F75L,473151.25896149175,3.415253235879577e-16,1.6567788e-16,1.3877163986152787e-18,0.0,2.7545362708300302e-17,1.9461095910691558e-16,1.4691436448104214e-16,1.7955504398615277e-17,9.589858309685018e-18
F75L,480009.68490812305,3.410387208640344e-16,1.6567788e-16,1.3877164666300274e-18,0.0,2.7545362730234477e-17,1.946109591968645e-16,1.4642776166716991e-16,1.7955504466630026e-17,9.589858263604446e-18
F75L,486967.5251658748,3.405582859050348e-16,1.6567788e-16,1.3877165346557982e-18,0.0,2.75453627521722e-17,1.94610959286828e-16,1.459473266182068e-16,1.7955504534655798e-17,9.589858217516407e-18
F75L,494026.2207658717,3.4008552290146013e-16,1.6567788e-16,1.3877166067052122e-18,0.0,2.754536277542771e-17,1.946109593821329e-16,1.4547456351932723e-16,1.795550460670521e-17,9.589858168722494e-18
F75L,501187.2336272844,3.396186861526096e-16,1.6567788e-16,1.3877166787669924e-18,0.0,2.75453627986872e-17,1.946109594774542e-16,1.4500772667515543e-16,1.7955504678766988e-17,9.589858119920206e-18
F75L,508452.0468601062,3.391593721113017e-16,1.6567788e-16,1.387716755082773e-18,0.0,2.7545362823309674e-17,1.9461095957839245e-16,1.4454841253290925e-16,1.7955504755082773e-17,9.589858068226895e-18
F75L,515822.1650723182,3.387057459201279e-16,1.6567788e-16,1.3877168314124257e-18,0.0,2.7545362847936617e-17,1.9461095967934904e-16,1.4409478624077887e-16,1.795550483141242e-17,9.589858016524187e-18
F75L,523299.11468150746,3.382595012778385e-16,1.6567788e-16,1.3877169122486979e-18,0.0,2.7545362874013154e-17,1.9461095978626186e-16,1.4364854149157664e-16,1.7955504912248693e-17,9.589857961764456e-18
F75L,530884.4442310013,3.378187088875805e-16,1.6567788e-16,1.3877169931005314e-18,0.0,2.7545362900094707e-17,1.9461095989319525e-16,1.4320774899438526e-16,1.7955504993100523e-17,9.589857906994184e-18
F75L,538579.7247105851,3.37385164963189e-16,1.6567788e-16,1.3877170787271265e-18,0.0,2.75453629277205e-17,1.9461096000644763e-16,1.427742049567414e-16,1.7955505078727125e-17,9.58985784899338e-18
F75L,546386.5498818677,3.369568401971198e-16,1.6567788e-16,1.387717164371179e-18,0.0,2.7545362955351917e-17,1.946109601197231e-16,1.423458800773967e-16,1.7955505164371174e-17,9.58985779098075e-18
F75L,554306.5366083643,3.365356388888117e-16,1.6567788e-16,1.3877172550711193e-18,0.0,2.7545362984615344e-17,1.9461096023968646e-16,1.4192467864912524e-16,1.7955505255071113e-17,9.589857729544232e-18
F75L,562341.3251903631,3.361194258438457e-16,1.6567788e-16,1.3877173457906427e-18,0.0,2.754536301388508e-17,1.946109603596757e-16,1.4150846548416997e-16,1.7955505345790638e-17,9.589857668094446e-18
F75L,570492.5797046463,3.357102193350008e-16,1.6567788e-16,1.387717441858043e-18,0.0,2.7545363044854483e-17,1.9461096048671253e-16,1.4109925884828827e-16,1.7955505441858042e-17,9.58985760299645e-18
F75L,578761.9883491352,3.353057720835261e-16,1.6567788e-16,1.3877175379474105e-18,0.0,2.7545363075830973e-17,1.946109606137784e-16,1.406948114697477e-16,1.795550553794741e-17,9.589857537883569e-18
F75L,587151.2637925313,3.3490822256037407e-16,1.6567788e-16,1.3877176397119314e-18,0.0,2.7545363108659512e-17,1.9461096074837143e-16,1.4029726181200263e-16,1.795550563971193e-17,9.589857468947588e-18
F75L,595662.1435290255,3.3451520486309737e-16,1.6567788e-16,1.3877177415010945e-18,0.0,2.754536314149601e-17,1.946109608829971e-16,1.3990424398010026e-16,1.795550574150109e-17,9.589857399994918e-18
F75L,604296.390238148,3.3412898423399506e-16,1.6567788e-16,1.3877178492948456e-18,0.0,2.7545363176269844e-17,1.9461096102556468e-16,1.3951802320843038e-16,1.7955505849294848e-17,9.589857326974998e-18
F75L,613055.7921498362,3.337470692550361e-16,1.6567788e-16,1.3877179571162385e-18,0.0,2.754536321105259e-17,1.9461096116816884e-16,1.3913610808686724e-16,1.7955505957116242e-17,9.589857253936353e-18
F75L,621942.1634147919,3.333718588852826e-16,1.6567788e-16,1.387718071301266e-18,0.0,2.7545363247908716e-17,1.9461096131921e-16,1.387608975660726e-16,1.795550607130127e-17,9.58985717660745e-18
F75L,630957.3444802093,3.330007289204332e-16,1.6567788e-16,1.3877181855173017e-18,0.0,2.7545363284774845e-17,1.9461096147029214e-16,1.3838976745014107e-16,1.7955506185517303e-17,9.589857099257548e-18
F75L,640103.2024709472,3.3263621936865145e-16,1.6567788e-16,1.3877183064568518e-18,0.0,2.7545363323768203e-17,1.9461096163022504e-16,1.3802525773842642e-16,1.795550630645685e-17,9.589857017311352e-18
F75L,649381.631576228,3.322755655758515e-16,1.6567788e-16,1.3877184274311811e-18,0.0,2.7545363362772777e-17,1.9461096179020396e-16,1.3766460378564755e-16,1.795550642743118e-17,9.589856935341592e-18
F75L,658794.5534419408,3.3192145634678605e-16,1.6567788e-16,1.3877185555444832e-18,0.0,2.7545363404115122e-17,1.946109619596596e-16,1.3731049438712644e-16,1.7955506555544483e-17,9.589856848570642e-18
F75L,668343.9175686318,3.315709784923471e-16,1.6567788e-16,1.3877186836967995e-18,0.0,2.7545363445470058e-17,1.9461096212916686e-16,1.3696001636318022e-16,1.7955506683696804e-17,9.589856761773269e-18
F75L,678031.7017152634,3.3122697778473206e-16,1.6567788e-16,1.3877188193954165e-18,0.0,2.7545363489240954e-17,1.946109623086364e-16,1.3661601547609567e-16,1.7955506819395415e-17,9.589856669845547e-18
F75L,687859.9123088254,3.3088638398420467e-16,1.6567788e-16,1.387718955137793e-18,0.0,2.7545363533025973e-17,1.9461096248816375e-16,1.3627542149604091e-16,1.7955506955137796e-17,9.58985657788818e-18
F75L,697830.5848598845,3.3055220845874877e-16,1.6567788e-16,1.3877190988788685e-18,0.0,2.7545363579404166e-17,1.9461096267828303e-16,1.3594124578046574e-16,1.7955507098878868e-17,9.589856480525296e-18
F75L,707945.7843841563,3.302212149366369e-16,1.6567788e-16,1.3877192426690276e-18,0.0,2.7545363625798194e-17,1.946109628684672e-16,1.356102520681697e-16,1.7955507242669026e-17,9.589856383129164e-18
F75L,718207.6058301893,3.2989658948149826e-16,1.6567788e-16,1.3877193949220257e-18,0.0,2.75453636749073e-17,1.946109630698293e-16,1.3528562641166896e-16,1.7955507394922022e-17,9.589856279985278e-18
F75L,728618.1745132467,3.295749203287853e-16,1.6567788e-16,1.3877195472300758e-18,0.0,2.7545363724034158e-17,1.9461096327126422e-16,1.3496395705752107e-16,1.7955507547230078e-17,9.589856176804099e-18
F75L,739179.646555479,3.2925957783837136e-16,1.6567788e-16,1.3877197085067512e-18,0.0,2.7545363776069713e-17,1.9461096348457645e-16,1.346486143537949e-16,1.795550770850675e-17,9.589856067562974e-18
F75L,749894.2093324756,3.2894696478312217e-16,1.6567788e-16,1.3877198698451742e-18,0.0,2.7545363828125196e-17,1.9461096369797038e-16,1.343360010851518e-16,1.7955507869845173e-17,9.589855958280023e-18
F75L,760764.0819262902,3.286406459389668e-16,1.6567788e-16,1.3877200406723579e-18,0.0,2.754536388322645e-17,1.946109639238988e-16,1.34029682015068e-16,1.7955508040672354e-17,9.589855842554092e-18
F75L,771791.5155850328,3.2833682811645975e-16,1.6567788e-16,1.3877202115687947e-18,0.0,2.7545363938350043e-17,1.9461096414991885e-16,1.337258639665409e-16,1.7955508211568796e-17,9.589855726781244e-18
F75L,782978.7941891231,3.2803928117891114e-16,1.6567788e-16,1.3877203925178399e-18,0.0,2.754536399672389e-17,1.9461096438924172e-16,1.3342831678966942e-16,1.795550839251784e-17,9.589855604206049e-18
F75L,794328.2347243025,3.277440049146093e-16,1.6567788e-16,1.3877205735445567e-18,0.0,2.7545364055122796e-17,1.9461096462866734e-16,1.3313304028594196e-16,1.7955508573544556e-17,9.58985548157824e-18
F75L,805842.1877615032,3.2745498551718373e-16,1.6567788e-16,1.387720765212567e-18,0.0,2.7545364116952414e-17,1.9461096488216498e-16,1.3284402063501875e-16,1.7955508765212567e-17,9.589855351739848e-18
F75L,817523.0379436717,3.271680041098376e-16,1.6567788e-16,1.387720956967688e-18,0.0,2.754536417881014e-17,1.9461096513577782e-16,1.3255703897405976e-16,1.795550895696769e-17,9.589855221842447e-18
F75L,829373.2044796505,3.268872750624185e-16,1.6567788e-16,1.3877211599938551e-18,0.0,2.7545364244319563e-17,1.9461096540431342e-16,1.3227630965810507e-16,1.795550915999386e-17,9.5898550843257e-18
F75L,841395.1416452174,3.266083485771739e-16,1.6567788e-16,1.3877213631177178e-18,0.0,2.7545364309860493e-17,1.9461096567297822e-16,1.3199738290419567e-16,1.795550936311772e-17,9.589854946742779e-18
F75L,853591.3392913886,3.2633567967263484e-16,1.6567788e-16,1.3877215781671937e-18,0.0,2.754536437923409e-17,1.9461096595740128e-16,1.3172471371523356e-16,1.7955509578167195e-17,9.589854801066897e-18
F75L,865964.3233600885,3.2606457473560314e-16,1.6567788e-16,1.3877217933262297e-18,0.0,2.7545364448643036e-17,1.9461096624196927e-16,1.3145360849363388e-16,1.795550979332623e-17,9.589854655316798e-18
F75L,878516.6564072954,3.257997425661292e-16,1.6567788e-16,1.3877220211163208e-18,0.0,2.7545364522133034e-17,1.9461096654324935e-16,1.3118877602287986e-16,1.795551002111632e-17,9.589854501016705e-18
F75L,891250.9381337696,3.2553623216925794e-16,1.6567788e-16,1.3877222490292765e-18,0.0,2.754536459566267e-17,1.9461096684469196e-16,1.3092526532456598e-16,1.795551024902928e-17,9.589854346633385e-18
F75L,904169.8059234748,3.252790199438335e-16,1.6567788e-16,1.3877224903090003e-18,0.0,2.7545364673488347e-17,1.9461096716379734e-16,1.3066805278003617e-16,1.7955510490309e-17,9.589854183179341e-18
F75L,917275.9353898044,3.250228832497663e-16,1.6567788e-16,1.3877227317265022e-18,0.0,2.754536475135846e-17,1.9461096748308497e-16,1.3041191576668135e-16,1.7955510731726503e-17,9.58985401963196e-18
F75L,930572.0409297242,3.2477308062170235e-16,1.6567788e-16,1.3877229873033917e-18,0.0,2.754536483381527e-17,1.9461096782111867e-16,1.3016211280058368e-16,1.7955510987303394e-17,9.589853846511874e-18
F75L,944060.876285949,3.2452410277908814e-16,1.6567788e-16,1.3877232430347828e-18,0.0,2.754536491632191e-17,1.946109681593567e-16,1.2991313461973143e-16,1.7955511243034784e-17,9.589853673287131e-18
F75L,957745.2351172672,3.24281505673165e-16,1.6567788e-16,1.3877235137438452e-18,0.0,2.7545365003632234e-17,1.9461096851737608e-16,1.296705371557889e-16,1.7955511513743845e-17,9.589853489888392e-18
F75L,971627.9515771327,3.240394776306894e-16,1.6567788e-16,1.3877237846261494e-18,0.0,2.754536509099843e-17,1.946109688756246e-16,1.294285087550648e-16,1.7955511784626148e-17,9.589853306372289e-18
F75L,985711.9009006431,3.2380388808374163e-16,1.6567788e-16,1.3877240713805449e-18,0.0,2.7545365183525872e-17,1.9461096925490642e-16,1.291929188288352e-16,1.7955512071380544e-17,9.589853112145335e-18
F75L,1000000.0000000274,3.2356860641721515e-16,1.6567788e-16,1.3877243583291999e-18,0.0,2.7545365276115995e-17,1.946109696344452e-16,1.2895763678276994e-16,1.7955512358329198e-17,9.589852917786804e-18
