candidate,condition,index,error_v,center_pass,five_checks_pass,realization_id,original_attempt_sha256
A75,nominal,2000,0.14168453571833062,False,False,9fd0b2b4838e12ad9d8dba7a623d4e04006874303e85d63de33552724310d109,b88ee2353e22901fdcfd32c811cba4e74eb3a777754ade486ee82d2cbcfd5f44
A75,nominal,2001,-0.00010880550226799457,True,True,e77cb63d1f00f87c2bd8cda465ae58977adcebc12406d94ba66034a8aa390370,294bf588fc8d7d60bf46670396992371d4756fa5e2a4cb0c173671750d978b35
A75,nominal,2002,-0.019850103970789068,True,True,6aa801af96f5a2a2c0030eda443932011b259662edd1b28013a040635a5c48cf,87957ede5ac9b0e784e2c5c4ec887b1a9b43de5e457e5a9f7ca87cfbe92cbfc2
A75,nominal,2003,0.001713673245886005,True,True,b0b71cc30c2b1edc3bbdf4b97868299301c4d7a75e831de7912d5c166a4744c6,a25042cc46a74abf5ef5efcc4abd760fdac3006c7f32544b39b7b5dfb374c196
A75,nominal,2004,0.08089638755494999,False,False,79b2cc158482cc18e2b73511e14a786cb4aa47b26275c0e9cc0c2fb759ccadc0,431c9e89fa33ddc847248c16e5580b23c897ed0c768d1ce50ada7b2ac37e5f9c
A75,nominal,2005,-0.028584536680309858,False,False,88e89ca77ead45e1174077c91b647a4aaabe29ad6f5ff5a9ba18ad36030a54d4,73ae2877789b29b7623ba53154b0d67ca55e0d867f052e5f05f6a21305e6c089
A75,nominal,2006,0.08093104018723385,False,False,42d88a820d65a97c8dd46e7032f745addbaf443362c8ca90e1b62e391d4aa563,1eeccaac37c6117d54bd2b6d21834e9f9a1f352cfcae4e1486e4b16597f9a193
A75,nominal,2007,0.019414275244477808,True,True,596ada4376cc46189a82287dbbf377778d0d8c46e9381f2ca8a7059f545a7cee,65a3009ac4ba6e52e59c0539554dc689b57d01b0ece6f88cd00170367e17b508
A75,nominal,2008,0.026489504402276265,False,False,5bfe5700bd830f5a0dcca8454b4d20a274282f9db2ad4d33d644fda2bbd8d926,1e19b7e5d3044abb93d3da90a8141cf75d8a6167ed85b4af91f8b2d84509a902
A75,nominal,2009,-0.06316993358954082,False,False,34b2309c9204faa871999970d0d34dc06e0364f8270f8f5160ecd7589bd2620f,a4a109071ec9f39dfddcbc81081c2f8d870e551ea0ab6cee631dde3364aed509
A75,nominal,2010,0.01361636326539195,True,True,fe2b0c73fedfbdd2da786dbe527c2dcbb9103ccebec0527f7d30c005d823bc29,db3c754e25dc4327970c2105bf43436285dd64ca9c93689b9a8017d5210626f1
A75,nominal,2011,0.017384874793686,True,True,26fea743ab427f64d93f6e16045c36cedb79834e0a8b9b11d1d1c28d5ebc42d4,105f8d6cb7e42407e306c3ff9cae8def4e72b73217a910ba68d648e8d51dd6ee
A75,nominal,2012,0.09723434229109362,False,False,d768bc3f332d859ed7dabba9d3b46292ca8ef22a04e77b18738a68003b530aa5,ae96394e7a62fa2ca7e29b28f46b9098c27d0c1a1feaf7a30177fe6bed415082
A75,nominal,2013,-0.023321640194036042,True,True,914a458b3082b154d6259ab44655cb3313095682773bd39816936c10b5570067,816c6dff120c6e2bc8a45e52c744537b8351880e54afe2a3b35e674c0ce8da02
A75,nominal,2014,-0.021589888593312512,True,True,01b8542da32dc1c6c2931d2e0ee70058d4f11551fe83dc62159535923fb46d93,9fefa626b93113ef9a3d468a1a84e7931d4125cb67ad911a94e4f507caf764e0
A75,nominal,2015,0.035879011530378535,False,False,2d7d338897701b1a230d254f541004157ea41b3722780444978d4318f74e8fa0,3792ead550f9fa101aa940c9c48b151ba8be99eb874ce632ae13bde60c5328d8
A75,nominal,2016,0.06348800633188556,False,False,abaedbf651080b75256fb6c6a0d0194f5f4233a12b05c0ac021bf05e1194edda,68e273ad77fcfa12119a7351e32ab880d79b56b73fbfa057783d504607676086
A75,nominal,2017,-0.02076864931462785,True,True,3b1386290b7e59d75377a52c58a6ad096e0743f5366025e0bd752ae348b8e8b4,53570dd629934b29593f1360417fc3abcaf5411f8bf34b1b260f7340649a6314
A75,nominal,2018,-0.012957175860517867,True,True,3c7c10026f50c68b26db9b199d3ba3354f87c6fb89d5143485553bf18f27b897,ca6d08635960622c9f8f9b13d6d916237e846fca22bddd0f7eec7c9c3c249b10
A75,nominal,2019,0.022792408474717973,True,True,98cd1fb73bec54bedcae72e20638969b09679358d1fff991724db9983e7dcd33,058f4dc8f809bd687e906d46dfb71c98a474fd52b1baeaf0340ee3955a27caf5
A75,nominal,2020,-0.0016865917615795367,True,True,25a2194db4d6c569a72a7dc834d0d19f60b72eff225e48632e047bc10ba25b44,85f325a18f87da89ba63404f07ffa4b0a996e1c5f260d4472273bb81ff45135e
A75,nominal,2021,-0.03151244588734242,False,False,b718363073a452ddb98b338a575f3dd9b3eeca62204ba3866cd5497126438e7f,635351472d8797c623e772f6d299e5843303a0ecd053f3501256d6314a89c2c2
A75,nominal,2022,-0.003459920618767931,True,True,3dbbeeecfd73e6ab36f1739068800a1fb81c0b87e3569a3c3052071268e468da,f0297ab0c90b4b686789b6cadc6906c8809f7bc9b6a2962cee84ed210a8c44c6
A75,nominal,2023,-0.045675045985348384,False,False,248f657c35df66cf7dd3191c8157ecada62bce93202ec4c9e03b6ef1640c1924,5fd18578364f8231114668e3066717ce8a64ca7d925e6d7fce13780141c040f4
A75,nominal,2024,-0.11672996936488583,False,False,4766d6b149ace227c4d893957cd2dd2b287e2dd3b50ae1850d59ca68f9f10ed1,19be9140275e9407d370dcfe62d5c7e41db0b0b0b996eb9ecdaa4558e75aa092
A75,nominal,2025,0.1292296329560566,False,False,665d3c1796c0f93c04e78e75e3b2593e1abf00a9be030497ca6becde27c44242,4e266c4bbd3d30755c89d7b03946bef8132f31312561c046ca2a1695c183c17c
A75,nominal,2026,0.05030363905284352,False,False,a3a2b5d515ab7ac63b0ad57ddeb2e671e855f07106df23a53c6518c1d1ebcd87,55ccdc2c5d69d08ec4599486eee78bac3bd6a40f96ef5afc4dd9932cafc42457
A75,nominal,2027,-0.02799900671140304,False,False,897b304d8c3cc6403fa06cc4e43568bd40a129b74d68732baa82ebbc2eabcd92,f8cc3ead8be58eea6711311af4f7120d1f7a1852e658e871f8e416337896caf4
A75,nominal,2028,0.0056353283444370295,True,True,f8b0f8bf97a65b2257ce529621bd84ddcde67b41b98229c1bf5cc267be4af3b6,e1fcf259ebc7bab3d5c409520460dd442efff7dfaa2216e498f6af9e74a15966
A75,nominal,2029,0.047024594982240764,False,False,8aae1bc6ac7bcd1cf65f5d60e9a08cad85a2b3f229759171b9fb24cdc186bae2,816bc596bd74a8df26d32676670bfae0483d37a52a3dbe705f06245fe765c00d
A75,nominal,2030,-0.03475053910741621,False,False,e0276f5e030e84f3fc17aa481e3f420bc49cb9a3ff24827bad1d241c345f8204,7d10c44d2ced89405f9ca4384f7aa935fc31303d858138d873b05d098a0a297a
A75,nominal,2031,0.11008095741386392,False,False,7465d8344b16f96f4eaf24f6965bf160d6c6c1c5678f51495634239cc41f96d8,dd7e22f5c638304b4bc80b620ab906c909d4fc311b62bfb5431e28ce1cf0bed6
A75,nominal,2032,0.012650151402539112,True,True,1e7775d42873e11082b86ebe555dfda7050ca061470e26d390d2a9972362a220,ba9ef138b2ccdf4451371b3c32ea1cb2e56f05dff8eddac5c6f644ff47c31ea3
A75,nominal,2033,-0.12668532351758377,False,False,dd075c7990a5321af34c91bd079e30d9a2983f392f600c10744a65594a465773,69b3c6d2a3c1c348778c71eb9c3eea7c87a7d29ee260fe002828efbaad79cfe1
A75,nominal,2034,-0.11363921116761982,False,False,236f44b0beedcb43a913ac67cb98f759bfa7c9666d77985e2fd5de0a33836612,212f57a2d882c59052fc2d5d24c540ed64d14c422570018ebaea1dbd71a39cde
A75,nominal,2035,0.0022678616931479656,True,True,2f65db741d86f654646e118b32eb9749b515ced459ded1595334120c5df8293e,ee056b9b4eefef2086adfffec07dcca26c91236a3627a53b17368acefbf6dc13
A75,nominal,2036,0.08215498202935134,False,False,641c1dd4c8a921df86c560d781dd2dca3d3b9528e58f1eab8db602bf69b2f561,1387ea71085ca425f46c468ab9834b768b65b3901e0f1e2309dca42bf3ac8aea
A75,nominal,2037,-0.10427207439342623,False,False,dd49670221a8fec503fa0f12ac14edc88641a51cbaf540eeeb12992d76a181df,4d2f6398fc2ed45be7fb1bf0e28d9c4dcac5dd60dfc66948e7c216bab7b6f743
A75,nominal,2038,-0.05400944348127895,False,False,bd0a3b2defe0754ed1467bd3b0ba9e20bbee8dde11e70406e05f628adefceb7f,8fac36315b481fbcc063ef2b15839069776a0e6dbbdc2356f313e05a92dee15e
A75,nominal,2039,-0.03438704447124602,False,False,655fde4c171b46bf15034bf2dac476a1ace5ec0d40e3e649ff5b7265cbc65747,8a29052b42a40377adaee155d18e0665c1ed0f3561b899fb0eb604773cdf7a5c
A75,nominal,2040,0.14073564604950517,False,False,03d0e9e5dfb03f8ecb5b530a958747fce0b90026065c25cd0bfbb29862bede80,34826b72ec816066dd1da7e96912f4ca833561ca24151c9e78a37fbf393a1eec
A75,nominal,2041,-0.011410877101209693,True,True,ae326d1511f15eabcea40ef916e876f257eea0fb86432c362bc8437b70be6187,a8a7d4256e7a65d794c080a283e43a41121c3b92ac2df545fd41657e9aa97b0b
A75,nominal,2042,-0.01929602993907814,True,True,d6e4d831c673adc7ab0d5242b315768ad688816f02f4036cebe130856c4da1f5,d3bd0edf86c2260faf80f185498f51e3a46fda21f7050716320a9f24589ef79c
A75,nominal,2043,-0.09346255246125662,False,False,50d347c525d2aa2d72b0245e3865baecd2c49509ec600a454a64a02b4440744b,42527b61cfdaa2d3075bbc21ad729fdcc22ef70c37f15b4c058c7a6dcce8032b
A75,nominal,2044,-0.06297409026375539,False,False,860e6a6815402ee3c7bb5e8c25644ea08021e5b69417bf79e4189f573c5f18e9,571f9ba21e69c27dd7e989b54b3a876d00b71a4cf9f51b5cbfe9955f92d8b703
A75,nominal,2045,-0.027290099770559906,False,False,7a5b73a472d6807972fb344d54efb9592fa8b2e5572da6c85f4655ad9890fb70,da8f2fc367dea8b2427105edcbc387417c57d14f530ee66fba4ba590dd0a04cb
A75,nominal,2046,0.08606512121963095,False,False,5fb3bf113db594cc9d38be25a5af6f8d848f903d28b0d740ad8775c2a56fdf41,b7858e3a433e77a6e736f6d97361441c0f31262d814a0bc1641f859cd6ade510
A75,nominal,2047,0.05801360238127817,False,False,ba3bcfc1bed7b06896f17d563f39df1f24c5573cc7e6a0cc1bd5dbb83e97de5c,38c4928fb8ef6c3d361c1b49bb3cd6cff7b020415ac03d1ac344a88b16463658
A75,nominal,2048,0.03348622100660903,False,False,a4491222699567ec5eb71785586c47f5e20e5e87229d60b9789231579d106d12,487fadd6a4856908ccadde9ea4a84b16c61585f258b93f6d5a5bc6cf16a07315
A75,nominal,2049,-0.031236340751575553,False,False,b77cf7b6fdea75f583a7eec049d78e64218683f0fa118a32095962039a6e7e00,0f7f14c8b9121ff570efe06395d15ea02e86791563b96e2a2460c31fc115c8c3
A75,nominal,2050,-0.0036705525883569123,True,True,b1ab828ca29a651ebc444da2514216fc51d9ae0ccfc77253e88670a467590107,a86857938df56941a5814b5f14a305f2dcdafec66cc686c11e055d5bb41eccb0
A75,nominal,2051,0.05207203896976975,False,False,c4e6580ce709d8e4f0a5c169a68af56117c0dc083de33096f571e36676dd7a8e,951c8d189d3b29d00bd409f0212762fcd8b57d1e23fa6c40d8b79f9b6c5cc986
A75,nominal,2052,-0.09540658673123198,False,False,a4bbec82735f7eaeddfc55ae286e4594102d80810b178c1ca1240047be75d1f2,d47d96baa64042bab1bc92e8fbc209770ca554e2c38847ea44dc95a26b115b37
A75,nominal,2053,0.022390016361670928,True,True,7e3b12b17f4a16fc6ab97645a1a707cc2e3fa277b86fd0d59c5ba653c648235c,c79eb53b98407344256aeb437a2bf641e2c98d0610d0c8eca18f10e3f6488a8b
A75,nominal,2054,0.07735578819622468,False,False,3f89eef16ebd1db32296294f02376f1deb33044076497cf8a18b0468bd8cf75f,2585d3d6bb4a4791ca230ac13ba5cf168ad46169736a1a0ca5665fb9f450194d
A75,nominal,2055,0.007889997406475557,True,True,c24d65cc997b32a6d0cbf062ce4fb2eae53a091810dd84137bf68ab004ef2e76,3de6edd111e21ef257ee978fbf8e2d47624a734c7a225b80a739a9422e99e448
A75,nominal,2056,-0.09056137532523867,False,False,e488b85698850211c41a1b3ad319ea9ce50f1b50b33d0d7088dfbe93c2ccbb6d,13b22765b5c8d5837205df6f48808cadae774db619cbf059aa9c9293727beec7
A75,nominal,2057,0.03501487687326421,False,False,d6aa0bc07ba1af24c5c3ccf59fda782ff030518342e655df48d9dc7a9feb24a6,4af57b4dd145c16d03df3437a6d81988885baa3377782b3ace91cfa1e3587776
A75,nominal,2058,-0.06209480931510619,False,False,52b4ddb291c3c22ead28e9554af662c000a740214c851efcf885f786c306360d,6d3722467b175b446104e8864b51b2cfabfdc31986da9837b53dcb9523c09e04
A75,nominal,2059,0.00019256873309425604,True,True,44e858e9e52842314f8743beba30778a90c8037325ab22c5857386da5910a114,5d9ad6ff634da45c0c146e14229696fc0e979c8544e8ff564bd8aa253e8cceee
A75,nominal,2060,-0.07097037424597558,False,False,c72c4239f9830c34fa8c7902ce531f7ecde38a6d723caeffabb7e728954b346f,18a483c2709f5d273971772fd11950f123293d281837ec793063586ff41928a2
A75,nominal,2061,0.0428760432013684,False,False,d3839ee41ac35132cf25d66080b3ea01e5e10aa738e2204a088eb57e630eff0a,c113ce7c0d15e0c32566c78a1ba1c153c4f8fb2f4b852792cc831b53cf770fed
A75,nominal,2062,-0.09597767088630715,False,False,16bfdd32b01e9c35bed12ed4e987ab1e4fc6be1e3433e0dbfe7bf3c9ce835777,250db08757a80b41dc28dd21d91b79ff38859ac171e151b47a0c424be38b7906
A75,nominal,2063,-0.11960422740994425,False,False,cd45e3aea5c303c91c24e0ac64c55605bb30626a09b0ce4093d6819dd3b491a7,abf925a8239208192d3f7ed418e99e1bb411a8fb3cb8cbdf9716c9fd15bcb0ae
A75,nominal,2064,0.022843473707489514,True,True,16f3921e81cb7a4947fa0e7e9061085176da9254b3c26e9baa98af1e81b0a33c,7f3b72718e18efc756c4aa49c74b940599ccd6196ee47f294f050d04993cd375
A75,nominal,2065,-0.0024959864355596495,True,True,38db8b31b80ac6024aeae45967e6587974ed3a8e323b20268e1f6617bef8282e,243fa2fa6e965c3b4eb3d7291b9d743cb94945e95ab46f37b876a421a4037859
A75,nominal,2066,0.05763169644186483,False,False,01e0a78d3181c6d66b5209160bc642f3129e53e09be3e1f296d04dce9f2caae4,75e28b2de5f93976c1c2ae38f999e103af73075c9ef1336abc826b27d9eb163c
A75,nominal,2067,-0.045801399538167364,False,False,8dfedbbd9c0dd1c26d3c235736de7f6d51d973cfb4824f2ac87549d8874444d0,f280064fdfa82e0183b974efa15a7843f3796e148dcceaea3abbb162761c6faa
A75,nominal,2068,-0.020668554056047894,True,True,ffc5a50da8738cecce35b184f6b69962e89dba1bd98957763adcb1f32d6de3cf,e3b76da860535d2b0fda118795b2ced511265f657ba20707b95d5ce0c1d56b29
A75,nominal,2069,-0.035092243148088065,False,False,de53bbd951026e7df65a829844330ff23ea39a40bce5dc4c385ce91e51d8ab7f,520420c118d51bff01fbe8d56528add032ef2ca5e3b7ff776a17c737efc01785
A75,nominal,2070,-0.1346185751831362,False,False,846aa9ff656fa57f178bd4e20f72036693e143f4cb11757de906ef19668345e5,8a7b0781fed3b6c25d6e097e274d75ff86964f69cd8601ac918e52eed8607afe
A75,nominal,2071,-0.011830012875769347,True,True,34f68b419df730125b3e1f02b57c72eebf3f035cca168508710692f997275b44,f8354c0357856cc92eb4e9ea3e49dced09a85de242cc629dda639bdc0c2f3d86
A75,nominal,2072,-0.01197775102829779,True,True,cedf6167bc4a611385bae15cace5813e4ee58d4cb2e0d1f04cb1712f98953153,77a6871fcea209afb59ff3602aacddf345ea484e4fe617a92f020d1e7c12721b
A75,nominal,2073,0.0006713034908144566,True,True,64457c55772eb8458077e35da361c56c780780b1e6f93e390e4d03d0e9754138,06b79cf95beb10441975f2a5f798b209e4a42e1aeea536d6bad28faf60ac6a95
A75,nominal,2074,-0.06559192067377445,False,False,e0cdbdf2c2f1fd40d6c1dfc717730692b086716ce8ab20861d518f08fc8b5161,3f3d2ce6235993c56de13c4689c8d57bd2340ca2a41b48029386e74711a497d9
A75,nominal,2075,-0.025575944551580354,False,False,ec98cf72299078adb9c1d793f9084bd3bc64f8c2cc0cd5fd2a8c5dc6ca9120e8,186feddc3c7309ea6df55ce8ca7a76258fb6b036fc884eab4bc372d5f8555ef0
A75,nominal,2076,0.11140615530559383,False,False,8ef47277735bdd4a03a623888d6b882fc404c1ef85b9169f3247229220f03257,f39a2da5a050e68710f0650779c30f2a3c8f4460b4a19347b2edf91b2ee981ef
A75,nominal,2077,-0.10046769848405723,False,False,18930a0ecabe2977415695004a70f6f15b02efc8d239289528eda7cdbdc0eaaf,d4c659a74cbc15e08612bf884e106d633ce6b945de40d4f41bc3abd12b299b30
A75,nominal,2078,-0.04648654042847644,False,False,f75bbdfe348698ddbe7d15d5d3705c153ed3b25091506c78d68e79510c952267,26b75a231e93b1f943037a512a2c43ff5634f3fdf9eda49e7565fdfe049ca58b
A75,nominal,2079,0.06975722032732445,False,False,c897f5bcd658aef68f929d9eeec7db8c4aca18c15e5de89c6c9e755619a5938b,bab632859765a5fa1461b4cae93a8e05048c77fd5121560d3561c963012d57c7
A75,nominal,2080,-0.06215747152056289,False,False,249caf52afd449ed8b52f127b285caad0387509ff46bc354af80cdc2574641c4,5dc64bdb1a903aa5268bbb4be883712ffdc839f7797dc1ebb0086cbc2f50329b
A75,nominal,2081,0.18454585196690354,False,False,2a4891c6e5b21d592e996dbaea54473c68971334bde51fe5107c3743e00f6c13,227d2f31db90fb9a374d8fe63a2a308f03ad5fc56ba0acde01870eea326c9460
A75,nominal,2082,-0.024844592192517945,True,True,9a153c38c5b536f4005bcbcc6388f2c55c36d2edba0057363ed25bfcbdca165b,fb20a0b3db3b7153b1b2ebf428edc6b86e9663609fcf534da124a2cbda509d4a
A75,nominal,2083,0.1324852905302084,False,False,6e6ef45106b0d279bcc1de519a7088cb7ec519188cead35dee60faae49819691,20f4e6b7a49fd45d63561ed5e61d61609e69af0d0570dc2f370f8642828b7e21
A75,nominal,2084,0.06421896063069699,False,False,bfb9591b60dcb6d3d7416b04f0875edd1656a533d7d363f9fedc56978169cb73,2edf1bceb2b5338999e589af306160824bcc0ed656e600d0de7666580e653538
A75,nominal,2085,-0.04372802970004891,False,False,bcb17ed359f46795ecc099f9b39a287f207d7a60bc49500a4c11b9fb340d202e,3f918d59cb9f31973537705015211f0986e201b29207f204369e0be1305dd25b
A75,nominal,2086,0.042200840262606176,False,False,b9e5d76f39000aae0e0910e28143f2ee4697046907a33cc1941ec506908a0c65,77993f22a7e11cf03c55689067071579e288eba0f63d190779bed695097d2137
A75,nominal,2087,0.11298231840030715,False,False,d8112aeec8e6e5159aaa2513282910444d04f12cbef3a085f866869c7784d403,6a5b59ff927aca69ef05df52603270fc0c1d05d4dc2b19825a9b0632d223789f
A75,nominal,2088,0.014944524429579942,True,True,2d63094ae43ab3bd13f7eb7bb9ec68b4b5c2887096beec2e5f8938458dda9a13,6828c69cab53ac79204bdd6b9842e43d7b7d7876da7d1cdeb8aab98c7e2f2ffc
A75,nominal,2089,-0.11898092461498516,False,False,db592626b80552e69e60688215f57e6f2cc57b4310ba53813aec4edd638ce4e1,64155a506204faab8982b7f8ac555ddc5bec8b48e3c2a91f7ad459563f347f15
A75,nominal,2090,0.13873881995192783,False,False,c34ab8dda46d2743bb30e62fa315e8a718b7dfc1f226c5c62508a882db16f733,9c53c14cb46f5bc6db63905d5836753ac01af5d24347a25caf7a232540c447dc
A75,nominal,2091,0.05660046883543035,False,False,87009cfd1c05fcc25e383d775d912705b8765d223c9c8cd026fcd45e64f66eeb,3c26dff6ed9baff88521e6ae3be3609fe83fbcbab344ec1072643596734e7349
A75,nominal,2092,-0.035063718507631014,False,False,8a98219cccbc76445b63a16e640494631c27782fa2f95ae62a9e40bd236e2d5c,cfe31a2dd0732c32721bb3ea3baf93ac43b0f2698e81c6b7096f84459cc94c28
A75,nominal,2093,-0.122855091653707,False,False,b9921e714ce5809ef9b8ec90bca8220627c59e322bb036a3c2ce7c805b0889f6,6e37a5315d9619dd899f8cf015e6eb6593feb36aaf3959f8b8e3d5c540e816a2
A75,nominal,2094,-0.10777446759520953,False,False,db1f9f9633be13eebaae0d23357c393d6f2b604b8f0dba617cb030f96096ce08,694bf4244a7f44fab9473ac3aa01be7350c74023d00a5af71074201279634957
A75,nominal,2095,0.02902078561983079,False,False,72da556c4071d319107e7d5a4f37acb769de2cdec4436a1a15d6bf0e899044d7,a7ca17d8c24dd2fc34040253bb2dec937eefea216f8b05ca0cffd6b6c10127bf
A75,nominal,2096,-0.08787287537227184,False,False,853dd74029661c418a0a0554bdb1b861b04f5ba82fd5de6ee7ed20589dd1ed53,fb0fc5bc6d9208e1f5579b154b62f73dd16999449ce9908854c5e360a1be522f
A75,nominal,2097,0.027965368955793046,False,False,3e275043d5a269d8dab2e20b0a1c60a0f80a6c1783774be0e537af14e4f68392,13c00c9b2af916bb3e44426c33e72467322484009643369960de64bdea88c361
A75,nominal,2098,-0.024936716710553697,True,True,d45fea93ac2216e163a250b3bf7ec5b3de8040d158058d1a7e438186781be6cd,e8755f934be9c03a819a3d10339a3d3d48ba89b262ebc888abe7a458b5a506c0
A75,nominal,2099,0.08419438363962573,False,False,34fabcd6dc4f39d9e7e69c858056cccef7d0e44bf4cf4aad07f7b8c8c9a6138b,2e730aca1dbf7ee732d84effc16b59ae6f436318603b0896bbc5979dc43401dc
A75,nominal,2100,0.15019131847639722,False,False,ff8333b33a5fbede111662a2df36f3b36adcdd7bc41cb003c3cef0e9e93edf3a,27b407e28e7c173f56b0eb18a003968a2e9d4967251b88e53ef396ba3a9c80df
A75,nominal,2101,-0.17189803447354102,False,False,87f3cb9c44620403cd2c9f55ef0d3a130cac6f3b4dd2be9c6f5c1b22a3b576df,a283ffe4b3a0dfbe6e625c348d7c474ed45cd21f4dc9cfc301e240a115192404
A75,nominal,2102,-0.013623627666375593,True,True,f3fb4bab74a82abb4d2abf291970b4d171d12548dad7c8f19ef62c0214d48eda,6eaebb3297994501ccd577cc36cdbca6b737c4d5f1dbb84775744ac9180aa76c
A75,nominal,2103,0.0020936363072214803,True,True,a36252f028573d706f2b4995a195501d3f848c0f2b7fcf0b9e44e0cc52185081,a35c5e4ba99c385f984b72a8379f64ad0c382e6ff7486899fc9e58033cc206ee
A75,nominal,2104,-0.1043307991332712,False,False,594ef93238e640817c7fb26a21ae61638e2c7cfd3c91030b186e840b665e8240,afc71826cb13a276937344609c3b26a3c08a5025986dd91e8ffc9f890e06ca8a
A75,nominal,2105,0.04798096656073714,False,False,06bf9d95fead07a1758d2203171a658677f9765d8c9a9f1cc1aebbc4be32c2c5,771ad28c33c552b9a56073f3f5d9eaf426dcf732f98e5f9c17676809f6cdae47
A75,nominal,2106,-0.008373126227487093,True,True,fd0779ad9b4fa013c663e457537d7090aa8e24671037a0fdb971f8559d831b41,05af307ca9260006148128df9052856997adf307c45763869cc3af56758ec7e1
A75,nominal,2107,-0.033269753066998586,False,False,e6248461bf87c3f23671417601b15e2ad037a98c377b97a4f23a5d7b06977948,2f5f7d029785ab5232c2cf3297c4c2d60d23e6541eb076114920c566ce3fdcef
A75,nominal,2108,0.10876394654165644,False,False,699a99aaa8ebc8f6ca202876fe07b8e1e4a6d2913f763bbdd70e0f091f753ced,90f76f9885c814de0b210361d0c22bf9433ec47cbfcfae6a7cc5e134aee758cf
A75,nominal,2109,-0.10517763988350143,False,False,ad2c4075d13abf0e06c1efe90f0a9ce862210981732aa61298d61ecee0caa488,6a41f200f4ce92ed14912c56fd2ef57d5a8b6144bb02bf0201f2270bd42618e6
A75,nominal,2110,0.028720587711625223,False,False,1e1d8870b06b66fdc4e1c80e260cd73222d732228ecb72480a8faf6281dc70a0,d34b5d1d1b046c6dd851efe6c8a5673e17f97f80ab632d86d814d631515bb54a
A75,nominal,2111,-0.06392079379561666,False,False,1e9deed901a8faf11a640cc50a92654fe19628c9b3eee789e26bea024617f4cd,37beb0ad3c326a130375bea1da920a903960bd9500f2512113c49c89f716a317
A75,nominal,2112,0.16000925580043424,False,False,dc965b1478090754fdf028e83b672b2fdfb6e9ea5d3c204ab1e1c8af1d64b720,5363db1cba776b14c230546c14e4ea16c952c1a425fc2ddcbcd1cc9070febafe
A75,nominal,2113,0.017292619614078686,True,True,29c2031f1f1191500f3b4bbb788e2d006af67947eedaa9767030c742a9f58085,2a6465ec6d1ef556c7b7ce9b113a48f99c72aa9f04e0b41eca137c31ecf010e1
A75,nominal,2114,0.04505621084012712,False,False,44f0d77c08c0e46dee2b3aa1d62feee06841a87dbf97e7b70c579cb32a83844c,9a96ce0dcb8f02f544ee64e485eac77f9170ca99d1af08bd3c049902bdb28134
A75,nominal,2115,-0.037177940897296646,False,False,5acf8a1ef3f0cfa234a55ae5405d83a42d45e24d3780eff94c6d95b70facb8c2,bc1bacc54f523c6bdf68ba13581f37a2602d40ca2089742b96ba2aa18a8ab78b
A75,nominal,2116,0.034141800853790705,False,False,48617d24d92a92e3fbb0b600268af0000fbadea15fdcf6ef87527b4bb7ee0c08,cc118718a01d052561d46b69a63c4247d1c7e9d7c5bd3c98557ba897f15385ba
A75,nominal,2117,0.012997622091429073,True,True,c3847afcc2d2bda6d0d7d8a7588eb82d84438a40c8da2e298a367b0d8ce09654,db359e7036dddabc6fc2c6ed487a8c222f5250e1d48a4322baf7e2fdc261daf9
A75,nominal,2118,0.017526650672401,True,True,76e9657652c46a06f5420aa3bf65cb386e2a1a4b2762621d59121e54289a5969,755fd7f3bb68cecdc75e9df19beccaa10fcab1685129ee040c5a33aa64a223a2
A75,nominal,2119,-0.04437552379963794,False,False,b1b41206232de026017281f892874f545d06b6efc94038b5a3cb050289ba1482,64f592cff6944aa65da532cba6b0c9bf22f625af6ed55d94ada2e332b593c4d8
A75,nominal,2120,0.07435655754647585,False,False,4ad087b240722fa3aa103dc73078619b37acf2a5be8d9ff65784853f20b63670,9f7dbe715718bbaa6411947037be733d3fbbf9bc44def3ff153d9711a4535784
A75,nominal,2121,0.033918595518850125,False,False,7115f3d5c369d48c4929f6c6c4edb735d62474d6d5a5201767b35e43e4ff6ee9,e74c999740f1ebc6666f34c9a6ce3254193e85422ffa33dbda8b767768f1b301
A75,nominal,2122,0.12249108556649202,False,False,d5bba91149b2f5a205693ffabfe2af1bb37884d575e1dba5fe5aef5c5d40d930,04a14fe526bc9350a3f3f065619c41fb2bfe83e98ca0757fcec52e8d0e16882c
A75,nominal,2123,0.07221052268051664,False,False,192aff05ad8e6864b522c4c58e168bbba8daab954fe30c196f9a716793fa4313,fdc02ca40c3dd2fdba0321acdd8a624c8cd4245766ea2da6107a8a2f536cda14
A75,nominal,2124,0.0050666795715333945,True,True,a39d6e38aa82814fb1ef191257862514f9b4538c2a362a2129207e9b68de08dd,d61e35cd8f1cfee59b5265d21adb72542a1c369a455f4dbab10a9f3a030ef02e
A75,nominal,2125,-0.010171345349170302,True,True,a7109526d38e2a609b83cd565e78124d1044329f3dc4b422cfc8908518e9b5e8,5bdcb990c56d8affca53a12de801f465a778540c509ff2a75d4714675705ae8e
A75,nominal,2126,0.06163023109013199,False,False,686a9c73bddd4eb9035eecc9cb870b2eeb5fd681ca88bc462bdeb4f1f129b9cc,0e8dbbf31f68c99f2595d53fbd887ff738daf9ab9982124fc9df384f31364057
A75,nominal,2127,0.002995029188358811,True,True,0286018df962144526a37449569723f06b3986acd1ddc736be8c12f523828eb4,503122784d508a077ee0dcc25cbe7ab44eb8762e28546a960843ea865e851fe6
A75,nominal,2128,0.007480478849834826,True,True,0a1ddcd5b095795b4d68bce2427f2f642e92db019f4868b7f44f06853c4362ac,0d8f7e6ad5efa53b8c9555e864b36cc1f90d5967ed27f0eab74dca638a3d82cd
A75,nominal,2129,-0.023137465392744694,True,True,1f7ead8411db0c20d507670a083029cb0ff20f9d0e25affc3f306733194bd079,a59793f762ca2e5d7d61187753a75ee7895cd9aa5bb051108f5f19080ec7234e
A75,nominal,2130,-0.10574558073790441,False,False,9d0bf7cd8d5d3c6bea9b23f27a8ce7512829164dd1eed79d589729d48c029470,fb31ad318b9eefaec2b8148360816dda67cf0e366ce569811c9d54be8f2b9896
A75,nominal,2131,-0.014528017453376896,True,True,9bc638fadb8753d9d08c907f3f907872c1207652d1d593ddc9c456c153196233,6ddf842e3acf630a472faa5373854985158d0a74500213dabaaa36717c319b4d
A75,nominal,2132,-0.1183197455477113,False,False,1dc5c0375a5f799145f960cd6edc75626c43f9d89c5e033fb02e01a73bb924b0,56c707382b5e11285046a7e9609473794a97c0dc8f00ae6a71dd18a9808a658e
A75,nominal,2133,-0.030547923511203556,False,False,65887b21df7155ec71d493d754388114ef516377f16e58bd7319616ece085ad3,f16413e56f6991c31769ea574a9e0ed9aa7c9587b869c39a50d24e729241caf6
A75,nominal,2134,-0.08514725475880403,False,False,4cdf34590caa05edf0205b35c18b6a810d78479b7f0ba26232e047fbd35d051f,35b2dc8db46c017fe765a97b037c38a44e90c54bac6eb7626cb6aa90300a218e
A75,nominal,2135,0.08819018894415842,False,False,e99fa605c9c7ed1e4a8d03f081fec0abdc08e9f9110e243e737b257c660f7542,b0c2c12408ce9beceff4604ab7c8f2c5c1911e65be99d9eb6bb1bc0fd49ec89b
A75,nominal,2136,0.05897875598232771,False,False,cd272a13918941f50bbbff5ac060fe3cb5349fa75be1675f5c49f3c9659d83e2,b2b86c5f3449d49a1a0700c9ff4c90d3349ac04946c579eb77bebf95e50a0a7c
A75,nominal,2137,-0.07239489455962622,False,False,51841f0fcaa2b2ca5c2d06f3b2f319427496745579e36bb89be9ae3a9a15e938,0113fc84d5d8d478ccb48674dae4b032d13fc09d3e51a01094fb9d4c5d89ec6f
A75,nominal,2138,-0.05776603754786702,False,False,79db547abe9ba5a801c3dff16b69fa4c0dca0d67b6b79c2d68d73b9423f14bb2,c15c706b274a01770b9475cd4d7057792960ae5ed979a57646a58b4141a20514
A75,nominal,2139,0.01453340400828762,True,True,c3be58a4013e5e60305a3e6a3354b79320faa81bee5bf7885200ec35d2ac0f3a,4fca33f953b62721f5936fe12f00db40b762e8e9b5abbe583aeb07ebaabeb29b
A75,nominal,2140,0.00542671032771036,True,True,7f48ed7b8f46206e314e231caf18c53c90149103e6135ae3f79d737114354fb8,0f10d39f6fc018104a47671f7f2bb4e815156a1b1381ec93ab0f9462e91ad663
A75,nominal,2141,-0.10887086986056099,False,False,cfc4ae469cb155218e30fa889b1a8f609f7695553d035e9e7d9b13376bbb8699,535e79493761340a6199ae18d057933ae49e75568fd657a065cd42f132391f87
A75,nominal,2142,0.03987881481058675,False,False,262fa43a43041dd571b9f1c32637ef4712d9dcf053f13d5f31acdf74ffd3ce51,6845cae473b480e145ac50b9aa2da6cbde9fdc451b0f7a369b440d9efd88ca8f
A75,nominal,2143,-0.05441654099151494,False,False,c646164d1a2f9f4960bcf5ce308ab0d6d22500c0f8c7b50c0091496ea80210c8,a9a5e1e9120cde97a1477f98ee7b06b4d9e46fe5925f239d6c7d0f0c49512c78
A75,nominal,2144,0.10756645076281357,False,False,12880325c26469fa760eb8875f01693b4df45407bf2b978b9c2b51938743b9ba,49d4c4f4f48de34fe09e4bb9b71e9ac2fd07bce5f71c8cbd1388207edd4c7cef
A75,nominal,2145,-0.02642569716966503,False,False,ff71ebc359c4be40947ea6492c7f4c0584ca3a2379e979d294381853d668a933,b4040addc8374d0e2b3eb104ab37c0d517a76e699fa3a1240058bdd1c82c35aa
A75,nominal,2146,-0.08189776199069893,False,False,bf2ad3a96792522fea23e3f404f2510b75f16bfd912a5e81f7e3cff33c1e28bf,405856449748b7e422bd50c7ccdae123793a41a9d1d33fceef4562a9b223aa06
A75,nominal,2147,-0.1643258416877001,False,False,7935e347850e0c6c363aabb4b5e66335f9a84d192b0275fb95a3fe066be58fbc,bbbb653e48326a5e59b3c2dfb27a9c28872fe44f3936b22348ed79b99d01742a
A75,nominal,2148,0.013854636734809023,True,True,5373125100ce1f2397b8f6db70e40fea3714baaa37c793f649266cc74a8ec2bf,d771136873a5808680d6eb1caf1234f8eebe79ecd8b389fce60c41cd9f8723db
A75,nominal,2149,-0.037307057301103785,False,False,1eedf97db84aec81120a7967e25fcf642f3f7943e51e959d8b2e9def84368493,15a529197e1e38c41e885a16a0fcbd0bd7e0a086ea8c9f40c0178803c549c128
A75,nominal,2150,-0.0022008434637639795,True,True,6fbe8a2bb6daaefe65396b7d04dd1855ac335ca5166dfe922c20c708cc42837f,102a8de2cf59d9da2e06499375d03c6ca5475e82296646999ecb2bed4d39fc8e
A75,nominal,2151,0.036186928140086505,False,False,6cffcea22fb51482adb0861ad99a1e460fb61bce52944411ebb996a9809ace03,a2cf8d8bc03ba6a8a48a4098bec50984da4441e1f089183647229f8664fd7cad
A75,nominal,2152,0.06368074169870652,False,False,280b9a80755a1503c59ede11a814688ceacfb81eda1ce24c6ef66de1d09cddc6,ce052523e09226e58e5fe339b8d443d89ef56131efc7af511f71f73fc9de2272
A75,nominal,2153,-0.10343806437404818,False,False,f48fc3f7b47ecfd2c2a8af2a70be4df9208c748767d5af13c5a01e220c3bddfb,2c56298074118efb086e82bf7fd2d14aebc6166bf5ec04182a82f646e7062a3f
A75,nominal,2154,-0.00386681910995873,True,True,d70971f634494350754d7cd51089b384cc343f09009ce1f6bb7543ed3d09f029,a31e9e8a8c62b344ed325f3deda9d9a34848a1829a4a652e169bdf96c1a43a9f
A75,nominal,2155,-0.10720126625683934,False,False,709f72861b5e3acc9797b775f6b85b00153dcd018c15c5f9b54cd3034796b79f,f565ee978fb46a04d9c099060acab7ce9099a6d5dbd94c38f2197d755a9b5029
A75,nominal,2156,-0.04460917189820962,False,False,363e7951b17a88eb09a2b137b7710af56510d94569f1773ed0f92a9cda27b17a,9301ac05ec68d933f506bd01eed4e952603b8a57c0fd03068df7ccda4648b467
A75,nominal,2157,-0.04772031494803203,False,False,207af932e2d046dd801be86d047acb9b3ef4003f169cd5db91484f620b6ceeaa,117dadefd5298e76c93640270ea77f55c857890095108d3318fd1256732bb9cf
A75,nominal,2158,0.06995727471614943,False,False,d7926c47514bbb30523267a89f559996af1a2ad4638d4639065c8fdbc242919f,c30ad5fb6ad64946dd2f94ece22d9a6ebbb68bf739c3fed1c00bc09706c459b9
A75,nominal,2159,0.015241563829446636,True,True,6d2fea756faa66a9ba01609838fa50f9241534d122536050997df13c681d265e,cea58974d0090db4e0968ef7665fdc6f7b561950155a260a9d02d5474f136a80
A75,nominal,2160,0.04587663132639397,False,False,11f7e981720ef914684085fe26f0c589cad73400800748e9b9638bce16ebf92d,917895765e9dbb89d2b12fd8aec9542c9426c233612bd8db7e0076570d584d00
A75,nominal,2161,0.10277849569178754,False,False,5f9176912f8b4b8393c5aee37ef650af83ef156567ef172c6af6a525bce920b3,56b342ec3551b4347e73a6996d0723a7d1585927d78c091f28fff2bae4bb06a4
A75,nominal,2162,0.1066614888077222,False,False,f8260d6eb76ae5e00a6f6aa29f6e7a0bd07cfa2cdece17b5108d89ded5ec8a1d,19458b8ad7f6847a33675f29fac22ded7a15c420d086bec32f956451d6262440
A75,nominal,2163,0.07535255731787371,False,False,9f303eead31103126d68d9aaf42d032c2d915b6af8e288fb9ad9dfc93521bbb6,1fc2f0ecfbf20465ec938cb4824b961c0534084f2c2a9c5e70abc2944ee75fd6
A75,nominal,2164,-0.20752548692150274,False,False,077d89c31a3e016278820614bb33e96fc729364e456048872444c12728ee985d,f6ce30711ba3fa402972167050e6d523b3939a6129375f0af190b64688db34e7
A75,nominal,2165,-0.05008697721494504,False,False,605bd14a612c6fa8cb4c08d158b773f1420fbe89cf64fdfe1062cd4e93e3e642,0dd7fb1a0f8c7b523bd96885fae5835956992100bfe0f620458bd04c314c524d
A75,nominal,2166,-0.03271347466775565,False,False,1221355e2db766b4f082295744429ae3382d3c2b00b254f9a2fca8d4151cac8a,078656797a854bebd4f105a857428f4280962a7da68ecc1553dbe641b5f526dc
A75,nominal,2167,-0.16740017562707904,False,False,0634b54bf76d0f06c603cbe96bf85f3df92e91f08f262a71d7796ec3ce0e3452,7ac8a455b4611980b3199d9f43dcf6751c8c8ae1bca9cc0091243e23817218e0
A75,nominal,2168,-0.07520916095365632,False,False,ab82e5cd1f4a51dd3c4886558756a85c96e937515be0ffc02359b1e932639539,795349b6b36f29c324798967f87244066e4b399f28a357f3acdbc210f56c1d47
A75,nominal,2169,0.05941012993713901,False,False,ac0448ab297dfe4e01f89fa8bc49766d6c330f5b6ed1c8d2f700d0dd6287d44f,9f1685430bc3415e87f1e0ff2510344cc83aca5365145a65f69c385116446ae5
A75,nominal,2170,-0.04432169249653273,False,False,11fcc4aa4c2555d7f948b83bd8a01a16b4f32de1df6f6e37f555adf86fc09411,63de679ba545834d8abe2141bb393f609a93fcb2ccd844f3badc183c3371a0a1
A75,nominal,2171,0.10512865043138608,False,False,c10845abb87b8081b547f503728c860f44e0d03f0ef8b3a0b448ed4ab222f7c1,c3e2e6154e7d3ceefa3cfd3b090f40d1ff463ee699c182006b517690ffab7004
A75,nominal,2172,-0.012478680821022825,True,True,334c818cd09c3f10ce5194a5774049c80a62907f968067848cf5a3c6daf8c3f8,533d861632a182bff10a4f5d304625af499a2ccf1faeaac51c42ca4806a0a38f
A75,nominal,2173,0.10797306203317947,False,False,e8b7737b84fb96f3920a0efb989ef2e25bfc10796a197b23e25bc21d0f54dc9c,7597fcc7e9cbca5cb35f440d3fb506d51aa415f05e36b5eb9ba41927c813afec
A75,nominal,2174,-0.03450571700313221,False,False,e825b02a30a67edad2a85e5b83f7042696303e4dcdc18cc7b61fbf51ca23ad3d,c91f32db5160b0c52125df84dcc1d95e0764b99af693103d4c76e3b9fc6e8b34
A75,nominal,2175,-0.08430055806061287,False,False,c5ae30716f26cd2f03ddc9ea8e3ae5096630f55e2ca16151b970125d98f99dfe,4706d8aa5425d7a30334b5e9452ca33c66b68fa38b2e689a1b0483a5e7a9257d
A75,nominal,2176,0.020017671425610062,True,True,16998a89937055fed75226bc2d8ee7dd6f1a9b081184d2eb776e6257898cfb7e,0e6af61ea5b9233f9eaa300a12f9e0088a669428d671936e995bc424f94341c6
A75,nominal,2177,0.005091631711999001,True,True,6a36fb4c62f962ac381faecdcc49eb96e1205f101180d8d6f1a52a5ca38000a7,2a05395d13cbe7c7e6a4ed9085a09d799d8d2e0289354d9faa0caa5775742a33
A75,nominal,2178,0.0171217402323961,True,True,f42d9081eda1a5d6989ece278e34e4aa1edbb4a6eb1f33c366a58b6258567d2a,6acda45d2fa96b1cb0f5d2d05e1d413977940556cc73762b198fde11063d1439
A75,nominal,2179,0.05463122414144472,False,False,cf35d5598abb013ac49e0bbe408f7bc870c9d06122c0d6cd8868cd5bc2bae699,0708feb0ca27f56ca22693b0caa22c9df887159d49cf1ffc0aa17293bac95e11
A75,nominal,2180,-0.05547969180121942,False,False,c0404c8ac6d8b3a9d7bc5ec6c27d16994fa8232b2fc50bf67f5f3d131412c24d,ee6618ede9c33a230f84deb2c33d069c15f1ca20f76430efed3febfcc6fd8e72
A75,nominal,2181,0.06258738554090759,False,False,40b09dd7dbff10ed0e669a8aa9dfa5a2acbc19d63f5800fc2511807981859bdb,49776b88bb03408448816242ad93d691f37831ca4da1529290c2579a9967d87e
A75,nominal,2182,0.05717852780333599,False,False,d99b0b04e4bc4825cb8d938ef5d1db744f4de43e9963fb13f3828166e1c869ce,0002fb448452a6e96a64924f7e0ecfcaec2b427255621d19cc072dfc5eedc83c
A75,nominal,2183,-0.07005851382399159,False,False,2fc6068787261cd1855996565ffbd54618cde2665ea223360c4fc60007491e0d,f9b7a0314e4bc459de37d2a31c7a9054f8e8d69b9417ebc6f1a9ba53e8f89640
A75,nominal,2184,0.0728667078256795,False,False,fb4356ad7e3877dfdbbfa5af840d1fdc05e12bcb2d796270be6839479bb9ffad,ca5e811ca668c490ea73866f09d2f0b34417009571acab133cc99ad766265336
A75,nominal,2185,0.10183675590156682,False,False,a535c3b5ad0421d68870e29daae12da3afed589d9a8cb9d80b51ae57f57dafaf,97bf745b5e31b7b4a1670918ef09e8703ab592b87cdac8ef7580b9230c2ebcc2
A75,nominal,2186,0.08187604365460743,False,False,75da1822871bc42762bb0ede968681c367aaeb63f3123105b15b52776d4eb604,c53b6317a48375f6ddfcf9d6ff918b44413b8eaa62a2f3cc7d392b7a59261444
A75,nominal,2187,0.03839544231108727,False,False,285a53f26405b42114a7e202fe650c472bbc30f7a4e99adf67d65103757c1144,04e11e279e7365bd26041b46ebefa9f096a4292fc0d16d3661c196b8bfea81fa
A75,nominal,2188,-0.025550859943561766,False,False,766c6dc700d8cd354242717f10b763bf871fc2684b1cba4cbb99df2107b90945,5ba0914d0fa03faed3d145e6dcfd6bc764945fbada3f7b641202f189b62ca8df
A75,nominal,2189,0.12455985038024597,False,False,371f0e0a8abdb0e8f9f79bb1a1436d4c1dc4ed9f28f89605a87ddcb9012c357b,3d440cb146c5be48d6636f22249a230558611d601361589d9c116b0c18b299d4
A75,nominal,2190,0.035997056860232024,False,False,19bdc002ec5d3a0b5692a7ed9f42b0a4da6971671a2858cf3b08b902dac3f4f7,c744cbbe74f512ac180de3d13720cb1f95d17ab346fadb301c371872e44dbccb
A75,nominal,2191,0.054508795349345496,False,False,1c0cdbfa72da5f35cc481a7ea95f414454443a0df139a322eb2ea755bdb0cbd1,ee86b413450bb82ecf77c279fa1cc0bef6d93cadca24aa0d15992ef8c3b54f3f
A75,nominal,2192,-0.04835864623098163,False,False,36b905c37b7f72e55e0b97ccb1d7d0ca6be84d4704322e270bb44dc0308a90dd,cac5fc31ddc77cdb0c73cb5346bd321e2b3a51a5132a2e394228668e11a4c5cc
A75,nominal,2193,-0.06398910832426397,False,False,af6b87b54d69eecf2058427c8d884b2cbea8332ee2d0dc81399da1151a3e522a,d329745e9363a690f54d0c2b19754d942dd6b1d3bc6c93cab72ad5e06638dabb
A75,nominal,2194,0.04588071039946107,False,False,d1f6f381690be036bc208c70c29a1eb377a3ebf71109f6f19ea7c7723ab7693c,f4bd7a2c4a3275f076239ae0f098e6654d0f85524519b98c64140a62e91920fd
A75,nominal,2195,0.02095825995134515,True,True,25071dc303ba831c26639dbe57171a6a90d9b95f7f50f7c763edb968a400da0a,ab676d7d265791ec069de94a90ec541ce5cb2cd4ca4dd04b6b4189938911b53e
A75,nominal,2196,-0.019240287671461187,True,True,6cff0d1d3c1134c1f52b3f55331344af1667fb5e6eed1132947bee3ca7b8b650,bd01348232a6a53fb4fb6258c416b1b9eb9dd3f46619e6fb2d046de740fc3929
A75,nominal,2197,0.002110116672904727,True,True,8950a09eadb53b2b4abbe658c5b992b4f5b6c55b2bb651f4c61e3df3e6101406,55301bbdd57fd63a565eb2d1aea76b1649b4a823a6c17fab6bb9fb12ba945923
A75,nominal,2198,-0.031675252520169284,False,False,006f5d40e01d0a9dd26409f46cb32ba9a065482acd1a05ddfa3fdb7acbb698fe,280fb435f7ee6e29d5a7cc536cbc60dc651568c735b429490942b94c02b7b9d5
A75,nominal,2199,-0.02080942644674838,True,True,80dcfcbc5776ca7a75959eae5dea60d607f3c75f7e8a14011a429f4a2b6a8e67,4ebb67b229de4314ff8ee477d38b2bf15c792e2e75c242ca92d04436aaef444b
A75,nominal,2200,0.09073831696836754,False,False,ff3e6a17196ae350fd1115ea4a2d1eae7b39d2b44d6d5519a379e8dceec93dab,97713719e677f33decff8bbe359b5dca43da3cec2dd500883fcb016ef1f6e39b
A75,nominal,2201,0.04960164019503399,False,False,54408022f91d65f39a188283aa2d77bef9dc68c0ffff0afb73ed4d38d7263d2d,e3e7dfb5c6e71b3723a9183e216ebf0fdbff11311fb6107746fdc6c5cc010fc8
A75,nominal,2202,-0.09642591194807087,False,False,0d5ae1faca215de0b13b624758af076a55424f9727344cbe0c1279173c2bb98f,cc6b890ec530f36cd929ca8dd2d06d97278e3dee2ac7af18ad812a6e1cb021d8
A75,nominal,2203,0.12573212713801718,False,False,0eee38c9c01403165944a7fd22f9d049d0dd2dbf9a523bd5640b1da8f0c19d8b,30bf0c78d564a223a70561dfa975d916f90bcd2bba44ee6ceb689c256e73c222
A75,nominal,2204,-0.03670306570956278,False,False,a8de40b8995a8e658d8726ef79a2890a5cdcdacf3b7ecafcb9ab4fdd1dc11cfd,8d47d761fa30f08b6741c163cbc7c25fab20d9518e05a40d823bf854545da8de
A75,nominal,2205,0.1093205439323639,False,False,052a92fe1a4303c96ca741c3c7448c28f19898f8d354e7f1ed1b284d164556ab,ab2774162e3a273a7baa88733fb48ff1eba87b800d28eef1296b94848347a967
A75,nominal,2206,-0.05005540060780356,False,False,70d0a7fc7c6a070b4c4c0c78eab2895cdb6a1e687d4804c19e3e5c3a1e302034,5c9c0dc43a6c8966685cd82c66dcf8270769122cf8a5eaa435b4931f01dd7338
A75,nominal,2207,-0.15684001083832877,False,False,455f429fdff57f9a167fe6c3f2eeb4184ed6e0c3d3e741ace203dc8f795809fa,be00454035d703b71fb1bb5db2f311521b057f8731004b3878254877d89cda90
A75,nominal,2208,0.06787687827992661,False,False,82d220c999e7a786e1faeb48d75c6be0f107351f7404d73177e3978ec7f256fb,4890379ee18fd73fad5e4df805df32021c6f1b7a573c030bf27dfd0c03a76c78
A75,nominal,2209,0.0350144019759715,False,False,d1caa5c355167d0aaacf89258ffcc80642907add452e65b92eea504a833e304e,ba1f41e8a4c11c32d6d3e3203c6ea8b47f75bfa546db620f1ad285d2fd1915ed
A75,nominal,2210,0.15715109614209954,False,False,16216ac136e8bd7ca45bd28abea8b9da43c1a3378b415ab97f4b86607e94d9b0,b87cb7784fd2eb4e62aaf0d329e8baf638613837adc37985419cc9db3a1d4a52
A75,nominal,2211,0.018592348265864533,True,True,75f0cdd1a3453aea552579105caca160b82c56e662aecd9be95fb04ae5cb337d,763b2e247ec85352bc57d081d7165486e6adf278f390dc1db3488c96f9fcd7b3
A75,nominal,2212,0.059058287411762334,False,False,421e1087bd590ded418de562aaa0fc36c8516fab2d72405ffa209a2448156e3e,99f7868d7c6c6ff705e3460ba163117f1d1c8930abcd9fb6bc8dc3671859d179
A75,nominal,2213,-0.0294562722343249,False,False,621e2f6ade886acc65e35c82abe5c70f71692cc436c5cc04412bd685c08a5ff5,c2be0482832f6f1abe79729449cf60b67563dcc8a21de884b27d47ae2f11cab0
A75,nominal,2214,0.07361081091067267,False,False,e781b20c3afa797310fd5dd5feba2a7b2471b18dd3d5f49b3837bc5b39c1a4fe,6574d068baad5e33aaa7cf7ef23b91226ef7eb128477df129243e7decbdaa147
A75,nominal,2215,0.08259639722481771,False,False,77083bf875ac0da2ffcb7474b731ce42d78643c799e723b82a017400d2216ee0,2233df9538927335377921460d4ce5c671a816c2f396e0ab6be372dbc4fb3960
A75,nominal,2216,0.008811964954118623,True,True,5484f76efb0c71639caf65e85a154a8d0751407472df9f5c1e9e34d90e8479d7,c3a2240f89a35a6e64b4286518a69af37d4b6a1b449a1da9fdc7ed83f1e5ef33
A75,nominal,2217,0.09950643001297588,False,False,18f79715344daf2563420d6510f952cee5c2c61de1ac585fcd646a16b5c0911a,c1b31dd928ab31742c5c18d56be23e8174d37eb5f0adeaf50710888011393fb6
A75,nominal,2218,0.059681410634459975,False,False,34b14803a0a9096a5e3df0c4c7206f3cbae4891a75ee6bfe120fbef7157d105e,d8383187d83c4a2732abc1cc47868b6c177da2430a2326254bb7aaf4ebd8de21
A75,nominal,2219,0.038477181178976805,False,False,6ad6bd185852cc076ffc72212288503fc9f58aefa9273e72110398d4aab6645f,9ba58809586a24bcbf68596ec32394e66870798736e583df7ebcf8f2c4ee49b5
A75,nominal,2220,-0.05755136862977611,False,False,a1506bf45e3652af12fc23ca94c8df8d06cf20fa6c54dc7a9a37271775f33e47,5c670363b4a95593108ff4feb7ac43d24a0d67633d71b71912afef311746aff1
A75,nominal,2221,0.023733218567557723,True,True,e0adb7a27baf103a19e4f07e86edbaede20de999236a21091b5898ba1d79f4e0,017c24c0343e89eda75e5476ef65e42062c600e0b79bcc37281101e1afd0ff35
A75,nominal,2222,0.012199102714735677,True,True,156e852e509e284c88b823142b5fe3b39018942732cc8ac1eb6b4e30de5b2363,cf17caeb20dac7495b417c898cae278da02837a3b9219f610ed5991225fd2869
A75,nominal,2223,-0.061753325830460615,False,False,a0ee61ae244669ad4704ccafdb2a1632311186b633dbde4a5c1eb2be596a4641,ae579ed1ffc8a8a98c59340680e0479fe91a5a384de0e3ba9583250d7fc336b5
A75,nominal,2224,0.040089948309699586,False,False,0f3a47c6876442ace2dc11eda8243790136ec8e3279e41a941fe9a4dcd1296a5,cd58749588c4ed67ba043a6302abb7eb26d4108e514c13aeb4cc6ae8908a6009
A75,nominal,2225,-0.07142072132669364,False,False,2bf0577a5b473aae4a4cf560031d816b1b314ad86276337396a2293297bf9f7c,7324bf9b8cdfcc0347e09dd6a7503f725c9fd5806f221f80ddcef3f2ed45b32c
A75,nominal,2226,-0.06269035771768844,False,False,278b8f11ac6d259f2cee2402c87af401d0d3289b60cfaa9fd5a74ea44699207d,90f96be4f14ee3491c41381f6b8b5ba0050cf47d89a3717d450809acf2eaea5b
A75,nominal,2227,-0.12738710618587867,False,False,1b9dfed16d84d692eedef88908465e0f710af5f0093342f2766231f86c0010a2,deaf7a257c2a06e1fb0b619fb24987ad7fbd21c1bdb3a0eb080ddacbb21315d0
A75,nominal,2228,0.09635221257156157,False,False,32d42abe6e5b96230b9501c358843c4069a9e933920249aab6706326e9e7d895,93a639110cbc612846659b1e0e90131e5fd39afe4a5a642c70f7f65c6f9a8bfa
A75,nominal,2229,-0.048599163411660984,False,False,2f4fc38463d8b7c88debbbb510e8974c8d9170502d8aa1c2fd3499fa295470d4,21799cc855b9adc1df31589cc9b69170063e1c48f360b4f937397dc24a8c9050
A75,nominal,2230,-0.021549669469145216,True,True,802cfb261805ae8e6563c81cd11edc35a441bd0d367c3eeb90b6fbc00495343c,8fcc237d5cf83b8052cf88baf05f71dc84ce1b53466a7c49e79948364523cd28
A75,nominal,2231,-0.08399946855404622,False,False,80bf07fb893db890a28675827c8be3799122edaa3e8bf33c05a16b1f4996b13e,4da54842cfbdcd45e1523a409d05528304cb1419012e30a28cf5bab914eb804b
A75,nominal,2232,0.011331630220082212,True,True,b44e27894f9770f2af0424d4083a145875285c551b0fad35588a8c8a0bc6333f,b253d93299c0eba14bb032fc98961cf7a38771f89d1d56e940ed7deb2fe852c3
A75,nominal,2233,0.09881692016496613,False,False,8a99ba8719f8d96dada0f20e3da2becabc2d1e6fb641989e771509d5b82e8b22,00a9890ce5b5c1e5f1071852b0e694a4c117dacce9b68551acc655f0986a260a
A75,nominal,2234,-0.07852654105365175,False,False,82635ca3747d91b10e4444da35ff7c2a8b00f50a880df8637daffb2d18bb1324,f63a63889ca61d901f8f77d41e52c3ed48645f8e3953ed6e7b634506091a8ca4
A75,nominal,2235,0.01704858076980409,True,True,0f8ce23d36bc6baf88f5a8116384d4ecde2235b7add0cdfb907fa2467a232d40,80cbe23a9dfc1d83a9e30bf2752677999e34104eb4be4ca9cc391b03fcf1fcb4
A75,nominal,2236,0.06753804001566222,False,False,9f54a8e6848032c55252eda223da8f8b0fa779898016928a9f8524228cab115e,7914e6fa955a16f8a09cd5d9fafd9434d0e25b174e8c83c4bb978d7d47875700
A75,nominal,2237,0.01798037182170953,True,True,0e2799e9e6d38fa1ad24033042ede18066eaa26237751674f66c4af2444a85a6,e0bbcd1b46e0e61bcf32087192711db2964a6dd1d386a898968426f104e093b7
A75,nominal,2238,-0.004419734066438086,True,True,b62af671731e019506a5305cbd9fb645c7797b0928d9c5f2eae89a4a7a368f62,4c3dccef5b9de435c0d1ecd2dc6805c22888615153eb477554a70612ccb142a0
A75,nominal,2239,-0.18360340089683913,False,False,dedc2af4da1ba38491817ce97e5cb33d3b9af62ba101a2a1872685c79d0518f2,a1cf8733a8be30ede671223e80ca5edfb3640893b123fd4fbdd9c79f047a8e11
A75,nominal,2240,-0.07280838174747922,False,False,7855624c256da6aa127bf4bac04074fb055e1d09264fac1c01daf7bed5b34520,8215c18933773251caffb4a4b422f7b439b409d2417f7be97dcd6c48d1ad17b6
A75,nominal,2241,-0.12625808222101093,False,False,136ab54f8d8088f3aa4efe2337effef83327ba4a87ac8ce7105f6a1425a2cdc5,1d37c7b73a007c7afbd3ee88c6da713f7db804f38cd89c1bb727a50bfc7378e7
A75,nominal,2242,-0.07517328473084078,False,False,53d5e35f306c0a247afc4432880ffb303965b2e62150af2e3733b097fc0ac643,f89eca1c77463771b85ef4e6eef89853a25591bed29ec0f9d66fb6893c04beae
A75,nominal,2243,0.12388774476103848,False,False,a1747bd80903d9922c370763c03b902a37ffc500be59ad65a3d39e1002421a1d,ec81282092f3dcf81d947bb3c036dbeee1e02532e832a9c4de630a2dce3b2b5f
A75,nominal,2244,0.08510911306005431,False,False,175ac7b1f8e22a0e48f7abeda1ab6eec073600179f58cf1278aa26e60b9ef4ed,705e7782580416b09253c726369fb819e2906eef65f2c43aa4b9cfec038294b2
A75,nominal,2245,0.0762866105398976,False,False,c54fc6ab8f9f08c174408af2122cbe01d451a0429fcc3e5921c579800c444559,2b15c193007c8fbbd756e681daf14105006dcacd90a755503e7e1a6f5a818daf
A75,nominal,2246,-0.05342882547774214,False,False,2e6f9538ff82408206b36f3d6f48edb0d67fb7ad31b9fcbf659e9771928d2c54,55d7dea2a92845ca00c5d8cf80fb4e8e28f8d699bc98b07add9cc0071783b8e3
A75,nominal,2247,-0.019826681482509823,True,True,aa92fe9e247356fca38e6bcc666a96edc63ac74687e774259403b9383664f073,93663596fa885ade51c41bcf63b4e400b9a231e0c150b0d475cd095a9feaa1a1
A75,nominal,2248,-0.07042575834742354,False,False,534f3c79c821e1694503133daecbad1f1493216b5395b20323af7e4eadf224b9,7d358cc7e815f163acdda986bb3ae98cf7beafa51bcb245bddc431a0af3e0fcf
A75,nominal,2249,0.11816412271651322,False,False,04e4c5b6c366604e83b103a74c1dbbb75752c224f23bd79c5d89dd686608e304,6dd8044f5c2ea971462d62989eb285231c8f9e1c0602e5bea898766501c341b8
A75,nominal,2250,0.1341227963033671,False,False,c7690dd86acac5d59661d1713aaced8e2173510c46a43298c338f38ddf40cfa4,5190fb5e564b03eb0ff53d1662f7ee58ae92bae8211049a6952bf096c7bbd62c
A75,nominal,2251,-0.14493475367523478,False,False,caa6f1522bd4f444af2ea5fd16bca19fd3a4f95d3504d0bcf9dec0796079a242,4ae333a7ac22128723a7194b42638236e3b9419da73f5d624c44706b600fb033
A75,nominal,2252,0.049092571724269174,False,False,e44611fa3be1dc1f5d6c13a25db5703e30b62ccc89ad403426913de3c572fce4,682d0efcd6e0accb62b0cd38012ecc456dc1d6e3131ab03810c3591802594517
A75,nominal,2253,-0.16295107795546282,False,False,c8fa1ef3dc30df5d3086d1542bb5793be912f135ea52e2425da3f185e7b382db,968f3ebee3626c438668aa57a94fe1358b7f95049f08536c8923e87f82ce33e4
A75,nominal,2254,-0.015796391249765396,True,True,411863b1741d9e8e896287a77dcb2a7d1607da2b92834a06f06f2b2cf71129c2,276983cd4b98cfdf464d899399cd7db0ad08b00d1fe87dac49ba9af66f6824e9
A75,nominal,2255,-0.17936211835567523,False,False,33b947933a879d666412ad0b60d5eea102d5be964679904399aee6e120302258,5cced36a92acd821878ca0690688660936fcc5f2ce17387916ba430ac1e873da
A75,nominal,2256,-0.13015535888076385,False,False,24479a18cc4eca92e6752cc788ada722183cc53fa587533015d517f3f6e15f20,8c9032e5a9da805b5e725a18e8fe235f2440fb76f6ed070161297e947740579d
A75,nominal,2257,0.015413761277814797,True,True,5994d0d71f7d06647c1abec03489d7ea6b03e08ba04432896ef346c3e3c665c0,ff775f5513a22aa4c3a9cbcf03f908736b2eb2666fea5237b60151a50862e9d0
A75,nominal,2258,-0.09702616398698588,False,False,444f16cee3d19fb40281a2b2cb2ba5bf6af06c09bc6dd168dbe305b4c5133075,affa2db1cd13c31489fa580cbbf7b0a4dbb4332eaaa43cc0c78d627f5388388a
A75,nominal,2259,-0.0311411356864868,False,False,77745c310920e7697f9f35968f07d005de01792e60fbded2deef91d53bc7bc7d,f924246393aa33594f8e410e75fc99cd31dadb74c2d17e4f402a47192a190ca8
A75,nominal,2260,-0.060907047811056436,False,False,7bce49d4a9560802dd3a47fc4676a15226d6fc56c5bfa34f8d364ade5518902b,77a0ce9e1ed4ac61ae78bd9e750af11f8d83799dc66364eb3b6d3ce317f4b7c9
A75,nominal,2261,0.0851398744936619,False,False,0fbe620c84039fa921488a141c820bb062071267c8f815a5ffeb5cbf3fe006b3,6f07cc18e9cac1131712eacafdb3d160470f753cd2023b8e972cb77101a150cc
A75,nominal,2262,0.11949577777477505,False,False,70ef1341bd1e1b0cae53c15cc7d4be91ef9da7ceab3e04a1a8a1669d92b353c3,8e248c0834a9b93e01f280141a4a75eefe6036f2262697308ab8d233f7b8386d
A75,nominal,2263,0.058769188245313075,False,False,2cfb378fec95171f97b993034a77ab7b1ce6c0a7f71aad781b609d13263fcf17,38fed9ae1937c40c6fd57c086fefd952139ec3e56c8b7cd31cbaeb42ac39f9a8
A75,nominal,2264,-0.17527200572529117,False,False,b309c27b6e1e28ea22876ece6e83cb0dc291f00f0539e5bc6bbc112ff05ba7eb,af626cf4799e3ebc1eb2b877ebd6d0f5cf9c771aa2696d2ac7affd27862ccf14
A75,nominal,2265,-0.07239397964929928,False,False,e6f09dd1e8b47e042fe0e54e793aa06b496c64c24af0a6105018735e2f936a86,f0153deb2676f98fa279de59a5c9a7d03f9566a41d3d25ec80cc7171edabf541
A75,nominal,2266,0.07173282601005115,False,False,703b58afce7ead1f1ba75d6d82278fa7a36d2f697e330b9e807406756a5c42d2,2ff1c0c98e1e7778243c1e9b8c04e6038fc232ad410d9d2cda06cd88aae5fdac
A75,nominal,2267,0.10023345301758346,False,False,20d006862431e79df49fb8f6859e02391dd4da4c9e9f2c8067f6bd6098141a64,16645ced9c95e987bde05e7da9f6b2849c846c952862876c8fcdeec608d664ab
A75,nominal,2268,0.020557438162022712,True,True,771cd56232e4b8aa2a000ef364d8867a17b32e826e63cc6a88c9da908aa7959e,a1475b17a777c0158ee8aecba5b1eb6a4b2ee2f7763426b94e5a61eddb197d92
A75,nominal,2269,-0.05599557549870837,False,False,a43eff026e899d6d06949c245b37a0c1ec7109c1f5acefa9fa18ae1362be9293,84ac7d766ac1e0915e2a0cc60520cd9cd60f4ea7f72eba8113353752dcdc9c2c
A75,nominal,2270,-0.08600500819963669,False,False,dce25989e77c823773f4efc7a4d20f552a807fdc6c6d61798e1e797dccbe166b,ae4180fe763cb870353ec76750d1496f26b9fc05ba4e23e64346eb48a0483fbc
A75,nominal,2271,-0.06671951443564045,False,False,24c4f3ab1ccb59a733499512140dbe0d211db1da0cd1a218a505aa8b706bd3b1,f371724022687547a5ad92d211dede540f3406d408ad13afec0591ad996b3ec0
A75,nominal,2272,-0.0011629640046648682,True,True,10cd772921eddfcfcf636925d50e9dbf473c9b94472a9e0a80d69b49aedc297e,0133b5882bbd74bd56666a30c9acbbf182f4785993d4cbc4014cb54f93ac99d2
A75,nominal,2273,0.05497553063189686,False,False,a4b1fa7f3029270f321e38703f6a1fbf794b00c3bc1d9650f5863470f9f45bcf,fedacd39f3272b59b4440c322c05e1d82c8ae36674502f10e0e9ec23ebacc877
A75,nominal,2274,-0.10358029770698962,False,False,910ee40a9c8042a6946fd60cc9a37fe081c6f84143085611be469ba1bd9703ab,5aee6bae2ed745f9d70b1d8c5ce3ad473fb464257751ee69c326bb036fc98846
A75,nominal,2275,-0.04354435173400556,False,False,5d4f7e8ba0cd7bd70096cfc1f891220ed2d9fe4d771340bcf234dbdd79b719ae,bec79779e6266dcabee2097924935849aa42ddba543b1a9055cec15575c65ebd
A75,nominal,2276,0.11875979274946014,False,False,04db444851d20b5c48d024177fd3334c400c8b58b511fc88d3c43440aa16b6c7,fe9d93046ab0cb70e191632ece50d0e63b9fa45f2e797de4cd2fe9d61eb91feb
A75,nominal,2277,-0.05140236011216298,False,False,21e011f213efd37f513fb2061511dd001a8ffaee09e7776e453cd08e93885dc5,3feb5a4b631fbfc5eb5ee769de6fc29e572a34594da5c2cba14e3b013ab4506f
A75,nominal,2278,0.03806453415583644,False,False,62c16bd20eb3b662479e50aa109a86a7c3e1f5e57f4dfcdbda60e7ead91e7265,d434a6b7c7cb869c75c03fda2c4374926ecd2d9680373a2327fdae22dca3f0fc
A75,nominal,2279,0.0006837756243049942,True,True,c73aab250d5168c142589a8e1ef4f0b03f0f80c2406499edc9ea00169787d631,2b019bad40339c0ca140a01a8adce3a58ed352d5c7a56d53d266a91cb9f57416
A75,nominal,2280,0.02384200280470883,True,True,da6372e3651262b1c1623c16c1e799fdc8f33db205bc86b78d43e706a3d48298,e1f8f0e16eeb6f4b892c75e1a882232936a0b118e3281f57e433953a1d32bd99
A75,nominal,2281,0.06502555380011077,False,False,c37012356f210739366727579f5ae998a81e2a7ee407d400cd420ac7a7c3b8a6,cc02b42f036ae43e47f9bc058733a33fb567d41c2e41819fa42a3ac1cf49df65
A75,nominal,2282,-0.021216585482167205,True,True,6363fa931b54d80ab3aabc78e59c5e701f300ebe1a55479a50c42de04fddea4d,616140278738e6408c01f5b4f2da6dcd41daf566403ba4ab4211fff563db5451
A75,nominal,2283,0.025322962817516004,False,False,ad7b02e45478d10e3bd5d6c5336dc89d0ad5fbee8cbbee43b5dddfca7273eff3,d238b541c78af33f40afe0b2686fa8c1f8ddb1fe02c1217a86d77dcd8c5d0af0
A75,nominal,2284,0.06430232911193001,False,False,f2b72568b359d29e550f3af05b01972ce13c49b0894c135fb8205b17566a922a,e42385f5f2d2cefd3858b6d4282a78086d085f377ce6fdd553d59118be4858a1
A75,nominal,2285,0.06911602989080745,False,False,f31b25aa187e80b86e1d2bfb68323c3104cb89d359e804d3fe192b714108fde0,0103a52c9fa214a06b388d83ef0dba499b729f402337dd1bc38cf27997f7bf75
A75,nominal,2286,-0.06886858207510949,False,False,b6522354a2bc33f8eb376663d00daa4bd2a3618d8ec76cd59246244d207049b1,2d778a3c1a8d908fb2208f36e1175ffd0be7ad3bc5b60109996aa6888afb1555
A75,nominal,2287,-0.11847430350691573,False,False,0e37996525d858c02ce915458fbead815e6ca8a40202da11a8d1d136c260cfa8,fa5dae75751ea1e19b2ed3bc0bd924b9660b56ebe0ce4d5788587c8021faf4f6
A75,nominal,2288,0.006777383156242323,True,True,5eec5019e3b5df96e65cfd7f7e34caf20b4925a7bab043dd32ffc185ee9a1195,31c7481e29a6f2c89b366361d9e7371d919923e1011f4a26f6bcdffc18c8a876
A75,nominal,2289,-0.10062435086275884,False,False,d959dd68a8393b8c2f1876675b906488c715bf0d02879e967dd66f638b46c3e4,af23d79a59b20ff4eb7baeb703247db6ecfb68a963173b2e91507cff321715a6
A75,nominal,2290,0.04765469051944915,False,False,cd9348d80006fa11177689f1727da8900a2c5a34487a1d72f6217e24315c8db3,d964d6bffaea45df2cf801b50026d5b696b253589354d8ed668969e2da2e5e8b
A75,nominal,2291,-0.0726658408455153,False,False,890beee72dc508b5df41ff736c6eadabe864c8c5d351e29532d71eacc233fbb7,3694b57375feb37aa991483944cec67ca5cf694991569fc36033988f4290ca52
A75,nominal,2292,0.1675743931565984,False,False,6c5ab99c374181810012ebb3f4e15e70899c595f40cb5dc3cceec5ffa4040078,2fce574058a235c1c25fba55551beda63907b1961024c6180abea62153b2e01f
A75,nominal,2293,-0.08534463267218101,False,False,d06000113e4adc9802abf054055716641f568acfd206101e6dd6b188ed017933,f6fa01bc524d6773de34c66dff82695ee7acc0e4ca5366b638cb93dc699a6bb8
A75,nominal,2294,-0.0022763692694920956,True,True,229f63f2ded6c0f2f9de31845166d96685729c17d25eedbf54440176bcbf6f49,e2dbe53a97e06d1dbf8ff247df7dd44409eeb932e372a9d1f52494b893151e64
A75,nominal,2295,-0.014685007840512965,True,True,65dd0cf2c192168bf02ead44eb85de5eb269652c2d5ff211dff54ce41b44bdd6,2a853f4ebb6521983cd4efb9ae971cf2836c50e74ae3930bfdd5e231c6f9e454
A75,nominal,2296,0.013797321566123122,True,True,1b8f6e2e80c68aabd6fdb49251361a42a8c42f7d58cbcf60fa7be62bbd951190,cea39b21ed6f575c1a73c3b7a206f78f5d4ba9bfc61307eb33493afec967b221
A75,nominal,2297,0.08015968070581558,False,False,0163f7b6271873e8749f0aa7bc8dba2c314a65fa3d766b5722bd6c1931f6e3db,31cdc3e70ce88e76c22025a8135e703e041b16c29c1f6bb0e3060362ff4ef0bf
A75,nominal,2298,-0.11097186533512227,False,False,72f569f355cd4530557614798a048f0afe3469da030da42e44c9365d622ad3f0,72fb00a9f6758784ed57859863eca8ad0b636d27f709c252142ec67507fed608
A75,nominal,2299,0.0707350727617635,False,False,3f2380f4c959ec76a067c155ea491ab4bdde594b41d976f8959c5a43ee7ed071,22cf1e094a7e4b0eff26b5a7a7e5173f5921f215ea42ce0e4bf813989eb26d29
A75,nominal,2300,-0.008980669055628276,True,True,5b995021ea046174a300bd5d8d36fd395bdb45a17e4c1ab4e615a2d52d129ff7,4fd1f7ed00c6ff36665855279b4f1a77c3d37e246115b7b7ac64601cfd2d0678
A75,nominal,2301,0.03059148502578235,False,False,62989bf305bf5267b90fc66752b6c72f755c5367b758bd5cb4977a25c5436186,cd06167fc671f4735446daac241905e23409aa0639e315127fcb5d33e7b4fd51
A75,nominal,2302,-0.03165316802798407,False,False,bab9667d3b40cb5e8e13d263a10fe5936de0a9eafb3b33a6d53bbd13495e48ff,330d2f0d09ffe2f6c8889edc59f756a7e3919f22c7971e93ceb706b7cb9362f8
A75,nominal,2303,0.03407713772234333,False,False,98fc8491e0dfca736d4592df3f962e1814e63f3f47d14f2191c65c9bdafd29af,c0421ee4f56e3db607bdd62e5ddda2d80fabf60e1d9912afbb244be3d9603fe4
A75,nominal,2304,-0.1561380166977801,False,False,a66fd10b0f9dc44b0e698fec9a166f9ea272c1261afbbae43d2ae8b3c39e4966,97302e9967ea4539d370cac7c3bc7ee562c569c7ba1bd6be0bce4b91a9b633bb
A75,nominal,2305,0.09642947175775995,False,False,5044d8c156516e661b9f665488c7e0c623a5ba4331090425584339fbb18fb7f3,96a5ec52e57908d109693ed12114d1f2d2db416ffa7b710b9b39abb54c30d495
A75,nominal,2306,0.09556560810964554,False,False,b2518ebf802c6fb07c4fac43dcd17072fe3000f229257b7e79ee84ce8ebefb5b,75504c4edb9b0fa48383187a98f368452328d8d53112a0bb8a57061ad7a387d5
A75,nominal,2307,-0.027801717623277544,False,False,e712a1de4b9973ad42e9011b664e9cc9d58283496e9f30d14409c55ee6e61e58,e15032343802dce38f3199b5996e9a34be97c82881f2e5c146654d24ef54b41b
A75,nominal,2308,-0.0006753353777690374,True,True,b7ac1c7d121687d1f6d1014afe755b076aa1c4a043d74d6d30b6b2610fc7a0d8,095385528ba151b0205c80507706b7b665aae663af6023bc74f85661b4a0b19b
A75,nominal,2309,0.03808093649655686,False,False,e12e68710558b735a5b15a320447c48c924d343ffee1832b6aa2e5b3afd8d662,d0145eea94a2b6eda20d910a20342a3b8d6f2466788419079c355a8d03fc9adb
A75,nominal,2310,-0.15465206726582548,False,False,ca1754ca95fe366e8c38ddc710ebb6c3bf9cd0da227555ed50bd33e53567a4bd,d25bdbaf118c0f1e102c9b312634ccb25045b0ec737af38420058bd5622ac57d
A75,nominal,2311,-0.034076791988570276,False,False,346065a81a8c291cdeab3b8e4c37388e0561810e112f810b3f17d0d19e94441b,6803ecd06002e105338761568036191b4f4e8f268faa1c871a4dbcde6ab3210b
A75,nominal,2312,-0.0680335123612344,False,False,c5b0d21977bc188fa591ab98432c0f414990b9113193770994df22cac4f1d2c3,abb0e4bf4e63c05933f3b32eb1f85e146043f7098a146b5ed8660da846c92fb8
A75,nominal,2313,0.025887858360653104,False,False,ccd777a816725c3c2cfb07b2ef6704d0915c4e53da3af0bd60ed0d246272b140,31884fafb2a6f91d4b80b8665522005bd4c66495ab43f86b6a64f0893f7da14a
A75,nominal,2314,0.022918721831420408,True,True,79d4b3b9170c3c206e7c4fe1e83760d90dbb6f3cbe4112fc22d4abf98f6b9569,aec24bae3ee8d6e6ba1c1cda9475ea5e29597259c8472722adbe5c9365c73e34
A75,nominal,2315,0.14243700999397158,False,False,ccedd52b410abb86d8d79b436e0166b52929906bb1d447e31775c926cf54351b,c45bf42a59d157860f80d7b39c40cbda618ed09a7e760c4185b55d9a7dee7bf2
A75,nominal,2316,-0.009031244955363005,True,True,ea7bf83e18e2f94120888dd93a712838caae7d66edc6abfca5f5d46b262acc49,cd40727f95125dfb1435541a4987f75fc3dd7e4748fac2a6c635512ef1592aa0
A75,nominal,2317,-0.06564998086461821,False,False,8c0ca18d8d3cb1f01dca28af7287eb63e34319d70a9fc835a308ec5070152e90,1fcbf88fb970b8e1b6a1c3485f8e4302a387d1df0e89d29795c1a4f192f5b59a
A75,nominal,2318,-0.022140532491202014,True,True,5298485ad3fbd5a092b3fa35290f7f48575de63ba8c51c4048667544d492b641,6ea7af7bf11addf37522978750daf23460b4450e24f5167beae840f3e1f54cf7
A75,nominal,2319,0.138226054897725,False,False,b8b4dd1b229f3f30e1e34abfe108cac553ad21b0c7ef5ce46a86e76245bcc211,67c3d0e63e6ec77f0704b6ed37d91bf9c848f2be0d8533b7c2e41ba11ac469e2
A75,nominal,2320,-0.028380323821077913,False,False,a305095492eb050a84b223462228c913d40ab0cc526cc8ed6c1e9264f4ac0012,091d8137c4a013bd43812f4f3fd51254b283b81892e86ea07e7a6f3a4d2c4efc
A75,nominal,2321,-0.032227532602138564,False,False,8f05a916062ec19b6af292f3c613677fa1a4b220409ec654c72b3cb511bb014a,3bfa9280f3234c4c8b8ef1dbfed3f4333e5f52da090624d2795430ea3e221285
A75,nominal,2322,-0.02002814244015555,True,True,d3a0e096391dca29b3e6af615bfb59de277a105341a1212b90a4fff652cdaeef,a321087e981316873c26cae3e6f92991308fef77bce80bde199b6274a2c571b9
A75,nominal,2323,1.920271318345268e-05,True,True,fb4ca53ba7f69e73e8909149ed2be413fd30f6fc7aef65d840efda44838facaa,b24728387a28a82415be1e800198dff25a6803505c7717eb900cf9499aa8780a
A75,nominal,2324,-0.013786904895097263,True,True,1d2a3b8a2901a233bb84398447a76744ca316fec7b3ff6e76331a3a7e49ce2d1,b9e0c7930f5a69bb516265fea04de3b1a6ee87c8c78f2f1adc5e465c69319ad6
A75,nominal,2325,0.06035486863592199,False,False,3b8c25b716f0e71512962df44f09d0d0e7ff7ae8bfd12e2e86015337e8e6da1a,4f07ba49a475344df56f26054a6d31a1d0529aaaf2238f614ed66c00ee9f6f4c
A75,nominal,2326,-0.022542325165121335,True,True,ecade1caee1157a30dc1d45df54dc66554cc7faeba272ba63b6e60fcc1fad6c1,bc8c384576534b7c9d381c117c6dc7f33b301872575f74c264b020d034c287ab
A75,nominal,2327,-0.1851901579262255,False,False,97c4290d9f7468896846070dec302cca2b2bd76d6aa2abdd1f51e6afaae70be6,e27fb62d8b54d89ca950de59787a01c63c15f0c3ac1f33d950f706b7a196f0cb
A75,nominal,2328,0.06176817622236874,False,False,d9bbcfd93db2795f26d04702d6cb313ab483217608984144ae0c0500ac8028f0,4ebccca53db13a92df3649ad93cb422a0aee49ecfdd1ce72e8bc85858c131ddd
A75,nominal,2329,0.04946414871519211,False,False,9f19ecc567b0fc0d67ce8f972202cc3d24efabd74277318f5f544c12a4da80ce,392b20f97eba0baf7263b3d60be355d9c8e035553746c81f1b2e5ca9428c0e5c
A75,nominal,2330,-0.07092048242181076,False,False,90fab0936d526d8cd7b13c093337867d5aa026450bbcedec39d9f94b5c8c4940,36719bf4277d21b3c4aa2bf7ddc7c9c1cec722769bcd410a33d52359b5199e12
A75,nominal,2331,-0.024346204451279496,True,True,54a80ae99a597b6067d9846fda2d200b61b45b6c705b9482431806147e76a2a5,0a0735bec5fc40f1837ae49ad88f15e4c8999ab8548198efc86772927dd410d0
A75,nominal,2332,-0.0019041017235467694,True,True,04e78d3753af5aa6f6aed7ac98efff59290e457a9e568d595e66d1d04ef2a8bc,73ea09eaf770468a3884b066ddceae653de91d4274867d9bdf6cf839d7ece5c9
A75,nominal,2333,-0.03028845843640715,False,False,8c555b1b00211b8575ea5422c24c8b6d47b7173e1d63016ff6b1e67051d7253d,083f22258fdc15cf9c3b372933a64b4af838e819893c1ecd01a10cab08948d59
A75,nominal,2334,-0.04568730563532131,False,False,06585c7f5bfa0c57f238988edd93d5b157dbaf23f578ebc8b9b53029a8aa22e0,157a66d7ab9b0ce207369716a775d6a6cce9479cb36b09dfd3d61a3bc85c5ade
A75,nominal,2335,0.0893453187848472,False,False,595717ad8d82dabfbdcb10058179fe733bcacba5f5e8935377b3c22c3b0b146f,75766f34cf13459806b029e280261d6a025d9a5c00ba7a64873c33fc71d8a0d9
A75,nominal,2336,-0.07327724423810339,False,False,39992cbb0f1e71b6e280ddcc9d12de6ce32ece45dd1e1d83af90bdcae735fa10,141a250ec5efd80f7e9619ac6d315c48dfe7c3e6ed320a30b2704d655c2c8865
A75,nominal,2337,0.07979495052823726,False,False,077e7888cd9f9d36cf9b473b234166bdaddf2480fb59f2a136a733d8739916ea,cca8ceca6905789b2371a081ad76d2d552f8087b2a436edc9eb55e03344a4195
A75,nominal,2338,-0.18209310440202525,False,False,6fe1a3ab4384f853366994d500391431d4e1efdb143ffc28dcb0bf93dbf7b3ce,845df6a3f44289b8d42bd3500f90668850f6b7bf9c1de6240bb9efd0688034c2
A75,nominal,2339,-0.05143642817316413,False,False,69db1875e09c43fd24d9824d94de78aa6975ea313fa4460cd9fb8ecd2e472384,2515df0f3de4963c35d34da3387708089edade61cca1cc1aef618fd2ea0c19e4
A75,nominal,2340,0.13376774018479387,False,False,630a9a3e2102bbe48b45fcba21e8abbdc09378c9e7eacf2d05fa8048017344e7,ee764137d40a86c4a068dd01ac7b39188a06a653c5015e876c4b7b5214d6c43f
A75,nominal,2341,-0.1129927836322005,False,False,7bc28f535ad6805b47c108b5120f8d52d0dc5c67eebdf024033e7b97d8dc390c,372bfffdba610a1a75c36eeb08c0cb5c090e43160837456134b52c7804b245fa
A75,nominal,2342,-0.03770328548089502,False,False,6da2c5a1d5a799f7dbf7bd9b44d19e1bd070b96bd99679021a03b1e681a5f26e,5797499187c95d290a6a4e728a54b9c811b6db42512eae7344bcadbcc73624e6
A75,nominal,2343,0.03125857093100859,False,False,58d0d9c656c7f0aa34942e0600f3b4b83157d3dc62b45f4f8f7cd8cdea077ec1,b0423da2d6c9e9bf9c6296537136ed05619def65bac973daa978fbfc567fb4af
A75,nominal,2344,0.0016844030836253854,True,True,288ae93cc41fc623de91656009e3adf90f93a80fe05ee25fc730478ae03b8112,1fa6e547139a56d274841d8533416df8d04462e772f20b59997e6cfd5b7322e6
A75,nominal,2345,0.06204608342266338,False,False,60c082a37d232f64bbb383e14baf95e920ad3bcae5e44e5742ee8ca8e247683a,97e154f76dad007511523336bc8f0b721375caa9f9d57dd5ef88c136f8132c4b
A75,nominal,2346,0.017362576501656735,True,True,8c85df55bf3a430042356695aba03bedbcba10021da1818155b15fec35592b2a,7704b0fafb3ac64e853aa60bdc68ba00a59fd8c3bf9c2e69701a7aeb088232f9
A75,nominal,2347,0.0029102874203438267,True,True,6d25d5dc8e9a6a49c03a4b2b7202e4f5913f1e9cbe9127b508a5c653574fd1c5,3fa224b923b2ddb0b0abeedcd803b4966755f30077755cac1c886c6492b6a720
A75,nominal,2348,0.09950535994811993,False,False,74e11ee777507fc129a54a6ce93a8ae7b93207438efedaad5fe6ebdd67d48ef2,a1217432ba21e3b8861dccb42ec4ca442a8ccb65276546b45be55b3553dd9745
A75,nominal,2349,0.17081713638758167,False,False,4887065a132786b7660ee6a1ee6acefa867ad7471cd37aa2bb4c1109ea2ce1f5,566906a378c149e667ff8c238ce25292b373229b463f86d42cf2b35e05f87b7a
A75,nominal,2350,-0.001020088257410512,True,True,b2a836e8ff07cf7a7098ef3f2cf03634c1be53291b131b235bb8f357936c9e35,6a4cb3d9d0cba4e6da6afbf84f4605f26ae215016fc85ec05b841c8bd256647c
A75,nominal,2351,0.04294442576469648,False,False,a31845ab8633297dff9421a74bae67e5290cbf30ede02376e41deca0c79d7462,f7b99260fb216c4b41dd8b34b84b2ad24f9dc4897b25a61f3da12a18e4a764dc
A75,nominal,2352,0.10335366818054481,False,False,a02df75cf7fc8fbcec88c2d4fd8fd4449768f1abbad0c8c984985899cd5243c1,6fbb586bbb0ff7fd57fdd631bcb46d3da2c71098c7d48f41882c3415dfefd882
A75,nominal,2353,-0.09025963002861759,False,False,aded7288cd54aa0cd931b151cbe497b0371afb13291cfb3e6abd22700665e7be,61929ed65864943e6633a3e1353df5898ad646f4a7652251ce3ea04fddd2aac0
A75,nominal,2354,-0.12611753013708538,False,False,6a220dd3063e456a4c63e9702d15df4f203b36f45b48581cc18318c81806b8d3,784728dbe88d1b6d3813815afd496ed11d7adf88eada70b49d060d0f9fa593a1
A75,nominal,2355,-0.09766869964983865,False,False,b49bfb5a42901c021dc0ac96733d4954eeb3ecfe8f173092ed77579a30b7de23,9e20e717c19dae587bd6a4b38593eb079fe592f2f9a0ad9397b6147e90c3d49a
A75,nominal,2356,0.00444602631983082,True,True,7556b3f5689d344dfcc49fc588bdcc0a5390e24d1592027adeac40c90dd04d50,f4caf4a6adf4c7153ff0ef13a30809db87488f2e25eaabed8d6e42017d4dfd05
A75,nominal,2357,0.03045061564588669,False,False,40da80d71cbcb3845d501539901fec6b45499a20325c0a4187ba675d609920ba,8328215b7bb67674d7dd59836f690edd2cb8fb2dd757848e660f73cbcd6c499d
A75,nominal,2358,0.012015018301835934,True,True,f89f28c8e4ef94de5a106164e6cc0c46d46bb45bcf995381ade470d247d1ed28,d84806a495c1c95d0dbea5f4f823d4eaab0cb05bb5c6f8254ceaefde7ea8f43c
A75,nominal,2359,-0.003604253740765173,True,True,f92953cf2dfe18f926fc7fc57d678c35e156e67c37d73479ca5d77a56998d79b,d3a556aa53328c9acda407b9b6fff240eee9dbfcca918465622153940e5367bc
A75,nominal,2360,0.01984663685139454,True,True,817f5ad7cf9d9f6eeaf255c92119ef7c62cd79f742023e6f2a46cfe0eef33da3,3616e38ed3ba5310547ba0395c9dd3a8fd74b9d1c143111f34a402ed088e722d
A75,nominal,2361,0.16615243926807555,False,False,f400195467bfa88b02feff86f40cc5a82ce1694059ea22deb2a870c5a0515056,94937cafa6555aeaf520e2506d73522975ad23563b5fe43c668bb62bdf3668d9
A75,nominal,2362,0.08686460358154002,False,False,eae76c321bfb6a6ee67e75e90c1488f133204a5a10352505288a8549e631f87a,4cff604ec6fe21b34f051085cc99678232a30fb7c698316e0dc4381b39076bdd
A75,nominal,2363,-0.04329120066082881,False,False,1cf446219c5bcf9e9a18970cb65e41265217ba05f0bd3bc7ce3259db00661561,9769258c2254fa19834730fa76b0ecff186e62e79e027f26ff5ff47e3db304a0
A75,nominal,2364,0.028924224509752072,False,False,d226cc08e0a3fa4c5d6e4dbe199a6a2187449ea434c2934bb0ca4b5dcddda59f,55a90cc3322c666b3ee57cea7c69f3db1c2c72b20e9abd4177ac289e16609ad5
A75,nominal,2365,-0.02841434287381256,False,False,6043a0825f1f536b2f8c0a750f3270d7d0e62d9c88a62b20b42259989c10c624,48bbd8dd812e51d8f081b44ab179b0a5babb9fbc762ce59044c926cebb62f821
A75,nominal,2366,0.13110912391345353,False,False,934e3a3524bdba6196aa510f479a50b38dc4320540e0e4c4de48f60e2b48cc75,e25d41f7835e22584aedfccbf5ee2557c21dc88b0a07bcca2e915179831a3404
A75,nominal,2367,-0.012272162926471541,True,True,8cc689416def381875e8511fb99a0206c34347fb485fc11e80c8aafae891963e,b050164aa795ed92e8eb2a579f3f84ecfbea1cd6e7212cd5399da59704ba4dd2
A75,nominal,2368,-0.05039254047541292,False,False,ce97a27244c835ad351821948e76155247368cefc8dd7f62e2c02ba070bda946,b0590432af282190024ced95f0dd5e7049a596abe8311d13d9b9f44cb53cb4af
A75,nominal,2369,0.034672506765797584,False,False,122f348192961b116630fa6b9499f9abe90667cfc5f38b9a02efad98a3502bde,27f7d5b113055b16ebdbef15db1af9a648f0119809858f4d08417131ca3587c6
A75,nominal,2370,0.026635159536599784,False,False,b3e333092a1b40ec3685014c9f3b718b9c0a8dd1a0232c3dcd99351e1705bfd6,b7a5c8a4afd60d9b37ed9cbe8b964a60c8daccb2e2309dc5ba726ce0dacf6410
A75,nominal,2371,-0.011240129968742962,True,True,4aa79f2b8f6f73f0e547085bcaf2af2d5205d04cb5999e1e8f1cdee39de02054,05c7717b43617118a5838ddae337c70b43bc2c0be1260c7e828839b269cc4ea8
A75,nominal,2372,-0.1368612462968462,False,False,abfa95d6f8a478ba40bd7d1695ab7c7253468943eedaab391bea1b67dc66bd99,c279504fdfcc4a7da1d6a2a0d9f132935a07b331d75f6ebcf9b4b166d4ebb25d
A75,nominal,2373,0.02686133271783364,False,False,403d7b5fb47f8f716051da48d323539ecad670aff20aa2bfa7efc0de051d39f5,dca73769b07f095225c3e01c3ce8b20f4889e7fe2b58052e5e3b8fd330771492
A75,nominal,2374,0.019473053586220535,True,True,242826c4922aba2798db3227a0a262378db0b11b4c0117c02f43aeee2c83d474,a64deca51159f70b23d316fa0f14840a4f989b07561ad4b89adf7132a9c8c6a4
A75,nominal,2375,0.012200389858441407,True,True,a9c03558d124558782b069809c24106012cc13d062683b64bfb4565a512e6ef7,43c3709f06e4bc05323d9b6f5b02b873a87c53d53f627c0b075d3db343fadbd1
A75,nominal,2376,-0.08896717531396692,False,False,2ec04ed00d1b93556f1a41b276b0dd3ef7e5ce3cb5b88b146ccec0037cf7a451,ad327372f851fee2149b12f7a0159d7fc993c1156afe429893dbc3f9daa5c72f
A75,nominal,2377,-0.016629657636436312,True,True,ed4b6af31a4dffddf0fd7c3cd71743df799b0b66eafa7976a91d5b10ff4a93dd,535dc2cad267c63af4a24743baabe3530a4c85a3798e4cef1f58ae68d826c21e
A75,nominal,2378,-0.010738617329276556,True,True,40366c387126fed57c72646757968530f1e2eaba2a21c134e13ab8287102e123,47ff57c6eafe902d0cff8f939202ae63e3a24ae786b0490a8aa8f78e382b0c8f
A75,nominal,2379,-0.10722160582100432,False,False,6fed9f3769186443bda51bee0e91b050981590b2f8fa3c235bfba83e09be6d29,fbfbc10bcd846f451550964cf37a44d40fb68a090f50c9870e92efe1aa67c577
A75,nominal,2380,-0.006882087393408065,True,True,2c4a863615257d7468fe99596b7b427fae7a5bf003632b18a0690bb08d0b7c6e,32c3954f46098f373d0445d2ffb53020e07c62ecd651fa36720dc7a35eed3e46
A75,nominal,2381,0.021675340526399967,True,True,6e33b5b7f76cb5047b4fb92f46319c1c9b3adcb8db57088237e023a2e1470c7c,ce522c1b6a8451d5ef24987686014558247f5deb1d73a7fb933c51d5b38d191d
A75,nominal,2382,0.015766548503138078,True,True,552ccb57b50575efc8ac8a92117f0b334303b9b5fbd3c6e4d91735044fac2cd6,2bd804390f41bc4c9d71b9540e855e32830ae7bcb18e6abcd49a6065b9e0b6b3
A75,nominal,2383,-0.08947610169388376,False,False,6b0dee946c218b65cca177ba628fa9a2133da50afd7de1329e61e20d192db39c,d9fe4ebfe9b7c8f974412b3fb585bcb4438404f12b8c63a2c66cf54ba17b1e04
A75,nominal,2384,-0.12561490855764856,False,False,6260175d440793b2e278ab6fc458df0b36a4f2dd1da343d62c5dde9e18e6cc22,e58f29410c226cb2d4f3566d880c48ac643ccaf4e05fb3b226598525802437fb
A75,nominal,2385,0.03680974329427156,False,False,ecc648031983730baaa4d496252f80f7f664a25b7528dd331ad6af07f86a14be,f9d72efdcb27d544085d1a0a7df527646ac4b5b2b32dbeca26c4772f0090c749
A75,nominal,2386,-0.07013910409901736,False,False,a442cbc1439ac6423153e4dcaff4e4d2e5edfb4268436bfe45b2d7e540431d1f,d4afe693715d171ef7b11b4203cbd82114ea295f8048acfaad55ef48395ecaf0
A75,nominal,2387,-0.11808663030417688,False,False,85e8df2da66829cd199300ba93e6130b3c36f5fe12d5b5b30baaa7c7aeef5b05,5a3a055f153cb3df267c27f36b6375e45d3825cbf2dde97d406ee647edf4be9b
A75,nominal,2388,0.04334202960619671,False,False,f0df5dc6dd7505cf3d9d02c68cb419c564de091933bae57c9275aea117631da8,11cb9ee81cc33cdf0074ab2e945b27678333820ff057fb6cd04fa6e03261519f
A75,nominal,2389,0.05063402224558655,False,False,2ed8013a90682e6e93f2ecab842b3c1b420bb6aa68f352c4a830c4a40b941942,ef9edc052b17d0035fa8218b580109f476933c6a33aa195bdf6f6e7f5ee75a0d
A75,nominal,2390,0.05959958367854812,False,False,12484b39430fb6c41d09265f6e73dc530c114e9c20509115beb8838c76f75b3f,1f672264dd14ab54c7229168e2cf4c1d95852475a4586fa55d918d2dad35705c
A75,nominal,2391,0.010272006061235572,True,True,521accd676140f031f198c27a404898383ea60c5199f73d7ca47edf91b89882c,0a677ae4c7252ffffbb4e2dfd25d205c852abe23da82fbc8cb814ce3f8f06b75
A75,nominal,2392,0.050496230711225776,False,False,afc9f873d2400d3f3d5aaa63fc3fc30f9d4206fddfb79a6306f575d8afd7cf34,83e1d41c2126a91a118efe4eb42065e6443c38effda95702e382f3d27648b342
A75,nominal,2393,-0.06369035695034309,False,False,145c53fca57766caa25ae4e97dde42fb899342395e4934f95acf575e7958c16b,1c704d58f3628882d5951ee0b6756d12815972a812e38796d74640603a824534
A75,nominal,2394,-0.05021248039561249,False,False,6ef866a7cb6d97a34303c65c4d23e8ca8216375ee6ea7916c6054ee9e1d44360,12e357321b5e6dea2a30a216ed794850b7e81b8d5b992adf9ede65c7102c102b
A75,nominal,2395,-0.07982165792587359,False,False,745fb65d5ad6154508d10cb29184b4f36b11bc3c5565a4d74c2ebf9be736f6de,769f84ce23b5576f9d66b03c283b42244eb1cf3145970043b44105eeed567ea4
A75,nominal,2396,-0.04944257051540346,False,False,fe53b37ca2d638d40de889439dcc14de34fdf638d7c43fdb1f7c177ad832d11c,6815e7f093d53c4d678337b4ddb15197915c7d471a42bd4fcee872517429124b
A75,nominal,2397,0.13510294543636792,False,False,e3c05fbb5994d2c8d1a70b148065180e63c281da9107c622ab0900221f6ed03b,3b566d8005fdecefeaf182ca7a816ac9b20285bf07b43eafdd35b973b9806a62
A75,nominal,2398,-0.04858308615451323,False,False,d2481fd28ac8dc45eae333ed65aee18ecdbc9e885d22741df390d1194670397a,d0c3dad11cf8679f90b70bcf31da53e26830b792bbc99e7260d41c5661407093
A75,nominal,2399,-0.12255311380020961,False,False,179c5f9b6d8e318b877976b7440a81bda3be7fdda4e3af2b47bc234724b99e08,9b613a7284c29b99feede2335759b5f94be800e140a8f3deb58a953d6612e9f6
A75,nominal,2400,0.0016313042228298658,True,True,026938fb55c5e9a1b5595f9b671e5432cf352abaf7aa177571d2f527d95b6bce,22c82bad9cc4a19ef2bd3b450a04fa85eeff6a6fa8c547e7407233174486d2d5
A75,nominal,2401,0.1091626515204539,False,False,b9b70abcc932a29d9214d71009cb25f42cf2549d6ced175d1be36e3f49d41a40,2f030e8f94deb4a72486efd219f49d5cc27574aef52ca248e7ed6f405d131802
A75,nominal,2402,-0.03726451686487264,False,False,c7704ffffcd0218fe2c598888ba53aa6dc609335330d5a0daa69c1061028fc4a,9788a6348024865eb083b097cd5c79cc964a01dcd55664d58b390538c1439a55
A75,nominal,2403,0.028743122500194285,False,False,a4e55357a0a8407cd193df5630dc5ae341027886bcdc8112d06f17dd70756a77,321fea1089814f870de40e96b23d35569fca8056593f7656d40c8111d7ba2373
A75,nominal,2404,-0.03162702042032528,False,False,bd329958dc0a65320eac0e57d144f4138a09ecc8547b3ca5e8fc3a2a0fbb9fb2,cba4d9496fe3f119228d593f5e5db52afcf049c9b8cac29ab5e6b8e3d703b8d4
A75,nominal,2405,-0.06206469806485676,False,False,450c1d8873ce4b85061965d4d1ed9fe14fa3b4ea144fd41d35c11dbfa3da5719,30ca9e7d70643a6b6d1f114e1ea7751aad7063ac472e6d94b22008eb1beb0b11
A75,nominal,2406,0.036171365528184785,False,False,1ebe02ad88713d255cc21ef9a06517c06917322ae3c9f2b109bb72e4503c79b0,b7dd2cb2f7c37311986e1c708a89ab7a9f557d24b66efef94502d704a434851c
A75,nominal,2407,0.024854774462067852,True,True,52adf53231eeb7db8cd20516d82c7cbc3db1bc7576904ec87a2082d643575eeb,995f32842530c6887153716a6704bef600ce0c61684d3c01bfe936a34de10a37
A75,nominal,2408,0.06609583732966029,False,False,c914978e0afbe38601206fece14f1a93083e77701819cc53913158c667f1c020,77e353bd82d195dbb2b02e787ccd22a16be5a46386792ab2e9d9f0ecdbbbd528
A75,nominal,2409,-0.014731601458763177,True,True,70d1f200d03b952db47f47440764937cfe45faba22a8999e9467e68e1895387c,f137f18956d260e51d34590aa884d250843427d89a883b16648b1a6c9d99e533
A75,nominal,2410,-0.0400358484516819,False,False,a9b8dd4c046b0ab90ef06fc481927e7150b4a02a650a3e871ba0ac4f2a635f95,ac44f567b326f6510e566e8b9a3bcc8ce98f786515dddfdec86d14079f0487dd
A75,nominal,2411,0.014345057717053189,True,True,5741a4bc0d8a75e670bc2c313279cdda34cf52b9b7f278fd722c6f9901935225,7cbb6fb77d34e798dc1a67401d1ef5570cd45a5b1abf96c3b7d9ca14688f7e84
A75,nominal,2412,-0.15169519075574084,False,False,81b68dda413fa98bc2ce715ae963f1da1e05f2a75c232ee47567c4daf87229e1,513de710b0eb4a9b8a7d74b67c33fe0738d7035444d663f7e19ad646960dd9a4
A75,nominal,2413,-0.05046671576140804,False,False,24adbed91f2e7e643a245cb193067debdd8a34a92806fc04821ef31231e55f31,d9f59de8dca62f31428a62344aedf1909e71ee10416d2f3b94346ff56a1a4992
A75,nominal,2414,0.014113916091273881,True,True,3f05d39e03c2a58d5d51aaf3cffaa26dbad5198da3c0888fede9e0e3e5dbc86c,1cead91933dd697dba41ae55a94c720ea1508bf8c581d3d939924afc82b56ba1
A75,nominal,2415,-0.08536191952279198,False,False,923974aa392db14058f5309457283fab48bc19b4ddee8dc68321e7dddd2bf4ca,7d1d93ccb4586845c5f70758f09ef7972ec1bf3f514e94b69dfdc3e763629978
A75,nominal,2416,-0.09092880389182978,False,False,c8ee514c057f337f0c48e5a216868a092d09fa187ef2a89be1efc039a50ba496,55f3d329df70fa0a5dea6b955f4d28a65360c09a5e8272ecb98fdb9d238fb9dc
A75,nominal,2417,0.13846559667252611,False,False,69b98d9153cd614a3abd52559922608bdb0f68e25c98a76a94dba7a6bcede262,35105cc9e1ca16bad3f15d19de0797e4e2d237dc5a2008cf664b08abc1191574
A75,nominal,2418,0.08671474913838251,False,False,4d237ec2d9e9f31a062724f52e56da9a8d1f22a51e60ab5467be13db7cde3031,004b93e26ffb68fc28b84390022a13aa77877adce18edea17b8deb9dad94642a
A75,nominal,2419,0.028632140877233092,False,False,689a9dab28bcaf43a4fe8a2fc5745d381e84974a3e459d08619cef29029f8afa,a7cd589faa9040f96c2eff67e1e6b81aa39df123809d1924cecd26709316e35c
A75,nominal,2420,0.03120274434231951,False,False,b9b66eab84238ff676ba06a805891af56012a07eeaddded650e1da24ef9a7932,1fa33834f625c4d7d983de720584e596c22d074ad6c80ddb292e6c165b0b6bce
A75,nominal,2421,-0.005630007586426511,True,True,67a3bad62dfd4f58cd5cc9c7160cbe56421fed8a4df525be951a4e0db3d266d2,180a2398cd83d4121fa1231608856edd6a4a28383efd242ac66abec857efc138
A75,nominal,2422,0.1532283757662568,False,False,2eab79d344ebf18520641a34520b5b06a03ad86cf34d80dc4214603a1e153827,e6ed8855af5455b94f5706bb3dd6cb146978203d7db8c461a7498df8ed5cc223
A75,nominal,2423,0.052156365942344296,False,False,7e59681be329324c71def98496591d213e2b612414fb04b05af385becc5413ad,4b30f87b0406756a0706b6b582b41d9364254c8c3ec6d1b08c78cb2324f15a9f
A75,nominal,2424,-0.01855752618602452,True,True,04a3a557afc920450ee1a30e8e9691d4d00238331d440aff2f230c729aa43367,f209c284f15afa6983db15d2c7cb5a96d529af62bc22bb40c1f2615d55b8586a
A75,nominal,2425,0.006293660094947029,True,True,366b2d9e3c5620de0743b876b2611f1dae39b326bf6c131a0a7cb4582af85e7d,52a4fa5bb89728ccdba883835eb5162dbae6a21ad9d4c22529107ff77e815ae6
A75,nominal,2426,-0.011851725375323585,True,True,d7539a75d164f6ab8296eaa52a5754fed2d6dd267b5922363c7dbeced79db211,188936383cd0d89e918f40189185ca3a9d8c43c4280c7f79765c0526eff306f2
A75,nominal,2427,-0.044763096502417665,False,False,70c7b950e4247ac47032f4cb9a4c043efae1f322ae643b3393d5073329486798,aa97d2368084925b6d70e9bfcb82c604680743647895c8749960db7ae4198b73
A75,nominal,2428,0.01859012090545087,True,True,f3b9adc03c3a1b1dca8fc21250c65436a4fb7556185fce49e40d0369673506b0,bd47f400e1099a5554c1dcba1b259c5b08a3e296f0d988b321e9e127a0b45fa1
A75,nominal,2429,-0.01666607464871711,True,True,7ee06a20dc47a6a2baa5b99e476794ba45b525f4cafaa0047ae6be576307d5fc,e90fd9a7fc5589b0cbed2057988d14ec4ee333ae2109b70943c6bb3bc7e81897
A75,nominal,2430,-0.03433671732078791,False,False,860a242ee242c215813473f6e9be0aefba277eeb1452b7ffb15ffbfbe74068ea,e30eb8b0053f4548e45844ef1ea2f1c1058169eb97073e73c361648ca6e3edff
A75,nominal,2431,-0.026902667211564035,False,False,651837f157ba7d54913fd59a8bc3975b30117bb59d4c7e77d2438d08e687c130,44699e26a06b7376f6551784933bd63adb8bd417a6a02ad340e3adb43626759a
A75,nominal,2432,0.02798735505885208,False,False,bcede9f3c60b460f311d89632ccb382994a9f50683dddccb5b09709cc1106fba,1ef0517bf11340800800f489756537a99b7ab5cf3f266b96c8d72d8d40dba3dd
A75,nominal,2433,-0.06361393198184856,False,False,1905110b5f08afe1e3d3a668ee9190b3cfb4bdba04ec4b47aa164bd26b55899b,66915ba9c10d9c56fa5d36253d79bc421e264e1cbe5d05c76048c3c7c2ea2dc3
A75,nominal,2434,0.0513742574685776,False,False,dd03b3ed7d5b2ca201f92b37fbb280fa61ef330f90c296f29c7a85db5fdb42f5,1ce5487b1efc8b212ec2b3f779ed12dcc5a810359dbec54a7e1394818431cbc5
A75,nominal,2435,-0.04055842626433398,False,False,d21c52290e1f226529da1f71d60df1e05afbb467e44662a2478c2070989f4ef5,ed3f47cdef90746d51ea6ba03359863f10298076169f417b0941b21e137b3c92
A75,nominal,2436,-0.041374410917561444,False,False,0b8729692b84507cae15ba3436e285235132e09d132e99d551a61f8fa013fb00,391a2147c4faa8c96c9a1092d930ab165638beaf57ddfdb4e95a8c13eef2a4af
A75,nominal,2437,-0.2831107048288941,False,False,0a2a7351d01ff7c1de2b3ca45c58c0bdab562772de54512a778af37d42584eaa,741b0cabe1dc951da61a016ad8bb201b502922486974fb02a18ef824def01486
A75,nominal,2438,-0.09650980397328879,False,False,4ff916f7c63c4aa9070018f402738deb45313ddaa265b27815b413f182d01f2f,e78441a45f3e33f7f9808af5039338108e3d9da09aa1687073fd6721a88d6faf
A75,nominal,2439,0.039474322129797734,False,False,1825e7e82cd0518ba2705fca1c68caaaf5353381ef3324d72a76258d3b172a1f,04d30f8e15e971f321b7da3d6edc108879b8779040b38ce28a6ad71a1b70f0b1
A75,nominal,2440,-0.09973158792479314,False,False,a8edf6528567b0a6245ca836338939b180c71fd778d990d45b6d2a741a827380,4584a9d9f3d4f962dc24049fe762478cb9b2e2e43636700323fe1a16db8ca611
A75,nominal,2441,0.05808507149313946,False,False,91bd3cce31dee29739177a2bb47124513307b48fae2acebc4323e6cb3faa0326,c9375c665add9d3963078f01d4c928f8b97ef0c3cf2b529bc0635f8378a8c702
A75,nominal,2442,-0.11029771718196352,False,False,41ce48252bb1420e8286230ac67e67f0564fb886c30ff661553dd9a42e9075ac,39bf394e172fdc8f7399414f60d13939f60533c2783dad11ce99cc50c6495710
A75,nominal,2443,0.009796612324446397,True,True,340d3592ed7ca87161ade9dbd37a2e09d9faceb4b17756eeae3ca9b8e2cdb02e,078bf7385d0ac3e733813f297c42ca181475c7e97f9ec48552fc091c2a8daae6
A75,nominal,2444,0.0409573376460306,False,False,d7a8f70863e7d62f8ef419077d434af8eceec0f0b201caa39326d6f83782accd,ae51ab3ae2596f0ac101b86d19ec6367da4f46e71219410cfbe469aceed10092
A75,nominal,2445,-0.027054886482612728,False,False,13154fcebe72cda461b716c63e2f549156b8ffba13fa007729b3f9674dc561c8,1b8206efcc0eebe29c402c256f2873616678e62ab061ba5a15891d20b9762909
A75,nominal,2446,-0.02925450497308496,False,False,10fd1866958e33afac476bba211a5aec66c4d62cdff46c2c7fd18f1605153107,b6284a2e40e0df237916b683704351feb649c0d7d45055988c39b8685e6f8074
A75,nominal,2447,0.10787609330888337,False,False,e048fb54b7e4763b6f194a7c41ef03acdaa540de2195081d974399268da3798d,95262f04ba045e04d3a42556c38bbb9fd326d72e39c5dd9d49a952e41e634589
A75,nominal,2448,-0.010543757533963527,True,True,cb6155128577030c28c77991438142f1db1a4ae64e69d716f889e4cbc1f0562d,471dd2fc5ace838053deca3a6bd3a33808b8194efad3c63fcb4970a3fc5a4bc2
A75,nominal,2449,-0.044752291245908016,False,False,5bdf31fe028afaa7cb3eca679dc766056fb8c15fce806e7007fa8c4e2c77f633,d46b59294cb84d5733838d16e9823588042b3433df2f934053988d706952ff12
A75,nominal,2450,-0.07564754828471093,False,False,3f694097db19eb9921ec6c73cbd1a6e19cd3a9751f39bac8fe4d4a40477f81fe,ce5206f4a9d813cf8d7aeea894e4a302e56b0de08490fc530932d64d15433eb4
A75,nominal,2451,0.0054652349180478454,True,True,edeacdc5326d4201d0bdf61a5046d8ce362ff5f83d615aac8535b6290f7b9ddb,9acd3a4c132d66c627453d9e250f1322b9d11cb45f6ed2be7df5fedb2873589b
A75,nominal,2452,-0.012205431333618011,True,True,4d027bfd6f7e92715e571e98428d31c0a9fefed4a004faf5632414e276c7a09e,127ac198b685129a932b92ae20d1db5b5b213c7753bc3668ae8e101a043e73e0
A75,nominal,2453,0.014277179595000855,True,True,b6257c7d4a498528a68ad6a3febcbfd53267fcbed67ec89ff73d521df101964f,5364b75731d586ca636bbaa367d44c955ea56c97b2a34d0e5c146428038af60b
A75,nominal,2454,-0.10820474817871362,False,False,04c64bb5bf528fb44c415db02932621ca126dd7f3f1806bafde0bb669c10bff4,7382b932704fbbc821e194df410602264f44bf1e4206419fdd643e8f08e49b91
A75,nominal,2455,0.12036904152212091,False,False,6a1719067501f5c7b6d3f6f20b36323033efbda6ef9e5900e25501d445dbfb63,0041f4edeb9b091e39ce05bb58e967d0ba11afa9f8841893b2b382c3c6cf8c03
A75,nominal,2456,0.026290473524511748,False,False,1a76165e20a0794318b4c1a82d74d7bf206290f7653e1447a92b9bd5b3ddc98b,bae78528235ea161042043c86fa911abd9747c6d85f4eb287d14a90333f31160
A75,nominal,2457,-0.098240400869534,False,False,965b4b0fba2a1fac0809787ff3620bcd5d39f0ff349fad1ce68115cfa4c44db3,6eaa13cfd047acb948b11b17bfa4478dff8a0c904f520f44189456829c6e3dc6
A75,nominal,2458,-0.02859471041109124,False,False,11ac5f3736766560cd2a07d0881884639a15be036935eea1fe3894f1883b6535,db3979d26a1563fd4ee3183675fcbbafbbec87d82805d00c0e1413ffe9842f91
A75,nominal,2459,-0.0122202385710789,True,True,e12c57d455f7079da75aa5fa1a84a6a324446e698e152e73a0d2b1764d216eb9,6c7f8ea40a1947cb50b988946f88b116c1da1a5c29b05b383b21a14f41b10102
A75,nominal,2460,-0.11820375703833436,False,False,c7029da862a98e7f6a3c8390c2c4bf259cd27dbef2cbb900107d4b8c8e1bb7b2,1fc6660c980ad39d8a2edb95e5a46661f380cbefa4447f23369b6a766374a062
A75,nominal,2461,0.055971967266092326,False,False,e0ee722627f45a5104715d51501a8be7c295dc3d27ba61ad5d263681069acfbd,fa415be58c9df692d5760f90cc62449efb801dd2f12fa14bc65a32ad248852a8
A75,nominal,2462,-0.013804825417729039,True,True,0305108ac726c2d75eaf4ab681ba3d4590018367fb12868334f8675c805ff17f,c850bf4fcbe955bbb4cef845814cf043481410c57deb0a041e46676360d8895d
A75,nominal,2463,0.04217008822228341,False,False,295f3e596f871adedb7e0ca98e3316aeaf4c4a6c659f3fb613449de4c6842012,8f283487a99c6f79d20af67775cc75a70521994aa81a9a13769416ac03bf78fb
A75,nominal,2464,-0.12106782756491974,False,False,5fd8316192f18ab68f7f7dd95129e6d8ee144696d769c5ef759278ee713f458c,f114152122449cd7900241c64f70e0e176b05fcd82aaab30e942e6a6670b859c
A75,nominal,2465,0.1119681706527259,False,False,bd299358620f651b510498f62f67cd45fbd5cc149c27e2938029ac1b4ca44244,38061dd3ba13d7104e6bc6fa3b98f8fd80ebc3e6ca23567d4f071b9ff7f6138a
A75,nominal,2466,-0.06771059624950176,False,False,3f751ad2de0fe0353c903916f710937e803ff9412d7dcbf9fff1f94381e2e6dc,abd3d73379e46787bb1412ba5c6bb4f901d594a50b8b5a667edf1d5b94d3a98d
A75,nominal,2467,-0.11722760432070345,False,False,2af4eaeae9c9886232b71aa55522356d8d0dc63952c51241d414f5ce3ae75c94,381b300c757bafec8b50b4ea9ee1d8558f08b4f7b04c34bcac43299466974168
A75,nominal,2468,0.021950081326678528,True,True,3ad30150cde10c493daac527831f77ba56d6b4f25c3339242937f323239ea233,e70e4feb3b70ed7744bbb836f2c61e9a26dc03677f32b992343cbb7014cad41e
A75,nominal,2469,0.12134626486935218,False,False,c466af7c588600b3fbf405e73400012cef494dafe260be138619e58ec329fdd4,4133a31e7a6a14c8b4adb6e2913bd49214e5569012c36ff299f424b9a749f32b
A75,nominal,2470,-0.003079735971574571,True,True,fda491e2718ae13f5a99583e3c63187926029126233e41789f456022ac582b20,a6283bbe804c81d9f7cb96f52164b76ff1cb5f455bc0e363e354417908bba535
A75,nominal,2471,-0.026484344894392997,False,False,09d44a865d301e8787d7cb5385672c761be2a4cbd85c4d93316d249a15c8c276,d9625726d1e6fa6d78c1d28d80ddb05e1b4ef8f50b3f1804ca65117d76856d67
A75,nominal,2472,0.1736975901010731,False,False,35e7c56b5afdc92812f12d10b5277956529ff4585baa0af514c3d0a2e7c03c90,d7fe12840d74b136181a47d2729efb20b0be8a97f0dbda687ec9311e47da4645
A75,nominal,2473,-0.049874092985533025,False,False,87d997ef26533ee38881aab206150cbf39d71ddf11a0cf1bae81b1d11ec775f0,87d76c9eae739a1a1091651fb14396716adf30567f58ca7f6889bea00b11fa4d
A75,nominal,2474,-0.04722141517658812,False,False,75f323a144b0b130ce230754e7caff0814b3d3541495415379bbecc3096d6a93,508d2cfff6e06a10bb8e1d87c64d2c277b495204cb85436fd5e7b9de3b366413
A75,nominal,2475,-0.006681140887969561,True,True,af6ee14620456f45401375c0970419ed9c8e353fcbeb4dd0188b6f7861abb905,c79439162ea38eb8c95276c122840ed34b11de66f10a08ce7a8755ad50f0b0e1
A75,nominal,2476,-0.05248142910795567,False,False,46740d434ace12aad7ea1f714bba874c427ecac4c66570f902f55baeb4a1843f,984578b074370eec31dd910ead225cfb115c7e4c1b001d67987c362161ea4d1a
A75,nominal,2477,0.06103193712637467,False,False,2a0b1b34d42964c663b9bfd9628b879724ce046bb308e4aa286deea7b1aa9d77,5a01ae46daeb55209d5ef17bb325e77ae72a5161c39fc7323f700368d20e2887
A75,nominal,2478,0.09043363960679496,False,False,937b4b08cfcf13769e17b5e8c33d74c927dbe83a3b46fe5b7eb7bab9c34e76df,56cef7e9dab75aeeb44da2a38b9dcd77eae7b813d79807d3048738b300648698
A75,nominal,2479,-0.08129955270270511,False,False,d1bd7beb29918968318ca0533ecb254ca01c5e7b2fdc6c19c11683f0250737ea,986135c81af83e4cb75fe2c244c6679ffd2610624133b1877c75f217a7ce26e0
A75,nominal,2480,-0.08754897819218366,False,False,eb37ecb98f74b0e31dce97a591a1730a413e2beddf952837fcffba06a73535b6,d8ccb26f2569aaba0dfb2ebdfbc0c36d819ee37b52aecd1bcc3917f661465ad6
A75,nominal,2481,-0.040927104720962115,False,False,3082ead8f7b4d61c97e3f19347b8ff693fca6391ac7f9f0f5137eb9deb7ab255,99a96dc612b38e6d97987e22962a82531198f42a3bb48ff7812e723f11f7c247
A75,nominal,2482,-0.056265024661636354,False,False,8bcc977086d79e501f145d77119e45ad2611a019aaf6c47298b63f8172f2f70a,07ebc8090ce73646ebabc361ff17eee5c2a0b03bfa17d65821a06a37c2931c5e
A75,nominal,2483,-0.030882335702199615,False,False,4103acfdae305b68f6188e1b4ba8908b96281be70d127b1b030cd998b0a32b84,27de04e5818f7fe06543e6e901c4ae13e090c8a7bed63db0863d6e945b21eb61
A75,nominal,2484,0.03720404801917576,False,False,4771872b8f01489a0f87f0dfb7ffe721e4db852abb7779732548216cc77113af,01446c6a56c260004252bebca189b631bf430191753e1fbeaf67d7f0ed6bf5b1
A75,nominal,2485,-0.07058632490216737,False,False,15130d162da8f3745201914c23fbb9cb44619f061da2726df2e68af1dd73ac66,eb47b812f41e282f862a2e03bbc87629dc5e1d3c8c8ee8181e5431a9fb1b9690
A75,nominal,2486,-0.022150647195480044,True,True,b8dcee1ca409fb3ddeb3f4cf9e3bb8f5d44fbb67a13d864c5163d6bc08282995,19f4c0cd17dfc5bec43f36d613d36101120e073e6345f494daccbcf853135a84
A75,nominal,2487,-0.06383977295660287,False,False,8f5930b5ff605c99e5f4fde83b8c2c094502a6d68ea30d0957f5b397bbc9c5c7,7631d0911b2ec3bee44bbd1fa3b6cb53a49c12f0afde72b1061df2546f006925
A75,nominal,2488,0.07714190566514645,False,False,c3985368e168494f0d3c5b590ee80d94b70e10651f7f7df0f7d86f34cc2e1941,6db13e024b3fc1e0bb443d0e6fb3b402ddc34af9633ec9f2472d4356e4443ffc
A75,nominal,2489,-0.1932417540829927,False,False,7630ccfeeaced6a13229f7af256e3f2a04257dde8ad4597d3e0d65a048af5a5e,c1103e7a18880976d28d6ea6e53144dac0ef929a3b8ebb1e51d9f9c3208281eb
A75,nominal,2490,0.11482600182353075,False,False,87d5e6cc0d48ea47be999704f61b437cec3ca3aef74fbfbb1fca175370a7d188,207d83e286f2393b1bf893564f948bb36cf6dc9b6c0cfe7aa449a909d760fe70
A75,nominal,2491,0.0186295974740045,True,True,0131ffdb4c30c7433ee2a298e5155986d98abe2b8afbbe04cc2106a912b33daa,8be0066e4350d2bf4bea6e2813150c8b39c0ce0a04357f73684ec8778163de38
A75,nominal,2492,0.07744563981430908,False,False,e3d35a58c1051871fb87f4ee4460aaeee3e2519e2d9266dcf41c10a838500cc8,6c328395fb0f29d0eda364a95619fd12ca7cb279c19d2c3e70e81bb9d182721c
A75,nominal,2493,-0.03334025516248895,False,False,1495a4664ebe669f8bc57ade219e49fdc9ecf1320c1c5de9d79bad728355f87e,e83b46c4a7071f3ee3d9dfd3cd972b9b0945dd452c8a32846746a2846837c4ae
A75,nominal,2494,0.056226832861656195,False,False,870dd7ad92d6593fdab61c1af4cdf00a0532dfb0a0f53319155a47521e2ee649,26b2500cc24f8963239b0a749132e072c60f5117845ab2d42bb344c9ce2a07a9
A75,nominal,2495,0.02897180093132523,False,False,389b4dd02190db5b562eacd05b4cdd7a6792673689f9898adee483272f92364f,8dd53ee3e8258e5182b55e5a950d7584b9682c1dde5ad8f908f40d86a164cfe6
A75,nominal,2496,-0.05415413575557665,False,False,8ae65ce3a3edad2cad5db758a98b9b7a3e4c5d7a982968447ee5a7789356186c,f42ad6845278d6be40c81f7461fe093ce51c9e2559295f795c0e45fd804671bf
A75,nominal,2497,0.01823009841569201,True,True,53b41fa7425928a51998e3dfb5b6b14216825a4c1c6000ee2267b27b680d26f7,45ff9f8272f8badca5ee7862937d59f91a697dd7b38d84963f45e31107b2b161
A75,nominal,2498,0.033180714033107184,False,False,e85681691f6c2d0087759560ed96722e2040f6047914ce7ed1ce701923d82bc4,beae1d1236ef2649089ea5a3e49377017d5c657e176513a175aa474205e645d4
A75,nominal,2499,0.06505852448774163,False,False,f31249b85c875dcd2440a89f9c6835e0b115316f2bc9a0aa27a27bb6b17f17dc,7f2cfd357facc6b76cbf018e3017f3b5f6a11d48dd77b6dc6840f3c1647a54c9
A75,nominal,2500,0.07313157017332117,False,False,95502de513fdb4f10d57d2947af200c5af2f8814329bbe11d40ec60ec333c7c1,8ae13dc55147d9b2483470211882ae13ce81b47c07da07914878b89abb9191c7
A75,nominal,2501,-0.00826030114213755,True,True,0163c2e7e64c5d8507eaca2a58f511d3d459c64ee0410f0c753d860ec8f819ec,8cd3b5820addb93e3271dbeb38b7185a10026bae989d1b6270d8cd7da5c4fbd7
A75,nominal,2502,-0.020522530905545677,True,True,65123ed397cb1a37dcd4471ed9bd89cd9625d6197c2eadc184758dbb68bb4173,abd0c0215bedbe99e14abe2583aac3a26a4e13630655fb5824db06bbd016ea23
A75,nominal,2503,0.05706324713131827,False,False,88f5ae29eec8ae5763bd360f726cbee3de3495a40bf713035e42da89490b8a63,0e163d9ba331067f6b770bd22864150dda70e5d8c447168d46862a13ddcd1e07
A75,nominal,2504,0.1080226906643057,False,False,4f271b5df36b43fbdae99f08314751dd04fe0b328d0025abfc1571f60a4eaa1e,dac81eed972a46b46c04ad7a9fb99cd5a1d9288655e18e8635734dec78582779
A75,nominal,2505,0.009967482320036414,True,True,5620fc13d239ae7d8aa7696a32d1e2567246ab76fa30371e31bd53fda0696478,7419b26c2a0959da91f4f250c2db3595966fa6d4c72795ab8e73961a2cd90bcc
A75,nominal,2506,-0.11267099913442763,False,False,415141f15dec35a6ce7f4d5daeeb444258f6e71c63f850f249516cb5db87c553,5580d25262119f99fd23358018733ebd4ba0fafc9141dc4a041a81bea60116ce
A75,nominal,2507,-0.05013967495687005,False,False,1327ebff0343aba703e0507022ad3f8eb511c8659eb5c76020d7c43b5d6b0b20,f83102e7f75356f503d7cb0155e6763022d5acf288812db524d4321059740dd5
A75,nominal,2508,0.12470761849490775,False,False,dd3da825889a789d13234d23237808837b3203e088906f66f4cb362600f9cb7d,8b876677c55b6afbfccc11cae64b1fe4f513e086b7dcf97d54a317f5e87a9a81
A75,nominal,2509,0.13239205978870228,False,False,955968b0e9fb57614e00abfc59aafacd32d7a5298a82da61ec87c44de3d73bde,78a98b315290e630b9c52c204a7683e21f1cf1664f93ee393be42b664a691f60
A75,nominal,2510,-0.08806433111552214,False,False,46862b2fd7750deaa1f9c3d307182e2b9e0eaadeaf31a559f99d1b5defb65970,579e2893fcdf24e5b34bf78baf9d394dd87b7517de874726ffaa0e3f2d7ed0d6
A75,nominal,2511,-0.07327505271484691,False,False,92d379cf4542922c4483a304286d53c2760951c7acdd0854650fa8c59bd63461,b6d17f3406816322fa20ef94d4032b11e7dcc9b118ea3808bdf3f9c771d3eabb
A75,nominal,2512,0.017007221985937404,True,True,8f926c6fd6194acb2f99b3c6e23e5d407b97cbdb655aa487984989805690b64e,7c80b1d6103634a6e562b2884f2c229d603803ff066734ab32ef177e52736c35
A75,nominal,2513,0.11074068300519635,False,False,baff7921c8bf4e3af31e0e3864ca00b456e41aad0ebd203d9f6f116abbdc3c99,171e30947a28989c445529aa2a789718ee12119c2bf4a6d37eb5eeab7b04ef56
A75,nominal,2514,0.006369050334631088,True,True,768421e2fae3ea94514245afb9074523a1357df81294e07199f7bcd48e4ca7d6,0af4eb70803719ed443c4c4e7335dc35c9dbd08bdc6c3388db4ccea2cc8eb612
A75,nominal,2515,-0.048652939482131174,False,False,727bbb565df76bb7cfea720402b8b0ef8a382d2b871f8dcd3356050d8aecc534,ed71fb5050a9ceaae90d776615a6fa24107e7d2a3d0e86a6ed69aa4dfe5e7071
A75,nominal,2516,0.11257235616821226,False,False,03b9a4ea150824f74ec0bbbc075c4a683b11bc6c23a87d3a6089881a5a53fcd9,e513cc734226127017bb51d66b83ddad0af22ed28466d405a92b0a9e6f4f1d09
A75,nominal,2517,-0.09952147530358163,False,False,2b8109e6a699f4428b24b9d94d019948ed96e5043aeab50b45efe3abda160ca6,f0a04e017d7ec31db54ccdaf8b913a026f5d7379637a487e73ca70abdec57cc4
A75,nominal,2518,-0.08316197601506548,False,False,5505db99fbd11009cf93bb9f570e7e96fca5f2ebb67da06f62999ddc17a71084,c338fed1cd98fa0bed16b3975ef321c67c8053f7b86de4827ef1f56ab6babac4
A75,nominal,2519,0.07516325403121116,False,False,a22bc7aa6cad4fdfaa2e3b94099a1f630e88a454430166da7fc7310d41ecb4e7,16cd4971e781dc421291c00abfd46d6a6e6a8081bfb27ad7889bf82e4e96002b
A75,nominal,2520,0.05521211059369202,False,False,30908b6cf65f2ae92da9f6424ddd9d0950e545ae0df3ca5346e77f7d693a7495,60e81c9768ea7d1b38b34c91f9cd3c7dcee930c9c34372d5420897710b28b867
A75,supply_097,2000,0.07897947858777343,False,False,9fd0b2b4838e12ad9d8dba7a623d4e04006874303e85d63de33552724310d109,d6c82b891242fdcdd08529e3502dd9af261bc05430499fb877fd8282a1dbeffc
A75,supply_097,2001,-0.06075762712978705,False,False,e77cb63d1f00f87c2bd8cda465ae58977adcebc12406d94ba66034a8aa390370,a00c88692681dc15a92098c009066f4b1c12a5aa9e7490b0433c166844b01170
A75,supply_097,2002,-0.07797252553582507,False,False,6aa801af96f5a2a2c0030eda443932011b259662edd1b28013a040635a5c48cf,95328d59a2d3775d00c71f644ad77ba99982d352acad45329c10053f1ba4b2f0
A75,supply_097,2003,-0.057254587109884625,False,False,b0b71cc30c2b1edc3bbdf4b97868299301c4d7a75e831de7912d5c166a4744c6,ee511e2e4436e0d451e0ef66f58ef18c7e344c009cd53d0303738f4d5ba43621
A75,supply_097,2004,0.018790334108080065,True,True,79b2cc158482cc18e2b73511e14a786cb4aa47b26275c0e9cc0c2fb759ccadc0,d583cb6a4e4fb7ae458cf096cde25043f29aef411858a50f7fd63a8787bd38fb
A75,supply_097,2005,-0.0882017622037648,False,False,88e89ca77ead45e1174077c91b647a4aaabe29ad6f5ff5a9ba18ad36030a54d4,6ae192d2edf7d145ae3d2686f341403a379361e1422326b6999d9029dcdb9c5f
A75,supply_097,2006,0.019532141669425074,True,True,42d88a820d65a97c8dd46e7032f745addbaf443362c8ca90e1b62e391d4aa563,bc5227dcdefcc42554a34fa24b9c8285a25e120ddb846fb3f811ec5e72185212
A75,supply_097,2007,-0.0414957892038435,False,False,596ada4376cc46189a82287dbbf377778d0d8c46e9381f2ca8a7059f545a7cee,7d618f4afa77c59a6176eb58f9267a92b9b2a50032d00c5aa1a64ad12c772a70
A75,supply_097,2008,-0.03578037514968224,False,False,5bfe5700bd830f5a0dcca8454b4d20a274282f9db2ad4d33d644fda2bbd8d926,86bd1d400a553e0b14e756cc698859a76dab5bed7fe4f9a49ab1138f56dc15d9
A75,supply_097,2009,-0.12085860681988453,False,False,34b2309c9204faa871999970d0d34dc06e0364f8270f8f5160ecd7589bd2620f,f681a511d30bd0332cd57f867fd898ae60c1e21deabbb948f41c92cd89f38a9a
A75,supply_097,2010,-0.0474973450385503,False,False,fe2b0c73fedfbdd2da786dbe527c2dcbb9103ccebec0527f7d30c005d823bc29,e65c943b152d758096c35d7d14925e25e190089933acffc9c59a660ec4f8f28f
A75,supply_097,2011,-0.04229846538963078,False,False,26fea743ab427f64d93f6e16045c36cedb79834e0a8b9b11d1d1c28d5ebc42d4,a7c5acb29ed8f7ec4c4907a929bc68b55a37b2a18f0aa312178fcd5f5c424e9d
A75,supply_097,2012,0.0351548892568978,False,False,d768bc3f332d859ed7dabba9d3b46292ca8ef22a04e77b18738a68003b530aa5,3b060dc020bf2ec10a48bbdbbb1042899c9a8e7a4a90c39dfc407e6f5d1ae3bd
A75,supply_097,2013,-0.08214573329635999,False,False,914a458b3082b154d6259ab44655cb3313095682773bd39816936c10b5570067,467f8fe8657d5c868656aa1afb748b8f5e40fd2a15510482a983312a37744d81
A75,supply_097,2014,-0.08029288531694384,False,False,01b8542da32dc1c6c2931d2e0ee70058d4f11551fe83dc62159535923fb46d93,4e413788c415c7fec00de854491300aae4e95dab278a043d2cfc0ec17174620b
A75,supply_097,2015,-0.025784801469818264,False,False,2d7d338897701b1a230d254f541004157ea41b3722780444978d4318f74e8fa0,e43ff379f5ada3ebe731f978dd27d2f20959a807871de0f4bd5f7274814c8472
A75,supply_097,2016,0.0025725683576840463,True,True,abaedbf651080b75256fb6c6a0d0194f5f4233a12b05c0ac021bf05e1194edda,5009724e7d9d41960b1d43ea5888338502d88a0d6162db0f73cad570b915d4f4
A75,supply_097,2017,-0.08023479473564782,False,False,3b1386290b7e59d75377a52c58a6ad096e0743f5366025e0bd752ae348b8e8b4,e74d8db2d252b13a6381d95774bbb39644c65ab4217ee88cf758c74133d5e3ff
A75,supply_097,2018,-0.0724284575039088,False,False,3c7c10026f50c68b26db9b199d3ba3354f87c6fb89d5143485553bf18f27b897,da3c60ad00cb6c7cd03ec4fcc1b8780a934aecb9311dcca1cf6695020b9870d8
A75,supply_097,2019,-0.038734852336548,False,False,98cd1fb73bec54bedcae72e20638969b09679358d1fff991724db9983e7dcd33,ff2efd52910a4c70d63ba6da20ff20e2ff7bb5eaea96dbec69fd848e211eef7e
A75,supply_097,2020,-0.06211490105154133,False,False,25a2194db4d6c569a72a7dc834d0d19f60b72eff225e48632e047bc10ba25b44,88c112ae52a33d7cafff0be32cea7eb38f19d122820a61237937b4693364f8a8
A75,supply_097,2021,-0.090738957899694,False,False,b718363073a452ddb98b338a575f3dd9b3eeca62204ba3866cd5497126438e7f,1170fbf090ae1f4d940f255d722ad25ca9b2a395b672b780c425612848a2d13c
A75,supply_097,2022,-0.06369843950377363,False,False,3dbbeeecfd73e6ab36f1739068800a1fb81c0b87e3569a3c3052071268e468da,7a924d2a1128acb6541afb15f9684d98ef8eca7e90aa4d86ae8517acaa1e1732
A75,supply_097,2023,-0.10358660196134711,False,False,248f657c35df66cf7dd3191c8157ecada62bce93202ec4c9e03b6ef1640c1924,dfff42041260e179de5ba046f35e37400212c9ce74ada2b3010639cef917a85b
A75,supply_097,2024,-0.17289462811174722,False,False,4766d6b149ace227c4d893957cd2dd2b287e2dd3b50ae1850d59ca68f9f10ed1,071bf4a727d42220d9d75ffb0659bcac8cb441f0ee5144f1bfb7fd5d2f7eea1a
A75,supply_097,2025,0.06669721169970322,False,False,665d3c1796c0f93c04e78e75e3b2593e1abf00a9be030497ca6becde27c44242,858a8eef37afa2f80d110abf727b65a491d601ab19fd4045e063732c4d4481ff
A75,supply_097,2026,-0.010179833898692092,True,True,a3a2b5d515ab7ac63b0ad57ddeb2e671e855f07106df23a53c6518c1d1ebcd87,10a7b524caa996603d26e83485fbbc574b22826324f8f53928445457cb5ad822
A75,supply_097,2027,-0.08636912187722595,False,False,897b304d8c3cc6403fa06cc4e43568bd40a129b74d68732baa82ebbc2eabcd92,66f9ff894179c0a6a15433ee1eda18df7f8bfe06294f171e8b41f11968379c38
A75,supply_097,2028,-0.05466085042443092,False,False,f8b0f8bf97a65b2257ce529621bd84ddcde67b41b98229c1bf5cc267be4af3b6,8646484d527231a4a7a278bee031e1f1ac537ac7cbc6e6d71fb6e549eec8806b
A75,supply_097,2029,-0.01425618767542608,True,True,8aae1bc6ac7bcd1cf65f5d60e9a08cad85a2b3f229759171b9fb24cdc186bae2,848138a8a903cbf3ff6eb276c77d4bb59b3cd63255b4ba395a646e0072766aff
A75,supply_097,2030,-0.09358859125114766,False,False,e0276f5e030e84f3fc17aa481e3f420bc49cb9a3ff24827bad1d241c345f8204,e0284521889b7f6932a409f37a36b2c90da81d529bb244e4874d1bac58cca853
A75,supply_097,2031,0.04755092283372686,False,False,7465d8344b16f96f4eaf24f6965bf160d6c6c1c5678f51495634239cc41f96d8,e79cff21b952124cc5fbbe7b57bc41b9ffbc392b8aad2f42f81106305fce8c93
A75,supply_097,2032,-0.04733964590272066,False,False,1e7775d42873e11082b86ebe555dfda7050ca061470e26d390d2a9972362a220,01ac09154878de00752571910110c097b8bf18852fd5e218fac18d41dce4a97a
A75,supply_097,2033,-0.18367831212714997,False,False,dd075c7990a5321af34c91bd079e30d9a2983f392f600c10744a65594a465773,3e56c7ff7be59070caaacacb762e1ade945efab9779a5c105064d6837f7304cc
A75,supply_097,2034,-0.1707984338317522,False,False,236f44b0beedcb43a913ac67cb98f759bfa7c9666d77985e2fd5de0a33836612,f5f33aab78c42af0a75690d02e8ae9cc9119f17ccd19b6206b820ff60a5b41d9
A75,supply_097,2035,-0.05799079780286348,False,False,2f65db741d86f654646e118b32eb9749b515ced459ded1595334120c5df8293e,6b7763cd96310969bcb20618d171c475d2c996389b6d21aea3f929305a4755e2
A75,supply_097,2036,0.01941234759500865,True,True,641c1dd4c8a921df86c560d781dd2dca3d3b9528e58f1eab8db602bf69b2f561,7dc9d32eaba6637966027d920db330873381ea4f2c48f00457b8fb1529432bf6
A75,supply_097,2037,-0.16034186728937344,False,False,dd49670221a8fec503fa0f12ac14edc88641a51cbaf540eeeb12992d76a181df,dc553de2806953009723efe75e2d3ab858a40343684e2d3022c90a931c5606ae
A75,supply_097,2038,-0.11357154782806517,False,False,bd0a3b2defe0754ed1467bd3b0ba9e20bbee8dde11e70406e05f628adefceb7f,9367e1188485041cef951edf411c1bdcb50ab15ddfb384f697cc2d435e068ed9
A75,supply_097,2039,-0.09321015907641672,False,False,655fde4c171b46bf15034bf2dac476a1ace5ec0d40e3e649ff5b7265cbc65747,91e3e7a1f0a02d5576fd15afb57d8befccab1c8b56d4022d2797fb4921589f65
A75,supply_097,2040,0.07763404264967944,False,False,03d0e9e5dfb03f8ecb5b530a958747fce0b90026065c25cd0bfbb29862bede80,2050e44e83ef89799c50a6a0d30c313b4d199b7ce63ae19b233b7e22654d198d
A75,supply_097,2041,-0.07118670143481742,False,False,ae326d1511f15eabcea40ef916e876f257eea0fb86432c362bc8437b70be6187,5480aa15c148f3cfd64702aa1446f31607e3d2112f41cdb611ea99fb01c166b5
A75,supply_097,2042,-0.07863551582518491,False,False,d6e4d831c673adc7ab0d5242b315768ad688816f02f4036cebe130856c4da1f5,89e511d82488ea4f48cbf9befe1c62a28c6170cb3a29bdae25f250cb4831b2b9
A75,supply_097,2043,-0.15083843020737564,False,False,50d347c525d2aa2d72b0245e3865baecd2c49509ec600a454a64a02b4440744b,3b1e7e75c866061e96f2c9e9a8bd20dd9d268e9e1333ba50df0859fb64a85fc9
A75,supply_097,2044,-0.12119706654411705,False,False,860e6a6815402ee3c7bb5e8c25644ea08021e5b69417bf79e4189f573c5f18e9,e0cdcec4b244046145e92b5a16ceb44fd7cd02189eb625f2559bbbbe2c9d8605
A75,supply_097,2045,-0.08639264514627487,False,False,7a5b73a472d6807972fb344d54efb9592fa8b2e5572da6c85f4655ad9890fb70,6e05f0b2b31036b5bd1d6df69dd6b1cabc94a74805f91cde92fe23dbe5069b2e
A75,supply_097,2046,0.024358930008702484,True,True,5fb3bf113db594cc9d38be25a5af6f8d848f903d28b0d740ad8775c2a56fdf41,312af0a4d2f778a0f32ec4b6abefa3cf79dbad8ee1a0d92dfc5dba35d5e597fb
A75,supply_097,2047,-0.0028229056853371626,True,True,ba3bcfc1bed7b06896f17d563f39df1f24c5573cc7e6a0cc1bd5dbb83e97de5c,dc8e7d00a477149d1882f76516edccdcf46e77df9b1c70a67c3ff9a6e15dcfaa
A75,supply_097,2048,-0.027069586405243373,False,False,a4491222699567ec5eb71785586c47f5e20e5e87229d60b9789231579d106d12,1103c34fc06c409017b2f5ff03d6eea2109d52c699c3fe3a4bd2682c4ceb09a8
A75,supply_097,2049,-0.09099409600470093,False,False,b77cf7b6fdea75f583a7eec049d78e64218683f0fa118a32095962039a6e7e00,ee22011c05931a23e5bb10c10e55c7695dea254cb344e2758bcd8379d95cbb73
A75,supply_097,2050,-0.0642603472767212,False,False,b1ab828ca29a651ebc444da2514216fc51d9ae0ccfc77253e88670a467590107,8ba1919524a8852448695e8d8a819ef4a511f358e1b301c27248affbd35c115c
A75,supply_097,2051,-0.009070054479720868,True,True,c4e6580ce709d8e4f0a5c169a68af56117c0dc083de33096f571e36676dd7a8e,3fe3f0a65e77072e03f9f736a41e569fe91ebb29fdd371556e5c04ffe679aad5
A75,supply_097,2052,-0.15270668321753406,False,False,a4bbec82735f7eaeddfc55ae286e4594102d80810b178c1ca1240047be75d1f2,eeace607782ed2332865e8cf41e398e26bad322cd048241bee1020857d97e459
A75,supply_097,2053,-0.03814787988632057,False,False,7e3b12b17f4a16fc6ab97645a1a707cc2e3fa277b86fd0d59c5ba653c648235c,acc853598d3870c2c514eeca17f3c350b87d00a9b4bef80b0bac86139708a2c4
A75,supply_097,2054,0.014934706337007109,True,True,3f89eef16ebd1db32296294f02376f1deb33044076497cf8a18b0468bd8cf75f,4dd9e1349646ef76342de79b83347082d6646f01c44b4e4cd9e75a6a7beeafb2
A75,supply_097,2055,-0.051552904106371755,False,False,c24d65cc997b32a6d0cbf062ce4fb2eae53a091810dd84137bf68ab004ef2e76,c24fb55dfc5ea93a4d297c43451213a1861433a9c8119545c5fa054f65d8f18d
A75,supply_097,2056,-0.14749477524280846,False,False,e488b85698850211c41a1b3ad319ea9ce50f1b50b33d0d7088dfbe93c2ccbb6d,8f97009bcc3bd995ab64c3ec243312e2f7b4e75d4f6caa15de4626336c308feb
A75,supply_097,2057,-0.02678642593733982,False,False,d6aa0bc07ba1af24c5c3ccf59fda782ff030518342e655df48d9dc7a9feb24a6,9470abf2740b5ff9e4bab090a744ceaf22ccda4b181b00e580c82694ae291e6d
A75,supply_097,2058,-0.12130069529917348,False,False,52b4ddb291c3c22ead28e9554af662c000a740214c851efcf885f786c306360d,46490f51338f69339f544fd45f59e1e592eaa38a954193879292c200d0526297
A75,supply_097,2059,-0.05934061635583887,False,False,44e858e9e52842314f8743beba30778a90c8037325ab22c5857386da5910a114,f29c43bdec4d287482b42e2c9bb841da68e0814c29cc1c8e32933df17f938380
A75,supply_097,2060,-0.12883930805349142,False,False,c72c4239f9830c34fa8c7902ce531f7ecde38a6d723caeffabb7e728954b346f,66f5748bc33f8096eed76f9f2bfe48914281888e11e785700e8ce5a731284f51
A75,supply_097,2061,-0.018583136021739832,True,True,d3839ee41ac35132cf25d66080b3ea01e5e10aa738e2204a088eb57e630eff0a,d89e8c6b0ced149030418013ec4321d12b31cffd805019419078397fbe75937f
A75,supply_097,2062,-0.15320129318869458,False,False,16bfdd32b01e9c35bed12ed4e987ab1e4fc6be1e3433e0dbfe7bf3c9ce835777,4622fb5c0b3a2f7c9b541d6d533efa53cb3b392b5fee48d83e844e1b12adf6b4
A75,supply_097,2063,-0.1752481033025669,False,False,cd45e3aea5c303c91c24e0ac64c55605bb30626a09b0ce4093d6819dd3b491a7,e1818211b428c6b5180dade5ebb2c0e764f33e6f513040c4764d1d4d9c5e2ca6
A75,supply_097,2064,-0.03800822656171643,False,False,16f3921e81cb7a4947fa0e7e9061085176da9254b3c26e9baa98af1e81b0a33c,6a2bf4c3f30f55e13ffd8a42d113d934df6238ed24dc25367927eade89d92240
A75,supply_097,2065,-0.06285217477004262,False,False,38db8b31b80ac6024aeae45967e6587974ed3a8e323b20268e1f6617bef8282e,15d41520065240d9dfe59e9eb4c1ecb1f2c87514627349a0f39964ef13707e81
A75,supply_097,2066,-0.003418333918816019,True,True,01e0a78d3181c6d66b5209160bc642f3129e53e09be3e1f296d04dce9f2caae4,3d75a05026f9feea9ac87ec00706c37e5ea1a8b9d2312e07e468bad4f11280db
A75,supply_097,2067,-0.1038993945476257,False,False,8dfedbbd9c0dd1c26d3c235736de7f6d51d973cfb4824f2ac87549d8874444d0,7f5df786781e0a5ae3a2cdd014ab2582bf32a67eab4efa9b21270c107af754bc
A75,supply_097,2068,-0.0801415428917136,False,False,ffc5a50da8738cecce35b184f6b69962e89dba1bd98957763adcb1f32d6de3cf,070ade07e96e9b06dc4e56930cd89fd7d1965cd3a5d2d2ac117d6e0bc6bcea31
A75,supply_097,2069,-0.09487725554790405,False,False,de53bbd951026e7df65a829844330ff23ea39a40bce5dc4c385ce91e51d8ab7f,83bbfcb6c935d4daaf99e6a0fbfee246edb056d5e81150003620ad491b7c82cc
A75,supply_097,2070,-0.19107881270234467,False,False,846aa9ff656fa57f178bd4e20f72036693e143f4cb11757de906ef19668345e5,7dea60ef973f3cd9360c88d207d8ee69e078813498fd4426c2f9eb773b08de4e
A75,supply_097,2071,-0.07166790839574605,False,False,34f68b419df730125b3e1f02b57c72eebf3f035cca168508710692f997275b44,2571be5391da6f88ca22c7d6dd4368258516c0213aaaf77d7aa6624840ba4e36
A75,supply_097,2072,-0.07253896102650209,False,False,cedf6167bc4a611385bae15cace5813e4ee58d4cb2e0d1f04cb1712f98953153,5597cfec4df2ae0a6fe1a443b145d6e3b3880180a337ffe6ef9b52b9503f2771
A75,supply_097,2073,-0.05856875838744491,False,False,64457c55772eb8458077e35da361c56c780780b1e6f93e390e4d03d0e9754138,8b709bc436fd83ff0777d8fad88a7f4495ba508d36f5933153ab4a8fbfe379a3
A75,supply_097,2074,-0.12412276718381265,False,False,e0cdbdf2c2f1fd40d6c1dfc717730692b086716ce8ab20861d518f08fc8b5161,2ca4cf8fcce9241300cc75f229690899ca7610659233bc59490cf89db36c46d0
A75,supply_097,2075,-0.0847684504982974,False,False,ec98cf72299078adb9c1d793f9084bd3bc64f8c2cc0cd5fd2a8c5dc6ca9120e8,a43ecfa15fcf2817330a8c80cbac54fe15a79b39404cb8525eedc35210661bbb
A75,supply_097,2076,0.049054533941367606,False,False,8ef47277735bdd4a03a623888d6b882fc404c1ef85b9169f3247229220f03257,634f5153ff95ac9282940bb4ee94fc5383f754bde8a0b050416dc60e13449298
A75,supply_097,2077,-0.15774417053935846,False,False,18930a0ecabe2977415695004a70f6f15b02efc8d239289528eda7cdbdc0eaaf,7a57ee06bdcedd3826bb4a3995e0f6a548dd4de4f039bf0aeb4122e2b5a83ae3
A75,supply_097,2078,-0.10477344288527002,False,False,f75bbdfe348698ddbe7d15d5d3705c153ed3b25091506c78d68e79510c952267,4b669e0107928ff5a7d7b36464902324dd2b0a0a2d5078a7462925ede82dbe93
A75,supply_097,2079,0.009019672010789681,True,True,c897f5bcd658aef68f929d9eeec7db8c4aca18c15e5de89c6c9e755619a5938b,3fe03ef1e25344b653e3ad8a8fff0d08d85f077c4241449a57c1926b4ca63c8f
A75,supply_097,2080,-0.11971208733698407,False,False,249caf52afd449ed8b52f127b285caad0387509ff46bc354af80cdc2574641c4,7cd7ff845f7199c1c2af02eaf76051e6ce473fb33be2310467ba884eeb431d86
A75,supply_097,2081,0.12154784995317869,False,False,2a4891c6e5b21d592e996dbaea54473c68971334bde51fe5107c3743e00f6c13,1b4ce4d1b7eb9d1f455a62c05fba94dcff9874a1dcf96f1d4a18bc7a59df0a28
A75,supply_097,2082,-0.08410055231748143,False,False,9a153c38c5b536f4005bcbcc6388f2c55c36d2edba0057363ed25bfcbdca165b,55c8c28e087090b97726c86e4c50c78521b0eb9811c95c25a97ca1489114495a
A75,supply_097,2083,0.06902944965172864,False,False,6e6ef45106b0d279bcc1de519a7088cb7ec519188cead35dee60faae49819691,b0277980302d01ebdf6379dcff8a5613df6001c96413d4b077aa65f4bdfff557
A75,supply_097,2084,0.0035443091989718623,True,True,bfb9591b60dcb6d3d7416b04f0875edd1656a533d7d363f9fedc56978169cb73,15d0e2d568238c2e9725a77daafe2cb4ad4e72177c03a7a08e26f66e61426586
A75,supply_097,2085,-0.10306021280870936,False,False,bcb17ed359f46795ecc099f9b39a287f207d7a60bc49500a4c11b9fb340d202e,b5855c7c63c90db3ec2c3ae4cfc672b17706c2b5608db26a4467566c40d7862c
A75,supply_097,2086,-0.01871778074926278,True,True,b9e5d76f39000aae0e0910e28143f2ee4697046907a33cc1941ec506908a0c65,be27af0d13597449c6a089c7673a40ed6f128d153492a0b0aa432fca80b0e077
A75,supply_097,2087,0.05084197169860771,False,False,d8112aeec8e6e5159aaa2513282910444d04f12cbef3a085f866869c7784d403,e4bbf61392b96b6004f85690ce1a285069ac5febb2675298d66aa821f51fab4b
A75,supply_097,2088,-0.04573703073468505,False,False,2d63094ae43ab3bd13f7eb7bb9ec68b4b5c2887096beec2e5f8938458dda9a13,eb8f793c7b7b8d673b74f1482117504242ab08474bc44e2d74a5cd141653e63a
A75,supply_097,2089,-0.1755293104241033,False,False,db592626b80552e69e60688215f57e6f2cc57b4310ba53813aec4edd638ce4e1,44ef69839b403608e7251662519ed200b6c8e0393f0f3ca5fd7e1669bc4679ca
A75,supply_097,2090,0.0757439478311922,False,False,c34ab8dda46d2743bb30e62fa315e8a718b7dfc1f226c5c62508a882db16f733,255210cb4650178945cee5848800a823c185ca3ce302a3b0924e7d7592b89920
A75,supply_097,2091,-0.005325891079398848,True,True,87009cfd1c05fcc25e383d775d912705b8765d223c9c8cd026fcd45e64f66eeb,4e73cadef0fd79b2afca734555fb788f648d057ca01401c94a512fa19d5a8540
A75,supply_097,2092,-0.09433044765253468,False,False,8a98219cccbc76445b63a16e640494631c27782fa2f95ae62a9e40bd236e2d5c,a809d4c2c18a29b0d60fa692df5bd6f2a199964b3b4a259c2fc1e27821819fc9
A75,supply_097,2093,-0.1797804892713905,False,False,b9921e714ce5809ef9b8ec90bca8220627c59e322bb036a3c2ce7c805b0889f6,6795e7c7615ea9a39a55e3d5dc5aa4318da90debf63974b2e8aa1a1f40de262b
A75,supply_097,2094,-0.1654447937011722,False,False,db1f9f9633be13eebaae0d23357c393d6f2b604b8f0dba617cb030f96096ce08,cec0e0853545a6f8bbf4fbf805d479a11b53e48831a7a14600757b42bae0efc1
A75,supply_097,2095,-0.03213584685729354,False,False,72da556c4071d319107e7d5a4f37acb769de2cdec4436a1a15d6bf0e899044d7,de20e0d6e4414e34ab75bf508565c353efcf89fca503ee8aabb00ec47f0e1cbb
A75,supply_097,2096,-0.14590285886838378,False,False,853dd74029661c418a0a0554bdb1b861b04f5ba82fd5de6ee7ed20589dd1ed53,2827bb163d36f994b654699b90b19e143f865fcafefc61151aec8c58a9c9de6e
A75,supply_097,2097,-0.03341379458326471,False,False,3e275043d5a269d8dab2e20b0a1c60a0f80a6c1783774be0e537af14e4f68392,04f37b0333ee1e74609048c859481bbba7bac955be3a35fed35d33ba29323501
A75,supply_097,2098,-0.08457780711176272,False,False,d45fea93ac2216e163a250b3bf7ec5b3de8040d158058d1a7e438186781be6cd,e69be377f24df47815d93697db52ab0f3f58d7b166762fe2206c5636466458fa
A75,supply_097,2099,0.022292046786898556,True,True,34fabcd6dc4f39d9e7e69c858056cccef7d0e44bf4cf4aad07f7b8c8c9a6138b,6a83cda70dd9a585513ab1a86da15efd50ef3bb7fe6c29d089e20ddadc5e9758
A75,supply_097,2100,0.08682868111734776,False,False,ff8333b33a5fbede111662a2df36f3b36adcdd7bc41cb003c3cef0e9e93edf3a,fa004e639dad240432ef79538284d9b776ba4a08322ef234a3279df91612bac7
A75,supply_097,2101,-0.22691737038262477,False,False,87f3cb9c44620403cd2c9f55ef0d3a130cac6f3b4dd2be9c6f5c1b22a3b576df,4b360a1cb3d4db7b670292bc59a74f6cb9e8cdf1919b4411c53424d756527d4c
A75,supply_097,2102,-0.0727976594969807,False,False,f3fb4bab74a82abb4d2abf291970b4d171d12548dad7c8f19ef62c0214d48eda,18d1b1e6bb8db4c700a8f92acaa421736c66ff6f988773a12f078d9a4f9e1984
A75,supply_097,2103,-0.057792775283459,False,False,a36252f028573d706f2b4995a195501d3f848c0f2b7fcf0b9e44e0cc52185081,4d5ce8ae15ca4f4fba597c6c957c61605f816b688062f01bb322caeebdcaac6c
A75,supply_097,2104,-0.161606861142786,False,False,594ef93238e640817c7fb26a21ae61638e2c7cfd3c91030b186e840b665e8240,7e486ce86ca04992592ebfd013889fc2478042a807ae4eca63933d7ed641b895
A75,supply_097,2105,-0.013153440219747958,True,True,06bf9d95fead07a1758d2203171a658677f9765d8c9a9f1cc1aebbc4be32c2c5,5a9fc7e75629242051944dc649f8dc4e0322de435825933f51983da63fc09d75
A75,supply_097,2106,-0.06816514283848946,False,False,fd0779ad9b4fa013c663e457537d7090aa8e24671037a0fdb971f8559d831b41,347e61ca82b6715e87bedfa5f70877c2985b1a8c5a265736b6da0b70e9a88a81
A75,supply_097,2107,-0.09248620800503154,False,False,e6248461bf87c3f23671417601b15e2ad037a98c377b97a4f23a5d7b06977948,2322cce00b7fba54ef81aa6f5dd9b97fb1a733c40d49b4f520dc8727097c495c
A75,supply_097,2108,0.04586201443758675,False,False,699a99aaa8ebc8f6ca202876fe07b8e1e4a6d2913f763bbdd70e0f091f753ced,0f40ef530d7eabfdcebb1ce9f057f885bb502fcf1813ae50731252c087085cc2
A75,supply_097,2109,-0.16253057139637872,False,False,ad2c4075d13abf0e06c1efe90f0a9ce862210981732aa61298d61ecee0caa488,e28f2f3f74fbaf6963b1800216f496fa25b3897cdccef9815a50f342aa6d4113
A75,supply_097,2110,-0.032311916493081516,False,False,1e1d8870b06b66fdc4e1c80e260cd73222d732228ecb72480a8faf6281dc70a0,760c585f874a0eb9ac934c6bb9547860c95752de0fd35336a76111e6a9c05f83
A75,supply_097,2111,-0.12213899416599194,False,False,1e9deed901a8faf11a640cc50a92654fe19628c9b3eee789e26bea024617f4cd,c3e2f8c7eb203b03b89d27dbe3413c3fc957df5f3191abeefd5975ab1ddf2dc6
A75,supply_097,2112,0.09700094020673555,False,False,dc965b1478090754fdf028e83b672b2fdfb6e9ea5d3c204ab1e1c8af1d64b720,9d0d5ff14d8bcf6d70b1d0c93875a9358f7aefe8a6e4d42d2b802e7fd8a9a18c
A75,supply_097,2113,-0.04305370837708933,False,False,29c2031f1f1191500f3b4bbb788e2d006af67947eedaa9767030c742a9f58085,c2e6d5b306e3351da800c2a5c9ae67ea22cfa2a078c095e23f6e0fafce103f6d
A75,supply_097,2114,-0.016286532317834723,True,True,44f0d77c08c0e46dee2b3aa1d62feee06841a87dbf97e7b70c579cb32a83844c,8bcbdd624edaf900699c44b258bc4870563286bdf4a1b12c784049b357038550
A75,supply_097,2115,-0.09600027001759659,False,False,5acf8a1ef3f0cfa234a55ae5405d83a42d45e24d3780eff94c6d95b70facb8c2,653d83a9002964b5833507b432bb6d0eea2a2599615d17c2705ea9bcc9d49a67
A75,supply_097,2116,-0.026679780789304386,False,False,48617d24d92a92e3fbb0b600268af0000fbadea15fdcf6ef87527b4bb7ee0c08,3bbe3bbea6cc70254c91fffb83e14711758c3976ca9b9299c3ee08d3b6c5e03d
A75,supply_097,2117,-0.04680767035917188,False,False,c3847afcc2d2bda6d0d7d8a7588eb82d84438a40c8da2e298a367b0d8ce09654,b265e2f5e0c8eb64607e76808cf630c704539ce7e301c5e25e21ec9ddae04e3d
A75,supply_097,2118,-0.041774905594636036,False,False,76e9657652c46a06f5420aa3bf65cb386e2a1a4b2762621d59121e54289a5969,fd56f9b62e23914bf263659025c002fd7fed2a0d10f13bb0836b951f2e4aee46
A75,supply_097,2119,-0.1030908718054081,False,False,b1b41206232de026017281f892874f545d06b6efc94038b5a3cb050289ba1482,eedadfa74090588e098f1670a636860b2180c2b4b0129eae1992cb0cfc65cdc0
A75,supply_097,2120,0.013238382094171497,True,True,4ad087b240722fa3aa103dc73078619b37acf2a5be8d9ff65784853f20b63670,a8b6c01fe67832e23fc329e5a391dd6c7e037207d6bbb91964743ff2bbdd1ebc
A75,supply_097,2121,-0.025746612080489173,False,False,7115f3d5c369d48c4929f6c6c4edb735d62474d6d5a5201767b35e43e4ff6ee9,ca0574a40eda0772318b870e8dee55ce79831524dc40c643912ae00f69ec47a1
A75,supply_097,2122,0.060744187554163,False,False,d5bba91149b2f5a205693ffabfe2af1bb37884d575e1dba5fe5aef5c5d40d930,6721f61f08ad7d535b912088eb968b1ccc1d976456db861209b5cf313bd52399
A75,supply_097,2123,0.010257021014261736,True,True,192aff05ad8e6864b522c4c58e168bbba8daab954fe30c196f9a716793fa4313,68b19820c4cd0327bb77103d30c6db57faa5d6dca410fc4811ee7ca5b567d4ac
A75,supply_097,2124,-0.054249490489347296,False,False,a39d6e38aa82814fb1ef191257862514f9b4538c2a362a2129207e9b68de08dd,ce1997c32c7682ea217f013dd1cd9223c983db7ba0bc28eb9cf6094dce76015c
A75,supply_097,2125,-0.07005125328023915,False,False,a7109526d38e2a609b83cd565e78124d1044329f3dc4b422cfc8908518e9b5e8,7f8d9f1e80035fe745013f3112144781250886dbedbd07551e98ac7060bf3f3f
A75,supply_097,2126,0.0005942386213361184,True,True,686a9c73bddd4eb9035eecc9cb870b2eeb5fd681ca88bc462bdeb4f1f129b9cc,d869ba24124c048e71a9d2c7e50b8ec1ec0f3cc2970ac000d40896808ae11758
A75,supply_097,2127,-0.057229680172454056,False,False,0286018df962144526a37449569723f06b3986acd1ddc736be8c12f523828eb4,506fff0f7b420381d3491ae22f6fafc8ecc2b7716e8b486582f77340a5eb5d71
A75,supply_097,2128,-0.053689231174908814,False,False,0a1ddcd5b095795b4d68bce2427f2f642e92db019f4868b7f44f06853c4362ac,1c1decec28260a81c7992fea07be94e4478cce3997150f377639ac3bb079ebac
A75,supply_097,2129,-0.08313924773508369,False,False,1f7ead8411db0c20d507670a083029cb0ff20f9d0e25affc3f306733194bd079,50ea4c2f026e5c2b4c1fad41d4d19bf1e96a8e077ff608b8a372f6c6753d5492
A75,supply_097,2130,-0.16284422927058245,False,False,9d0bf7cd8d5d3c6bea9b23f27a8ce7512829164dd1eed79d589729d48c029470,0ee452ac0917afa42a930cfad846ac3bfc991d8fd7b169e673e4aff28c31583e
A75,supply_097,2131,-0.07312201661439949,False,False,9bc638fadb8753d9d08c907f3f907872c1207652d1d593ddc9c456c153196233,fdc6690b3062bec3221dfb2de5cbbb1235ca6487ef3a7b5ae2e884958568be37
A75,supply_097,2132,-0.17559961364462245,False,False,1dc5c0375a5f799145f960cd6edc75626c43f9d89c5e033fb02e01a73bb924b0,720f6f38d5e9e99cec26fee0befc285a8ae4c31c4e83c3e8127777a60f3867bb
A75,supply_097,2133,-0.08969930392365982,False,False,65887b21df7155ec71d493d754388114ef516377f16e58bd7319616ece085ad3,cf92c8051c8b9d65958eca79e30db257b5846f803cb3e83c9260ce5da17b4023
A75,supply_097,2134,-0.14158146387879733,False,False,4cdf34590caa05edf0205b35c18b6a810d78479b7f0ba26232e047fbd35d051f,f4f5024e365dace51a2c80bfeb9545b24e0a3a1d41a407d8783ebccbbffd1643
A75,supply_097,2135,0.026278372979711362,False,False,e99fa605c9c7ed1e4a8d03f081fec0abdc08e9f9110e243e737b257c660f7542,e569e9af572ab776c74300b6af162351af3b5f9e9d99da3ccfa649d8340cfafd
A75,supply_097,2136,-0.0022969572421176476,True,True,cd272a13918941f50bbbff5ac060fe3cb5349fa75be1675f5c49f3c9659d83e2,59423b268f046314f7c917c2c392943abe7e4ab213470627266caba9cf1155e8
A75,supply_097,2137,-0.13015124563269975,False,False,51841f0fcaa2b2ca5c2d06f3b2f319427496745579e36bb89be9ae3a9a15e938,f58f6affed81ee890838812fcf37475f45fc3ff6ecb1c3aef218b03c17ab7aea
A75,supply_097,2138,-0.11593009014420103,False,False,79db547abe9ba5a801c3dff16b69fa4c0dca0d67b6b79c2d68d73b9423f14bb2,0e6211f96563b9eb7887a12d10427e120b005bd289af5a83760790f1192441c1
A75,supply_097,2139,-0.04607616702767825,False,False,c3be58a4013e5e60305a3e6a3354b79320faa81bee5bf7885200ec35d2ac0f3a,1f1bbc29c4dd2bbb5e036e6fb083c494619409bbb850138b4b845ca9d9aaf8e0
A75,supply_097,2140,-0.05481813867326896,False,False,7f48ed7b8f46206e314e231caf18c53c90149103e6135ae3f79d737114354fb8,a45a3733acd90eb8203f00a4f6d2a7f9018f48f574e36da9720ac4ad4aacaca7
A75,supply_097,2141,-0.16587571993422268,False,False,cfc4ae469cb155218e30fa889b1a8f609f7695553d035e9e7d9b13376bbb8699,fb356b133b4a009415975a2bac2975434c3d784d7a6e7b20e3b2271bf1c15572
A75,supply_097,2142,-0.02093662280674602,True,True,262fa43a43041dd571b9f1c32637ef4712d9dcf053f13d5f31acdf74ffd3ce51,49396e4d891229148df305415c4f9c0e170cd33ac827ed4a756f1134fafac16e
A75,supply_097,2143,-0.1139758462601132,False,False,c646164d1a2f9f4960bcf5ce308ab0d6d22500c0f8c7b50c0091496ea80210c8,0045e802d4317345a7ce595bbb0f0694528e9d1c5de43af833df01d5112bfc83
A75,supply_097,2144,0.04518812363440994,False,False,12880325c26469fa760eb8875f01693b4df45407bf2b978b9c2b51938743b9ba,0f4d6382cc7c819fbdc57bd62a7900f2aa6efae329665d4efb5f99a173d83d05
A75,supply_097,2145,-0.08589835098551302,False,False,ff71ebc359c4be40947ea6492c7f4c0584ca3a2379e979d294381853d668a933,91692cb29b0b30d28912b44be1c37b2d2cd520249d04a023a77e566ccbcab5b2
A75,supply_097,2146,-0.1394792810651847,False,False,bf2ad3a96792522fea23e3f404f2510b75f16bfd912a5e81f7e3cff33c1e28bf,62a255e65576944ea6e86a3bb84b1d5cbb3e56496e842924eb0a019005c2220f
A75,supply_097,2147,-0.22044978889479316,False,False,7935e347850e0c6c363aabb4b5e66335f9a84d192b0275fb95a3fe066be58fbc,232ac16ca40f47666b88868096ac20860b74dbc76438ad7ac4cf43f20b507e05
A75,supply_097,2148,-0.046706099051947225,False,False,5373125100ce1f2397b8f6db70e40fea3714baaa37c793f649266cc74a8ec2bf,c0d837e15f1c5bc717e3acb1ca91cfe59ed8c5567243c9492c888048d68b8d5b
A75,supply_097,2149,-0.09593714639466588,False,False,1eedf97db84aec81120a7967e25fcf642f3f7943e51e959d8b2e9def84368493,85b41bdc9a7a4a929a0fe6fd8e369528074a747a670469c5f504bee891d897fe
A75,supply_097,2150,-0.06331132595111044,False,False,6fbe8a2bb6daaefe65396b7d04dd1855ac335ca5166dfe922c20c708cc42837f,ca258bc1934020c437fc261967af654c0058e16d177e5eacb8bfab8a14b8ff3c
A75,supply_097,2151,-0.024719101537019894,True,True,6cffcea22fb51482adb0861ad99a1e460fb61bce52944411ebb996a9809ace03,e2ed2bfc9a5ed8c297db99ebed6d51850db16ebe5b7e89611ceb59f99928af4e
A75,supply_097,2152,0.002276012369705427,True,True,280b9a80755a1503c59ede11a814688ceacfb81eda1ce24c6ef66de1d09cddc6,493ca4ebb9572537a9a3b35463e96cc5c8a9b06e6a6f90925e549202b12793db
A75,supply_097,2153,-0.1610689504742871,False,False,f48fc3f7b47ecfd2c2a8af2a70be4df9208c748767d5af13c5a01e220c3bddfb,1645c42e1fe5364c5fca02f2e6e943974f4f879bd61f3c7a47fecfbeabbb1ba8
A75,supply_097,2154,-0.0636064916017593,False,False,d70971f634494350754d7cd51089b384cc343f09009ce1f6bb7543ed3d09f029,296dba9879129e03941f659ec8eecb6bb5ac3a4b4c020e74a02d72d5fb94edf9
A75,supply_097,2155,-0.16382402225121817,False,False,709f72861b5e3acc9797b775f6b85b00153dcd018c15c5f9b54cd3034796b79f,6e7faa694b856d7670e1cd5351d64f650845dd6d62bdebf9b09707d9e038fde4
A75,supply_097,2156,-0.10444452993987857,False,False,363e7951b17a88eb09a2b137b7710af56510d94569f1773ed0f92a9cda27b17a,2810ef5a5559a24a664e76c7d056513539e526d9d3b3f67678993edb7c537e51
A75,supply_097,2157,-0.10597025780061287,False,False,207af932e2d046dd801be86d047acb9b3ef4003f169cd5db91484f620b6ceeaa,35118314d00cf0822f52d42e43b97b21c78bff3e0a108da3d56f7a76599eefb2
A75,supply_097,2158,0.007327549987987569,True,True,d7926c47514bbb30523267a89f559996af1a2ad4638d4639065c8fdbc242919f,7cdf75fbff3a959af21451635a13d860fe2d13fcabf06ae8c5579dd62d0c42f3
A75,supply_097,2159,-0.04654634863567503,False,False,6d2fea756faa66a9ba01609838fa50f9241534d122536050997df13c681d265e,cac85c226f8a1a799b32f4724eaf44e3048e7865ec8ce3b59b0580f2ec0a6d97
A75,supply_097,2160,-0.01464431817056433,True,True,11f7e981720ef914684085fe26f0c589cad73400800748e9b9638bce16ebf92d,0323975b2dffbb203c15088ecd00c8b1a64d6e19c3a2d5749f501c7ad0d2bc14
A75,supply_097,2161,0.04059828307557156,False,False,5f9176912f8b4b8393c5aee37ef650af83ef156567ef172c6af6a525bce920b3,5719b3b3a911084612c7d74c8e77468a01072dca803e7c819e606fc6e7b0fd04
A75,supply_097,2162,0.044075211617792265,False,False,f8260d6eb76ae5e00a6f6aa29f6e7a0bd07cfa2cdece17b5108d89ded5ec8a1d,4c2066e2e6da6bc2c179031b35ef5c26b9f78893d75871376b0912a5114035eb
A75,supply_097,2163,0.013077358512151638,True,True,9f303eead31103126d68d9aaf42d032c2d915b6af8e288fb9ad9dfc93521bbb6,fa641ce58e9e8d4816cae745489de33272972d59c9c214988251a4a9a7c42f97
A75,supply_097,2164,-0.26218896496681526,False,False,077d89c31a3e016278820614bb33e96fc729364e456048872444c12728ee985d,c2eb2a71efd68fb275eb2ad096530bc9d441a23bd873def041bb44d1fa6cf533
A75,supply_097,2165,-0.10903223185233835,False,False,605bd14a612c6fa8cb4c08d158b773f1420fbe89cf64fdfe1062cd4e93e3e642,db2f3479f1a6919b92bc85fe060832b1c6a3cfa4dff72812282e948178d2cec4
A75,supply_097,2166,-0.09307539643655771,False,False,1221355e2db766b4f082295744429ae3382d3c2b00b254f9a2fca8d4151cac8a,c501778b9a39ee21695cb099978aa694c59fe7b9d58b81f42db68e3e46ce2133
A75,supply_097,2167,-0.22345607949430435,False,False,0634b54bf76d0f06c603cbe96bf85f3df92e91f08f262a71d7796ec3ce0e3452,d76912d3e02fc1156b27fb692fa4fee8ec346594f65cd1b68329d1764a295d02
A75,supply_097,2168,-0.1342540166680049,False,False,ab82e5cd1f4a51dd3c4886558756a85c96e937515be0ffc02359b1e932639539,b7920345d3fda26b10b18a0370148c941678ee5b6f463824f12db3d57bc40203
A75,supply_097,2169,-0.0014608922948921577,True,True,ac0448ab297dfe4e01f89fa8bc49766d6c330f5b6ed1c8d2f700d0dd6287d44f,b1a5060adc070a9e8366ca306ed3dc01955a1f2c3f033e5aa7d790b65b933468
A75,supply_097,2170,-0.10310113527374176,False,False,11fcc4aa4c2555d7f948b83bd8a01a16b4f32de1df6f6e37f555adf86fc09411,ba6736923413dd3e2f149bc0f502aebe50ccf50b460ad518ee4e37e4ed1a51db
A75,supply_097,2171,0.0424283358339298,False,False,c10845abb87b8081b547f503728c860f44e0d03f0ef8b3a0b448ed4ab222f7c1,f18dd95e13dd5e73e7420d2fdc46a7b044eb587916577a0e6afa6425f164a70a
A75,supply_097,2172,-0.07176136681377471,False,False,334c818cd09c3f10ce5194a5774049c80a62907f968067848cf5a3c6daf8c3f8,363f135c40682dd6c8872d39e2c1f1ba72e062bcf7d76369f64bae240c5ce84a
A75,supply_097,2173,0.04516838781839272,False,False,e8b7737b84fb96f3920a0efb989ef2e25bfc10796a197b23e25bc21d0f54dc9c,322ff2c792325e69f0e271423d429f9f6d7a22bb984721d239843598d35cb24a
A75,supply_097,2174,-0.09381438005453946,False,False,e825b02a30a67edad2a85e5b83f7042696303e4dcdc18cc7b61fbf51ca23ad3d,5e15cb0195e763fec44b59458871d25ec9abf0a1c05ca52a331a1da76359e438
A75,supply_097,2175,-0.14190643205954356,False,False,c5ae30716f26cd2f03ddc9ea8e3ae5096630f55e2ca16151b970125d98f99dfe,916bd36300ef6273c85a508dfa70d4147dc378cbddcd31941d707d0b382747d6
A75,supply_097,2176,-0.04013276950676431,False,False,16998a89937055fed75226bc2d8ee7dd6f1a9b081184d2eb776e6257898cfb7e,38c6b8729742aa2eaad7643a40bb41e107202008eb7b6515514d48d17d27515a
A75,supply_097,2177,-0.05449981090074968,False,False,6a36fb4c62f962ac381faecdcc49eb96e1205f101180d8d6f1a52a5ca38000a7,7e9488c32e42a01870296cb1d8ca108efdaefe6f9bcbf1e3cab56ac6b2c97d6d
A75,supply_097,2178,-0.04357634410153083,False,False,f42d9081eda1a5d6989ece278e34e4aa1edbb4a6eb1f33c366a58b6258567d2a,d7a216a490379736b2ace5f5329bf2cc141fbe953e6fe9b3c6e147d551a052be
A75,supply_097,2179,-0.0069153030123962345,True,True,cf35d5598abb013ac49e0bbe408f7bc870c9d06122c0d6cd8868cd5bc2bae699,0589624b58d89c72982c3b9902cac6b33445335493af4abd458a786e7e0b93d2
A75,supply_097,2180,-0.11501884061892642,False,False,c0404c8ac6d8b3a9d7bc5ec6c27d16994fa8232b2fc50bf67f5f3d131412c24d,d317ff7727f99886cf9bb97d135f1fb4f0ed87f6237c8fa4b84bfcf9c7bffa95
A75,supply_097,2181,0.0017496969626767944,True,True,40b09dd7dbff10ed0e669a8aa9dfa5a2acbc19d63f5800fc2511807981859bdb,5db011d08b8eaa7016a4a78f9a03dd5166e427aa797842cd03f205e4d391dbbd
A75,supply_097,2182,-0.005440815690562206,True,True,d99b0b04e4bc4825cb8d938ef5d1db744f4de43e9963fb13f3828166e1c869ce,658ea4aebf8463b20508948a3c51e2eaa25f0e746f05868686aaf726097823b9
A75,supply_097,2183,-0.12875078637982157,False,False,2fc6068787261cd1855996565ffbd54618cde2665ea223360c4fc60007491e0d,9fbfb8c134426a3b05236950e6596059a8fc5cef9f1a6bbc5ff9900874628e41
A75,supply_097,2184,0.010662527706570946,True,True,fb4356ad7e3877dfdbbfa5af840d1fdc05e12bcb2d796270be6839479bb9ffad,50b3cf69bd371c1a0fe79a0b9c34d011c6e6267cb38f7785b833ca6628fee21b
A75,supply_097,2185,0.03919363955009747,False,False,a535c3b5ad0421d68870e29daae12da3afed589d9a8cb9d80b51ae57f57dafaf,3b1a2de1e8fa5667122987583e543b166b1ab7a0a9e1c49c51f9578bf9427f03
A75,supply_097,2186,0.0192411380184494,True,True,75da1822871bc42762bb0ede968681c367aaeb63f3123105b15b52776d4eb604,efd5ed4f8dbce90add5fb21a85c52178c245c806b0012a9d50ae2f22c467b001
A75,supply_097,2187,-0.022143694059180652,True,True,285a53f26405b42114a7e202fe650c472bbc30f7a4e99adf67d65103757c1144,f3970939ace1c2160daaf23455b2e5dc7d8d65ac5911c09fba17c1f81802f633
A75,supply_097,2188,-0.08472898890637076,False,False,766c6dc700d8cd354242717f10b763bf871fc2684b1cba4cbb99df2107b90945,b145d7765c7ccc7fb63454dd2ae06ea7880a22bfc6528c52315d3bccfb3449ae
A75,supply_097,2189,0.06223831769885846,False,False,371f0e0a8abdb0e8f9f79bb1a1436d4c1dc4ed9f28f89605a87ddcb9012c357b,804932fe9a32ca7fe9c673afd727ed9e5533d348cb95992cd5b5b6a8544e5ba1
A75,supply_097,2190,-0.024319461391030195,True,True,19bdc002ec5d3a0b5692a7ed9f42b0a4da6971671a2858cf3b08b902dac3f4f7,7500156e2a4aae483cd95be9ae52a6cb289727ba9a554b9347ddf0eac609439a
A75,supply_097,2191,-0.005965835525248819,True,True,1c0cdbfa72da5f35cc481a7ea95f414454443a0df139a322eb2ea755bdb0cbd1,e5eef9816aa69a8d6214e82150377aa838c86095b868ae67bc3a7edd102efeb0
A75,supply_097,2192,-0.10662694590706795,False,False,36b905c37b7f72e55e0b97ccb1d7d0ca6be84d4704322e270bb44dc0308a90dd,f8837c0a1ef3642e651df9757c4a03a0a89ee8726ff7c3d1b51bc6b4f36705bf
A75,supply_097,2193,-0.12070267265273854,False,False,af6b87b54d69eecf2058427c8d884b2cbea8332ee2d0dc81399da1151a3e522a,5052f83b6cedc327c2eb05f13f89b9669c2fb03767769faf7f04af4b44b28a28
A75,supply_097,2194,-0.015055818144394939,True,True,d1f6f381690be036bc208c70c29a1eb377a3ebf71109f6f19ea7c7723ab7693c,3ff29d101b6ab138c788b005a42247e6cbb5751a205f30bc1c8d62df2be3fc59
A75,supply_097,2195,-0.0407247762046562,False,False,25071dc303ba831c26639dbe57171a6a90d9b95f7f50f7c763edb968a400da0a,7f3e66cbaab997bcb46a416f057ad44fc163b74c5022e2afbaa9a7e879fd97ed
A75,supply_097,2196,-0.07960476787723308,False,False,6cff0d1d3c1134c1f52b3f55331344af1667fb5e6eed1132947bee3ca7b8b650,ea71b2711a2cb443f604aa24ff7e6baabbb555f8b2cef306be31101f5b9fd020
A75,supply_097,2197,-0.05695819014437309,False,False,8950a09eadb53b2b4abbe658c5b992b4f5b6c55b2bb651f4c61e3df3e6101406,3dc71e7ee6656e3eb08a3bdcc4058c6b22851c733bd800f34334f25a25ab221b
A75,supply_097,2198,-0.09270729324012239,False,False,006f5d40e01d0a9dd26409f46cb32ba9a065482acd1a05ddfa3fdb7acbb698fe,028166f71f53a4f64978cf6be2c04dcd0523aacebbd36f174b1671c0bf652088
A75,supply_097,2199,-0.0805376803131913,False,False,80dcfcbc5776ca7a75959eae5dea60d607f3c75f7e8a14011a429f4a2b6a8e67,d5f5d0b29b5b3f032a91e311ee4c06abdc8d045b6e5b557f78142201df5add63
A75,supply_097,2200,0.028516048544324324,False,False,ff3e6a17196ae350fd1115ea4a2d1eae7b39d2b44d6d5519a379e8dceec93dab,ea9191e92252f2df5d35c5726aee4133504b0746d7ad2d3460d8648358d595ec
A75,supply_097,2201,-0.011338501395150469,True,True,54408022f91d65f39a188283aa2d77bef9dc68c0ffff0afb73ed4d38d7263d2d,71270a9c2aac7d55da10d657199fe68c832545b1641ec8d89de2e24f6149d849
A75,supply_097,2202,-0.15397373934701142,False,False,0d5ae1faca215de0b13b624758af076a55424f9727344cbe0c1279173c2bb98f,a70471720afda1ebc6e23ee5d82b42f2d4a0436aaf1d8bb4dc88b3feb91e1d8f
A75,supply_097,2203,0.06444420210930268,False,False,0eee38c9c01403165944a7fd22f9d049d0dd2dbf9a523bd5640b1da8f0c19d8b,5fd7b92774c2f74d0de7828d27f9e10dabc88f32ee96f3358bef7d8b87c544c5
A75,supply_097,2204,-0.09653062889202108,False,False,a8de40b8995a8e658d8726ef79a2890a5cdcdacf3b7ecafcb9ab4fdd1dc11cfd,e74b68e08c07b0191a2065df0b6d1bc92df941168727ffca4f73fa00f7c717dd
A75,supply_097,2205,0.04687366042623764,False,False,052a92fe1a4303c96ca741c3c7448c28f19898f8d354e7f1ed1b284d164556ab,3d5060507ba1d43456e2e12533c16eb29117b1357a879eac70fe4da053c32963
A75,supply_097,2206,-0.10904641677626364,False,False,70d0a7fc7c6a070b4c4c0c78eab2895cdb6a1e687d4804c19e3e5c3a1e302034,66995777603cbca650cf9c237c72c28065cd04fe42a0916cbb4cf89bbd41fafe
A75,supply_097,2207,-0.21267320510647447,False,False,455f429fdff57f9a167fe6c3f2eeb4184ed6e0c3d3e741ace203dc8f795809fa,18eb6c453f703daa14441985c5df7304625a80e1ed58e6fc301f798ed07682ae
A75,supply_097,2208,0.007068443920213219,True,True,82d220c999e7a786e1faeb48d75c6be0f107351f7404d73177e3978ec7f256fb,2463f48eea2572ad9a45a13d9796eed3e765553ff7a4d0a8ed733855e2488bfe
A75,supply_097,2209,-0.025380037922901888,False,False,d1caa5c355167d0aaacf89258ffcc80642907add452e65b92eea504a833e304e,b4f4587443c838c9a2257368e5d7d4df318f80161cd767554e519a5846ac7d74
A75,supply_097,2210,0.09274891715149614,False,False,16216ac136e8bd7ca45bd28abea8b9da43c1a3378b415ab97f4b86607e94d9b0,39908e053e5a1e8fa3b977bb783e40f9a7f1c846ef0b147d8805eabb13c503f2
A75,supply_097,2211,-0.04206252053990628,False,False,75f0cdd1a3453aea552579105caca160b82c56e662aecd9be95fb04ae5cb337d,4c777c7ee3e6cf1e1f1822de185820c1faa9b290f31f6dd4c66739500536d558
A75,supply_097,2212,-0.0016181276062173788,True,True,421e1087bd590ded418de562aaa0fc36c8516fab2d72405ffa209a2448156e3e,7d2f5392cbb017dddf4ad8e16459b03f70585a3f055afb297126f2ad8690defa
A75,supply_097,2213,-0.08943505802899854,False,False,621e2f6ade886acc65e35c82abe5c70f71692cc436c5cc04412bd685c08a5ff5,bd011dae3c5db20e3092dadf364088b8172e866318950705ca171d3eedcbef77
A75,supply_097,2214,0.011673526470080908,True,True,e781b20c3afa797310fd5dd5feba2a7b2471b18dd3d5f49b3837bc5b39c1a4fe,113356a176ed2c9b8b20a77bbc9e48f94905f4e718b8ad1a18b8f3c7f76475dc
A75,supply_097,2215,0.020749071918599316,True,True,77083bf875ac0da2ffcb7474b731ce42d78643c799e723b82a017400d2216ee0,63683882d74c208f7a1596ca75d142e01ab43697cab2cf6135c0ae1c1282412d
A75,supply_097,2216,-0.05241641477808784,False,False,5484f76efb0c71639caf65e85a154a8d0751407472df9f5c1e9e34d90e8479d7,a07cef0ed9439937405321c07fcea5224b166a754da6ee3cba967d1d49391518
A75,supply_097,2217,0.037622705355109254,False,False,18f79715344daf2563420d6510f952cee5c2c61de1ac585fcd646a16b5c0911a,9173fa9a1416d01f3a10391c0ea2e86c6f830365c73b5bf59e82b3d7b1ced1bf
A75,supply_097,2218,-0.0019299213271141147,True,True,34b14803a0a9096a5e3df0c4c7206f3cbae4891a75ee6bfe120fbef7157d105e,6957822d272f4c89bf7b069dd5eba16bd0817aa598c08371d9a224f6c7950590
A75,supply_097,2219,-0.02273337019305932,True,True,6ad6bd185852cc076ffc72212288503fc9f58aefa9273e72110398d4aab6645f,1897e8bbcc7f4d05785292e74167b77a05f25511f68718affa87e5139dfee29e
A75,supply_097,2220,-0.11643326906437773,False,False,a1506bf45e3652af12fc23ca94c8df8d06cf20fa6c54dc7a9a37271775f33e47,7d6eb88ea40b47fe5e76e975b158b1354ba292ea23c82335c1d1aee88f9e7731
A75,supply_097,2221,-0.036987442804341686,False,False,e0adb7a27baf103a19e4f07e86edbaede20de999236a21091b5898ba1d79f4e0,96b739f4f8341e4995c02ad96bfb12a4a21a200423e37669d822c84e0d0a3ee8
A75,supply_097,2222,-0.04866313660722965,False,False,156e852e509e284c88b823142b5fe3b39018942732cc8ac1eb6b4e30de5b2363,1aca83be744c47b8b339f64c4121f732cb3812e3fde78f7ce2d2ee317b4b2d9c
A75,supply_097,2223,-0.11862324144040592,False,False,a0ee61ae244669ad4704ccafdb2a1632311186b633dbde4a5c1eb2be596a4641,216fa42eaec5b60678515e54ea9f5eb335e3bf240d53a4dd8e3013bdff0d9df4
A75,supply_097,2224,-0.02100311717421033,True,True,0f3a47c6876442ace2dc11eda8243790136ec8e3279e41a941fe9a4dcd1296a5,647cd56271e3c515ddb88d788590133fd0f811a9227dfd516e52d9eaf5d78e0f
A75,supply_097,2225,-0.13038206652801787,False,False,2bf0577a5b473aae4a4cf560031d816b1b314ad86276337396a2293297bf9f7c,de6aebe44be30b51186bc1c34b98cee6179089b5cd076851e767b81328282cb7
A75,supply_097,2226,-0.12062679856432029,False,False,278b8f11ac6d259f2cee2402c87af401d0d3289b60cfaa9fd5a74ea44699207d,3b7772a2adf544b791f910bcc3dcb26758c1ec9d08fc876fe65611af1be0168b
A75,supply_097,2227,-0.18369995366936326,False,False,1b9dfed16d84d692eedef88908465e0f710af5f0093342f2766231f86c0010a2,41ba982e2733e4318a46c5a317d8b2b818782d30fa3d84406023989afd74b20c
A75,supply_097,2228,0.034314285657100374,False,False,32d42abe6e5b96230b9501c358843c4069a9e933920249aab6706326e9e7d895,a5a30e5b54a7384e2764999733d47a395ed1b03b5732238412ae3448ca64e841
A75,supply_097,2229,-0.10683362597506163,False,False,2f4fc38463d8b7c88debbbb510e8974c8d9170502d8aa1c2fd3499fa295470d4,e73dcf29146230ddf7ace90642ffc4a13e2f4f10b6ba18ff828289fcf3c31903
A75,supply_097,2230,-0.0807394409743526,False,False,802cfb261805ae8e6563c81cd11edc35a441bd0d367c3eeb90b6fbc00495343c,c0dfb14a4baf382be017eb06dfaedf8f3867dadec370cb4f3f7c22a481c1c418
A75,supply_097,2231,-0.14220456672768944,False,False,80bf07fb893db890a28675827c8be3799122edaa3e8bf33c05a16b1f4996b13e,591575fe95e9a56e5e92532d8c54d246a8c7798851e5a90625b3b77cca270bfc
A75,supply_097,2232,-0.048252125113574296,False,False,b44e27894f9770f2af0424d4083a145875285c551b0fad35588a8c8a0bc6333f,6eb0d42c6a9874ca7f7c021ba010c91d2766092d6bcd848ef26032fc439c3c6b
A75,supply_097,2233,0.03658178728284023,False,False,8a99ba8719f8d96dada0f20e3da2becabc2d1e6fb641989e771509d5b82e8b22,e93a4d49de1fba2b34def67b224064d12ef1befccc0fc0988eef5d1f6935229d
A75,supply_097,2234,-0.13627585767238481,False,False,82635ca3747d91b10e4444da35ff7c2a8b00f50a880df8637daffb2d18bb1324,a58ef2e01239679d90e7fcbb40f9c081df469471bdd3965a60274544281eb5a9
A75,supply_097,2235,-0.04395539187334291,False,False,0f8ce23d36bc6baf88f5a8116384d4ecde2235b7add0cdfb907fa2467a232d40,b42c0d5f51cdf530cef37f12bf846b4b42491de6bc3c519440ffdb17e10ca780
A75,supply_097,2236,0.005927369050630071,True,True,9f54a8e6848032c55252eda223da8f8b0fa779898016928a9f8524228cab115e,9ca23c6a8a3b37bb498f47433776924522cb4f6085703a1a50071cd34f71b159
A75,supply_097,2237,-0.04096405731073133,False,False,0e2799e9e6d38fa1ad24033042ede18066eaa26237751674f66c4af2444a85a6,fe6d881ab5238966b6cd369913086e724af387f0ca9ff010537c8958462f6450
A75,supply_097,2238,-0.06519330214059227,False,False,b62af671731e019506a5305cbd9fb645c7797b0928d9c5f2eae89a4a7a368f62,c7b27ba6422e7059ac12dd9644569f96675d3fe6aa0c3feb2ddd24dc9a227f81
A75,supply_097,2239,-0.2378301495435426,False,False,dedc2af4da1ba38491817ce97e5cb33d3b9af62ba101a2a1872685c79d0518f2,fe98c990150c3f884cd56f690569f5ac7bd868d1f76fa9b086dde2953be5d6d0
A75,supply_097,2240,-0.1314021333016404,False,False,7855624c256da6aa127bf4bac04074fb055e1d09264fac1c01daf7bed5b34520,aae2337a82b79c425a908d2f16c23f790eacf539595540eb710794ad9b75c447
A75,supply_097,2241,-0.18274246095027064,False,False,136ab54f8d8088f3aa4efe2337effef83327ba4a87ac8ce7105f6a1425a2cdc5,0d647c98761bda1a19e8e826da6e6d5d166d45795eb8a01ec8346b64b90201c7
A75,supply_097,2242,-0.132887306355219,False,False,53d5e35f306c0a247afc4432880ffb303965b2e62150af2e3733b097fc0ac643,7d1a219fd614d50aa60ebccbeb6479888555579c5c1424925af2f79b66fe6cfe
A75,supply_097,2243,0.060522879213323666,False,False,a1747bd80903d9922c370763c03b902a37ffc500be59ad65a3d39e1002421a1d,f445c297b6a604ca1cd6dea1dcd0a9bb2afaa84497e34f226f7dd4679fe84826
A75,supply_097,2244,0.021549599139853215,True,True,175ac7b1f8e22a0e48f7abeda1ab6eec073600179f58cf1278aa26e60b9ef4ed,df70def6ddbc223bcaf5694ccb0bf9b584f03a9b969cf40c92e75ab16651a0e0
A75,supply_097,2245,0.013716414643304975,True,True,c54fc6ab8f9f08c174408af2122cbe01d451a0429fcc3e5921c579800c444559,920207f1490d8545f5563723e8a0d352dd685fd1005596609d28fb86025e382e
A75,supply_097,2246,-0.11216673605394528,False,False,2e6f9538ff82408206b36f3d6f48edb0d67fb7ad31b9fcbf659e9771928d2c54,fb3d5800bca605b65b185083c980f43b92f772636ac334e1bc2f062f33f19214
A75,supply_097,2247,-0.07926280754610415,False,False,aa92fe9e247356fca38e6bcc666a96edc63ac74687e774259403b9383664f073,6b4cb25a1e97c42878feab7050dc01d305b030ff8c21eda978a189d7303bdd76
A75,supply_097,2248,-0.12785095501316174,False,False,534f3c79c821e1694503133daecbad1f1493216b5395b20323af7e4eadf224b9,2ae14f4768a75fbda2c3fba7780a960de96a34e2420c265445a2ddd24e7ff8fc
A75,supply_097,2249,0.05605657937963515,False,False,04e4c5b6c366604e83b103a74c1dbbb75752c224f23bd79c5d89dd686608e304,0110e2de4d274a3f98811e61e9d4f5fd6372584513d1332fd889a8a60774982a
A75,supply_097,2250,0.07102364988520449,False,False,c7690dd86acac5d59661d1713aaced8e2173510c46a43298c338f38ddf40cfa4,49f2454e7a866032c6ea415eca10159770e3d8a18dcc2a3296c7627cdfde777b
A75,supply_097,2251,-0.20177118571953523,False,False,caa6f1522bd4f444af2ea5fd16bca19fd3a4f95d3504d0bcf9dec0796079a242,9a41e74ab574a98ea592b7bed941d640004decf428da5d37685621ece739f6c9
A75,supply_097,2252,-0.012246600151780918,True,True,e44611fa3be1dc1f5d6c13a25db5703e30b62ccc89ad403426913de3c572fce4,34477f25840a7cd4e725d23030e421b2044f2db0f956331e2e4662664ff33de8
A75,supply_097,2253,-0.21803747998158896,False,False,c8fa1ef3dc30df5d3086d1542bb5793be912f135ea52e2425da3f185e7b382db,8ef8f60d8a75c0d82b121b8b0caae606e63554adc0d9166fcb9f81d4dd30fe04
A75,supply_097,2254,-0.07630353503476978,False,False,411863b1741d9e8e896287a77dcb2a7d1607da2b92834a06f06f2b2cf71129c2,e946277bc79c610b41a0a2f2e99d25c077fdd3ec010f8a80a57259991923d730
A75,supply_097,2255,-0.23341197339522257,False,False,33b947933a879d666412ad0b60d5eea102d5be964679904399aee6e120302258,d13aff1068cc20a04924bd6c94d8d38a172f50f67eaf9cf4b18a112b2e4adb90
A75,supply_097,2256,-0.18651456702759456,False,False,24479a18cc4eca92e6752cc788ada722183cc53fa587533015d517f3f6e15f20,a9918baebcbee6a2266d70259a289967bc002c892c0c617349d8bebdfd683ccf
A75,supply_097,2257,-0.043688607770884236,False,False,5994d0d71f7d06647c1abec03489d7ea6b03e08ba04432896ef346c3e3c665c0,24a9ab3b52645f5e82fe44919bfb79871f3539cad1ddadc3b7800e207eba4b41
A75,supply_097,2258,-0.15426442784001143,False,False,444f16cee3d19fb40281a2b2cb2ba5bf6af06c09bc6dd168dbe305b4c5133075,333368c52da594e72ed33467aee965c0d19b7d888a4b94079dd0c3dce7e8341c
A75,supply_097,2259,-0.09014277792470915,False,False,77745c310920e7697f9f35968f07d005de01792e60fbded2deef91d53bc7bc7d,775d3bb7a65620480be0addc51502b4df87f7930252d6aa03455e8d7b644f60c
A75,supply_097,2260,-0.11802951792300598,False,False,7bce49d4a9560802dd3a47fc4676a15226d6fc56c5bfa34f8d364ade5518902b,44ff8452693d0eef9d748a845035871cfb3710ba7b94d63a41b46ed2fb0800b0
A75,supply_097,2261,0.02360463637075172,True,True,0fbe620c84039fa921488a141c820bb062071267c8f815a5ffeb5cbf3fe006b3,6ab0ae362592a5da3c603a9df1acbdf8602a7e4cb466b0b17fedfd05b31b0c1c
A75,supply_097,2262,0.05733277459094899,False,False,70ef1341bd1e1b0cae53c15cc7d4be91ef9da7ceab3e04a1a8a1669d92b353c3,defd2befe8ac31bcdf0364840e6f8ec135d533d81a5620f52cdd4eaab908aa0d
A75,supply_097,2263,-0.0019684439400710074,True,True,2cfb378fec95171f97b993034a77ab7b1ce6c0a7f71aad781b609d13263fcf17,4159ab0d9f1d178f7a3b7e64e6e9ea1d1f004558d93cac5b84a867aac6bc362a
A75,supply_097,2264,-0.2312682698730038,False,False,b309c27b6e1e28ea22876ece6e83cb0dc291f00f0539e5bc6bbc112ff05ba7eb,c94192ef9839623de3ddc8ae13b7b474f11fb6bcc3bc942f2c9c22ad2ce2e95a
A75,supply_097,2265,-0.13040020519019635,False,False,e6f09dd1e8b47e042fe0e54e793aa06b496c64c24af0a6105018735e2f936a86,22ddf27502d56520c7683580f274812e9aeda4a263bf31eb96e4097250873f59
A75,supply_097,2266,0.009034068128654038,True,True,703b58afce7ead1f1ba75d6d82278fa7a36d2f697e330b9e807406756a5c42d2,4e4a2cfa448cc67c283502342adf896370ba90044799c099125720214aadce6d
A75,supply_097,2267,0.0378994951942726,False,False,20d006862431e79df49fb8f6859e02391dd4da4c9e9f2c8067f6bd6098141a64,a62ab68ff1cb509759113d4cb337a642eb0f53c0b18e2b278bae3c6491e7eca0
A75,supply_097,2268,-0.039067787288265154,False,False,771cd56232e4b8aa2a000ef364d8867a17b32e826e63cc6a88c9da908aa7959e,b0325ad4fb3b9ef92c79989c96c9039633370d0ecab872965f25295519af644f
A75,supply_097,2269,-0.1148348743600961,False,False,a43eff026e899d6d06949c245b37a0c1ec7109c1f5acefa9fa18ae1362be9293,6d3d1a36bfad5a4d9c0ac1acd4390f221b7db3ef7b5760f6e85f45bafe3b110a
A75,supply_097,2270,-0.14425260211563312,False,False,dce25989e77c823773f4efc7a4d20f552a807fdc6c6d61798e1e797dccbe166b,34aed5087cde0389257178416bb2d34da910901c5ef81c3a2c94f4d2832f90ed
A75,supply_097,2271,-0.12516955480109782,False,False,24c4f3ab1ccb59a733499512140dbe0d211db1da0cd1a218a505aa8b706bd3b1,ed7adc6af89bb3e6829e8a09d5c2486aedfbb4bfd57f7d10d4a88d61ff6ab9db
A75,supply_097,2272,-0.06157621085595155,False,False,10cd772921eddfcfcf636925d50e9dbf473c9b94472a9e0a80d69b49aedc297e,f99fba30580311734db3c8d2f0868cd7954d3b0b980bb55c91b3ce11f8c24c37
A75,supply_097,2273,-0.005836230468692638,True,True,a4b1fa7f3029270f321e38703f6a1fbf794b00c3bc1d9650f5863470f9f45bcf,9259333e11326b320a47a561c00e119029dbbae2e837251abac0746e8cfdad93
A75,supply_097,2274,-0.16030446439272616,False,False,910ee40a9c8042a6946fd60cc9a37fe081c6f84143085611be469ba1bd9703ab,8c429e36a09c4b0b519233c601f06f978805a65c228f02df5b3ded8139611e25
A75,supply_097,2275,-0.10296822320021998,False,False,5d4f7e8ba0cd7bd70096cfc1f891220ed2d9fe4d771340bcf234dbdd79b719ae,0eb64b38e809ca80aae146f7cf6a4f7e7222aaa6e6570aa419094751a3a14631
A75,supply_097,2276,0.05499838011012914,False,False,04db444851d20b5c48d024177fd3334c400c8b58b511fc88d3c43440aa16b6c7,babc8e3a5ea28e09d95b7ef9afd31a1614d6da058e7b3066d2ee1b5a3335383a
A75,supply_097,2277,-0.10901581744729438,False,False,21e011f213efd37f513fb2061511dd001a8ffaee09e7776e453cd08e93885dc5,4f60fc5dabac290287d06ec005fad1d90fdde41a069674c9f872ef32d8ac5f7b
A75,supply_097,2278,-0.022685707373184316,True,True,62c16bd20eb3b662479e50aa109a86a7c3e1f5e57f4dfcdbda60e7ead91e7265,dc9b5d9822381b127ab7856e6e1aa93826735895d48fe78b3a42c3565aec84ba
A75,supply_097,2279,-0.058708572519655056,False,False,c73aab250d5168c142589a8e1ef4f0b03f0f80c2406499edc9ea00169787d631,7a51ea2331d362775f252aef1fa04f7cd9ab36c307bf665dbc86c0e50899c9e0
A75,supply_097,2280,-0.036889053858269016,False,False,da6372e3651262b1c1623c16c1e799fdc8f33db205bc86b78d43e706a3d48298,da87b5846dd71da28f42bb8f034c9aa4e0b261c1aae7f8e605d4ebea4b07b741
A75,supply_097,2281,0.003973970957799056,True,True,c37012356f210739366727579f5ae998a81e2a7ee407d400cd420ac7a7c3b8a6,e3f012317eb169533cb231e0d0b7d2f50299f5718512b6cce782731cb20a6c92
A75,supply_097,2282,-0.08045251257737124,False,False,6363fa931b54d80ab3aabc78e59c5e701f300ebe1a55479a50c42de04fddea4d,3a6c42646e2b4b404b7cf018526a78920cc468ff82c66f7b0d7eaa8dae3653d7
A75,supply_097,2283,-0.03348739157059505,False,False,ad7b02e45478d10e3bd5d6c5336dc89d0ad5fbee8cbbee43b5dddfca7273eff3,8cbfc51a5fbe2c0eb0c79e7b9d7b4ad285b7ba1bcadb882e4ce330c7be731653
A75,supply_097,2284,0.003331801106442711,True,True,f2b72568b359d29e550f3af05b01972ce13c49b0894c135fb8205b17566a922a,f4b5b7de62de8c4a2c9984b5dab2452063e2fdca2f2bbfe73689a80da6ba54aa
A75,supply_097,2285,0.007395195374428454,True,True,f31b25aa187e80b86e1d2bfb68323c3104cb89d359e804d3fe192b714108fde0,036c9515223fb13931343b444d3c28d11d080c17c162a701974ef238347ee4a2
A75,supply_097,2286,-0.12856193436350338,False,False,b6522354a2bc33f8eb376663d00daa4bd2a3618d8ec76cd59246244d207049b1,e8db82bf67c31c43311b7b6f717453905e907adf7d218ada1bd26ffa911e4d5f
A75,supply_097,2287,-0.175327888577543,False,False,0e37996525d858c02ce915458fbead815e6ca8a40202da11a8d1d136c260cfa8,7c7d7437f246192409bc003c97396ef40c24c47f7ce47e4947d63b5a3cf55314
A75,supply_097,2288,-0.053762658177119726,False,False,5eec5019e3b5df96e65cfd7f7e34caf20b4925a7bab043dd32ffc185ee9a1195,a2497c559b26a464b9935a52b238b8ae8d3ba73fbd44790679c3bc15fafd70f8
A75,supply_097,2289,-0.1568563717164519,False,False,d959dd68a8393b8c2f1876675b906488c715bf0d02879e967dd66f638b46c3e4,9f38e491536c2317bcc9f91742069aba879099ef26351d65efa3803652431d5e
A75,supply_097,2290,-0.013031853142023209,True,True,cd9348d80006fa11177689f1727da8900a2c5a34487a1d72f6217e24315c8db3,a28d2f556fea98d54a98102f8b7f3089ad386452871fb2889671c6b275d27b9b
A75,supply_097,2291,-0.13124917883829051,False,False,890beee72dc508b5df41ff736c6eadabe864c8c5d351e29532d71eacc233fbb7,f8759f97e95d365af11a943fddc8e74624baef776c50333da1d3f82568f7cb7a
A75,supply_097,2292,0.10503364899142464,False,False,6c5ab99c374181810012ebb3f4e15e70899c595f40cb5dc3cceec5ffa4040078,ed987231c25223c07913819540f61cf52e9f09787434c0a5d9ed62a352bec76f
A75,supply_097,2293,-0.14385063191959507,False,False,d06000113e4adc9802abf054055716641f568acfd206101e6dd6b188ed017933,0da68ff5cdfe80ec614b2977056d6a2ee5507d2ad3d952fd50e085386b7c9a05
A75,supply_097,2294,-0.06207357007157277,False,False,229f63f2ded6c0f2f9de31845166d96685729c17d25eedbf54440176bcbf6f49,726e3aa7bb5f98da0e30e583fcf59645e22ac0b6452673efec9a39731c9ce698
A75,supply_097,2295,-0.07438518335652833,False,False,65dd0cf2c192168bf02ead44eb85de5eb269652c2d5ff211dff54ce41b44bdd6,aacfa471eb9858b699aca8a3719dc6799d0d4058abb36f084c222608fbb7329f
A75,supply_097,2296,-0.046029429492290164,False,False,1b8f6e2e80c68aabd6fdb49251361a42a8c42f7d58cbcf60fa7be62bbd951190,1d441e3ff5239c1e82c30c96a5d2de560a83c8f9279f82ceb205094b4ac3dc90
A75,supply_097,2297,0.018338904003631806,True,True,0163f7b6271873e8749f0aa7bc8dba2c314a65fa3d766b5722bd6c1931f6e3db,a4b67c85b4a9e942476257370b069fb87799d007357666edef219b476e35ace5
A75,supply_097,2298,-0.16899860569296343,False,False,72f569f355cd4530557614798a048f0afe3469da030da42e44c9365d622ad3f0,25c4789a63cf12cf3d3ece9db420de83da9dfd5f3f9ab8b4b335c06cf0377b6e
A75,supply_097,2299,0.008704408782726825,True,True,3f2380f4c959ec76a067c155ea491ab4bdde594b41d976f8959c5a43ee7ed071,8364aa3d691254b3f65dd6d25321f433915069c8b34784f49b67e9e2e288dd8d
A75,supply_097,2300,-0.06927414948139976,False,False,5b995021ea046174a300bd5d8d36fd395bdb45a17e4c1ab4e615a2d52d129ff7,15cdffa08310c778beef84c7ee305650b465358ac8ee468041ceff35f7a19a74
A75,supply_097,2301,-0.03050409450375574,False,False,62989bf305bf5267b90fc66752b6c72f755c5367b758bd5cb4977a25c5436186,61b1fe6389475b45d271ab050c8ff4081bbf31e5e312c1751739a4a2c03ea59d
A75,supply_097,2302,-0.09070399548208552,False,False,bab9667d3b40cb5e8e13d263a10fe5936de0a9eafb3b33a6d53bbd13495e48ff,24b44f1985e006851d3c2beb49f5de001c07ea90e733dd9a1c7fbb87081c419d
A75,supply_097,2303,-0.026652941147180476,False,False,98fc8491e0dfca736d4592df3f962e1814e63f3f47d14f2191c65c9bdafd29af,281560b92008c0c26bfca4bafbd94233bad9b7cc0ef9127a60ec73f06d74d9d6
A75,supply_097,2304,-0.21134919233617022,False,False,a66fd10b0f9dc44b0e698fec9a166f9ea272c1261afbbae43d2ae8b3c39e4966,64a89a010a294ea68de61c6a4b1d22006fe10dc0eaa13c1ba6c630af13e8feb4
A75,supply_097,2305,0.03346177320527444,False,False,5044d8c156516e661b9f665488c7e0c623a5ba4331090425584339fbb18fb7f3,81debe07a6e28e739518e90441c685078d3d82b586937778c7bcf834ec5e26ef
A75,supply_097,2306,0.03315634675800749,False,False,b2518ebf802c6fb07c4fac43dcd17072fe3000f229257b7e79ee84ce8ebefb5b,b185b1021af41af58387cec308637c1b957da4fcb5a46cda4218d396774f25f0
A75,supply_097,2307,-0.08670256155152839,False,False,e712a1de4b9973ad42e9011b664e9cc9d58283496e9f30d14409c55ee6e61e58,30ab6c2747329d6b412e3b9764e2c4a9b917826ca109de510341509cf020a6c3
A75,supply_097,2308,-0.06152673475819903,False,False,b7ac1c7d121687d1f6d1014afe755b076aa1c4a043d74d6d30b6b2610fc7a0d8,c9a9ad071c0d04dab1c552d8ba43b4220656dadbdec8d63d1bd9c84a69c3d541
A75,supply_097,2309,-0.022953004956702716,True,True,e12e68710558b735a5b15a320447c48c924d343ffee1832b6aa2e5b3afd8d662,570e0608aab6783d9a6d796a63a5dca4fbbebb19b8413c0dcd614ececb1c2732
A75,supply_097,2310,-0.21014007449107147,False,False,ca1754ca95fe366e8c38ddc710ebb6c3bf9cd0da227555ed50bd33e53567a4bd,2c68460ec4a96f85ce12f4640646c09e5947b53d10b35250064e04c692da522d
A75,supply_097,2311,-0.09289443645330647,False,False,346065a81a8c291cdeab3b8e4c37388e0561810e112f810b3f17d0d19e94441b,e9c2f703eccded1a9d011d72dbce990959e38ea1cca8a678e3a90ad5b9187aaa
A75,supply_097,2312,-0.1262763130270213,False,False,c5b0d21977bc188fa591ab98432c0f414990b9113193770994df22cac4f1d2c3,9036556ced9cd44f8634d9055c786fe62c6c0b937117c8c4d707e7d3931120a6
A75,supply_097,2313,-0.03514266406403793,False,False,ccd777a816725c3c2cfb07b2ef6704d0915c4e53da3af0bd60ed0d246272b140,ede86e466eaae1e2de6a7f5c813e67f603a9ececce6ee17075b4e109725aa71b
A75,supply_097,2314,-0.0379077661025814,False,False,79d4b3b9170c3c206e7c4fe1e83760d90dbb6f3cbe4112fc22d4abf98f6b9569,3e1cec5d265bf7559fe447475c54dcf3080850576cde8c643449b13d25428286
A75,supply_097,2315,0.07950675001757701,False,False,ccedd52b410abb86d8d79b436e0166b52929906bb1d447e31775c926cf54351b,81040d5e4f175920f1689a3a713f79c4dfd2aa14724f92c7a723d127e44a3515
A75,supply_097,2316,-0.06837813259776165,False,False,ea7bf83e18e2f94120888dd93a712838caae7d66edc6abfca5f5d46b262acc49,6b3c89df8846655c38228f0b7218c5e6df04196a8620b2d8ffa30194021b0d20
A75,supply_097,2317,-0.1237138736086183,False,False,8c0ca18d8d3cb1f01dca28af7287eb63e34319d70a9fc835a308ec5070152e90,c62fe69ebf14989c6169427eed7e66eccfe2601d2607f33c09c7deb7edee2120
A75,supply_097,2318,-0.08215963501141516,False,False,5298485ad3fbd5a092b3fa35290f7f48575de63ba8c51c4048667544d492b641,30dacf7e29bd7c5dd0c70cd9ecbbee0e2bacad979e2d3fb80c96bd3598ed8443
A75,supply_097,2319,0.07526397864945944,False,False,b8b4dd1b229f3f30e1e34abfe108cac553ad21b0c7ef5ce46a86e76245bcc211,e2a7676151e9e7c452e5ecd314fd1026b758b3a47417d9e7dbefdb1256f91a0f
A75,supply_097,2320,-0.08855309510726977,False,False,a305095492eb050a84b223462228c913d40ab0cc526cc8ed6c1e9264f4ac0012,94e41fdc3116dfab4ae01a6a27427ac427987445a0182fabd40f10c68371b362
A75,supply_097,2321,-0.09160687550282753,False,False,8f05a916062ec19b6af292f3c613677fa1a4b220409ec654c72b3cb511bb014a,f342d1de26612f31059526c631805ecaf14b26571cf6a848de7708321a2a1b8e
A75,supply_097,2322,-0.07971743753670835,False,False,d3a0e096391dca29b3e6af615bfb59de277a105341a1212b90a4fff652cdaeef,eb25375a9fd26c2a14e677655982c7c151eb8b3d0e9356a75aa791ad39eb228d
A75,supply_097,2323,-0.061348483425485045,False,False,fb4ca53ba7f69e73e8909149ed2be413fd30f6fc7aef65d840efda44838facaa,9edde6f772bdec2a81da29cef255dc081ca4b0a482202ef78315150fb64347b4
A75,supply_097,2324,-0.07430091934400451,False,False,1d2a3b8a2901a233bb84398447a76744ca316fec7b3ff6e76331a3a7e49ce2d1,a216a78a83b7e009d601db25a14671e8afd9bfecc2d50d1d7563d584a98a001e
A75,supply_097,2325,-0.001121882858775236,True,True,3b8c25b716f0e71512962df44f09d0d0e7ff7ae8bfd12e2e86015337e8e6da1a,7e32aa0ef27e1e02f96f4459fadcab806cb38edcf7cb508866a496a1fbcea02b
A75,supply_097,2326,-0.08301568914584573,False,False,ecade1caee1157a30dc1d45df54dc66554cc7faeba272ba63b6e60fcc1fad6c1,17567e83b33976a96d4b8d1da99f55422743c02696e175d05d3c5344b6c62c6c
A75,supply_097,2327,-0.23937207133151195,False,False,97c4290d9f7468896846070dec302cca2b2bd76d6aa2abdd1f51e6afaae70be6,740a49cee2eadf38d2b19c3a9f7594a7351c914dcb22f73a4fd3748778dbd6ba
A75,supply_097,2328,-0.000922547001210805,True,True,d9bbcfd93db2795f26d04702d6cb313ab483217608984144ae0c0500ac8028f0,093811d2377b1c45f154ad664ea5c3d2079d331da7d1251eae762ee7ac903a9f
A75,supply_097,2329,-0.011150908248040825,True,True,9f19ecc567b0fc0d67ce8f972202cc3d24efabd74277318f5f544c12a4da80ce,147bf66cc48c35d55de865dbb50bd3d11729ba1ffdeeb0bb0877cc46c216f0d6
A75,supply_097,2330,-0.1293516240935738,False,False,90fab0936d526d8cd7b13c093337867d5aa026450bbcedec39d9f94b5c8c4940,fe3abe9d1a01c8da083c8196efbadc60dcbbd3417f710603070cdfb6ef71bb16
A75,supply_097,2331,-0.08332208478226016,False,False,54a80ae99a597b6067d9846fda2d200b61b45b6c705b9482431806147e76a2a5,705f358818383795fd8346b91632195e12851c9cb0fed78df1e9c1b5c5045b45
A75,supply_097,2332,-0.06165069620460545,False,False,04e78d3753af5aa6f6aed7ac98efff59290e457a9e568d595e66d1d04ef2a8bc,b2471a237f30080dfdfec3c9d6f3177401c14a89e1e9ba73d4755511b529d55c
A75,supply_097,2333,-0.08863457846925332,False,False,8c555b1b00211b8575ea5422c24c8b6d47b7173e1d63016ff6b1e67051d7253d,101c15a091a9fc7b4b7b924ecbc62b5387ab3ba773a415a0a153967e6edf018e
A75,supply_097,2334,-0.10467099293411614,False,False,06585c7f5bfa0c57f238988edd93d5b157dbaf23f578ebc8b9b53029a8aa22e0,972d5ce1612ffadc89e6a14b21b6e7ed24baf8c2a590afb7e8d37627bc4a4720
A75,supply_097,2335,0.027676888810952094,False,False,595717ad8d82dabfbdcb10058179fe733bcacba5f5e8935377b3c22c3b0b146f,6064bf48e57913bab6eb7b56a41108f73ef5e8e4523c531a3b8bc45e30cc2449
A75,supply_097,2336,-0.13027305382030785,False,False,39992cbb0f1e71b6e280ddcc9d12de6ce32ece45dd1e1d83af90bdcae735fa10,625d2f41e64e796516eff8bac0e1875c6470f2de00e235fae58351ce8d84984b
A75,supply_097,2337,0.018018481789515706,True,True,077e7888cd9f9d36cf9b473b234166bdaddf2480fb59f2a136a733d8739916ea,0e91eb816476d792a1866bdfaed9d69d815862215694c27d358987bb08b235ec
A75,supply_097,2338,-0.23699573181188627,False,False,6fe1a3ab4384f853366994d500391431d4e1efdb143ffc28dcb0bf93dbf7b3ce,d39981bc3f5197d1874b31b3fca1c2cc57bfaede20a198e050e1fc5c407410d7
A75,supply_097,2339,-0.10968945303296329,False,False,69db1875e09c43fd24d9824d94de78aa6975ea313fa4460cd9fb8ecd2e472384,7585992919331ac0a5390fc871d8bc7cbdc408daceb0bb72274ea84d7f072d55
A75,supply_097,2340,0.07037502964521225,False,False,630a9a3e2102bbe48b45fcba21e8abbdc09378c9e7eacf2d05fa8048017344e7,8233c75d541c1740c9478eef4e18f52ef59c7bf41ccf1374889efbfd0e505da8
A75,supply_097,2341,-0.17007596828335314,False,False,7bc28f535ad6805b47c108b5120f8d52d0dc5c67eebdf024033e7b97d8dc390c,2a886bcd58d312be995ac1abc90c9bfb35bb681841905a6f38167c0f821644f0
A75,supply_097,2342,-0.09665157641895894,False,False,6da2c5a1d5a799f7dbf7bd9b44d19e1bd070b96bd99679021a03b1e681a5f26e,9c032c4f3b290d55c2e21337b6dedb67e7b750e3f3693a60b995aad093a3f822
A75,supply_097,2343,-0.029193425680469065,False,False,58d0d9c656c7f0aa34942e0600f3b4b83157d3dc62b45f4f8f7cd8cdea077ec1,f661ceb58215cbcc388f7200fc97b18e0535dd091321a5ed7e2e4ee8c23c1dfb
A75,supply_097,2344,-0.05870116783678386,False,False,288ae93cc41fc623de91656009e3adf90f93a80fe05ee25fc730478ae03b8112,c65df4c6b945736e5cef45a5272d67f8045856a8769cc58b3ff1f84c3e6f24db
A75,supply_097,2345,0.00032142365570331233,True,True,60c082a37d232f64bbb383e14baf95e920ad3bcae5e44e5742ee8ca8e247683a,77e2d4314385e7593aa23b8f3ddeb5759545c61ea37f08b6aebcbaf869284272
A75,supply_097,2346,-0.04223756347431107,False,False,8c85df55bf3a430042356695aba03bedbcba10021da1818155b15fec35592b2a,26dfa77408666e27416ded2ca58cf6f9d46499fd977a9a4df0052d4c0cd59619
A75,supply_097,2347,-0.05769094383632617,False,False,6d25d5dc8e9a6a49c03a4b2b7202e4f5913f1e9cbe9127b508a5c653574fd1c5,2786b83e821d91587bd2a6fca09019429f9a9cb0ee71f158cea060a398c678c9
A75,supply_097,2348,0.03698296032325943,False,False,74e11ee777507fc129a54a6ce93a8ae7b93207438efedaad5fe6ebdd67d48ef2,743c61ba4e6d1f807aa4df36bd63e01b9e270f3b6f700d5b6f53e3244f0cef75
A75,supply_097,2349,0.10768917807140188,False,False,4887065a132786b7660ee6a1ee6acefa867ad7471cd37aa2bb4c1109ea2ce1f5,cd81738284a6b684d5195b53073eb0a8adb80a8a62ff3259194f275d90b9dd2d
A75,supply_097,2350,-0.060937491862609716,False,False,b2a836e8ff07cf7a7098ef3f2cf03634c1be53291b131b235bb8f357936c9e35,ccb3a3d12c8e9f3dc0b4d3006347a9241b7924c5b511323d96f8592e169596e2
A75,supply_097,2351,-0.01797672492079949,True,True,a31845ab8633297dff9421a74bae67e5290cbf30ede02376e41deca0c79d7462,c06aee43503b0b3451c7dc86ffc5685fdb5929dfbaac4ac2dfc50ed8a662b6dc
A75,supply_097,2352,0.04105506036049311,False,False,a02df75cf7fc8fbcec88c2d4fd8fd4449768f1abbad0c8c984985899cd5243c1,2eb47d62b4d341d4813542ab181cea56b941c4a825e3123484bc3cc058489673
A75,supply_097,2353,-0.1478909464521903,False,False,aded7288cd54aa0cd931b151cbe497b0371afb13291cfb3e6abd22700665e7be,7e910cd9c3cca2e6616b258ee552c21861c6e35a2fc04e12220c5c5ac5512eae
A75,supply_097,2354,-0.1826993870656296,False,False,6a220dd3063e456a4c63e9702d15df4f203b36f45b48581cc18318c81806b8d3,0c0a70f3ed46cc967db2bb79d2e0a9b23bfe328fcde0588089e21d191d1d0417
A75,supply_097,2355,-0.1552470164968574,False,False,b49bfb5a42901c021dc0ac96733d4954eeb3ecfe8f173092ed77579a30b7de23,6d0e9fa3920b52235daedf9122c5079e560cf7dda4a86595d77326d3e08b9159
A75,supply_097,2356,-0.05448798611252753,False,False,7556b3f5689d344dfcc49fc588bdcc0a5390e24d1592027adeac40c90dd04d50,483496a6e22d09c425cc8d2da862b7c902064f82554c433629fc7884127f56f0
A75,supply_097,2357,-0.02984898664645791,False,False,40da80d71cbcb3845d501539901fec6b45499a20325c0a4187ba675d609920ba,a7d737ae404e592f6fef5ffea30c96e3e798f8885ae35f7ecf634b4ab51d3b65
A75,supply_097,2358,-0.04789827811315167,False,False,f89f28c8e4ef94de5a106164e6cc0c46d46bb45bcf995381ade470d247d1ed28,985bcdab11b4697ee44fde32b1efb966c7d65793f63042b669dbaa6d9ea36321
A75,supply_097,2359,-0.06405937983050242,False,False,f92953cf2dfe18f926fc7fc57d678c35e156e67c37d73479ca5d77a56998d79b,32edcacd12bfb0304063ba6d5583fddcdfd5692c7f437509245c715467e1c6bb
A75,supply_097,2360,-0.041832840757688616,False,False,817f5ad7cf9d9f6eeaf255c92119ef7c62cd79f742023e6f2a46cfe0eef33da3,2c5efd46af90277279e7786df6caa621bcb6567058d1294d18207b24e9b05456
A75,supply_097,2361,0.10197002557436097,False,False,f400195467bfa88b02feff86f40cc5a82ce1694059ea22deb2a870c5a0515056,0ceb7c193e7a00e313e419c68e35cf0a41a83e3abc92b34403fb031937d0df45
A75,supply_097,2362,0.024771706191584086,True,True,eae76c321bfb6a6ee67e75e90c1488f133204a5a10352505288a8549e631f87a,0fccbff40ca82d4ff699cbb84054c521fb949101ce978919389e487d6819ccb5
A75,supply_097,2363,-0.10205763830679049,False,False,1cf446219c5bcf9e9a18970cb65e41265217ba05f0bd3bc7ce3259db00661561,2d3f5e8e2d16bbf96d1300800048d17491d5a244710617426f3e95a134559a95
A75,supply_097,2364,-0.03119952752785965,False,False,d226cc08e0a3fa4c5d6e4dbe199a6a2187449ea434c2934bb0ca4b5dcddda59f,7bf47e9a746088ae8bd4849e311d8837f4bba7ef9f72b97bfbc6f5fa832a5de3
A75,supply_097,2365,-0.08774430891887663,False,False,6043a0825f1f536b2f8c0a750f3270d7d0e62d9c88a62b20b42259989c10c624,bb26538887753a5d180056b76f5347e6eb4858e858f3ed92d2307a62e4addbee
A75,supply_097,2366,0.06793994470244624,False,False,934e3a3524bdba6196aa510f479a50b38dc4320540e0e4c4de48f60e2b48cc75,0cbdf033f847e7d92cdae5cbf56fad71fdc1a1da1b32021349117362dca9a930
A75,supply_097,2367,-0.07282698788748138,False,False,8cc689416def381875e8511fb99a0206c34347fb485fc11e80c8aafae891963e,4e18ded396ac15838199037c6702216c5e213c87608f3ac3e55d0c9ea030bf4e
A75,supply_097,2368,-0.10922786994112604,False,False,ce97a27244c835ad351821948e76155247368cefc8dd7f62e2c02ba070bda946,0efdd8e34eefcc8356815abe3d273dd2c4f2ca18229530861a1fce3d3cd671c5
A75,supply_097,2369,-0.026420482996389494,False,False,122f348192961b116630fa6b9499f9abe90667cfc5f38b9a02efad98a3502bde,5d943ea26a4b047bcb4b0e7db64409f9e2321c5b8ef5b39adb1ed239fb0fdba8
A75,supply_097,2370,-0.03439247870558415,False,False,b3e333092a1b40ec3685014c9f3b718b9c0a8dd1a0232c3dcd99351e1705bfd6,0ac6989499b21aafe64dd493c4972047f9963e25d316b1cf969cfba313e1db5b
A75,supply_097,2371,-0.07073776930790016,False,False,4aa79f2b8f6f73f0e547085bcaf2af2d5205d04cb5999e1e8f1cdee39de02054,24b47f1427062d42be3cf379acddad4d68d4cdcd479e7b247cb298e5019353af
A75,supply_097,2372,-0.1946256999581114,False,False,abfa95d6f8a478ba40bd7d1695ab7c7253468943eedaab391bea1b67dc66bd99,c50867db6d5f4bac1f21df6cb1ed72b7ce9188caa29f3b0757a85d6dbde4e649
A75,supply_097,2373,-0.033916657041814235,False,False,403d7b5fb47f8f716051da48d323539ecad670aff20aa2bfa7efc0de051d39f5,aee2dbf0529e8a0b8855aca463224d73ae8e94a9280ad9175db863de80fb160a
A75,supply_097,2374,-0.04106964915087169,False,False,242826c4922aba2798db3227a0a262378db0b11b4c0117c02f43aeee2c83d474,5e517ad7f4946de3dfbae1e987e0407251b68adac4fc9e8fafb8267ec672ca8b
A75,supply_097,2375,-0.048408351546370965,False,False,a9c03558d124558782b069809c24106012cc13d062683b64bfb4565a512e6ef7,2418893f762e912864c742ea12fa04459e5feeab6145fb147ebb621012e1ea78
A75,supply_097,2376,-0.1461677809727207,False,False,2ec04ed00d1b93556f1a41b276b0dd3ef7e5ce3cb5b88b146ccec0037cf7a451,bc2bde0aa8d9822e7079bd54967df37ec1bc1abd75ccdd9a7f4407d1f3db9174
A75,supply_097,2377,-0.07663883140751149,False,False,ed4b6af31a4dffddf0fd7c3cd71743df799b0b66eafa7976a91d5b10ff4a93dd,c4a091b13446ecf522ee6bb6a4ee1eac544c6f8a14c4d1e230abe8cb5c80232f
A75,supply_097,2378,-0.07019336621326971,False,False,40366c387126fed57c72646757968530f1e2eaba2a21c134e13ab8287102e123,1719b8661a552c37ef2bbf0791988b54a958e8521792f8ce48812ca47b0fb3c3
A75,supply_097,2379,-0.16438237534748645,False,False,6fed9f3769186443bda51bee0e91b050981590b2f8fa3c235bfba83e09be6d29,8c8122a038a546f145a5a6b7328ede99b1ca283d91ea13782073d5c90c2283bc
A75,supply_097,2380,-0.06704539606889875,False,False,2c4a863615257d7468fe99596b7b427fae7a5bf003632b18a0690bb08d0b7c6e,34d38ecc54328abb941ddaaa5f7459c2c701c2cfcb92be14338427f3e048090f
A75,supply_097,2381,-0.039398971494354784,False,False,6e33b5b7f76cb5047b4fb92f46319c1c9b3adcb8db57088237e023a2e1470c7c,137b4901baa61f16e2f3ec1e427905503ab0d64f83753960a549b87d0633bb66
A75,supply_097,2382,-0.046251356683087,False,False,552ccb57b50575efc8ac8a92117f0b334303b9b5fbd3c6e4d91735044fac2cd6,3e2d6967f179b978f3e3466a7cc4109ce9afa8a98cc2ca24e607a10b163f6538
A75,supply_097,2383,-0.14744764357021484,False,False,6b0dee946c218b65cca177ba628fa9a2133da50afd7de1329e61e20d192db39c,e3bef2a25959dc81a3d6f5e93057d4fb796642acbdf02a580660fdbf8dc2b1a3
A75,supply_097,2384,-0.18101665071342765,False,False,6260175d440793b2e278ab6fc458df0b36a4f2dd1da343d62c5dde9e18e6cc22,15d670f7bf3bd6cdd9bbb909b5e2079e803c0f30db916f953a593958f7377ab5
A75,supply_097,2385,-0.025219426201522344,False,False,ecc648031983730baaa4d496252f80f7f664a25b7528dd331ad6af07f86a14be,812e1f5b500adca348bfe33802bb0523d3578c69ad2ed4c511e7d68767f5768c
A75,supply_097,2386,-0.1281501897424298,False,False,a442cbc1439ac6423153e4dcaff4e4d2e5edfb4268436bfe45b2d7e540431d1f,b23c143b0f817deefd693f0d0a575452b08dd485e8ab8333d1b1b3c8fd7195e7
A75,supply_097,2387,-0.17533680732087698,False,False,85e8df2da66829cd199300ba93e6130b3c36f5fe12d5b5b30baaa7c7aeef5b05,fb96796aff696912fb68b7be6b07ad9b73a9921bcb4ce930660a62876799dc1b
A75,supply_097,2388,-0.01826711561069,True,True,f0df5dc6dd7505cf3d9d02c68cb419c564de091933bae57c9275aea117631da8,2e39689c9459ea4c976634400317073c5c43f85db55144a61b2b876d59dbcf73
A75,supply_097,2389,-0.010950452751124606,True,True,2ed8013a90682e6e93f2ecab842b3c1b420bb6aa68f352c4a830c4a40b941942,91372a66faebe34ca0c9943b3b4087569bfed4d6170245b32567606b95015edb
A75,supply_097,2390,-0.0015051970347464971,True,True,12484b39430fb6c41d09265f6e73dc530c114e9c20509115beb8838c76f75b3f,abfbc87bdcca3a12c26bc5d71983b013ed91b20a8f59a996f0d6b3b03eda4de8
A75,supply_097,2391,-0.04961766556283986,False,False,521accd676140f031f198c27a404898383ea60c5199f73d7ca47edf91b89882c,2eb1e7a5e5a59bf61a3a519cd5326d733decd343b8f4b860a3f96dae2e9c749d
A75,supply_097,2392,-0.010287689122356114,True,True,afc9f873d2400d3f3d5aaa63fc3fc30f9d4206fddfb79a6306f575d8afd7cf34,49478c10fa757e6b419fea7d917a9a0b2a54a865d3430515d06adf32e5d2c7df
A75,supply_097,2393,-0.12318192179106868,False,False,145c53fca57766caa25ae4e97dde42fb899342395e4934f95acf575e7958c16b,829f656be27c85ac85ec4adfcb120f34f96c4693dd3fe22eb451e350fba99f07
A75,supply_097,2394,-0.10861310009949665,False,False,6ef866a7cb6d97a34303c65c4d23e8ca8216375ee6ea7916c6054ee9e1d44360,84fae781719cc997eeab2013b202ac7f7404633afacaf8e2dcf7b68d6e3fa6b4
A75,supply_097,2395,-0.1383514656448508,False,False,745fb65d5ad6154508d10cb29184b4f36b11bc3c5565a4d74c2ebf9be736f6de,3a3f0788fc2c7e5f016b5cda064e519a5ae86fc2287a541d41f786d82794cbca
A75,supply_097,2396,-0.10783777019710372,False,False,fe53b37ca2d638d40de889439dcc14de34fdf638d7c43fdb1f7c177ad832d11c,f2c45c73b1ee111ac762232ef0daa0cc256704879d8b60b252d602010f019288
A75,supply_097,2397,0.07222637982904767,False,False,e3c05fbb5994d2c8d1a70b148065180e63c281da9107c622ab0900221f6ed03b,20d3723f4818661c409e69329805e11c5665ed4c67370a0c0c4b0b51563f6bdf
A75,supply_097,2398,-0.10770876039511817,False,False,d2481fd28ac8dc45eae333ed65aee18ecdbc9e885d22741df390d1194670397a,42235d675611d3b25293cb1b7e8ff125aef7e15873d6b7fcd1b2028ce52accad
A75,supply_097,2399,-0.17956095661772448,False,False,179c5f9b6d8e318b877976b7440a81bda3be7fdda4e3af2b47bc234724b99e08,a0a11842d1b756acdcbcdd71004781ad1d8ac3821782fbf75858c9d636634485
A75,supply_097,2400,-0.05837864389709896,False,False,026938fb55c5e9a1b5595f9b671e5432cf352abaf7aa177571d2f527d95b6bce,4d74bc21c0d9e13d32117e28def9360405f4048be2865e8ced2a08d4ef5a1cc1
A75,supply_097,2401,0.04615661568885299,False,False,b9b70abcc932a29d9214d71009cb25f42cf2549d6ced175d1be36e3f49d41a40,c299fa06c281dce72e7dec11d2672f3cfed04c85de289231a8523bb7205e93c4
A75,supply_097,2402,-0.09648007300998934,False,False,c7704ffffcd0218fe2c598888ba53aa6dc609335330d5a0daa69c1061028fc4a,a6d57ec4994e2cf3000db57bb843e9ada0fef3edef0f586984b84ab007f7ac9c
A75,supply_097,2403,-0.03178703825964224,False,False,a4e55357a0a8407cd193df5630dc5ae341027886bcdc8112d06f17dd70756a77,06b58a8b0499ee9ce20c1974de25930110268fd1f186b522b461149f2686a5ab
A75,supply_097,2404,-0.09088845558342368,False,False,bd329958dc0a65320eac0e57d144f4138a09ecc8547b3ca5e8fc3a2a0fbb9fb2,46f29bfb37a1e33c50476541ae9a816a33991ced2b77e5e616788f46a0afd97d
A75,supply_097,2405,-0.11954638978333365,False,False,450c1d8873ce4b85061965d4d1ed9fe14fa3b4ea144fd41d35c11dbfa3da5719,5c991a146fe62e9d4c8933f19b0f75a588a836bdab4bc6ff5fb53e4953339ab2
A75,supply_097,2406,-0.024281538779037104,True,True,1ebe02ad88713d255cc21ef9a06517c06917322ae3c9f2b109bb72e4503c79b0,570da60ff2a379ea0f519884a3ba34d8a19933aac269a55163cd369e02197687
A75,supply_097,2407,-0.03467983291636911,False,False,52adf53231eeb7db8cd20516d82c7cbc3db1bc7576904ec87a2082d643575eeb,be65f8b7d1c22c90610bd61370ea7ff3820d8d3f5fcf6124b024361a0c2c334a
A75,supply_097,2408,0.0032989178996786217,True,True,c914978e0afbe38601206fece14f1a93083e77701819cc53913158c667f1c020,a1995768007af62b98e1713882a6828dd85db406cc4ce0538a08efaf9b5c0cf1
A75,supply_097,2409,-0.07524338884864284,False,False,70d1f200d03b952db47f47440764937cfe45faba22a8999e9467e68e1895387c,5be373239cd70b4604cd44ab12e161e1db1788166425512179d62c575353712f
A75,supply_097,2410,-0.09919995249201036,False,False,a9b8dd4c046b0ab90ef06fc481927e7150b4a02a650a3e871ba0ac4f2a635f95,612f74ec8c9d5c715c79dbde8d7f82f0a2ee566c110db5a2b02bac55ad571963
A75,supply_097,2411,-0.04538820926468934,False,False,5741a4bc0d8a75e670bc2c313279cdda34cf52b9b7f278fd722c6f9901935225,6e7edcb0ed6bb9359b544d4b8ff88ba0ce0c1fe523d09267fa8b1c09780da6a7
A75,supply_097,2412,-0.20697895003862854,False,False,81b68dda413fa98bc2ce715ae963f1da1e05f2a75c232ee47567c4daf87229e1,02070dfcb26631bbb17e4f58eef47bf387af7ea91d7acb75d1f727a2ea31a063
A75,supply_097,2413,-0.10865256249378724,False,False,24adbed91f2e7e643a245cb193067debdd8a34a92806fc04821ef31231e55f31,f75441616c6245f98dc7c397a0439284a10959d843dcbabefa1942324494f163
A75,supply_097,2414,-0.047199640663316944,False,False,3f05d39e03c2a58d5d51aaf3cffaa26dbad5198da3c0888fede9e0e3e5dbc86c,a5bc453665479c2d9b7cb77e2d33d4e6507f8ec4f4aefe098faf7465f5385062
A75,supply_097,2415,-0.1444728301866387,False,False,923974aa392db14058f5309457283fab48bc19b4ddee8dc68321e7dddd2bf4ca,35b61d4c9929a9b9b585fb245b6c37a13e197cad407f99246686ea5656f24744
A75,supply_097,2416,-0.14867446270310064,False,False,c8ee514c057f337f0c48e5a216868a092d09fa187ef2a89be1efc039a50ba496,ee443b3fa8d950baf77c526af353071b06cdea4130530c1dbd0c008eefc38941
A75,supply_097,2417,0.07577208064492114,False,False,69b98d9153cd614a3abd52559922608bdb0f68e25c98a76a94dba7a6bcede262,8c323d506495e50d50e12df8154f393e38053633190b1629436b7237b033fe0b
A75,supply_097,2418,0.024659927905130274,True,True,4d237ec2d9e9f31a062724f52e56da9a8d1f22a51e60ab5467be13db7cde3031,1648ef34a0e1aa2ee3513884c702c405119c8d05dc2ddf60a24a1f20935d9fb4
A75,supply_097,2419,-0.033394517539755586,False,False,689a9dab28bcaf43a4fe8a2fc5745d381e84974a3e459d08619cef29029f8afa,b69215a3995a5f3ae1de2dedff8975cfebc0496da1a402d0359b21670bc56198
A75,supply_097,2420,-0.029974830528440133,False,False,b9b66eab84238ff676ba06a805891af56012a07eeaddded650e1da24ef9a7932,9d18082dacac0f750b49dbd4e5ede51aff29d2eb0df6bc553983bc6c02d157e1
A75,supply_097,2421,-0.06376228064019479,False,False,67a3bad62dfd4f58cd5cc9c7160cbe56421fed8a4df525be951a4e0db3d266d2,f060d830aa5fce7c62e7134ccf9ee0cad8b24414b2edf48f8a28498a540b0ffc
A75,supply_097,2422,0.0901163627830679,False,False,2eab79d344ebf18520641a34520b5b06a03ad86cf34d80dc4214603a1e153827,98d9ef68e7a35dff9fb8a14ffb0378b473091c5e54dceaf3db9dcd9f5d1bc01b
A75,supply_097,2423,-0.009135941553409077,True,True,7e59681be329324c71def98496591d213e2b612414fb04b05af385becc5413ad,021ea51ca8c359635d06ebfc03eb0e6ed5c9f3529616f6fab1022f6ff76db58e
A75,supply_097,2424,-0.07730196290253183,False,False,04a3a557afc920450ee1a30e8e9691d4d00238331d440aff2f230c729aa43367,dcaadfbc2b1fbbd4a0f3883d6001245af60adf4644dac49c64ca008b21ad8dd9
A75,supply_097,2425,-0.05455918012475269,False,False,366b2d9e3c5620de0743b876b2611f1dae39b326bf6c131a0a7cb4582af85e7d,68b8fc041f1564c5d7783ac06320a577033328f738de61ba849b75602420a64a
A75,supply_097,2426,-0.07108859511791887,False,False,d7539a75d164f6ab8296eaa52a5754fed2d6dd267b5922363c7dbeced79db211,647052b9f53803c6d27864e51f6f9c86fd2db0b70c87558be6e0b9dbb0d504d4
A75,supply_097,2427,-0.10272124728147353,False,False,70c7b950e4247ac47032f4cb9a4c043efae1f322ae643b3393d5073329486798,926c1f5a2183c63856a158ebacf2ba3bd2894b459de735bc544fd4be64e51e44
A75,supply_097,2428,-0.04243328781973993,False,False,f3b9adc03c3a1b1dca8fc21250c65436a4fb7556185fce49e40d0369673506b0,9c826c3ddf3aef4a7ced7857587d21e4b1c6334502685b46d8e0ccb33fe4a4fb
A75,supply_097,2429,-0.07666759508807808,False,False,7ee06a20dc47a6a2baa5b99e476794ba45b525f4cafaa0047ae6be576307d5fc,fbdef61970e47bab4cd7b5463b8b61d80dee81a7f7861225622c34594f5f97ff
A75,supply_097,2430,-0.09285747455019278,False,False,860a242ee242c215813473f6e9be0aefba277eeb1452b7ffb15ffbfbe74068ea,e3a903c0b8832bcba4362d0c438d7ec93b9f8fbd1a261e37a5b772c13cae8b54
A75,supply_097,2431,-0.08580676010027521,False,False,651837f157ba7d54913fd59a8bc3975b30117bb59d4c7e77d2438d08e687c130,d91f73fdf26c2d6f9a5c3caba88414f8bf1900f59286c0e5e547ba2dca1b6a33
A75,supply_097,2432,-0.032060084202993,False,False,bcede9f3c60b460f311d89632ccb382994a9f50683dddccb5b09709cc1106fba,13d22eefe7dc439198a6a3c005699b8af7160792dcb7d4114c59c568fa00fd75
A75,supply_097,2433,-0.1217994045443831,False,False,1905110b5f08afe1e3d3a668ee9190b3cfb4bdba04ec4b47aa164bd26b55899b,ca9c2c724b470e53d50e94ff849084733e52c43e67f3b0ac7630908eedd14e72
A75,supply_097,2434,-0.009872918392321628,True,True,dd03b3ed7d5b2ca201f92b37fbb280fa61ef330f90c296f29c7a85db5fdb42f5,86b60bdaaf7f71d3623590234b71be6421a1330682320af49a470e628ad82508
A75,supply_097,2435,-0.10026460578731589,False,False,d21c52290e1f226529da1f71d60df1e05afbb467e44662a2478c2070989f4ef5,e2c0a6a0136281a66a6bdb140b6044683136c0f2acaec5e117e9af5931442a57
A75,supply_097,2436,-0.10132007199886528,False,False,0b8729692b84507cae15ba3436e285235132e09d132e99d551a61f8fa013fb00,0808d477f787660caeda3939aa6b9f65571cd6c7204819ecb55b595aa3ed5da7
A75,supply_097,2437,-0.3308296647010085,False,False,0a2a7351d01ff7c1de2b3ca45c58c0bdab562772de54512a778af37d42584eaa,fe34e8acc5024170447455d1d5ee0343e6c1f6eea7a7b53e53a99ca077e9c2b2
A75,supply_097,2438,-0.15509743837117818,False,False,4ff916f7c63c4aa9070018f402738deb45313ddaa265b27815b413f182d01f2f,380d31ce8df677cf03161ec6ecb348f2aaefdf7507ad925e3888d3517d42baac
A75,supply_097,2439,-0.02071567685625969,True,True,1825e7e82cd0518ba2705fca1c68caaaf5353381ef3324d72a76258d3b172a1f,c70479dc5ddcc12efffd6738f1525999f8141772d5dd309c426180e281897c21
A75,supply_097,2440,-0.15706120459139117,False,False,a8edf6528567b0a6245ca836338939b180c71fd778d990d45b6d2a741a827380,976b967b68a34907e8aa03faedea88521d3ac5deeaa0acb8bb3572bdfd62b582
A75,supply_097,2441,-0.004280223097271496,True,True,91bd3cce31dee29739177a2bb47124513307b48fae2acebc4323e6cb3faa0326,84c5d922ab9392eca022913964cfa9199c05155afba4a2b47942dfe6f36bd524
A75,supply_097,2442,-0.16722186156328106,False,False,41ce48252bb1420e8286230ac67e67f0564fb886c30ff661553dd9a42e9075ac,54c81a858521889dba788631de3e91845e95d9104a8e6de3422aab26a788a33c
A75,supply_097,2443,-0.05036721992432952,False,False,340d3592ed7ca87161ade9dbd37a2e09d9faceb4b17756eeae3ca9b8e2cdb02e,88ef71d764437685db8ba5cb45918b79147208877d66d31850f3b452e4ed37a6
A75,supply_097,2444,-0.019485225362783742,True,True,d7a8f70863e7d62f8ef419077d434af8eceec0f0b201caa39326d6f83782accd,1891bd6384902228455e20ea424fcfbb4723981becc92cb4bf341511926baddb
A75,supply_097,2445,-0.08670283442822874,False,False,13154fcebe72cda461b716c63e2f549156b8ffba13fa007729b3f9674dc561c8,5f160299d7da0907aa81eb40a0cc90b911a1ef71d874f47913df52379f910898
A75,supply_097,2446,-0.08882050764621746,False,False,10fd1866958e33afac476bba211a5aec66c4d62cdff46c2c7fd18f1605153107,2a1c48e131178a666ea8c601081c2e10576d70f451098005f258e8ff891757fa
A75,supply_097,2447,0.0449339558818187,False,False,e048fb54b7e4763b6f194a7c41ef03acdaa540de2195081d974399268da3798d,2b12591ed139bb9fa73e4d4b74d81ce9b5ae8702eee2450add1b4f9801cf969c
A75,supply_097,2448,-0.07033925778463185,False,False,cb6155128577030c28c77991438142f1db1a4ae64e69d716f889e4cbc1f0562d,dbc050cb02683ebfba4dd3283aad7f5b59612b01842f05e2e65166dc43732c0a
A75,supply_097,2449,-0.10352360615736483,False,False,5bdf31fe028afaa7cb3eca679dc766056fb8c15fce806e7007fa8c4e2c77f633,45798574cb3b183f70fd3a5fe2d73f63c36fba944e49c37598368a9daabb9e6a
A75,supply_097,2450,-0.13396606765291857,False,False,3f694097db19eb9921ec6c73cbd1a6e19cd3a9751f39bac8fe4d4a40477f81fe,ec97abdbab3bbbfa7d3da3cdd60870e7baa35da53e3821f53b0020b854597630
A75,supply_097,2451,-0.055245633173984565,False,False,edeacdc5326d4201d0bdf61a5046d8ce362ff5f83d615aac8535b6290f7b9ddb,cdc399b4789fa0321158cdb7d10396c4d238a5b19d37ec026fc28ceceb43c66f
A75,supply_097,2452,-0.07294487912681963,False,False,4d027bfd6f7e92715e571e98428d31c0a9fefed4a004faf5632414e276c7a09e,28977014fcc0945e604ba9e47c76610abff5eea0e93b7cff5ee37ebcc7dccda5
A75,supply_097,2453,-0.04677157970867535,False,False,b6257c7d4a498528a68ad6a3febcbfd53267fcbed67ec89ff73d521df101964f,3be8c928cd36250deefa5a8d42000fff3e46065f791fbd1569f8fa21d4c16ce5
A75,supply_097,2454,-0.16515617754742,False,False,04c64bb5bf528fb44c415db02932621ca126dd7f3f1806bafde0bb669c10bff4,3180bf2cb05151f26ec6c60bf87db9846243560496db0f10d5ac11fe1bcf0f1b
A75,supply_097,2455,0.057883609534569724,False,False,6a1719067501f5c7b6d3f6f20b36323033efbda6ef9e5900e25501d445dbfb63,7244d5eb66cc84c976f0357f443f3eb57e81e771d747ce5121584aafa64a2f9c
A75,supply_097,2456,-0.034194361226142,False,False,1a76165e20a0794318b4c1a82d74d7bf206290f7653e1447a92b9bd5b3ddc98b,acb63a1c73840a069ddf3dfd7adf6a49433a23dd408b17bc9f32223cc0b367f8
A75,supply_097,2457,-0.15596823494770023,False,False,965b4b0fba2a1fac0809787ff3620bcd5d39f0ff349fad1ce68115cfa4c44db3,4c75cff39edcc52afd02cb2457ce2d8419b18a39a514ab3756a8f2089dc70c46
A75,supply_097,2458,-0.08641891932918572,False,False,11ac5f3736766560cd2a07d0881884639a15be036935eea1fe3894f1883b6535,29adcec13aefb7e6ec283ca5e08020567bdc572183aee1e4cec21e2e5ce00688
A75,supply_097,2459,-0.07266345269071228,False,False,e12c57d455f7079da75aa5fa1a84a6a324446e698e152e73a0d2b1764d216eb9,02deedd1bee83973cc15024901263732f84417aa5b9e118c6e2fe42033b58ade
A75,supply_097,2460,-0.17491163096060441,False,False,c7029da862a98e7f6a3c8390c2c4bf259cd27dbef2cbb900107d4b8c8e1bb7b2,82c9b0012d1b42eb5f5f1bd9b56546c5f6777590ac30747f9d9ce43af70e6319
A75,supply_097,2461,-0.005124185388485691,True,True,e0ee722627f45a5104715d51501a8be7c295dc3d27ba61ad5d263681069acfbd,4481c2ba2b278648edba25ee2229f7860d55b1b405ff1cc1c380a5e6efeae0ae
A75,supply_097,2462,-0.07314909609404185,False,False,0305108ac726c2d75eaf4ab681ba3d4590018367fb12868334f8675c805ff17f,b173ae4fc3f46bebaf7a3f2d9dca532b2f0e5ccf006e6b1181552a1719fda2c7
A75,supply_097,2463,-0.018454002599535335,True,True,295f3e596f871adedb7e0ca98e3316aeaf4c4a6c659f3fb613449de4c6842012,69dc19964049c52700314ca9ea2261d13f24d019f345d179a36c46b782f9c456
A75,supply_097,2464,-0.17695538041399972,False,False,5fd8316192f18ab68f7f7dd95129e6d8ee144696d769c5ef759278ee713f458c,b60294854f754b3f45b66572dd8c13073b47f1211348d4a25c10a0df071add5d
A75,supply_097,2465,0.04888245546342895,False,False,bd299358620f651b510498f62f67cd45fbd5cc149c27e2938029ac1b4ca44244,a6bb54831be2b526023ce4533986cfe16bcd09350ab046ee4e5c73d6dc9d18f9
A75,supply_097,2466,-0.12673611563056109,False,False,3f751ad2de0fe0353c903916f710937e803ff9412d7dcbf9fff1f94381e2e6dc,225369a38faf3f3c1baef90c3552d534c8821d67b438061acd7888b4e79a2f9c
A75,supply_097,2467,-0.17497887756503522,False,False,2af4eaeae9c9886232b71aa55522356d8d0dc63952c51241d414f5ce3ae75c94,75427b7fff163c6c536f490e1c253d528d06b5f4d81d85f345536432a3fdffd5
A75,supply_097,2468,-0.038657063234432965,False,False,3ad30150cde10c493daac527831f77ba56d6b4f25c3339242937f323239ea233,f95bde94d252a646e4f2ff9b0ba029aabd5c2d60ae6f523d2ce275ede8d923b3
A75,supply_097,2469,0.05827845611431892,False,False,c466af7c588600b3fbf405e73400012cef494dafe260be138619e58ec329fdd4,159212b0833d8df9bfc1d113d23ec8686998edd65e2088fed3f3439d620e0f58
A75,supply_097,2470,-0.06322632208742651,False,False,fda491e2718ae13f5a99583e3c63187926029126233e41789f456022ac582b20,82c0ab8327bddda0a4839afefa7c4cfc55258854096063fea0e229a9ed8ee390
A75,supply_097,2471,-0.08553741090937822,False,False,09d44a865d301e8787d7cb5385672c761be2a4cbd85c4d93316d249a15c8c276,44853109ecaf89497c64c998f4b55d3d472a7deef7d1536378982a81c8eb332f
A75,supply_097,2472,0.10994699781080064,False,False,35e7c56b5afdc92812f12d10b5277956529ff4585baa0af514c3d0a2e7c03c90,dc9c2c7471c74df86d89d13a38c31211ded8f872e4445fe1ad2a9e0c854d129b
A75,supply_097,2473,-0.10882527545700271,False,False,87d997ef26533ee38881aab206150cbf39d71ddf11a0cf1bae81b1d11ec775f0,e470042592824db05fb5f4525c8e127cb7bc20c4c400f7712ebf3b0216ddde32
A75,supply_097,2474,-0.10640718571047941,False,False,75f323a144b0b130ce230754e7caff0814b3d3541495415379bbecc3096d6a93,527217413780d9a7727deefc8a3f146755812fa8823abe474c3b7fb263ca1cd7
A75,supply_097,2475,-0.06573238838652123,False,False,af6ee14620456f45401375c0970419ed9c8e353fcbeb4dd0188b6f7861abb905,59f0f412a6f8d39f5aca0375eaf8dfa67910dd6d8ea2dd4b0a774386eed08337
A75,supply_097,2476,-0.11114888716827154,False,False,46740d434ace12aad7ea1f714bba874c427ecac4c66570f902f55baeb4a1843f,734e0c0203518f2ffeefafc29ebdd8a028e7ecd54e06683b73bdc1e6d67f78a8
A75,supply_097,2477,-0.0004602984631028595,True,True,2a0b1b34d42964c663b9bfd9628b879724ce046bb308e4aa286deea7b1aa9d77,eeca88203546dabc4f3e2d0696782c1b46ef0f38a3cbdeb82d742c6856a22d5f
A75,supply_097,2478,0.028927516925543406,False,False,937b4b08cfcf13769e17b5e8c33d74c927dbe83a3b46fe5b7eb7bab9c34e76df,1f3ee0096c16319f8f3bc7772dbdadb58c37ab86da9f2013eda62ba4827dd5ec
A75,supply_097,2479,-0.13828323006784093,False,False,d1bd7beb29918968318ca0533ecb254ca01c5e7b2fdc6c19c11683f0250737ea,1970fb7de4c140d6f1502f7fcdb8cb27bdb332fd1e6b850a531165715d245c52
A75,supply_097,2480,-0.1445978992585688,False,False,eb37ecb98f74b0e31dce97a591a1730a413e2beddf952837fcffba06a73535b6,886c30db615642b7fc5833d91a9f51c0ffec31d295d6394ca792f2f37e9082c6
A75,supply_097,2481,-0.0997588520584351,False,False,3082ead8f7b4d61c97e3f19347b8ff693fca6391ac7f9f0f5137eb9deb7ab255,5fdb6052cc7633968d426f71e3bb19e5cfc3db4b2e84461cfef40729cdd91c2a
A75,supply_097,2482,-0.1146481541233274,False,False,8bcc977086d79e501f145d77119e45ad2611a019aaf6c47298b63f8172f2f70a,65b80450bc5107f4f91831f67311c14738df3fad92ae84726e0adf9959c6f08c
A75,supply_097,2483,-0.09036359587990356,False,False,4103acfdae305b68f6188e1b4ba8908b96281be70d127b1b030cd998b0a32b84,3c33ec7c1fc86c1adac1d01bd298781d35bacc6fcdfc2d574b52431e40589641
A75,supply_097,2484,-0.02444185021514894,True,True,4771872b8f01489a0f87f0dfb7ffe721e4db852abb7779732548216cc77113af,dd28d45201d2f91a548ce4b65298e689e52dc1456b648cfe4460b66a88d7da53
A75,supply_097,2485,-0.12871980358569962,False,False,15130d162da8f3745201914c23fbb9cb44619f061da2726df2e68af1dd73ac66,f80918199caf955f29ee8b28d71f1e14ab5dfc141077583300f4d30310f664fa
A75,supply_097,2486,-0.08125636105153455,False,False,b8dcee1ca409fb3ddeb3f4cf9e3bb8f5d44fbb67a13d864c5163d6bc08282995,71d97f807c4c0e82ca0dd69210e27afcd450fb3f0c94f2bc66e7287f255c7b0f
A75,supply_097,2487,-0.12257316390927686,False,False,8f5930b5ff605c99e5f4fde83b8c2c094502a6d68ea30d0957f5b397bbc9c5c7,d0d6e877787697e10983b12e25527f40d9b892f5117c7c842529719cb442445b
A75,supply_097,2488,0.0160820509568268,True,True,c3985368e168494f0d3c5b590ee80d94b70e10651f7f7df0f7d86f34cc2e1941,081fb83a362c1400f229120fb55a4ca10924549016358b3abb9ac0db9b467fc8
A75,supply_097,2489,-0.24695536334137758,False,False,7630ccfeeaced6a13229f7af256e3f2a04257dde8ad4597d3e0d65a048af5a5e,b502f75d3777f1087b4501771977585a4c973970251a47cf6666ae293753f779
A75,supply_097,2490,0.05252923251252695,False,False,87d5e6cc0d48ea47be999704f61b437cec3ca3aef74fbfbb1fca175370a7d188,961118c8a40d5ea716d3d20408606a84710cc59bbe87ee8fda2022367992a712
A75,supply_097,2491,-0.0409626175881716,False,False,0131ffdb4c30c7433ee2a298e5155986d98abe2b8afbbe04cc2106a912b33daa,056321c89674d07a2484cb0775d6323fcadcbf6a97f0763f1592e6ee224406d3
A75,supply_097,2492,0.01583462834249405,True,True,e3d35a58c1051871fb87f4ee4460aaeee3e2519e2d9266dcf41c10a838500cc8,e256ff48437a9b590fc9d19f16a6dbeef6597963ebaaa76a8d1731f33a21bf20
A75,supply_097,2493,-0.09224770293751355,False,False,1495a4664ebe669f8bc57ade219e49fdc9ecf1320c1c5de9d79bad728355f87e,97ef939344eeeeb2f992ce80275b15027bc79841342b51809342d520978e9509
A75,supply_097,2494,-0.005466911902886451,True,True,870dd7ad92d6593fdab61c1af4cdf00a0532dfb0a0f53319155a47521e2ee649,9376afa062ec188184122d79080a694782a92a6a45ccebbcfe56ddf5db3a3899
A75,supply_097,2495,-0.033024029103300434,False,False,389b4dd02190db5b562eacd05b4cdd7a6792673689f9898adee483272f92364f,bcfae6c1db06ecf392601009e80c2bc11ba7087500209fecbbfea9bb18b974d2
A75,supply_097,2496,-0.11184364277754982,False,False,8ae65ce3a3edad2cad5db758a98b9b7a3e4c5d7a982968447ee5a7789356186c,8f47b1662969c6962150e8f9f9c9d3bd48293d7884a1f34ed6816d87c36e08bf
A75,supply_097,2497,-0.04189071978639747,False,False,53b41fa7425928a51998e3dfb5b6b14216825a4c1c6000ee2267b27b680d26f7,260a053e69605d677eca6252a08cb5bd9147edd9a09cfeb58f0b5e399555684b
A75,supply_097,2498,-0.028167864792590702,False,False,e85681691f6c2d0087759560ed96722e2040f6047914ce7ed1ce701923d82bc4,3af158fb984cd065b23366d98df35cc2a8813300355560f10905f3135e9f1d90
A75,supply_097,2499,0.002669132647796557,True,True,f31249b85c875dcd2440a89f9c6835e0b115316f2bc9a0aa27a27bb6b17f17dc,6c2821f26294f5e0a2c1db9046f2c158966382ad6bdc7113e7f40eaeaccebbe3
A75,supply_097,2500,0.010906489538688446,True,True,95502de513fdb4f10d57d2947af200c5af2f8814329bbe11d40ec60ec333c7c1,98d77d0312711b40466ea1eb32cd8f42e1c1301f2640d873f6b9d856932bf6ae
A75,supply_097,2501,-0.06731591342538229,False,False,0163c2e7e64c5d8507eaca2a58f511d3d459c64ee0410f0c753d860ec8f819ec,9336eea6941008ec0dfcf88bcb255bc734a55fcf17efe056ea6ac9203816c3bd
A75,supply_097,2502,-0.08002384654674399,False,False,65123ed397cb1a37dcd4471ed9bd89cd9625d6197c2eadc184758dbb68bb4173,481f279f910513a13cb718a5d1e8359cec4b0718caf0504913518814815f9f5c
A75,supply_097,2503,-0.003602098680838217,True,True,88f5ae29eec8ae5763bd360f726cbee3de3495a40bf713035e42da89490b8a63,0293cd21ba4039abbfd30116aa23e49d186a0b4290247419c9847ccf6cd1a08d
A75,supply_097,2504,0.04507952985583785,False,False,4f271b5df36b43fbdae99f08314751dd04fe0b328d0025abfc1571f60a4eaa1e,90c37bfbad3684abc81e50d633acd177709adaf41ed2b5f446a5292b81ddc774
A75,supply_097,2505,-0.04992705196192421,False,False,5620fc13d239ae7d8aa7696a32d1e2567246ab76fa30371e31bd53fda0696478,2172d188954f14564fcbb4536f197b96605559b17019aca041b233b172e07b37
A75,supply_097,2506,-0.16961829150053948,False,False,415141f15dec35a6ce7f4d5daeeb444258f6e71c63f850f249516cb5db87c553,2baab522c522ec3168d4a4a89c10c9440fe6b957bd7ca4a7cd084fb0a0b19b05
A75,supply_097,2507,-0.10836736205778658,False,False,1327ebff0343aba703e0507022ad3f8eb511c8659eb5c76020d7c43b5d6b0b20,4b159c2233458099a99ede32fca4c4145a8771e43b148cf6b655ac4bdf58102f
A75,supply_097,2508,0.06252579180648365,False,False,dd3da825889a789d13234d23237808837b3203e088906f66f4cb362600f9cb7d,020bab6884046fddfce0af3f0994b4e680336c2e82a962f24ee2927e14cfb640
A75,supply_097,2509,0.06900597450522816,False,False,955968b0e9fb57614e00abfc59aafacd32d7a5298a82da61ec87c44de3d73bde,af49d3dda0d9fa8dc25b30f6484eda60aa6c930d76c8e4315d930b256e77b8dc
A75,supply_097,2510,-0.1455838341958925,False,False,46862b2fd7750deaa1f9c3d307182e2b9e0eaadeaf31a559f99d1b5defb65970,b42c2dc7c533d85fa42dd1d2cf111b4157b41b734eb9c31e5e1a51f327100ec2
A75,supply_097,2511,-0.13037339231484052,False,False,92d379cf4542922c4483a304286d53c2760951c7acdd0854650fa8c59bd63461,0f0a917e8b32bc79b92dfbaf30d633e0bafcc7928b9e524b2d7a20fc47382f7a
A75,supply_097,2512,-0.04220692443670798,False,False,8f926c6fd6194acb2f99b3c6e23e5d407b97cbdb655aa487984989805690b64e,1fc7178ea145b6bc14905b25ad08641e1313118098b7a06301c3ada25e421f68
A75,supply_097,2513,0.048062805572181455,False,False,baff7921c8bf4e3af31e0e3864ca00b456e41aad0ebd203d9f6f116abbdc3c99,3743a00a216bdbb7ac05a805af0d830960e93a5f28c4c375cf2d40aa697effc9
A75,supply_097,2514,-0.053435301442270544,False,False,768421e2fae3ea94514245afb9074523a1357df81294e07199f7bcd48e4ca7d6,a61298c5dae1c557217a8ab3bb4b5ac0fc16aa8b9e769b6b218e634e0557b901
A75,supply_097,2515,-0.10748330172114134,False,False,727bbb565df76bb7cfea720402b8b0ef8a382d2b871f8dcd3356050d8aecc534,98e1abc4a35d97cb6620dd00fd35a1c97855218f3c3ae39df72f4d231241a567
A75,supply_097,2516,0.05033450610244594,False,False,03b9a4ea150824f74ec0bbbc075c4a683b11bc6c23a87d3a6089881a5a53fcd9,ec1449e28298076721e7a1a11bfc841ec45eb6c273c61a359395ab60dc3ceb37
A75,supply_097,2517,-0.1562545806772057,False,False,2b8109e6a699f4428b24b9d94d019948ed96e5043aeab50b45efe3abda160ca6,36f2e25bd775f65d6baab2bac82be34d3efb759afce13a1a7d1cb0186c125d3e
A75,supply_097,2518,-0.14120450876118407,False,False,5505db99fbd11009cf93bb9f570e7e96fca5f2ebb67da06f62999ddc17a71084,5dd31ed68db792e3325bef46d47bd17b094e611aec56529162f6c9e5dba2cf7b
A75,supply_097,2519,0.01345030992747731,True,True,a22bc7aa6cad4fdfaa2e3b94099a1f630e88a454430166da7fc7310d41ecb4e7,6aee19e39df42468d1d506c7492ad290a00c218da83a3f965f2ceafb9b1029b4
A75,supply_097,2520,-0.005814706484840837,True,True,30908b6cf65f2ae92da9f6424ddd9d0950e545ae0df3ca5346e77f7d693a7495,9826eac02f668cd3a7ad9b107c591a5a484771623ca09d44a9fcfaf0a8d3f175
R75,nominal,2000,-0.0029843735055196108,True,True,4d02cdc9f5a32b0359d8294e38f4c8c2719111e32735fb0e13c0bc4280f94090,c744a65b92698852e2d241a85972bff2b8ccc96cf099217f904abd3243f7efc2
R75,nominal,2001,-0.012651538342394186,True,True,a9dd0d4366966586460d35fd4d43a1f4a5b8c5f3ce550ce012ee1166b57f9fcd,6db050636b645a48b8d49aa16365f215ffbe9f8cc31c09828b6d317c02383724
R75,nominal,2002,0.006578994475101907,True,True,57a67ad2a801d5cf566283ca765fd461fbb7524da64070279dd914facbc2a51e,91ab56e92ed5d726dddcf978d7cb58390d96fd27b02ba9677ca3671ee6977207
R75,nominal,2003,0.00037475186546742645,True,True,a8c34c944d4a641fc9ca1b71a744c80c30533bbcdd7d3936d46001e911d8dfef,af04b37d0b3b592ed81069a71d3550cf7a0c03d56f7e068af195d74c1e75e74a
R75,nominal,2004,-0.0023256410854353704,True,True,8d01b9b37c1f43a676628bafebc3565de9c7fe5c20d81f14594337a059223799,9c08a69826f5953d79fac93b4df5f9bb3c9740fa0c629305b3084ec29bd63956
R75,nominal,2005,-0.007967761080391933,True,True,c791a78524125820635c5ae3d868fbff103a4532254f69ce90d2b743226f3b68,07cc915b4938b446e9917ccd7e920c7af73b7f31a44acb48196c05db7ff82406
R75,nominal,2006,-0.0008218301787059068,True,True,b39afec81dfbba73c90f2f1d3c0b6522b9ee1ffa720bf92eaf34837a9151c29e,6ada97484063d96a4362b76da663b5a8b18d703d4165bb1fb07bdb02fd1ac785
R75,nominal,2007,-0.009321503986403856,True,True,bdedfbc95ac84727654db7dd053d73fa462095a542e397862c83204eb80bae1f,b225849ec9b586531e435536e9e2a8b8b7e966de43b29d5a7b22c298ca447299
R75,nominal,2008,-0.004987060547322397,True,True,af3cade75807ce9205f995984ddcc35881045d605723f7913724c2b27c8d159c,8a2a075e1cc4bd6aa9ef233314f5bf033d94fd5152f89e994c7ee91d43dedb07
R75,nominal,2009,-0.006898009033634689,True,True,ff9b54a1fc90b0cdf42700f0d325693a4e3279bf7e9f5b53b1d2ec4ebdb8d55f,d54b4e4b2e7706797a225a5d47c50e90036eea93c6b6b63e10436ba25b6a503e
R75,nominal,2010,-0.002695057374456966,True,True,a982ba7d28d717ffe96a851909cf02e9ace1e7e38e7c5583b07f578097c2472b,58155ec60d2c2fd112586951b82dd1288ebf40cba487163615bc183534535d53
R75,nominal,2011,0.01192944816370678,True,True,af09f395b3afbb83217cc2022b26a2209c90edd32e4f590314fe65da91eaf744,626f2c5cd18c05f0a455e7ff59d6802711d4ee191024cf3afebc9d55650728a7
R75,nominal,2012,-0.020632860906071637,True,True,a7b3ffa004d2ff8d552e45f7c137e97c65f8381db4aa43d7a874c79fa4d6622a,390464953de3e041c90d81948adae95be7f2dffbfedaa3ae7846496cbded9817
R75,nominal,2013,-0.0023142553443618596,True,True,32672c99ff902bc55a8c385f593223b8c0dc8c5f965e733e331aee67a58bde32,679b30f56fc2458f1653ac707d8907291c823b9379df4689e037832c02200453
R75,nominal,2014,0.004538093733467141,True,True,8c43487d631a2b5907be5ce957965623b9583001d57bfd7a9a5e278ff36b55f2,06337b4ca9996da48b5a446a8784fec08b91d10364d885839e5a0f514c92cd9f
R75,nominal,2015,-0.011517629949911345,True,True,9918bdb6a385b44905ab8ec914f8242e11a986706d6e04f2230f560d35d175e4,4efa91e9202b5bf9d2875d2925590e2d056691e2efaec316b80c085f4588845e
R75,nominal,2016,0.01644990146883496,True,True,1e9b51223adfa36ca353bb91d663d2cb190157e59da0d6b170590bc0730b841d,ebd0f9eb2077bca597f05dc54e45089e09167ddb0a32b4995c33ac3a53cd910d
R75,nominal,2017,-0.016924549378596887,True,True,bdb69ad2f35d976a88da105242d8dc4d37b2ffc075156bd6f1660d3aed63d763,b14c70137fd6ac6ef339c719ff765be736b4d6abfde6c0b6974beb5bd8540005
R75,nominal,2018,0.011334751523173647,True,True,a275ffe4b910cdaebc36f8914c186aba358390080a6e34b1b700862a6d0c7c70,9fac252e5501dc84a96930fd95330b9271d573b40296843fac56870be42501f2
R75,nominal,2019,-0.002045349425376708,True,True,175a6b28652c4fce55affca112b5955f003aa34d2d8e87763f779221ae1f695b,6b74088242944fb473db72a1e9046b5010f97a242f4e2896a9445a1c8abbf365
R75,nominal,2020,-0.008003123717946758,True,True,925a85f8d7bc811490d92c6bf3ec00748258257bac86440c606fed15d4f6a217,ade28aa31ae767c4c3e86436e0de7d3e8890261569d44a9ca6174d208a3c67a5
R75,nominal,2021,0.008822576419736494,True,True,fa2de0704b26a93f3ae6c60c6158e738ce4ef276b42fcd148e81a477b8d9f5a9,fb8b7aa72dc9221be96f18ea7c1786d20786b3b59c84a36f5c0a26bfa5601e92
R75,nominal,2022,0.0009671535272448573,True,True,7fa78c95ec79c9348bccfe6dc4d1f0d4403ae68982c4c4394d57ab10103b6235,fdfd078a6119437d558df736421bb4b17a4ed7c98e86dd7fdd0c124ca082f724
R75,nominal,2023,0.016901658325208735,True,True,38dcce27442c19be27b9d4f743b92e871a0d3703f248a12462616a6e1e5cf138,07d49b9f9a5c6a18dfb34061f0bb3623b888a9aa03531ec3f1f8ae5ad50aaf09
R75,nominal,2024,0.001971328142444051,True,True,ac4b9b5681fd3a0f306c541eb0345685746e3fc142e1505bb8b526a4cdba75f8,a5499d468903ad409aef30c05c1e9e38fac371d234ca42b45a52947ad4a05747
R75,nominal,2025,0.013993322877406955,True,True,0247e7660e2f6c6872f762add92d77c2f4c2e0658284c0e1221c02dc4f9d1f7b,5b5b89af4f4a48bddc8785a449c0157b6433f5d2a549e0e653d014ec4da995d6
R75,nominal,2026,-0.0015438340133221984,True,True,fc980117634db2e080d5871ef10b5bff3c751930eeaf16c63cfec0c33264a76a,e404f1d0b1fa28f47e212eedf02143938ff61ea4d79d8705c46a5335e60b1b87
R75,nominal,2027,0.01879683096838025,True,True,abd87bc287b534c8d03d2096ed154a1851a820d2c86bebe8b0fab48b6b2028fc,bcb290bc0248c76ff92b67668385e18c53b2ef2bcc0cc0f086cb592247534b6c
R75,nominal,2028,-0.003805122448415077,True,True,9a9c215d9700e4125e500b2c17b5226b4d3408120f949253c0b2bbff6491a751,ec2914de81d132c318a11281967b1c769ab2485016cc5a23efd9ea4520788c6c
R75,nominal,2029,0.0007236225511053629,True,True,e880b458890d176f4d6ab4d09d8f66f6e934e9665cee8e1dd4d0ccb6f9c51c6f,3aa6429cf9a068fddb5886115388dfbbafb6928edfde0d0f2eeee38d87db7662
R75,nominal,2030,0.00504738780948244,True,True,46bc590641186ebe2de181648b0a304597665762b7681fcf50e4dbf4242c63a3,d2887524f2f99486cd7d75b89124c0fa2ff12f3c7d6eab1342cec95224380afc
R75,nominal,2031,0.016956778894545055,True,True,115958a9c3df372aab407fb17f793fe804607a39008d72ad76c1c9a9389dd6a5,0b076d4d9fbbf106e3b5c211d5aa50e13b540cfe60eca690086d2779be64fe3a
R75,nominal,2032,0.002102788472521988,True,True,54068b545345afca89242983d3f86c918283c7548048d62dceb9ae7581ab665f,f2fe1a002ea1c27764f06583300bbc2cf801b191315110fbc7ffbea9ccf66e9c
R75,nominal,2033,0.004325859275980837,True,True,22a84f512a5f017c3adddf76c72316972de9d534573edb011b328db88ca398eb,6164c10cf7e2f2f2813800405fd0b3a2f16fc57efaa4d51a478647370740c8b1
R75,nominal,2034,-0.0071263612789362885,True,True,2c333bcbc03e9c790200cf0dc8ed97698ca6b661688e6c1b652fd064bda65041,9da2784ff09ff68b90cd725aeb61728a381c8f2cbb112916cd419df1dfd9b9c3
R75,nominal,2035,-0.007248902187889761,True,True,8893482ed764342bd033846d67fb6155a1ff6498862ad34bd34c6db37626d824,d95005adbe8a35b80c2e3242d7945b00be6e1372387b688971e2a3c34f4086aa
R75,nominal,2036,-9.602201049696557e-05,True,True,2acbb28928526bfd097e3b3eee7b72c518fbe704f91ddfa459500e10d807f789,734085b9f01648cf8724f979750658849c70c5c75a56ab5d4eeec5898da14b33
R75,nominal,2037,0.008412798517895226,True,True,9d69db590b0bbc62bae158912c05527d6a4d99ab4361c4791c8cb193df5f5612,bae9260b3c4bf313bd70807d8db86af0bff96c1101c3027d743c5cf1ecbcfaa9
R75,nominal,2038,-0.008014397009148078,True,True,972e4cf0bc2921f29b257ed52a0dd79d1c264c2aaabd082feec972188d16850f,c613d883e2e23e3948b7dddd303dcec06b646907439c0f5338334aaa9d25770f
R75,nominal,2039,0.008112131214551566,True,True,e77a59e3a1b014555951dc3f22fbf7757783ba0a02483d279ab132fc0b072f8e,40fc07992a6bca6dc502ff95640ee9b5760a4dc5313e62724773e4b8012a83b1
R75,nominal,2040,-0.002257788261212368,True,True,418eaf792d41fd596c3c7a6b7c72fe548c32a119900f4972e9e5c0ecd80df6c8,7957a591c11336673c0a55cb955c63e0786cecb601ab04650ef07ee05f882de6
R75,nominal,2041,-0.008918956427222846,True,True,ca3563c3e3582ac108b2fa5f8561c0d14d53d1e7b6812e5aa43226213ff409ba,9cafd66f04ecb5a0d0cdaabb3ca72c98b7d453424fb15cb0d7edb37f24d402df
R75,nominal,2042,-0.004425932753177819,True,True,1d0c34b895cb1ffeae95b28509402e4a733d15b2c5e3d91f8e16f982af3506ea,5df0511d054f02b9dc418e7206ee653d3964bf906f351df07bc9ab0c43f1e7c1
R75,nominal,2043,-0.005728823704480024,True,True,821a32317da7e37d2966a20f6f0ea519800b1c68e70b71fbd014dd67ea801902,0ae5e8b1e34e97bb4b9c1658ea3776b73b3ae9cb66317a1a69ca22dd4fb9e8fe
R75,nominal,2044,-0.0016882592055790235,True,True,b4a8e579f638a8f7820d496574f3f64add4e2e569dc0c3b96fdb11f9c8648a1a,33c2a7abdd9f119cf2ddb93eaadaa1e8b32bc71a681b8c4159221bbb18c28b58
R75,nominal,2045,-0.0009108698675009963,True,True,920bb2b7115b707b8095ab5d4536cd77a92729b33031049aae64c3ecd1f3e0ad,386799063d4ecf067359b0c81f75547a5a745ae3632d26e93896708476430618
R75,nominal,2046,0.002575068045653661,True,True,c19d009cd1035c6c5b1f0882a8efe6c819122ff481ea4232224a1dac18dd11c2,3fdd7859f735a45167f347881ec84923619d714f0d9d2b9951121bea9b01dedd
R75,nominal,2047,0.00956472900281402,True,True,348d8460bf092e5d2761f9bc0a008d74cc2de3e854ca5296f0df88e8299c1541,063b513f8a8ba42cd851d447fc9172fd84d0e6ff278fdb6e3640fcf0fe7c2f70
R75,nominal,2048,0.00857914771162882,True,True,f351b4a9625e5dc342f89016eb18e8113d21bdcdec69da5ba0faa2a0665e616f,e2745f77af013ad318ea7fd6c604ccb95ae677f37efcfc23b46143dc9f5d1cd8
R75,nominal,2049,-0.005300475132862581,True,True,98ca426effd395d510f36b358e673abc66ff775918a996357182273df3368d7a,e273ca383480314d68261e62bd8c85d896cf6a014018c9dbb730114f2eaa951f
R75,nominal,2050,-0.011114538137194208,True,True,6e535f5a35b7e5045e5361347e5b1cd4e3dbb0ed681eb495576a5c7d6d88b844,8d5ddbd866118ba2874a8d8e2a95cd1d68543a7f14ba6f5320615102ec67c267
R75,nominal,2051,0.005683135797103667,True,True,4e0ccc97523e717c84a72e6866615e1c793b0af6957ee294640cf6e6ba7eec1f,309a1c826703131f3449432e076e3f9d4afd76cc68b0413c6949f257b5a43d67
R75,nominal,2052,-0.0070353858975106265,True,True,e972ae8f8b063e3339811922cb010723bd9fd8c4456b32897965672f3abe5c19,4de07f59f373e3f3f387c74452e4774bd788eb30c41b4957cf4a18dd95e9879e
R75,nominal,2053,-0.006122558749284468,True,True,6ba1fdbb1494232f0160698b1c2fee8a7d6221c48bcb6a68d57e969d956b6318,a77faf7738a317c10df7cd8aad6614bc92f532c0d19409667759895dc6192440
R75,nominal,2054,0.0039955286171835525,True,True,8020accbc7ecec1bd34cf1827c8415a7217ca283b6726e4dfa60ca34e4c156f4,354a32e040ffac00f0efd2312c1cbc2a58b3513187be1a7576ce63d1092c9482
R75,nominal,2055,0.0026458646634864857,True,True,84c44138772d5c59c64d0028898f50cfc3416e6c50dce00fc46e164083645f5b,54f491e1fd13c70e1e6627fca5b8e74ac28d4d023ba4326ba4ce4a1672b91cbc
R75,nominal,2056,0.0053540245417801335,True,True,25eaba2e3d337d3a8c20ce0dd8574afac0d998d93a113c0a573a01f3a453570e,3273a56e8ea7db814264978a2f89bafdc87dcda2d0146c9b27d19253bc61d3ce
R75,nominal,2057,-0.005355692721397243,True,True,b3add9ba333322423764207fbc0654c713f6901bb08505e4caa37c65e8ab498c,c62bd0c24f966b487ca5097c34fa5aa55c60fbe7c50a76885d9cf553643f5052
R75,nominal,2058,-0.009876363232988683,True,True,3a838e0b49142b7f7eb7499e09112f7b5ba5a0e0da53720372dc7f7d77bac179,5360ce4fba394a267d65e377a47c22c25334cd0850713cd65cb5aef96bdb4edb
R75,nominal,2059,-0.003573557480317624,True,True,19be95c30dc16e7598e3dcbbda32eb05aadf41ae0e3b4ee481e7bab5cc10c1e9,1c0c8dcb70dfc4f7f4d7307cac4f28ce0d4cd997277db81b4fd50b0b47471970
R75,nominal,2060,-0.005639615772945528,True,True,154be3fa8986214a30458c6ce868a3bb8fc38b2aa83a54fa4b8871bb53c1b504,6bed0f5037da4d431d1bce9d912f0179ceb0a656ea2dc7938808e86683f76234
R75,nominal,2061,-0.005094020002406774,True,True,cb035b5126ba7291756f152dfd0cb1f7625681c53a6b59bea3dd977de80eb099,952455e145bba0550de1a957c153e09a43a860650a33c4d04f1c205cd0f7607c
R75,nominal,2062,-0.0005758917656216167,True,True,7cde59e91f790fecc29e17e6d7cefb7460d43f507cf59038e43c4a615a6c0742,093d9ab1144c3353b4e45fb8a779078cff835ea43a866179a0f900bed2e5102b
R75,nominal,2063,-0.000689639726440705,True,True,21040461771a50f5ca3c6902667dc032d207c0b95c8be094816733d2d60c084a,b52660f8bef5d1527eadd4cb6d94232a5aea1eca74b625a9e13f1a1babfff38a
R75,nominal,2064,0.013441125234464502,True,True,8f083b2e19f1093e2c8f860620544783271ddbf021f3e1bf16186c6b6ac60c6c,c38bee13e3762a2b301fe9f0693c5d337b81f462da0802396de66558e97c72b1
R75,nominal,2065,0.009598268508831498,True,True,79a0c21bf5bf4430679e36055311fad9703b1324286ed5f516e4414f29bf54c9,0613bc4edc9e288b4c1685524c123e45533000512fdd71a29af04fdf23c099d4
R75,nominal,2066,-0.01773662961577105,True,True,d50dd43ebfe69d81e569556ed68d82621be2438449014bbfc2f12d45bd941a59,58f53964b2c8d377a778d09b06b49ec3cbe5a2400f8ab733173aaf2e1689031b
R75,nominal,2067,-0.006329965400233284,True,True,bfde518eddc5b486513dd4621490f77eb7b162ae4e551f3d5508d3f726a7662b,788d52b736023544f1ff0270db102a39c4408ba55f3ca936cd63c664aa24099e
R75,nominal,2068,-0.007693255510529906,True,True,be9dc85917c576d2aae1e48d7c35c5af26ab00a8b5bc03f92ebf9f274295d531,95c88e72253c1ba3902423931f6c0dad96e91382b67e0895b8b12d5e7224c9b0
R75,nominal,2069,-0.013844235376686553,True,True,99c366cd0177031a5f342b0a31ea0f6bf809e21a9a6cc9d8475c3ea9fcd12a8a,361c1dc094edbe6baacb1321091ed2b3317fafb6679fdfa1e749e99e75cdd7d2
R75,nominal,2070,-0.007380253350862009,True,True,c9b1e1741ee0c79da4dac16c7b5add5e24046eac117fc89fde515527a129fb12,beb8dc47469556b2051fa84173ecfd49078b03a1ee413f1b973058fdcb4685a1
R75,nominal,2071,-0.007312650768204809,True,True,02f8770b92d8ec08920461cac1ac377dbc2ae1ea29637e12ca875aaa09637106,6d17d529e6a666315c44851916f63c808613e2ebdf383687d12717f77e664ce9
R75,nominal,2072,-0.020503517271751426,True,True,6f2d644e4c49981d5a6d9cc9fbac7da2aa3fe1bc6d7aa4a68fafbd662cf421f3,4ccea6c078e8f0b2beb2068b9220a72069af2ce16ea76fa79879c6d23adb2279
R75,nominal,2073,0.0038110047637277544,True,True,baf165e4a5cf494a381e71cf933f5e3fac64465f656c8d531440b0376216d71a,2daea73386ecda7becdb5c9df0111c8e6f6dcc20660b2d2c3be6e5d25779b66e
R75,nominal,2074,0.007544170103194081,True,True,f1eb841afd4bf82388400fb16e80210de4387aeafeed775d47577f14db412868,7c8899825d1725a1b21f2a72ef1175938b955eb360f12d92e531ef9831983424
R75,nominal,2075,0.00142486868176106,True,True,cccf81558f0a112c4bfe1869488796040624eecddcea8edb0a3387c35ca4fc07,544a1e5461fde9bef40d6c79ea8637fa7a497e122b0622baf911f0b4e44257eb
R75,nominal,2076,-0.003454725888942467,True,True,dd462e2b2846bf857ec2503b23432f072c7d208d6ca12392ad258a7c70769bb8,e0e98eb6441d000102be6f87d678f425f85d15b6446fdaaaf81d5edfb3e22b95
R75,nominal,2077,-0.001017835336447559,True,True,881aed4d8a3a008256dc44a7e6a5e5a528e0ebfb30c12186e08295b7782abbd6,f7f05344881a1f5729552ac9c65172d79551dabe4891521711a29bedab253aa1
R75,nominal,2078,0.013480383053565359,True,True,863d4a1732739027a56f6a7168e164b384c137ad9a0e26e9b58fd4cffb414003,942192fde41ca569ab9f4de1fec2e16bbd909b87737b512db318600e7e7e9b34
R75,nominal,2079,0.007393926560297359,True,True,13c2f478b2eb8f15870ab8a3d1080b6775c346fea72b7035181ffc5c0ea887f2,e5dca534d9b2953bffd0ccc90ae201577b00b7417dfcfa46cdb1ae0fda42b6ba
R75,nominal,2080,0.011067486789538061,True,True,7072d2baf856e69ad3c16db94b7d68d31aeb7db88f3265de8f51bf4b36f14068,9a2a40448399c9e43d0c14f365b9f65e451f9a7f57dac08a52f1f50dc83ea9ff
R75,nominal,2081,0.009714997019977134,True,True,5c491bbdbcf902f44ab267bc980e61b02c609fe304bd07932a92d45ab57e25a0,f527f9c760cfbc7ab8625289c56e800c0ca98fe6f9214589ac1cf629e3a75c40
R75,nominal,2082,0.01689354265224252,True,True,7b56595ce532c261dba638205c80a2acb788bbc10fcc8e1a1f8ddd982f16f460,317da1cadc5b36a2ada7c3285f4e1776df691ad987c93a577e1ae305e7ae3a5c
R75,nominal,2083,-0.004894740261249864,True,True,f0b32523c946f534b959b7401289bc2c18dc9f8ff280a8e2c2460d7453c191b2,7a2b8e77bbbc7c24cd44062373f740c03509ce19e7f554476a89f5ed33271f5e
R75,nominal,2084,0.011554721187760908,True,True,7f69c50203954874b6284263b6b8ee4c75cf1f296fdab969f1957a7284b667eb,473ce3547fde8f73962eadbb487208f18a56f870aec7a705e2e9d39fc2301c0e
R75,nominal,2085,-0.007255742165191981,True,True,ac6731272be59cbbf73e2911917869eccdfa23c54906b1e8ae2e4a6fb12494a4,0bb905cc3e55cfc109c0f483a592096a05b5fc3159199401a9ffb0419f15c266
R75,nominal,2086,0.0031302035066057554,True,True,6fef9d34380f7a7d5740e52d8d737dd512db4665148bd292175ac40c9bf3147b,b90a5b8f2df69e60dd0b5f59b6c7f596861602c272aed70e5ead9901af494358
R75,nominal,2087,0.006090134929377045,True,True,3908709b257ce9f7c2cbe2d82ff24dafeb3111cfb0e8157b525cc1667b6863c4,124102bcbbbaec915d75cb665685f7c8242348f753ac293682aeea400955fad6
R75,nominal,2088,0.0016837032136655106,True,True,f381e9b793a1529d4ac624077a740fcb2c332723586cb1f91043336691aaf108,89e37c9455810a6f1e087fafc9a3b56820c0cd4fc2382dd8aa7f6cc10d09bd51
R75,nominal,2089,-0.0021637295880034824,True,True,208bf6ac196cf332e455fb04824e73c744f06a32c27ab4e7e087139dd3037052,f55742960354d6ede7583a84952ded048d9e99d43a69f9e461bb30af9096cdb0
R75,nominal,2090,-0.010640683850359822,True,True,952d9e0adedf8f8b038e1ee84074918c490a23e9f4eb803d52faf7cb719d2e74,0a37fd2eb6c8e7315d15a9e2947ba88e85884107542d7f10b89990886094c391
R75,nominal,2091,0.0010507297371147306,True,True,40760463ef5e1d5140dd6b607519dd172c5f4e16834677414fb32fe1d20f2409,38664b36b30a6ff906066a0777ede8ce138bc2733ca6ecb4ca2f5aeb55d826fc
R75,nominal,2092,-0.0026593895684896562,True,True,90707c4ceb24d05c3a52e73df5cc03a7d95a0eb05550d8fc7a483fe128d88ecf,d4e6d0dccae8c7bbd312e47af0445a4814f3f50ae595bd1bdc1c91097e5c8b9b
R75,nominal,2093,0.0025004361979875656,True,True,2359ddf4e13cdc6472703bbbda1ecef1727ce43ca02128720ec9a766fed71b63,029f643d4f9b436ed0ea666190f84aa7684c92f51a98c800195ff8784425ef31
R75,nominal,2094,-0.011386593113498322,True,True,973466557a376fb8586111fbd512f784a5a5cc3511c69af5475cbaf65fa3c9ec,f590187569bb574f9e5ec633427abb78d62b164bffc0b5b0e9582b86a03ec259
R75,nominal,2095,-0.010956199673231914,True,True,a6c8d2f6e0bb4bcb66a8489d69a9395efa3566be84dac581b43765ecbf773fc9,2281530b028f18cdd2fbaec0d0d5c608511dcd28de105b30b34cccf98f129916
R75,nominal,2096,-0.0030332322858483973,True,True,5a6564dd76593414c390a89975bdb3d57e39ef1a16b055c1446067ba4231c4d4,9bccc72194991aad694fa37f91bc46681861ff26fb6972e694d8f541d6be3a4c
R75,nominal,2097,-0.003702146018466468,True,True,225704dd26c93c7f1537600b5b41626362977ca46a0329f93431736a759ff605,16ce302bb4ff21cc990065b2e93621cbe5a051c498fbad2bef4acd6e20d77d2b
R75,nominal,2098,-0.012811171565059953,True,True,33ba016829008a2968b6d656680ef6ca880034de9dadfc887a3bf315e78d602f,64c911ba313b5e1e587665a10d6c1ba49e2d800f6698ce9ee69be81716254f2a
R75,nominal,2099,0.0009791084784745996,True,True,7cfd9477ec749f31a79e77911eb229b200c4864ae9d9a8fdd47a6cbcbf2134d2,8b09f539998b40a94a0f7a5f25d6d5c9178c12df26c629e5e238ad27223992db
R75,nominal,2100,-0.003734847390374274,True,True,d88e7609b12f9e855a00ab9d55cda9cbd6afdac4d328c6173cc5d181e443c822,bb3912d67534ca5ef21c9234006b9c98cd96d1090bcaa94005cf8b664e4b5272
R75,nominal,2101,-0.00590962424200675,True,True,c13373389b057f9612f60998e70a01538cc2a46c36fa88b6cb2a6f2e5f4cfd10,699234f864a094442dca94621a32218ce084e4ddd88182472cf29a4079097b3c
R75,nominal,2102,0.005909696791944086,True,True,f5ba0ceebb99fd96f1c74e50ea2bbcbd412446c6a55d98733171977e672d7a8a,1bb0968a2bc4cba6f80421efa5d29bead62c0e5dd6cb7f994bf4a701e99b3868
R75,nominal,2103,0.003787133444841606,True,True,95d2a3de66205cd5aaa0393efbe2dcff10e5a59d3c926f0e890e6162ffa9b83a,796bfbb1861c4761cad715b68c89f24b72a5cc67ab9c65080c018370764fb5ec
R75,nominal,2104,-0.0029147057061623682,True,True,259140cf683f57476c1712c0cc1801bcdec5357e34eacda2212ab0841367bbfe,1eefa44044b12998db372421a93fcd1db4bb8274a5bc4d86407046b899e7a82c
R75,nominal,2105,-0.006574172479082374,True,True,8ba62d97900b522d2e72223ca664a7e67ed1889c1cc7b45c392480a79d8339e6,d5e9467e21caec59a965a9e862feba2669a451b2eb622441600644b63574b538
R75,nominal,2106,0.009307208617528318,True,True,2ffab7fe66f4d61287bc2c408a28498ce7a7db8a060c753581fb9be8b043fecd,05b080d288d055f7eec5db55dd2c244075a250b3eeb93d615c32f994c61b115e
R75,nominal,2107,0.002183416923687065,True,True,884c597177c21fdd8f638a871b380c9bf7b41c101a8ff15c84e59fe918b38f51,6040d8405b0311428cd09ec7beb937544e758adde8d4b924f515830da1fe0154
R75,nominal,2108,0.005231453144191045,True,True,98224ef3223aa2bbfa12aeb8fbae2f23fa348159d554cd48783dec56c7336c0b,d1b7d46f548b5f42a347b8607157cd184d2c8f8565052c7bab21965dfa4c13f4
R75,nominal,2109,-0.004289251241289316,True,True,3ca6735ca61859f2b6be31b4b619c50d5fde7013eef3cbc07f42106f18554d39,f25cf8f3af2210b944131f7a8aeb764eafd0c9d2e69c6128f5691d4231b64a58
R75,nominal,2110,0.007474625724139483,True,True,f27b09ace114a0f89e3739b737cf1c66184a24315d032d6d60fce434d888b48a,e1f5b24c7d143040551c42c9b4c43320826061f070112a2f067253aa1952968f
R75,nominal,2111,-0.0011361007388366873,True,True,8ee9fb3ef1b5135db232237c77744efd52246386f407f8c0db66b2d4717fbe7d,0f8c2990885ee4cca5cf285e0e8d13baa9ee7e13622e114b5d21bffd4d71cbc1
R75,nominal,2112,0.0018496184438634433,True,True,1ae666ad8c2701c908f21090b2b7cf4d6682add2df695228fbe7a7ae0b4c4f3b,947c58703988d35e66e0327c22f9e193676431fecd0e9d57995961fc0aafc5ee
R75,nominal,2113,0.009793640004395088,True,True,fe271e7964662a9e72302a88d59a8a37acf1701b60217d8e406584bd100fe200,903d5b7236988948608846800b1492c70f887db782c5b1413696d1e9adbdd5af
R75,nominal,2114,-0.0017828781071163036,True,True,898a9589a9af40c0339f8dad82f49aff44d385b4fa5de8fc2fdbad653ef65318,cbbcc2b682a8a18f39dd67e5f7068594efe86c0d52bca3eeaec98c74d1fd6a3c
R75,nominal,2115,-0.0005094568910132824,True,True,8e68c00f32851b94eb00b3927fe6f67af9023ef825e29bb08c593b06378f22f5,75797e8165fb1fc5135f97e6780b249ced52ea181c9bb4608b293a61919748c0
R75,nominal,2116,-0.007040201420815739,True,True,a4b138d41c16c46231899c5f04795c235928ca6b3929bdbcd42d5123b37f8afa,42b24dd9c18920379df132208fdf299167b07444a3f41f235aff0fa631fbf799
R75,nominal,2117,0.013229598693860756,True,True,0554cdaf99dc84cee4906993e5b0709197fadb0936827343106e9d9e33556b32,6d6e5229999280b9c324b1364aa8e447ab6f301649cb821582bd9b9b22ebe7c3
R75,nominal,2118,0.006523839344376947,True,True,ce38fc919f5f95b62f22a93bc661e0c256cb21787f8182c2c66e8a485cd15d95,2acaa155e3b11116ac4f99cd483313c46ce2c68903c0f6868854008e151c0715
R75,nominal,2119,-0.006044450935203449,True,True,c94c0900b97aad7e3365a6bb465d43a0be81b7b63473be659cf04acd54716266,247669a45f17c2f8b096a34cce95f5003c334d5a45b45c04125721b6386327d7
R75,nominal,2120,-0.006299404551511678,True,True,050f5c8cf265283509a6605e32251110d3bf1c41a0b17a143d2ee7aac542f195,5bce152ffb6a580d94d84751b1ffeb05004faa3f5ab65745e545c4e342a99558
R75,nominal,2121,0.015216840147347033,True,True,a9632f8d0ca5f271a4ebfb5f812fd11c82b5d98bf3d8fea7a7d2ae3b6492e23d,d64098d172c7290a66b8a40a28726ae83f78399b5063bd6ae18717530678dc9d
R75,nominal,2122,0.01078191444331622,True,True,0718f70660bfb334e19bfe225f780311cb6e5291339fff624b0131f2ed586d0f,d51de67f7c138a6f760bdc7695f0b2274060db9c0c6eb64fb5c77fe352f561ed
R75,nominal,2123,-0.009416594235176101,True,True,aacbd93892b8633deb3fac5bb7676f7e5b194ff437ee5bb24a8acb4fe03ecfd2,25abc2040ee1b6ad77dd0c1c04c1a19808aa6fedcb2c2fdf6e0a3c7617ac7a37
R75,nominal,2124,-0.0064773839031900815,True,True,e7df838ddf5581107ac91c0619d411e43420a40f3877425f48dde7e6a318662c,181573b5ddc8fc9d1527dd50cab2bcfb9393f9f9fa3f34ffde2364c0bc44c3ed
R75,nominal,2125,-0.016017522412569152,True,True,9a1c10cde1b2c9a17d130de0509fb020df87b249f3c6e50d821cf1846b8cb6e8,fe35bb57a1123e97ce7e34e6d8b1899764021afe539f651c8efb1a8976529837
R75,nominal,2126,-0.001854214840260493,True,True,404cc8bd91bc29052a033b6d187fdcd6baa551fd39478e4e8dbffca58a156c6f,d11c1bf79d52b5210f71c4d9b730eae5a3e7e36f493886020a16aa80dbf68d8d
R75,nominal,2127,0.005608504807683268,True,True,59fd45fface9fe36e0ff70b2479b55bc23f0b965ceb946b1ecb90a541d807abb,32e7d6ffd1523f0d80c42712e6a815374c0ea7a49166a19675d7ae886b7a2ed8
R75,nominal,2128,-0.004208310978104979,True,True,dc92b6e07a17f19ade1f2e5676820dc3294076e027450bb7c8392f3087b27954,fb7fc316b545f0c097534e23291b2d7a5d3037726e864c762e2484b5a5d6c603
R75,nominal,2129,0.011168870558168953,True,True,8bfc4ea65653eb0f22eb8908476b9d996f46aa8afd7ccdc32d836ea4aa64763d,cf3d5c1670a56f7f7235c775bd5904bd8a12a4be81486305be7104627364e8c2
R75,nominal,2130,-0.01353279216038017,True,True,cfb769dc3000a15535c6b4adf8ea95b39fbfe30f5e7eeebfc8d7546bb6a8920e,a022572d06e40e28447217cf9d314b0f56aac1ece6a31bbf2e0b0b1cf6d465a2
R75,nominal,2131,0.01293862247383537,True,True,2dd14e9092dfaf9f4c9d2947a561ca140fa930ebe85638990f9e2d78f4f9392c,14dcb32dc370b163f803f3fddc6759ee46737e5f0ff86609038408e170ebe63b
R75,nominal,2132,-0.010032840658709352,True,True,c5221e17ca7b4f46d71bf864434dfee12d4bf4de5da86095a0ec5745be7200ca,f43d0c5f4260c9119f32ba76cb8de07904208cfb1ea19fcac186118f39f55a44
R75,nominal,2133,-0.00610655039020902,True,True,ba0b0b0f49d63d907dfb17852fa25c3a6df8665f0f3b1cf672bc8f103c9cbfbe,f5d8df90b88806e5ae9fb05fedfff9f0ad1a7f834d0e1ff948a03d79f51c9b3f
R75,nominal,2134,0.0037223507635613107,True,True,eebea95d159db8ca28d6a139a853f54eade990634e8cbb5c22a896ca2fd7b1a3,66ec950e00f96cec293bd9379bed24afe4bf5f1b17233027823ad48340364709
R75,nominal,2135,0.01462694841819423,True,True,386b047c23cb34cb6dfe807ad97c7d97e60bb4f95da6546cc71dcf1b8349dbd3,19a4b53d4fc612cbf341163bddc9b8b21102a100cafbf56f3a20784bbf3d5f36
R75,nominal,2136,0.009896106539790894,True,True,d59d91e8d4746a22d3ce2a833e9f900d74f286a108183a6d903af2435311543c,e4103d60e4a45463d3d3c029fafa39540625eb19fef3efebbc9e652e56af2505
R75,nominal,2137,-0.014478844026017734,True,True,f71eb21f4592b7f4e67533b4afd294b7dc07b155bdd2eb044dce2334a2210656,83a620050418c6857f6868374a6b8edeba8e8f2a247ab6a95be38617f12357e8
R75,nominal,2138,0.012700645359900675,True,True,f519748671ed9337db2db86c6e35c190f2bc5a7afc2faeeb7d09bb399ccf41d6,b2ec4d6196e88816ac51935278f14619f187300806270abb8684432e9d636bce
R75,nominal,2139,-0.0030667269233798367,True,True,230a000e63cf6c7217ad38fd3ef0d74d015e08c1d8a9d65837b1506f0f8b1b8d,f4e6eaa60f71668299850a9263503654499ba75bdb3e9248542ee4b5ec10056c
R75,nominal,2140,-0.005826267216746561,True,True,d886915031aefa5518f931774ffdf0920d9d6968657dd306ed9a1cfcd675cdd2,4598e9064ba4194b8dbae7611ede4cb87768e39caf54608e75503cf68a1e515f
R75,nominal,2141,0.008268760856114388,True,True,6b2c2793188109b13bc9937a527ae6ca6ef7fa1b0e7f374358fbef73277bfa4f,dff83cb77caa2371eb3ce9c0f07d290df38c7dfe717729e7cba766a92cff147f
R75,nominal,2142,0.0065061631068867865,True,True,ba27b8fd1cf253beb0209bf6273c5dd5eef6c54536d7c9cb6b80d3374f6e1895,bf27ab1bd95059545bfb3c20571df16ac6d29d28e8924847c3c2f0a2a7d73c04
R75,nominal,2143,0.003428410192917175,True,True,589ab898ac50760ec453361b9761c84a4f0d2d00252b9d050dcaf932a08f4a94,ed957cc65aa5d1b9250658d4b949aafba06129c8dfcefc1effe78ef309f4b433
R75,nominal,2144,-0.006125854294990518,True,True,b5b796a5775e054812230f1150b0c50711274ebf66c5e75259decd829918d763,45e043fae1ce74ce4e8641a869fc0a89f4114a2b90a17a3fc827a48a0237eddd
R75,nominal,2145,0.000397970829131733,True,True,224e219ec069ea572083259ec9f1ed3fe893971f335698bb66fbe13b60cbfd08,2ff1399f77b04e9893cd9b161a6a16211b7155e69fbad1aa5492fc3524c5691e
R75,nominal,2146,0.0034316293642204787,True,True,a2de4efe5928d55125a1cc408e75e19701fdf4d980002154d45d8587484cf65a,92559a1d54da815129d407e14026ab51746f8da3af9a0d5c6ef9f6b843dafbeb
R75,nominal,2147,-0.008211729071023743,True,True,1183ecf6ab60de47b15ea920ecd68eddaa8409317efa32d23e9944d1b6522e78,d8adde08456e6f515ed933425a3cfa8a8b225f50d52649b60acc946391de6b4d
R75,nominal,2148,-0.011063420598908524,True,True,6de7523493d4cd3b13302012698763f183e17a19af1f111c8e7b6f49680de52b,ea155a75f5774fe1a7f4dac662162d93e4362164e141327a19998ab84b5075d5
R75,nominal,2149,0.0001711693508557044,True,True,ca04384720bce1eb9b61e78c8b690fbae55e017fa6d63ef6f63dc41a2be53c41,6f7c59aa484d305bf9b58953fe5ce148fcbefac93843f937ff52897349ecbdda
R75,nominal,2150,-0.0024579458845749858,True,True,bc2fe7a5da203d4d16efe035145f2ed4cf6fa47b0f642df8845a2b0ee9b871fa,19aba3b8a345f0deb9441619e98d04b434de788c08ad0f9755415222692f08dc
R75,nominal,2151,0.011735920360241625,True,True,e2f95bb8ca626011e49f5d5a603bc1ee35b83e5dd2cfc0b9e831bce482ae46d8,c85530bc0f275628e3a07203c4492c021624f9878716cea3354ee1e60ff19fa4
R75,nominal,2152,0.005125125542351006,True,True,5bc1bdda3087d70a8705bcb3e92bef5fbdc2fcf8b377f0ea2ebcacf3fb790b2d,f46999aba133c5a061b3984fa118ee8ff2c20ace048d669cc082e4b253be9c82
R75,nominal,2153,0.008655815755543084,True,True,2a629e626714d3be81b244a0a17405a5a044ed373ca8bdb76087124b7b520c30,18f6949fd19d6cb813049e76039e3ded066913e7ac83c682b91153b649260d7c
R75,nominal,2154,-0.0008288193050233206,True,True,d44860ca7485b6c2f6a093ddad3eff3ae4e12ccce503a16b5e49eeaea3aa0df0,992f3f3d58e92323c243875affe53c4e48339c741fb98613564585d716eee463
R75,nominal,2155,0.007678180400312318,True,True,dec18edc818722c8923167d0a7e5485c23994639698d907fec48029feb1609e0,f4826234ca9dfa875634786c1268358930611ff2644765562593f5f99e89a68a
R75,nominal,2156,-0.004621898669796454,True,True,d813a1ad1ead9cbeff2f8b53ea9b3a5491f64497a746d5fe57002a77b184fbfb,d78923dd7a7fc2533dbc81bbe3c2096286d00439c6dc275e58b8f27856b03d73
R75,nominal,2157,-0.005996726840742372,True,True,9e72927c843ad1f645fb56ef30786234c163caff2f133392d5d63d5c5a76e72d,b2b4e72024cef609135e91f84b5d1f3af0c2e59550d4f970555b48ddcbcb7fa2
R75,nominal,2158,-0.01367096618479946,True,True,2477136dc4d83a3576e5a5fc24f1e6aadd93aa16d9f97c1d3bf3f381ba71dfdb,b1592cadabc9dc7f7eaea6700d5f5486aa80023bd2a58f9eddaf8e62695911e1
R75,nominal,2159,-0.01922503229222783,True,True,345daa3252ed19fff8dce982d17d6e4e363bff8b8859ca2fd79695512c10b7d0,cc3884f49626f068bc85b0128059c7a4d7443328ca7da815162f219f0bae5e4d
R75,nominal,2160,0.005273978547062463,True,True,b70975168a1ef1fc4144c7711f16686520bfd21d0228e9f717219233d89aa869,5dcc1799ada06b13b10acc33b902a4af949ae7d2a0edd2e6dadc7c62f5d34270
R75,nominal,2161,-0.0008930679831778976,True,True,18c53296cf47d2cea9e4b25f3961ad2dd7b4e9a1a8a4ffd117bb0d3b389bc592,6d420d34325c88abfc38c50f7b286c565ce0d2026046aada67db0c0d9158ee07
R75,nominal,2162,0.006921180624189449,True,True,8d9c3fe4434b21cad1d49634cb30d2cb81512f3565603c89c9d70fb50eef8d3b,674aa841363b525b22daca2ac8ebfe87f3f8573bfcfae9201e63ca5d2b2b7681
R75,nominal,2163,0.0028382892631384493,True,True,444e90aab9690109dc43a07e88e1ad160cdc79f73d02da04ed9fbeaaa3137750,f22c164392da04a3b403d6ad7846d39452ec56a947270f6a39515d707135a6fd
R75,nominal,2164,-0.01616232804991502,True,True,5e32943641cd7998563ef9d7739d0c37c95cdca4b95e636da02494fe481ecacf,7387543b18c33b258681ebfb760d8a54c959ce3c5fe858741aa30e7023818110
R75,nominal,2165,-0.01703301378319788,True,True,593e82f178030481aeec1ed771bf0030d4ffae2a3f86a7db807143c48a362f42,124325f57bd9de1f0dc70c4c8e677691d8bccd0056ff0a6d4f6b528ec01d23a9
R75,nominal,2166,-0.01852294459521514,True,True,7ce368285b7db67ef357cf7de9df46587707f1adabb12541b48f032fbd625cbd,5d05aee0f1f8cbea779fcd44a0d0577807d894d32146f243a62c664a1549cf00
R75,nominal,2167,-0.011286655681711333,True,True,87e8b4be91c48d44637a5240355097916bd73f62251fc82d55e58cd0fd9d676f,a8cf6dadf37c76b96ac63d2ba49fe43b8f78581d78b135b2d99f416ba5d23537
R75,nominal,2168,-0.0031491590201471187,True,True,dd79cc2c5d718aebd9e3ec9b052229146e431e4259b96a72b886dded34ed2f17,02e56a66f1731637ae0d8a50321169cdea152525c8fc3fc91241661b206adbcb
R75,nominal,2169,0.015515305866546703,True,True,f0c0aa253c158e1c7e872ecb2ca26cb2d86059a7ab17565faf0b6f96027825e5,ccd0bad1e4f10d3a783cb8aa346ed89e3ae513a7a13164f79962dc91d86efd22
R75,nominal,2170,-0.0012259112408590234,True,True,c99cdf76137a4853884781a8291b8218ae3cb251d455ff540ebff42860cb4859,dd2f5ba440e1e20e38a99c52d8fa773ff0c5184fa831a11e5ed71da633a5f0aa
R75,nominal,2171,0.0008577028436989043,True,True,c85f7938dd49393c02fd8eb0b753735756a932552a7cecb672f6eeec1800356b,5c232402cc238d5bdcb8cd15545dc9a8297a1c7205b56708edc63a9c6f666acc
R75,nominal,2172,0.00337732261185153,True,True,d796570e363b85dc9f50a139963eb5e97eac4b2a14220d09198a2b150454bc22,b0d1010aa29f4360cf7d2958ad988356cec46d45ff5ca7062a795fae9568576c
R75,nominal,2173,-0.010261971764629563,True,True,8f064a96ccab9483d74fda7bb9f0219bc80e5b898325c18be92c26f87d286c1b,69143184ad011ff944a8cdb239defd207a615d5e577fc983732cf03961d747af
R75,nominal,2174,0.003199441234414069,True,True,1ca3972ac9d80c8cec02c337006e11e7d5d9dc1a2c02d626883a421f943e982c,2439a1cdaf019f4f089c15d7afbf5da3b1704db548525f91d672373721eb2b90
R75,nominal,2175,-0.008827769248537787,True,True,555f77713f5814bb256743610f869fb1eb54e13ab6cddd2940d5857a11636e71,baa7478d77dfcb71a0b86bf7bbaa8abaae90ce67500c16b6189d6e65488b6c7e
R75,nominal,2176,0.014459822346747142,True,True,aff2cbe4a881acc847783ab9dbb1b37886d11c1a0cd341ad1469e81c26349e9f,e80c4182242ed18c276a36f8afed5d6b3b008efa6bff3986f5565704a3a7d017
R75,nominal,2177,0.009547063473560602,True,True,0965ec20332eb0b33cc0d7e70f1c3672d8e1cdc7959897e00f0e4a896eeb42fb,2a91c503032f1eda93ca2684f1ee218c5b12180b872bad01d2e379bb2807bab8
R75,nominal,2178,-0.01725653425217627,True,True,1eadc70ab518746ddefd0549272ce6630f6622cda5328f4c558f503b52587b9b,a5a2c1df78596b32d9d2c2d4396f16b56ce23b4c37c2f3704fd8e5f7f895f035
R75,nominal,2179,-0.0034027059092845424,True,True,13721cd816587da4ed1765c52ae5d8bd2ccf9987c657252d19a3477cb9d332e0,d83dffe8342329e07718e5cf95664be9a7fb880adb865f93b123861832f2be5a
R75,nominal,2180,-0.013562158594422002,True,True,46597b3ec1bb272197afe9afcb800d7015eba814435e95275a42f716ee215aa8,bf5d412c689918df42ccdde22334baa771dc7fac58712f00bc95c8c9ba985cdb
R75,nominal,2181,0.011026441964801514,True,True,185dfb9b0d3b6cc40bd2f151456acb051a7f938ffb579e0f06fb88ee18262b85,6b067b96f7dc1d96501b5dd49e8e3d3ed5307a3326f88b89272675c20c18bb42
R75,nominal,2182,-0.0222536923333278,True,True,632bebaa61880bbc6a16f1ee8590f7b850cdad4ab94988fcb1ba3a603c7442d3,1c8adb75ca3052a1a85bc2282ef9266f11bc826e4a1fdff845731130ebc31e4e
R75,nominal,2183,-0.01137728617513628,True,True,7eaebcc42bc7f422fef2f268bbebadb591bc9a317223dd3465ebe3fe5bf87ecb,eea094897bf9276af760fab9ad1264728325031606e75feab9cbbcd259ecd50a
R75,nominal,2184,-0.0016839393988892226,True,True,02b5f367e7a6e79ae23efb21a2560688515b39cdbd6f54ff0ea32a1028f5db00,9efa31b4cf5b441de55c98144d182202f988db2bf60ceab50ce5b2b106f4be36
R75,nominal,2185,0.00137844177889912,True,True,147e187ae45311d0dbaf904f6439fc95fce9b898d19faca1b6c57d5a947892b3,6821244893c8c7c7323a2c33a469da907733589c8ba88577c42fa20ba907b8c6
R75,nominal,2186,0.009807929103155755,True,True,c87e3648c20d7fd6e97725d8271e5a8af9006031b499013243a4d5b9669c356a,991e787d20da394d246c04fafc1d528ef89c08b24a1b0485bdd2c2ed32d97716
R75,nominal,2187,-0.006646465618785735,True,True,743cb5e6d0018f54acd1bd03f856b26fa1c979684e3d9aee6b1c3f7855dd493e,10b9a30e3b22cba776d40079d68997ed9514cbda6a4977d934ea2eeb0c500d1a
R75,nominal,2188,0.01319314430344487,True,True,722e440c48c9b6ac87f2831a3aeb0beab60f5cd374f861e51287b03ad34c503b,1cfc5046477f50237ed5fff31d9957e99df29972b1e8908373805c7fd383448a
R75,nominal,2189,0.00324394005791373,True,True,fed5bfb9c12ce8b86a820168ffd678aaa559c39bc0e8ce586eb92c357e02d01e,08f4f05967b541f085b88d299752836986fb9e1070330d9b620d50fe340cbbb6
R75,nominal,2190,0.0040131237830201005,True,True,85a25e02dcb59751765ad1c3700a0ea95886d6aa1eee5c4e340a3be21f5efbc1,634b99796d46da141362e0f338d806577f1a416e40e3abecaf7aca541c9002ff
R75,nominal,2191,0.011706705555745933,True,True,757eb47ff467a13f545a5a99d4b055e084fd7ea54afeb950f6881351794f4ffb,0c232dfdf1190016016843c736f5e3f44471c105b03c571270782ccf9ee3d204
R75,nominal,2192,0.00436282866057669,True,True,753e0ec5d37a8b42fab48b5f92cdeae35def0135656db22ad5a9d7cf9eab0f90,28c253cb15dd7b9288c273b56c3cacf87e428a1c661fdd4bdc02789c5467c272
R75,nominal,2193,0.009550279597825173,True,True,b9b064608b9aa309acbee691e16fb83334121b599adaee41ac70fdf38b91fc15,cbdeed187d391256f8443acf3b1cc2a72f60f00dfc13f81602c61970583df845
R75,nominal,2194,-0.014994882665590903,True,True,3c11848b2a058f2afb2b306b5ecca2ec83e803fe551cb5f42ee6cf562d25a5fa,d2e850e851d85a95ff012b713211240d148510e81d2db7b85cbacfa4b7ff5718
R75,nominal,2195,0.00646660359541773,True,True,a4280ed985dc8969ba3439cc1dde342d2ef078363bf5b725c47c88da1c8668bf,67892210d4d7e7025e337285d0189ca63efc6f853a09695e4776adceb75e88c7
R75,nominal,2196,-0.013088377842551902,True,True,f8a7bf34e85d5962bc7c4ba49ec338000520e4564bfc8f3fa5bea29b9187a5b0,357365355680206f8c2a629d0b361f638bd656ddb8a1dc61137704924bdbc2ff
R75,nominal,2197,0.003509946752906834,True,True,f00e2ffa5268a75c37759e6a6a86a7d3a4c366c5969c72ab52b9ea5511139b10,a10891a6db76cd97a07b15326d3a298a46f7e715caaf9420b9de32ac2c27670c
R75,nominal,2198,-0.017208633518741412,True,True,a96d84841efd320b644650f24b50add34b452c69af3adb61f9a8fe0bdc2f28b9,e16b1af70326efb74e1739e78d1b3e7bd4856890b1b01668e1bdf208cbd6969b
R75,nominal,2199,0.017899390441519114,True,True,dfc67adb94268e72e656edaddef2b73c297d3e37263ef3e1cf16d3e4c04a2cc1,567a7a257cec4ba503222cbce19ecd4692eb75beff21d44ae0e633a17cc9b580
R75,nominal,2200,-0.005536899246135041,True,True,a718136a02ff593d02d8c16ec012b06087ba2c81f43e588a3dd7e1184b36e0a5,9109057709783df35e05df5a8dbbb251b79eab90574cd29663567b7d1f253709
R75,nominal,2201,0.013442173186403505,True,True,5e502d66bed12e59da7ab52ef9cc17d849cee94d9902f8fc42b48fefaf09c19a,089d64f1ff67805c8a9813d112e55dbc993fdf816b90678570a9be84bed3caeb
R75,nominal,2202,-0.0008548707780895448,True,True,f3d5b03b954650cdfb61e2c7a14164abfbbd62a0f5061531317f543409c311db,55e908e547ada42fea952dcd32b3f210a2a18b2b0c0c0d91c377fe4a9526a232
R75,nominal,2203,0.007386244166454059,True,True,b3a4072e6b89a4a12a832f945f19ce7156ecc66bfcd202aa7c291e6830d5b8b3,2cadd2a74ff357ec45b71074b07c5a179b77042270d4e7c5f954183930cf4bc4
R75,nominal,2204,0.00040994199070187864,True,True,245b1e8336096eedf8b0dda04a055a3ff96c207c5ceec2ae8de3bd625bac42a5,67c8f83c9def5f26c48cd2f9217ddd1bd292923bcc488ce100ef763d7b67303a
R75,nominal,2205,0.011292962162526288,True,True,8119f577a35db9d32cbc07a40c0290f9148a13b06c8ed6f3152da137579757f4,f0701d1789f6a64959daea66ec9d2ec9bd479aca43b449d1da742b749c14147d
R75,nominal,2206,0.011356152818133958,True,True,42e99599c9e1f0ab44bb94c318651f8b9ba2c2a5ece1ff122478ff05261878fd,4128b182ef4feec406e134b8defc84c72ddfde8d21c942e98490fe842b6960c8
R75,nominal,2207,-0.011038350672218478,True,True,c4d1d5abff2b02a006e0df40a479cbb77b138ddc265d50e2d7ebe0c999fcc2eb,b355ea54c21d5e7d7faf4f8b624604042be1798388b3c6b82cc2a8027692245d
R75,nominal,2208,0.013689082346796666,True,True,17a4b2a7b10e41893b776ceda180b156c233bd0fcae9f5e44b783d58b4c4d809,e961965140d90a1997b2c92c8d6e45c50bfac765e2172e8aecf279c35ab3ba47
R75,nominal,2209,0.0018577089726886653,True,True,6838516c5f48c2ccc1d68324d8421188d91fcafd8e7a8e952800f72f6d1a33a1,ff3026c6f805fee660fbae08474f93c5b0e198b4e026f54c0457bf32f00d6c28
R75,nominal,2210,-0.002944518715499833,True,True,df5511fbc7943fae64fe93c3573fc79a9f84e2adfdd18360b2c6c9043c7c9b24,8c8383e115fb1ea1879e5dc8b38d91b5e69e1688d887bbc204e5b8fdacc3dfb9
R75,nominal,2211,0.012729574090636797,True,True,9ce3fb3d6c074d44a6d9a85cd531899463e6a770a82e3ce1b5f069b7fc60f9f6,cb26361e7502d91f793a5fff75a839c89117cd2deebec1c6e9d52fea9e0bb9ca
R75,nominal,2212,0.008529011770048833,True,True,8b4d7b771b6fd17c0a940f8c16f51b5b314eff4f4dc499e639ae4a028c5d9d14,626769124cdf78031250499b12f037c6e21ed3fda21f1c35a617bc09e4d97609
R75,nominal,2213,-0.007949222465932049,True,True,cba1ce902e2d0fdd96f84fc9f17a5f03f9480f2ab0a70e08bbd7ed166a6ed292,531a1f23ba233b3840a914e252f3d3f1e636e0e7f174ea95c02362142041b27c
R75,nominal,2214,-0.0013339823916088678,True,True,9231f5bb2469bbd0182d844380518f9daa85090920fd12d065cce60c6d839e28,6e702aa83cbeb0bff2328de17f93a30a79e1b728de9805a3adfb33c821b98996
R75,nominal,2215,0.003011514554488004,True,True,108750580b3312db07a60ca59519e7edd3f3434d047d2dfc002654efd6f324a6,150c2f09eb03d5f8c9f221959a369595e249ac2ef26f3ab3b36e270b216952b1
R75,nominal,2216,-0.008857346551634226,True,True,8d94dd305e4bac688eccbea381ddf05bebf25b6b7eddee989b176da770e92375,9722b357774c2b870b4d22cfada6a27e3e51a2760b452fe14906986f31705dbe
R75,nominal,2217,0.019191680444511805,True,True,fadff41e5e0a87a2c2403e4d6052f82e5a42d761921c199109af2baf2113cdf4,f5643ddfaf3e279e65b0f7c994bf83087ad8804295feccda00d195a7eb09116d
R75,nominal,2218,-0.010348259010662608,True,True,543ace7054fc4c6924367b5ea4fc07d6139eae6a6af90b8285245dbc263c3ccc,a208e073714a53933a72dc8a00913e5fce847646fe13022dd7ad02509a290cd5
R75,nominal,2219,-0.002910084449901318,True,True,5c507e517fbdbb8309d97a1d9d71d933e01de440ac6ad1144784cf65ef9c72ee,a133027cd90818ffd4df6713c2a77c5b20d9be4821979518f9ef9a634d970120
R75,nominal,2220,-0.015589935973147784,True,True,14f4ae614f5a81ce9cb98134312e78f894408028edda615e268ff198e9e6e490,06293b85544c85b342f6208554d3aba5d36e28d27df8045eba199ef1c25dff4a
R75,nominal,2221,-0.0006818944161259832,True,True,5046ff5a96ce6a3501cf29980842989fb3123c78ca883d08f48b175a6e82229c,e6dc599d2e70d94c7911ff38e370ed327ede30333de5c3dcb5124082a4dcd5c2
R75,nominal,2222,-0.006644497446213871,True,True,0022badc67df254cfd1fdb1078a976e17d9e7c65ae70d0422c61920833487223,086be7148156a61e184ae1c85fa59eb73c6f9015f42dfb4328f797566c2575c4
R75,nominal,2223,0.00837847273089598,True,True,3b3212ee8ab258dfaaae89a6ffc860673c3c6ee4ec70fb38c02efed5e0fa5754,c6c102fae364514b09d81e3795e82166ffe667f9435268a348b371e23eb705eb
R75,nominal,2224,-0.011354723311017778,True,True,e2539a286bffcbf1d477b9733b88ad0eec40256e40c5539d9b6e5331c46dfb57,414a3672bf23435b0541ccecc145944859f5db31a7ac9a4d16e06348718fd124
R75,nominal,2225,-0.01345264736038898,True,True,f4e1510a8950c2edd17a3b8f9a1dc5d295d4af754701047ea8b9bb7e8e96d8fa,197dbc9f290094da1cab1092524d6d35ab977f90b1ce032a5a88aaf0b938e8ef
R75,nominal,2226,0.0027122034538922257,True,True,62e17791bc79cf9e969934b4d882b4d96927faac51206689392a1e4907c5a512,b2c8f8d32a05fbd116cf2053bf00cbf1b622936c58646b00f2838033be45255f
R75,nominal,2227,-0.006633331678804866,True,True,ef68cfcdecdcfaf627f645b4053232422adf8cd37e1a5df95446ad34da70f722,6c1d4f6ad107b417da0ebdb717a3ed103b74d7d4fe11e9054e90a67366aab613
R75,nominal,2228,0.002661209005677123,True,True,066157e30b0bd06415fcd9ec255537c9696ec2c56f1ed1c26ce63dae7cd1b9b5,78703bb295bf95b64085ed551e548e55c10dd4b6aef6f45e477e001eed2b5cae
R75,nominal,2229,0.00021537954061301434,True,True,bbd97545101d49f10f73880c853d1e01d02c35b7ab6875d9bb73fb42e49d5472,c7250be0eff6be5fadaf526067f700e2623ddb868c158071574b4b3e1e228795
R75,nominal,2230,0.0014095169532764018,True,True,11267bd43bb7026763b8f34dfe26288719ed9ba84f27389dd6fe0fc06ebb5049,7abe3ec5ef4bcb53731ff7cd4715b137119f58b8ce7e7228974c70bf1427ab64
R75,nominal,2231,-0.0072515074030118365,True,True,8811ca4336f693157be57c34562fdfa92f12592b70ae4da941d42e9a4b144c14,345d27ddceab00fcae0d882426b8886c0efa0ff19b4ff2a2c9005f335ec17d07
R75,nominal,2232,-0.009127417544567862,True,True,e026b031a788aaa364f5d431936c3c843688cb6bf5e0d590364b4cf3aa399a54,4ddb326f1b96e8aa000b3277a827bd53f752ff222676144c89774702072484d1
R75,nominal,2233,-0.005896341198084132,True,True,e1977e9d11a4bc3b69776c7598efaedb14312e6ff777c59789c5eb3aa7a32114,d2706c02f2e9bc30abb9d70cabf8348dc550f2c1361e73ee9060c9786d636956
R75,nominal,2234,0.0022165677181131827,True,True,0f71a46d6401260bbe08e4ab660a083099b9e6fc2766f7a6121b6a0b4c6c556d,a68da9c913df97b7e087965da3879ffb440bc305e9fe239e789d730e693638a2
R75,nominal,2235,-0.005547332430150154,True,True,c529fdc9bf48eea7bdb8f41caf5715dd1caa6c4a07639d4e6ef67abcb2aa3427,23f622ae5613b1b45a41e4c9ac3846c5336a643ed03a11644f8bb13dde3fdf1b
R75,nominal,2236,-0.008022841105497613,True,True,42d032fad27f2f0749edd119cf75e82704b39be9788b3d6da6e7bbf96bcb607a,8084bf5f0e89894b68dcb8c0b99b9d28b4041372fb28a801bec4b8f9b5ce5c66
R75,nominal,2237,0.010948495370611266,True,True,8ff6d74d5078048c74f2b2a4d6ea5e59cb2033d9a734e95b155b4e227e36596d,2abbe3bea53c194558659ccd241ceffabf763c0ef46bd1f7ff506e7220238770
R75,nominal,2238,-0.013109925967779879,True,True,75e995843cfba2620bb8ae5a570ff22cbbd28a841636c70a7d1c90a3b6916035,479ddd61ad887d57fb1d37a6b1f09a3f12b69e51be99728f18dd4b1d9b8a1cf3
R75,nominal,2239,-0.0037750380683646556,True,True,c1d5001aae88cbb69f35a2fd1d6ce96945358630fd5812a2a28b85c097ce3ec9,4f897b8f712d959f1d111848ff51ac8e18357ade48652a5f8e7814049d9acae1
R75,nominal,2240,0.004087816482893913,True,True,923f4f62b1fb54ca9bac60d295cd9b5cc417ac1d9097bb1698edc454ef904261,e991aee901fd277c78c785903472053902e4e00ad3686a5af9015698d184f13f
R75,nominal,2241,-0.009061174042280407,True,True,63fab82024c28bb0f7c691bf36e6402c4cfadbf491c894a334b7af1b18675339,f35ceb603e317df071946d73ff98a6a385880f33b91da0c6d9b52b4131c6dd5e
R75,nominal,2242,-0.001599718984899634,True,True,c1a6875d7614a2a140d67f12851086425388d10dd020024c05436e2d6de212a8,bb6f673c107ea22c7a3ec064f700bf8cafe505d43d3d03914179f0d18f331e14
R75,nominal,2243,-0.008695000537216113,True,True,12230e204f7a2e310fd67d1f2e85eba7243a26a8ec465c9576216c3835161bb0,1ac49c46e83a40609d1d223f33e88b508c4fcd72096e465f0b60c4a2857f8e41
R75,nominal,2244,-0.018000302067415264,True,True,75bfb59981e9fd5d1eabc97213545905724fe1da65631b329b87141adfa1734a,edce7590109b4274b8ccedea3937cdd83d0b79e8d13e26bae9ca1c913b1959a9
R75,nominal,2245,-0.005870986216275242,True,True,0ca37fb4e5ecd989cab90ac5aca1106c891e8e88f508f44b11674e71a832e772,21da0b752665d513c82cbfffa4f91dc9cf87a788c4b557e1a10ae6c5a3fd39f9
R75,nominal,2246,-0.002430352245917089,True,True,f252ef6d8c9dde6f0fd76c82f45fa45d6058c4ab116c34806d542e22ff68d16a,c3f6e6eee820e34265113d76b16e3986a8db93da13447789d5633694e51e6a7d
R75,nominal,2247,0.001452556977131536,True,True,e44ff4410a2c6a23aca2c9d00675b0987791524bddd13d1ac976b522461b7741,a1b306f4437c77dfeec0844bb6975453ca82336d9ff1b7c914e3998270030427
R75,nominal,2248,0.0015987404011537087,True,True,26f2881323ed33894505710280cd0a5e10b77c7e0b1c1b44882586c81ff0dc76,b5347678e81ddf5676f5640a4915c87ccb6013b23a50232f2955573c76d55d9e
R75,nominal,2249,0.005829059800960934,True,True,4b820fbde8079b2e328a36efd74861d1ee9945e176e5b339d41dd0e1e9961bfa,abbd5815e85bb227895256a2cbb0924f27e776d4e2bf4a061acd6db5a8762077
R75,nominal,2250,-0.007282250291942183,True,True,c669c09a8f64a84bba236cda9f051b85c0d1bc20628af6ae678ce2920f9df814,ce983726634d6dc9b344ec77a29ddfac658a99019556266867c800871cb5750a
R75,nominal,2251,-0.00315302599300743,True,True,53018651bbeda6ae3be5d60c819e5ed9516618e396ce15603ec44b6b9006286b,b81d4ae6f95aa38bf700975e440f4e2c15049f1508a44979d109adae21273ec6
R75,nominal,2252,0.007008490044500659,True,True,4121080e5f5662b4f93412b6ccd492ffd1bc13f695bd7cd5bd6cc16aa364ad5a,e311776a685792452149128541f3fe5b8040f5b394aa88f6b98173b3a32d001d
R75,nominal,2253,0.00837054770949186,True,True,a181786bafc6aa3cb0b2b543c23d33cc9c4c7eb7cdc28c44fdf845c4e112680d,9d9488d387073c6db2589a22a43be80db267a70b1b611c84f7a968572b3e4b86
R75,nominal,2254,0.005264194402867406,True,True,b0f0039a2f90945709a43f2930d42a21883014b77d4c2688109899f4eaa52f0e,5e7f2afbc8e978ebcaf1b3db33f0a0622571ad69d383e1e404addf4fd15ec300
R75,nominal,2255,-0.02010220060133444,True,True,ef5d230521cafa97ad123c849c6468098e0e1eaf0538044d26164c31a68fcb7d,c54f473e77cb4b37785335e4b586f947abaa775148e5a49b0be8e75e1fdcb338
R75,nominal,2256,-0.011730973262061184,True,True,06d36414cef2ed8b370be34f7c8b3e9726c5179a9fee27fa3609946c06a5d9f3,17e9053c9d5c1ed0b6ec6deb1e0e272a575d8422e25bc8f2737f9c0473671deb
R75,nominal,2257,0.011578439253227768,True,True,598bd8bcdbf3a15dfa44831695404173cafc04819e742662b2ad659ab78a0647,1313d36600f16e27f3da8607a2025e293f12f89b200d322ef8c7030d86e3e9ef
R75,nominal,2258,-0.012355751581023589,True,True,4cc3eb2a0b4171a2bb33f17c42d11f2895d2e32320743353b3534ead23f3ea36,7dde1cd8ef6154484741a4c1e3622d7c03fe5dbc045a3abf4def28aa3d02285a
R75,nominal,2259,-0.011283497624384964,True,True,ed0c79431b8b0376749b29f573c335faf3d162c4153c79d0f65c7a578ef1c4f7,1385b609ad001f4b210d8e1e17ac713c37d2292f8b6840854f78e4ec3109e396
R75,nominal,2260,0.009375363682046944,True,True,05a9ba6962ecfd93c85ac13a2499c66440e2ef557b743178c5a2cb4fd5b84f6a,b05c76b756355b64b2a40f74f1405a555058761daf68e58d55bbb8ce45a6eea3
R75,nominal,2261,0.0025628545166396233,True,True,f6b3c63b6c76509c7aad3220724b3742d68fee6546c40f541c3ec34f4ed6030a,511af343d5ea49691ce6f8c6f2d493c8532b17d72d03e87061d5814b9be65f1e
R75,nominal,2262,0.011808410584434936,True,True,ed97576afbccbde76ed3238703c660768af635ed73e8a8ce71b3b5e68db9c9ef,a27f28b6826f93683415c851de315e3732b96ba4ffed7757a7383d9827041b13
R75,nominal,2263,-8.310127556632185e-05,True,True,5f52b2e439b99aba7ca39430672ef7478bf514588d3f7d0365b93fc3bbc1152a,5cd2ad988475fcc99bb32a3195ae288c2db104e9098481df612c292fbebb3002
R75,nominal,2264,-0.02466190342465191,True,True,c7735efdfceb27836cf84d970f13f85998605eefcd1252014ec5759149348ceb,f7c3b79b384b36905a840cbbfc9d2f70c16648d7a7d0baefbf9b8b0b47f1e678
R75,nominal,2265,0.001124367311881258,True,True,1d5c5739afefb586bce9f3b12a8acd7c9c4397117b289653ca77443508802c92,4441e845da84cfa5d34a57560a29d2b97ffc940b3730e50a16805abd1248e156
R75,nominal,2266,-0.01909086233444557,True,True,8485bf53bc6ff19538141bca81425ceacb5227425dc7ee2be47f216d75b257f0,3a503044129b33e52d75574eb83124aa8cb272b0c3908029fed8be5fc092d57e
R75,nominal,2267,0.0005191030932625296,True,True,a15b403ea91458f6befa8bffc6a9348ad1f9f4a475112dcdfab36b41a882b8d6,b9b563453af9097f6a1c86a409a6712667652fc58a25ff5b37be3640642607dc
R75,nominal,2268,-0.008034606870636063,True,True,b9a0ede6cb56cb4af0700be0b709aed09504c9d32b213306e0362456a1b3283f,9fb5ac101cad4d8956a84efa800bc155921118a82a470f849cfae8ba69eacd59
R75,nominal,2269,-0.007617767905952755,True,True,ab7d2c989d2c48e9ac623397732f918d8827191dc81e5b83f290ba41b2b0418a,8d873a324c2f3bcfe983ecc09671138cbb940c63eaf43e3e426ced55d1a93dd2
R75,nominal,2270,-0.0078102995021362975,True,True,a8501cac2fbc44f6d0e1b5308a699e1c87c9a9f901cff4674e5418bc7465a147,d442124127ce497c74cdfe06f89d30099e2b875ce1fbdf181c3992b21552b27a
R75,nominal,2271,-0.003419064455871479,True,True,295a1667df6722e002061c9b576539bef005005a2ba1f30387ee6e2ce256e9f4,10c1703b45e2914235aa4d12e19e5464faec687a486f49fbbc5ca0fa4ace2d9f
R75,nominal,2272,0.011114680507283481,True,True,e07995f2d2a9d7aab4ac54e40a000063a234a04e2fca99d508729458929519d4,e4b57b493396f3f0aa8a6fa213022bb6edca0ceda5216bed544f5a7a4e7d4546
R75,nominal,2273,0.01106272101556982,True,True,fb1edce0ea53c02346d51eba6ae1cd60e2fc2be0257e8774ee6845b9ab141566,633eb58f68be765c11964272793334ba2b1bd78635933e527cb5dd319323eb74
R75,nominal,2274,-0.005086997129466364,True,True,1c349d0a400891f18b09c6cbe5af6b6623750212ee9836d1643521f9acb15d02,0ce450cea408b0299c903ea5fcdf3d09450f3c1255d99da4e5f9ed20bd1d434f
R75,nominal,2275,0.00917408343949988,True,True,b8034125653274a85374a71ff5161b0e6b2810cb1c93e44d07e9f829ab8acf14,8c5ecc863168105ef3f4c29ba2ed9899deaa2ff4253f2779a4afadfa1625d637
R75,nominal,2276,-0.012200827766406852,True,True,0519e25407610af29c6e245d57746530566ab76685be41d161f7241ee9bf4b44,554948741e2617c8402e7c9ce458a2448c6607420b80a57d873a2859c0884b23
R75,nominal,2277,0.00720163414995556,True,True,b0dcb28eac7ae6c9b29cda876ce02a1db4a7650928c02e8d0725dcb3e9d625f4,271daf17f5f6d0654bae77d6f6340a5e34e278b4fbef331187635b8e5f408b56
R75,nominal,2278,0.009086147297293401,True,True,d2f310d3e65cc49c99b634fde973e9b82315d5674ba11f28d4705403af3c8277,44029784c6e85b57d9cf60ab0ac28ee6999ac10b5ed1cd23b15fb8c941bb1191
R75,nominal,2279,0.0015832888872204798,True,True,d299c0c4d776a913943711bce7eeb27ffe6d9c576ad183008fecf01b9378d382,e98824751e23dd6911c94ec9f2664462f4ab4c84607dc6cbec0601a814ec6bdc
R75,nominal,2280,-0.0008491276452080032,True,True,3947159097eec9c7cb8eedd7e20d6439a9f3cb933f9cc727992bfcd7484550a6,f8d23fbb86b83567af1222fa72229bd88b272d70d9b9e1b567f42efbc85f5f63
R75,nominal,2281,0.0027447295204527933,True,True,9c31e1b971626bb98dddcc224b22d00fd29ecc7050fb07327cf234d5160651bd,a8aa9f964c2141c9e7026cc1678ffe8afe1117d05df38f6f3cd867379fd76d56
R75,nominal,2282,-0.003414965354921473,True,True,96eea9515b55e38fccd39b9804392f92cfd1dc9230ab98ea5794f38299e8d654,00e071c696a6c3e7b0c3e9c586a9903c094e00f96c75731e8672c1bc99723081
R75,nominal,2283,0.008203802707472119,True,True,a77fcfd89f1e69d743cb9b5ca8c8b1a73e73ff234a8ff3a73c476078a9c33a3a,bee1f2d74960e66717856c9e5a7e3f405a971531b549857d1ed834bd9a0219a4
R75,nominal,2284,0.009281025600757609,True,True,d0215730da8c6a5978582f11b6e2dcc1359dcd4ee0a22a8c629cca360db3bd9a,a4d6b97e6e020e64484f97438876474ba59d964525d7533edf50981954d941a9
R75,nominal,2285,0.0024346076519929927,True,True,65ad4506d921cc9c5dffd535087d84985d005bd512a75cf1c33efbf2320b183e,7bfb8ec5173af4339bee0bc0f78e9d22e62601e9e516cf7a80597fc75e7b016c
R75,nominal,2286,-0.014792104181932553,True,True,548edcb4ff1c43fd243fa7ed905aa139cc867f24cab76425bc36a2e51911aeb7,d52e48c9f9d6bb35fc5235dd6923741ea66ad1121284b571e0076676e018eb3b
R75,nominal,2287,0.010421614040246774,True,True,99f957f0b0737385e19f0e5135ab2fd31b24d12e22dc11fe9a5f9ba15bc4e15e,19870bab1e6ad112c0df1350dce4c7050f7c1dde1f1050b3c5f7965bd2183e14
R75,nominal,2288,-0.002301695035807072,True,True,3ab1bc7091be8053968921abadb959c2a6cc9c155c41ebbb970fea7dc3e7a768,ccad1b0ee51a9485c374808c4647fa031662a25d7a237eabb17e6e69521c6527
R75,nominal,2289,-0.010728197492340219,True,True,11219a81235f96822a02003ea25392ceeb1cfa18f183c11da6164cc3c1304404,8f82d9a9e8412a7aa3fb22104c22ab68b3878857552a60a5a7268546bbb3c96b
R75,nominal,2290,0.010643973170900267,True,True,e2b595680b0ef8b18805d73a42ea7d62b6ddb56a0a8eb61810601a9481fb6ce6,e740a6afd8147af2a0040ca1e26a819948311d5f66cfd66a88f79990e222cda9
R75,nominal,2291,-0.00860385577070144,True,True,7f9d71634f0cf25496d24b49a5c1790b09634427aa40762b689f4edbcf239cc3,fec86ad6856edb4932db899e1e02c2cbbc3fb7802471df0a4ec9b1aa208adf3d
R75,nominal,2292,0.001339013671826983,True,True,8259ab2f63205146be0cc0c278ee0a4ec364696debe71b2c5f709608863f18c3,f7f93ad11809e37af3825d178983a00c3f3928238ff06bf00eb214ca2c2e2635
R75,nominal,2293,-0.011890958140591823,True,True,0cd6764a0d791097470ff366e93b2b096bd20d46e8185a2f88096961807b8740,0fab89b7955e443e058582a35636dd653cd99f21c111a36264b406a3b2ad7ac2
R75,nominal,2294,0.0077008282026558295,True,True,07c6bebb0cb5c36bceb55780987782d8233c9ff162cbe53c3620b5fbc8ce1363,e703da99e42c0f8f6fe4e5e14e85f38f4754fe37a1aba8c175060a17d1fadd7f
R75,nominal,2295,-0.0028652854737218347,True,True,f40e0c1e0e04d7952881280e46cbd73c4e14fcda316b87852dbfc11df7823f22,ffb576aa40dda5566317f883931e0933b1211fd4849482ff8295ca5edad8393e
R75,nominal,2296,-0.0036043728629057137,True,True,234997dc60e9c1656b66b5b39fc66b8b6a52e9cead98813a9929bc6e980cd61f,33b285c3cede6b69fca3f945c9231c81b6a93d71f4eccb8be472d91bd2dec23f
R75,nominal,2297,-0.009678517364009098,True,True,1bbb96e9f3bbad64941571027d400d630bc238c8a099c6b04c6777ec88ce3396,763d8a8a4a149d3849800cf81213a523e16d5c6251ea7e09d299d3784b0e4dbb
R75,nominal,2298,-0.004487571845977256,True,True,134b480cea7db4ee13af15de2a0a849282eb30f79da1bdd1bd9d6b1e6d840642,2afd2ab51d8b7b368a37586c1410ea0ce082c482a49825aa764feabbb812d8f8
R75,nominal,2299,0.0007664817296464399,True,True,f2ba571de30863fff3a4eaadf4cc59639510c388c66203f4c2227855b537002e,4c19b6d1e68914299c77ffe9c37964a4edfcefd7ab711b93aa9a93d49971f234
R75,nominal,2300,0.00839108030493163,True,True,8667e4cfa5b57cf94dc4ff560f247d43c4720ef2bce5ed27af4608d58e8eb88e,422ec5f3033604d4fdcd2e0c4f45ccafc86548a80b44d9b932945598a7e1fbf9
R75,nominal,2301,-0.006186265666132507,True,True,75001905480884563e6af895614b24149f9eff7bf4aa80575531e42f3caa7e52,dd06d31da11689a746f2001ef5617bb487bad70afe3973e0778efb5f2352b4a3
R75,nominal,2302,0.0010696245681428573,True,True,8519fd6743264c1507f60ad28ab719777e5cf07d01595b8f793c20d03b2d8987,5385e3c7bb63c7e89cd47b396f151c10b34bfe61812737ce22905d1b5bd96798
R75,nominal,2303,0.004517251092692298,True,True,29fe57f63aad9a52ab0522e827bb1e51325f5c4162798cbcc7a1de48eee5e66b,4bf9d5542ed543705ab7552ee9b7450da4cca04b091447e4ef86ccf8e1a7f80f
R75,nominal,2304,-0.003838381587577544,True,True,9267d3f3d6483ce7871dde51db8399e998c4114636940436c855c882837e53fc,29f8ca66f31480d76402dfb3690adb227ccccfe1279a4a4b68b10f0243faac32
R75,nominal,2305,0.0011591765975933477,True,True,436ad261a9728324abe052d4279f5a15151a05d61f35c8f4513d69d6fc5cd0c2,02cfbd8f9cfe559880b0d57f8aa412e820e0fd8208f045f10cb223860147cc51
R75,nominal,2306,-0.008750754699745789,True,True,aa720f6fcf67f84db5b99bf98c1d434c928a68a6637e69bf306fe3c3983a7ec9,f74425e007ed1b26abbdc987e768f55530d69efa572652581e8d4a802afa30af
R75,nominal,2307,0.011308234383357929,True,True,440ec20f0bcc6c432cb1fae9cb0d24fc9181e12ff631811621e1f21b0f16e93d,117b56946f11a002de9333a4dde3079140f58768e15304f71f410d81bb0bc7c7
R75,nominal,2308,-0.001558597453093613,True,True,e33ea76f9097cb2505f1d9ca6cc9b1098cfdc05f22a1c22202c5d6d8d079802f,0195119ceacf0f86850a952efaf61ff977f62db9d8cac46bdc4e5b6f0b596fe2
R75,nominal,2309,-0.0017607177324945877,True,True,61e1ae7549dbbdf90ee532191a5983255ec85ea095ee8bac88e6ccf951057775,d180452420c33530eddd56bc437ae10a908928c1759104236dcc8bd39e14e64a
R75,nominal,2310,-0.009777011366739363,True,True,dbee45bb0973c251b78e92db81e1b95d11c252a1f6cd507397579768ffaadb26,5efef3dcbf0add7b12427c84aa6449f73c28d676f15dd6a130ae90e4eb620d32
R75,nominal,2311,-0.002746210129691673,True,True,a4d60518065420af0cacf4e49c34208f68d56d857b7eeea5e4de901de1ae4002,5295e70fee8b3854158bf9f17142268169e7202579311335f4db3f5c642e7e08
R75,nominal,2312,0.0005546604974194791,True,True,29cc99383f4f2468ad2b44bddb7e50cb25ff02a7d1236cd36e4acc241bd537d4,c1d312d762b61d26013ec64af273c2560bab7ec9142210c81153442c3d70a06c
R75,nominal,2313,-0.01918448461999933,True,True,5fecca3f30c4775b04806c8178e6a9277d83ce2f3c10f363de2b257e4649f641,d7d45ab99709971db6474c2942a478f8da3cf43901bd566f26bd0e685bb5a235
R75,nominal,2314,0.01590499629000164,True,True,0c676864fe4781012c5ff36431dd02c2ae92cc5fd6d15c6ed6c8a61a41b7be94,fb30f1e67c4a14cf20d08bc6fc7126648aba53686c52b5a5771c659d40ad0b49
R75,nominal,2315,-0.01779395389324767,True,True,d14af8f51fbc5f28263971242f68011ec00ce9ca81749b5a93448262f0dacf8f,f0b784365f7da82ca62c9bd9e2f43838d1e09be2596dcd965d9c007989c2259b
R75,nominal,2316,0.0004010546658880232,True,True,6f87425338d8b6ce5e64266d61383d74e888ea8613589f2ed381d1cade66c81c,8f545f176fe0cdc176e59d150951aae6f8108c7a338426bb91e0dcac3ed68750
R75,nominal,2317,-0.005422476683528299,True,True,f47ee6cae31c2198224bdb1e145ca521e22d84316a70ff6ce384458a95597a31,316110a35edd25f2e4a81619e42a4e8547a90a8fdb221728e62c502ff437d06f
R75,nominal,2318,0.0014165193231756579,True,True,01d181bf6009681663505ba6c6035d94fbacd594ce80c784474769c6f856219d,aef7786f8a55d5e46a1071ab1a1671d2de4e0d3af8e6563253c0a9229fb64a05
R75,nominal,2319,-0.0065106262113900915,True,True,a8ca890de7009212658b96dc043b12a8fe0612dce978353d9f625f348ca14049,5bcda5a395b391a19849cd3882cb83e943c7409f1c8eea7531e2d00f586bc77a
R75,nominal,2320,0.0012550502450749956,True,True,2032b7b98fb189f6fa042913b83c308471c47e46abf1a9d518af041e36e78113,9b4fdf6a8aebda72c3802f048e2123a742d0911bbd20c9e09962c895c5487e97
R75,nominal,2321,-0.010450280775149812,True,True,618af5a38d8ac52f589116a91643837aa36cb9a9a0a8f4f3351c65f9083417f0,fa356457e660f39b77226f71d426a15a8b56c72bf6d668520f5abbad58787df0
R75,nominal,2322,0.023685941910751684,True,True,e136feb25d9c7649de92882cfe26f06e43dcaa3f0c385ebebc28b4866ee95f7d,0c723998edad3d62dc46dacb6c3081e3d666df25f8398bbaeb771868e10d5866
R75,nominal,2323,-0.0038497954652944033,True,True,7418ed6f88555d41d775d201e7f79c1dfb527ba92fd278ae4de3293d9b24d2e2,7a4fe11c57cf196a7ee9cf890a7931fedc3ecd7486fe083021ad89f4da5c82e0
R75,nominal,2324,-0.00305273848376858,True,True,0bbbc93fd0b88ef48cc66c5bb77e198637f1e1165de57f95111c4ef5986ac4d1,70f8552c356bd014735932f9dc4bcf8eec952010749cbc61cb3a7f95fe799469
R75,nominal,2325,0.00977420298264875,True,True,166888a87a3965a0bdf9b27f46d877802052d36f32ee30e87f71783c71db8150,2deddf085f4bd37550857976a204ce8b25b44fbf56f216b87388941554107344
R75,nominal,2326,-0.0044643253382983805,True,True,a2df30d5b4fd4bc9f2a0994d458a1acadeed6a77f205c4373f5e00f4eb351542,3f3ecb64fad30771edba16b71a501659455d8754aedb94e0b8047a51c91e03ac
R75,nominal,2327,0.004847276169952508,True,True,b30da791bda184dea518e5fd5b56e70cbeccfa71d77bd4098bdd590f325cfe4f,fb8b8f8ae6abf5479ea51a4cb0a9d399592e96202bb46c086ab9f00b0846f55e
R75,nominal,2328,-0.010179902542685748,True,True,d6bd6e5d3abbaece3e16cdef9c14f00ba1ec55ec4e9ef77c80b26283db6e0e35,551a30b1f6571dc887a69224dfba37aa6c37f9fef0c568933dc4b3125ac7be08
R75,nominal,2329,0.0043738712220892095,True,True,c9ed28c1e6ba4eee31897eee33d9e6d1c44ce30371b27d2cce5bd598477fe9d1,d14fe6970e9c6beda5e0123089ddc7d10a1593e74487c725567db4c101843009
R75,nominal,2330,0.004093144265048698,True,True,69ef77ede04eda569a47699a8d2e8f734b0e8d83a3a707efc7636db222d47e73,a5a8cf426dbde99bad2ae2fb87a7358c2985ed3fd890b466d98f2f358ba2751c
R75,nominal,2331,-0.01243025939875847,True,True,2b760e1f290f557be575efced825f4f06205cd7e3ce548b2c4cb2449de0e5756,053c642d3df9258d62f54520291761111354298abce41e04dacc7a18faaf2c53
R75,nominal,2332,-0.0014577638365022016,True,True,1802b372b80d6e65c51ba383c82428aeb2dfd47aa5c5f25a912351809efbe458,a3e081bf5b5310cb28e12aea7f977b1c33be525345aacc22b6bd2d58f8a261b8
R75,nominal,2333,0.005906929702975239,True,True,ffc3c775b88d97e2c2677f1822fb300a97df5f587e9aea52b2f695c7d2b03c52,9990c581c6e3e6b9bb7b89338f69b87c741ec8dca2f202a111e35e19370a96ad
R75,nominal,2334,-0.013122028258662488,True,True,791ce7763b1ede05561730e87192c4410be5d0116e417af8eb545652646d731a,c214b8457ba3d69bd14ec45dd2983fba17738430709c508529a0214badc24785
R75,nominal,2335,0.008812125877108112,True,True,940773ef964d8ee78f73b09573395f89f84059d958ec0f4eece29550e33d1622,e6b0b6b4126d33a112b50ca3ac260af87ee8b86ad4122ce06f3582e86cd9719b
R75,nominal,2336,-0.0035262358040036856,True,True,2dfdbd3595ccf4f41aaf875d2d7c2723ac04e3c1a0061a1b40845a5d43a4e322,d5f197753f2c8eeb8159a7a6069b318811ce1509926d0317c0bfaef18226a8f4
R75,nominal,2337,-0.004764738150226044,True,True,ddae1c61ec1cbf40838024292dde6a9ebc2eb1225a419ff529cb3869a417b602,0b517ebf4c4d39c2aa24e29bf15a3896684e844bf236e3057162dd4ec32b9239
R75,nominal,2338,0.005629678541007377,True,True,640bd0ff0c084fb298841a851ff8ec5d64faa882fbbb4d165398a7a90bce1620,1ebe532a1fba0ff1993a8f16260a0c39b6d074f59a0b6f9e1f79555d773e4b5d
R75,nominal,2339,-0.00019584341737999278,True,True,af2c47416cde156b4f73c1787d7bf4540e2bb40f7c1534d9e83813eab8f38fc3,707eb648fa148eba5a72e7c9b60364a9e764e3cd471810fa595a11727c4059f2
R75,nominal,2340,0.004668534955854398,True,True,ba1fec2a85906a79c270edb3a7bdca07bb38578dfc1974ac547764fe9ae9fc80,f4de67756a141d6a40f412ead2580a63a1399c824149578caf122ad07196d73e
R75,nominal,2341,-0.016117910745068742,True,True,272214bccc924954ca16b979b884d2c6cb8bbe29f3f1997860149be7e8c67e8f,d10e0c5fea8fb262cf792cd97f929798091928de14219d4f2797174b17715e7d
R75,nominal,2342,-0.007875805683095316,True,True,746e59ad5ac478b0a9e6323f8b1b8b9c2bada34f3e5be9b5ee73b4528b76a107,9b81940dedbb7ac4fe1c9879b89327da4d90bce0def5dc2b00c8335501bd89f9
R75,nominal,2343,-0.014490904949310601,True,True,5e76b48eb6dea0056f07370dce5b8bc0905ae1aab56a1745abb2f5fcdc894c16,8a0e7e16d211452ecc66bb604013e540dc881c06d4167b34677e2322c1ba2a8b
R75,nominal,2344,-0.003297426899272704,True,True,d0adde7a7dcabb666e84bf51e3d0244049454d72f8435d9d1fa11193eed822a5,a114d2d4ffcb9e6f4f1c00e6c49804fe3bfd00b06752cd01d9e137cc0df840f9
R75,nominal,2345,0.00028645485434375395,True,True,0d1b894a873fe7e060f41d81e72e7f924cc65ea1374fa905188dff01110ae974,c3077b762d35fcd81829799388ce2b1f558af1045cdaef1e2cbbffd4917185f4
R75,nominal,2346,0.02193573107443647,True,True,6b54b0580a2e1e7c2b1795bfa1b01c8d935d5f8ae22eb5bf26015c337728e8f9,6a4c27bf045590224b9fa86817c4822b4c71839dc394fbf0000fe1d65195451a
R75,nominal,2347,-0.021267635434649323,True,True,60c14001613468f219c4579e9e686ecc3b2f724b817f100519c3ff251d637268,6420207c20bc1d32910f843b7e3931efaf07318115e6d79d1c2aaee37fc1f231
R75,nominal,2348,0.0015615324364919303,True,True,622b1cf96d60be02c939b67f7c30f87f1e9a56be9d4322497c454fd22c15f1f9,4937755dbb5087a2c661ff1d835b1e962537527d4a2f91d36b1d95da0047fe60
R75,nominal,2349,-0.017450043093291845,True,True,b0f0280b27ed2754e14b51ba4e249eb764825a312aed5e8a2c7d0ac76a2f700d,3d18b56bc1f4f95aeb759b92b6f62ea91cd99865670a9cdf4aab239fb06c2954
R75,nominal,2350,-0.00092932042998356,True,True,5a56df09f51a7ed0f9abe65301147276d1d1daa063f2f8904ac57b113bac783f,cb179199c08c89eb4c0b202f7d3d38bc67ac792f2eee60ef1b503f570110b99d
R75,nominal,2351,-0.004201859377886141,True,True,cf4d17d617b74820585c3a90c703242cf885a4687bfe780ecf67accb652e9ad3,d7fb03b98d4e82c3a379acab77ab1f821261b431b6baaa598d8da209b444a8a0
R75,nominal,2352,-0.004972300186549039,True,True,f0d747094ed934a722c585d8d8c8910e6e0d8c230cdfbc5ec4f0949ccd2f18e7,a361a9547fe83bba7058a5c2c7e2f3a9e1e6596a3db1d4945d124306c443601f
R75,nominal,2353,0.001364653715051456,True,True,9c02b7687012d5b65d7ec4359321f42312514d0d822b4dac7d3ab073bd7799cc,39bb78153b4db5483c7fa348edf01d728a502c4917a5edc1781ddd4541ccce04
R75,nominal,2354,-0.011164599422399779,True,True,68b209a14a1886aa7f1fc4301b9c3bbc22a08e9cc942864b2db6c39a0015654a,44f8b871ee064007f20fbf76250046ebc8ac3c56993557273fdc68d2fc029c7e
R75,nominal,2355,-0.003239708974592137,True,True,816f4a468ef093bf0d66f9f3ee20e9db435501b80e10926987aa587675f9c160,6f616b5a3dd2c64d29eae54980cdb20d8dca944be5add00e42b6b9514fef8bb8
R75,nominal,2356,0.0124176461095179,True,True,d1e0f2576c8ad68b124091d3041da3a60b84e5e35e68573306b18dcb0389ffc3,a296ff3cd617efa62c5f0680509052c7e978aa7aa32c653b6d09dcca2b8c9671
R75,nominal,2357,-0.0035211792366894867,True,True,af202b8b3f5c0b74da4a98597af0baa3e47ab473a2f037859656cd9d23aea692,e170b58bcbff6e2846d42e0b1c8010df42c4a754f4c2bc794cb43533b2f0d06b
R75,nominal,2358,-0.00916192436447194,True,True,38126a755c9f1a97f29154c2fe15e44d1fc92dbcf5b47fd834466797feec4b4c,13f756bbc8691ef460c931eaaa2160b817dbe7e4acffcda2d2adafe2b86e86d9
R75,nominal,2359,0.002405986360230594,True,True,294bee726b7787fbb06fa426f5e7a6276508fa9d865ba28c8119305cc34393ee,4a6b8e4c6828e444a1c84a5be1b90b17d1cf1f11f362a9f611253c390094b955
R75,nominal,2360,-0.003666552032215109,True,True,51340051f93ef51c3d53964fcb46c6641fcbbe14cc3ad6f689c1b83bf72c80f8,355dd9ed0cb457235764391dad03d82a05d49667daca61fb4c68bfb4f0f10835
R75,nominal,2361,-0.004944411242940372,True,True,01d91d90a43c7f779dc204f08e6e716dc0f8c7421f11b1f377d5da73200a81d9,0be08e6aedfbd350c7a9c9e23452254103809fd497f4c452db913914c2816211
R75,nominal,2362,-0.005221934538784501,True,True,ac3d21dbfe374da4b7afc80c7776d904315f35ec2801b44a177d7523d28803b0,303424f73fe9f9fcc43a5c141adf75547b418dc11dabd0ca8c8fcfb6296651e8
R75,nominal,2363,-0.017465123195954946,True,True,042cf8294a8a90152b3654b26634245be06c50ed608260c873e07cc29a73b7ee,0f4d4f3c0959c8817a4fd7a9a0c22862d22136a38bab9825fe946ba684e2e868
R75,nominal,2364,0.0007571404460500197,True,True,64aabda88ef8ac59c155d0a2bc851218850278c6effb802dbf5a3a976d0478fb,2db7bd605db9195976e96076d61a84e9620ed427d5a954e743ae19bc6930046a
R75,nominal,2365,0.008980826675712983,True,True,30cab645ec8d1e084dc3219f2dfd1c0df8f4dac75191adb3bd143ceab6816098,44270c9c78557387b58b8fcde33dadaa607db93aa9516f0dc59d45aa68580ac4
R75,nominal,2366,0.005214159222906245,True,True,4108946a690e8629a3c07bed08ce551a52ba760f6c743fe62ade7e5b9999c4ee,07b1205c10634b31f88037dd3be64f08d4f55a58b6546e1979903577b52d9472
R75,nominal,2367,-0.01939671769445578,True,True,14539d9ada5c3e8cf500e495fa322dcc5ba863795c3ab05627ca3fb757ecab1c,71bce081a48a0ef54f8f563bd616a2f738dc076cedde259585302bb69bf80354
R75,nominal,2368,0.015866993526576834,True,True,f649833fba9211e0038976bafc459d611ae477e42c06d75379fd06d0de056aca,2e1d1cd90ec5a37419dcc00d5fe6132a76096b590b25739b3f9641b093dc4a65
R75,nominal,2369,-0.006315929960654831,True,True,b57c12189cec0eae8f1b9f5d5571a8f0277f12270342a36d5036b073d4ee575d,429515c5e2320f4d0a9d277449d0671250d28560091396a379444379669ecf0c
R75,nominal,2370,-0.0019031325668380505,True,True,1ca9df1dfbb35e129a631918c755818e7f3062e97b67514c1d8a1b8a80ef39c1,fd4a17fbb0e6057c570de695af329a8a2ebfd879121769bd1896d1a68c13717c
R75,nominal,2371,-0.002667476546808545,True,True,55015666759772184489abc63a4f31473c1a0b2502812e9fb3a2e41c23f33a15,c980ffc834395a432f3e408132262da10ace6b904f4659f28a57c42246465f73
R75,nominal,2372,-0.017783434211145865,True,True,1490df133224f6bdf4c9cc83690e70ee35c028a85eabaa67db321b8ded02db8e,3a80abcf771f94e7267612801bbc1dd43a9c9a057f95761a4be70508c0e66a0e
R75,nominal,2373,-0.0010395792250383895,True,True,894670c428a2052df245e3af320cd4a1e8e46df0fd008ad62483c797caf0c222,7d79fe0d722679373673a6a6c51a39f37a97fae0290d93e170550aed9950ee1f
R75,nominal,2374,-0.0015825977473166164,True,True,774d120036b0ed3becbe2db57c158bbeed206c907256264d72aa1218ef0827c7,3ff0f9915d0c4a8c17a2fc6aae71ff36ad35b6394c327faefafddb2ee0e6a622
R75,nominal,2375,-0.0007476852975989434,True,True,969000a387c5bc0eecec049bfe73d8176b737d13f6a02ed4fe8318bba20b4408,ee267da08ba7f16b9d5aa95618265e382893bdd67646eefcd368089f5b1572c0
R75,nominal,2376,-0.004399564508351994,True,True,6f92bfb6068f2f76549275c68350b334dad05504bb3028e15caf0d8c679f0b84,613addd8e6c0397b54ee739821bd06adac46ba5a95d2cf57d90d027b231f4b82
R75,nominal,2377,0.004722356683282247,True,True,11c90b5d141cf9bc9bf5f92669f83895a28570c5f303f1e7230de14154d91e5e,ac63e269a9227f6d41822b2f366cc349dcc38a4ee5aa1fcea2f55f04e9af1d39
R75,nominal,2378,-0.003103759420034491,True,True,8b8d8d411a8616d2ec0516ff6a4afd0387d92039b43d2217c4bfc59b8784b0f4,a92669553b3fea836f8555a5a402caa79ea0d80e5adf204ada72b9bd1f455aa9
R75,nominal,2379,-0.004222783450303358,True,True,0183f849463ab8a42d01f74f04703c524c9f808c8ad810a0194d4931e1fa6bdc,eff9892177786a6f3e41c35585fd935e5d0ca1febc7ce126a96ff4bfe461c486
R75,nominal,2380,-0.005838607852811872,True,True,3fadae75e6f87e2b46490b3ecb83371a9388629612ddc5714a3bf16af751a694,068d705841fbc4571d1843c288547484e29759e9dffb0a30d19be12a919e527c
R75,nominal,2381,-0.0041392603741938205,True,True,bd6e628ef844cd28e36e5d4abdaddf86ac5f7fca0db82d8629f60d92ac8afdc8,c4ce61c6947ed1a7e15cc7b371726e04d0ad99345627728071a56b390a0df167
R75,nominal,2382,-0.013992157122639681,True,True,c77ea521ec618e604c24aee2b287f0cea86669f73713ee0c8d78241f9152b9ad,d351d3d522ee13b8e965df7b1c86af00bf343828405b17b3cc74d984a9ae79bf
R75,nominal,2383,-0.014445592340543878,True,True,b238f020d9bf77f709c6509af914e03641c47de8b54e5b98f0248aef6e727f1c,76f275f22c025348e70d2779d9c68d770fed3dd179fb5f1190b75c562f192810
R75,nominal,2384,0.009750233172002187,True,True,2d3b63049e42cf67d524c896b368391755507356895525de1c10de4234283b10,278610a6e06a9a3c7b394b8ec3b77edda9cf53ed698554dc3cae5c49bdb1213a
R75,nominal,2385,-0.0024968313501702033,True,True,7157fc3369a21e0c080d83bb152f602d7c5865b29c7d03eff00f1ffe0e9e6224,f2346ab7555af7632606bb7d40f45c507ee96a9f52a82a4bf7f27f7889c8f627
R75,nominal,2386,0.006717478200547133,True,True,ccbee839a4a7fe2b4d991de8ef3a750d077ed5241241052babaefdefc8729470,129f8532ccb0a8caa52e25e1fae8fa57ffaf8920cc1432942347a79540b2be07
R75,nominal,2387,-0.002222813208956287,True,True,5727a2654c2092235ca8379984c2c6ba124a7f8dbfdabb11c39555a798cb9382,03432361e73cbabe3cca7773dbcb99c77e88f4e9c3e3375b5ff22f71367181bc
R75,nominal,2388,0.01025712318962313,True,True,3a465f555b60a79d9d37c3fc4fba652733ab6bc5193ccd9d5535186a50520efe,699274fab66795770d2672af63b2f903366ce933f15030489502806133786104
R75,nominal,2389,0.012248259923557159,True,True,af8dd51aa4529c1b08195579828dedbebeff0ac78a1233aef8846a2660978a75,100446f50d46ca3dd2ae31f55dee221210890b88384c1e404779ee92d054592e
R75,nominal,2390,0.005336965617177891,True,True,d2dfe0e2a9ca9899134ae1bfc384462dc04b73ea0ba5ced99ee7aa5dbf8d9323,340db3ca7577fc5a79452e9b47de6eb73cbb9472cae51828083f919196a84fe7
R75,nominal,2391,0.013543642116577326,True,True,578f723d2fd245765920bd3120200ff36f763d2ecd11e573b2bbb70a4f8e19b9,3c1eb39d0fd62c42ce84dceffe1166a4b30b26e60947da2121bd7b0b41775699
R75,nominal,2392,0.01235045444441174,True,True,28837326d9cdf9cf3213af663738ae2326fa14a3c012d47660b60e00a864a931,eba0f4ee40fe970977fa06f165c22bbc12a5fc856efc2555a8ce63102e1f8972
R75,nominal,2393,-0.011957721789007558,True,True,1855d4dca430e6c682bc80117af1771db43302f740d6948e3367ff6d6e037897,d9bc1226f61a2585ef6cd4cb94d5b1ddd2b6634814a4b93babc9c8461f494b92
R75,nominal,2394,-0.00010948706466334945,True,True,4aee3b3d14f620320f972a0fb2710a818bfd6674d1e628b6daa9a9c946160e27,f943965a95977eb6e56b83274b25f189a13aaedf38b4c660803d412b35092b89
R75,nominal,2395,-0.005528871505610211,True,True,b8e32c65d734de3700a28356ab13fc5b503820069d14344ef07aa408c4cdf704,e3ec2df21f5d714f8a571faf2941305054898bb1ab45137a1d18536bcc076bae
R75,nominal,2396,-0.01504514677444968,True,True,20690fcce73727d4fd6e3440180857bbb0a4dd6a670cf0e8efe57179e7b792e7,17439aab03ffce95f10d67d176c651ef3de59cad6e8f8df9343892791dae1984
R75,nominal,2397,0.014047836546541959,True,True,77e1ccf28715a25381035eea26dca09b50c1ac3cbe6bc5522a7ae40da2fbf631,cd2e84812e2540666db421b591e5871adcbd2c7a32c74bc574981890bad4da28
R75,nominal,2398,-0.0008682255915757331,True,True,66a11eb5cffe7f7bf0702a6988347021e2905b7c9575e41897161bb45a822853,11e4d183f6de7468ae0567d12f739a73826cf974f3d884035c7ca9485a54c4f1
R75,nominal,2399,-0.010252237957982802,True,True,4b0dfe87c98e707d96672dd849a7813b8926971c95a977542f8967d9520cc31d,a47a8df58c6849e43db324c4154c1cccbbc7955e2495970651c34fb4810fae8f
R75,nominal,2400,-0.002146475403868031,True,True,4bebb42e72848c2e6c7143041365748e5781ad9da0e40c54c712008b0e7d0802,8b3c88f9582215c2653d1d9945d3335e73e2eb9ecabcd75a2c3972dfde02866b
R75,nominal,2401,0.007848342130873154,True,True,4b198c2112a9e559eadc99b2327806a725dfaf8aa08f42f308d2b7b53ba0b486,9c31cf79a7c704f15cdd836a420554132ca07e5f8c4c92200fc5eeefc03cd954
R75,nominal,2402,-0.00021168324710146846,True,True,b77ee9f946c4fabb50b4034a051fea35aa3472de20b7195a87f6388595b4e3da,996679de2b73ff579b14086684275ac584b77a6615d92bc7615a4a59bd7db306
R75,nominal,2403,-0.0011572672831505204,True,True,c60b24c7b844d33030ae223efddc36692d7a66c0c2e080b1c7cc89befbbda506,2eb1b128ae2d1322f47f70fd976a82bc5c5b0995c50fec81fbec118e926e3834
R75,nominal,2404,-0.005931645058727564,True,True,ac8e9de87b2c2bd589bebc282365ea4b7a77f04241fdf688d9d0493a59264c28,c0968ab74d702ee35139bddddf87a11f02f074cc3a1c6e5b8b6e87e0fed745b2
R75,nominal,2405,0.01576987169410693,True,True,0bfbf325ed08b8c25946a639d29aedb8688dc0b72130b83e30b899039953f51c,1abc3418f19cb5f8477facdec988b3dc7794d12ad64a22bedd5e9948f716f9e1
R75,nominal,2406,0.005758282938394643,True,True,b790031fdd7c2cc478500afe3cdb29a85867936c40c401143796d40e5939d284,2fe6980755ac596149082bb82c9878918809cac6eaceac7e2f761045a4523aa7
R75,nominal,2407,0.0065429831871303135,True,True,bc67ecc76a6bd248a87225979cd69c0be02c38ccab28ab119f58a3fed549f7c4,00bbbd2f687a3eaf631247675a0e9dce5fa46f352a46d146fa03f7961c8cb0cf
R75,nominal,2408,-0.015304041918842048,True,True,e3038b636eff5341f2c0481b5455502a181854511d28799f9f191bbd4df148ef,5b3a0b37ef44b1a7bdeffedea3d8b4cda595a2e2f7304ebae5911866e3a54a5b
R75,nominal,2409,-0.005148295336036557,True,True,6e2f6785954bfcb58156daef40e8a9260a37c5207ddad47a0c78089c82d824e2,d48030d154b52857d412cfe187fbcaa60fb080e5cb41d460304e715512a56111
R75,nominal,2410,-0.012763441648965645,True,True,142174b7524db05d57e9f72f5b508aeca35379e71a719f08dcc5ab3cb66ac7f4,9c6bdce7a72da06051e0cbba5f426f775f34fcd4b3f16576f8720c21be23b2db
R75,nominal,2411,0.007217258539237159,True,True,8fb06f29db63b8b39bf346ee7f9a2b94d943c4135ee0de85b271c6e441f8d27f,6af847ff2ec4506f5822e671ed75a853f180b4935086f3aec89f925951cb64ef
R75,nominal,2412,0.001883403748716539,True,True,6cbe88c088200eedc83b56c4f3c95090fed2f11e7beadab600b31faed6d8aaf9,45f6c12d62261116a6016a18cab94ef2c87983dc72b8ed5bcc029c910a33ef68
R75,nominal,2413,0.005586585251708742,True,True,a5e19e1310e68f818f86957754bc09d2246013f877b8214da64c818a4c95b585,d4a752dca4a8dd006b9c1b2dac27faa83ff1b767e326a0063c30c9fb5f8d69fb
R75,nominal,2414,-0.005913988352600097,True,True,77ca6094affc3cefb260c4746bf1e4dbc7ab9c372daf51cb31c92ec062b4dbeb,a35343207bf086bed4c116c4c19e1db4143a58c0c13760aa1d1cba0d61602e5c
R75,nominal,2415,-0.0012548620391134024,True,True,142b89df6a6815f0ad4a79cec0dcabdbfce1c76036e9519bd84c06e93fecfb21,77f59a366de525b8601ef0fc6d212f980076c2b376c22a4cd77cc3a29591c0e4
R75,nominal,2416,0.002621501884511712,True,True,f66a7802702100b982e21cf4d5c0f8c3e2ac4cb740e7fc0f6317c99d281fff86,40c70edc828e0e538d67572d2db9c120fc095e120764a2327af64501f8b6e2f8
R75,nominal,2417,0.005084422814359724,True,True,0b79253ffa375931c14aaa7f1b0e4acf1822d82535bc7e9bd934da69c3832df1,291183a7f25ace1b45c3fe770dc15bc6b3ace443146b1f858902d44149a65aab
R75,nominal,2418,-0.00564798006921341,True,True,3e9c83a16a5cd162ab4bebb0aa5615d188ac780aa202fbd33e494bd5a885abe4,5016bbb30fe30b89f19919fe2d9621ea30b84046aa28ab2bba196d68a163a701
R75,nominal,2419,-0.01001431958418264,True,True,79cc9e4c94799a6a5f4f55e09845397a9a24f22be10731a82db223d1af18c45a,7327784e04fc8c3eb3283109febc6f1bc7915da099d8119d2ae98d39575365af
R75,nominal,2420,0.0005361710672788789,True,True,9f285f017f3bd417a3697cf17f972a1bca2c5ff47e3e354240614bda33e0c07d,84f8882e52de3e215886c01e4e6e7a4ccca5af66bc6237fe84167778914749dd
R75,nominal,2421,0.005815431681916783,True,True,b7d97962b0dec74abec7ad300d5a0225027976adc83b580e22a0b39a33cd4c8b,e672414493707872586c002310f2f2a92fb6f8c1f2c804ac4c908194ce899c76
R75,nominal,2422,0.002137906954878699,True,True,3543c1c617514cd2460dd4708b064b99af19f07aac9d5b37450596bbf4619d2c,824b6aa172184e47679ff9acbb36e96c239b7a2ed0b5eee696514ec461788a7e
R75,nominal,2423,0.003340103123329108,True,True,4be54936ac4fa82ee748bb691727c702151f4bcb155bf9057aebe0a45b1eea31,473af1e1d7f414a85b45e2b53e802a8a49a35f90602c2c646bb5e96e3c6c319e
R75,nominal,2424,-0.010408389329657597,True,True,bd33fdf8d51dd418cf96346da9c96368a3f83acf591d9772545f80db215d3c99,e8a32443b7d22b0bd1965998a48e9de8fb8c26a2b725e48fa92329bf4cbe0325
R75,nominal,2425,-0.006778597143966447,True,True,8b84f35ea06c40d5ed7f75b478fc7c85e2a5bad47243d6f9167e4cff330b07f4,ea0d906cb79e90a6df5aa2abd819300c488a09bb256f1a51bed980accfb85956
R75,nominal,2426,-0.007100022992259314,True,True,92dbf6b6abb10c868b7a140f571e36617edf6f4e5dd36cb2803b4408a2195884,c5291bf9350e60cb13d62ce766f01422048fea54afafb2f158fcbf25fd1c2317
R75,nominal,2427,-0.01565761086174483,True,True,ad8d391731eb757e77aa0e739d2caf6102a34265cdc4a264608f9646c5e28776,5abfe3b47e693009f10b10dd2342e8528bc3cbab98fec3e3a8cd0e3f0751aa3c
R75,nominal,2428,-0.00806234920847948,True,True,9724feab986882cdee656fddc33e922333faabfa63aa0ade398b6ca7c915fa88,0fa6426d99da46183a74c540819a100b3c890cae838ddb0ffb8f621c1d61a24f
R75,nominal,2429,0.009358219312402216,True,True,209296ff6fd8bf4b866a8f171a899d3d306efccb0fc9a909390799512d35f300,9f568f69d11dbe1d950bd76dd11bb067acd099cfe759f9b532cadd0970b847f6
R75,nominal,2430,0.0027994830306699026,True,True,f1fac9ed779b063aeca82f856f04f13427e9b5a0a0965aa6c564ea0d3061fbdb,5dafde1c59f07b71596ed5008f50ecbded6535bc37efbde56bf56c45a401d0f4
R75,nominal,2431,0.0046986678117661995,True,True,70c2349134e8251877bc35604485d0a4f5a237c7a0f250b701615610f95e300e,7929f34a125cb44146a0320ee8085291a02433654ba3cdd693a9626f1deace18
R75,nominal,2432,0.00513231125758884,True,True,5dea6ecee18b89c5ac9f208157e45d1ffdbc0e2f7a742607a72fadd682768640,c210f7be8c05d1ae465239ae298c4d52c5f36edca2e9a6bebeafd246b030c8cf
R75,nominal,2433,-0.004497976279380478,True,True,2a8ac3b73022091c580c4cfaae9c7505b6491e294811a672b1ab2e3473a3cf3b,2a2c494ebae5ffea0fb5315344baeccef2638ce6690b0ff665bc7b52bf39f545
R75,nominal,2434,-0.001989416240794628,True,True,24956e886b879c9c2ff629e615119949bd3054eb95ac5193851416722ca9c920,b64fa97a265e59e39452788874cb692b0a73e5304e26f335f235fb9c8751d84e
R75,nominal,2435,-0.005795540018528611,True,True,b4bfede2c702ee764b811c7d258ffb769565840f1585980f287648c8ddb6c311,1c82c7edaf1d0363bfb7d630db938163c4f25d0cd3a59c8740573e4710cb148b
R75,nominal,2436,-0.010357158156346025,True,True,c61341a08ae100845889dcdddd2b0151f813c7226d08fbef48a19f3d9604536b,41f89a0fdcb894388a78e4bf3f1bc902ee02ab8cb67738a683e72b79ff26330d
R75,nominal,2437,-0.007205909400622157,True,True,0996cf2ab1e863725be470775fe33267905327a2236164a95c942b56bb7cd44c,2a4bc419c0fdcd1522f3009815ce13822dd596424664aa5e0bbf752deddb80a6
R75,nominal,2438,-0.017789446262654773,True,True,b3ffea51008235946ca209ed9e515fae69b96bdbfc2a1f653aa7318da9d036ec,7bf00f2d1713e14c62f9076c3725da6a867cc8005944ea0567145bc97284635c
R75,nominal,2439,-0.002901704105007452,True,True,a14cc6363bb7bd19f33be340563f4d5031f97aaed6fe019bb4bce94e07a964f5,3c4c31d9bea8eba2cc24effd87f7d7545f122def729ac94e786e7ac4523d4279
R75,nominal,2440,-0.006429205087144285,True,True,9ef68b1b13d68e63b558c8b303dad7385d22ccc2bb42a171cde32df05d128f2d,3a8e501ee9e8b0e86edbe3b8aecba164c074d94abafd304bea771939dee9b302
R75,nominal,2441,-0.01129966868750032,True,True,544c1639870104f6f7f6e214f1662a261bb4971e3454f12cd8afdc97cc35b13e,77b7ba8e45241298e423401318ba51df81c8cb397adf53aef854026288df7462
R75,nominal,2442,0.004544174017710012,True,True,fd7d4a189150c73815dbf38789cbed8b8cea137a06acd0b3e962e105d97b2b48,e6e46ca4357728b9937b679d1c4f7388be69065aea8744c8e88c2b5c60adf482
R75,nominal,2443,0.004879224368037116,True,True,b7c71e01b2889843640cc4a645b546a030f08871eed191cc746c7b9bc6d319d0,42550025b2622f762e3c8b2f3bcd22b7127cfe78809b3458ecbd8effba1f13a2
R75,nominal,2444,0.021420451099895876,True,True,eb3eb4ee13d30d0af80c2fcd2314aea4fd3e7dfa42465c986e5f62ae3dc5eda0,5a90e9513e4f55d56308388b91b3dc121f1648e2c8bd04f785ede7d80fe3c50e
R75,nominal,2445,4.237480356494849e-05,True,True,f1e4b4231b634ec66c59175a8ab8efd41ab75e3a7d20d998e04cdd258c4a20c9,c2b9f001d554f2f982230aece02c44260e29922626af0694ff75ab5ebcb44c2b
R75,nominal,2446,-0.018471168400297,True,True,ebcd9137b89432f965cd256b13a521bdc3c1fe5ce1797743710d9be395f01cba,b4b65688e68b233109910edac642666c605a74aa75e70cc0c93b9833dacd6087
R75,nominal,2447,-0.009139902772316466,True,True,b571d1c3d4ec12d5d6f33ca871649aeedeee70aa84143f54175d4bba9977fdb3,c043abfea86a5f3fc58b4b1ce019750eeb105aea52f5c7d9e30b9bc6d025eba0
R75,nominal,2448,0.00395224445497222,True,True,0c94469db46a6670b326941e70c2ea9b99af38d6b1a4d8dbd65282ba684c1840,01d2fc8376b92a75a57dbb7ebdcabe2368ef02f2630a0452b3b376dad157c02c
R75,nominal,2449,0.0038631845020155042,True,True,555a78628b02471a90bfa0f8e83177265639b43138bc36a92d934538d18a4dd7,71a529f244b289087de61ac39465fc7e1becd4eb36c9b14f0ebcd5cb0e5e3a77
R75,nominal,2450,-0.011124347101942378,True,True,eb79d4d9faad8e1608f8b34d18b390e8b0151fa2d2defc36659c8b144bea6e17,2ffab8a1e321e662bb121e5d823990f5dbafcf2a3c2be9ac66155bbfd16b533e
R75,nominal,2451,-0.00707060859360803,True,True,da96114bb4ff5b06fdb0202a16dba0435d58a6ebb5023bf246f1f3699679b563,aa19e4b7d74d0960fa32e894f4c6a6e929febd5687ced977aa109516eeefbb85
R75,nominal,2452,-0.012788789452162663,True,True,e7db01866f82b8d4614bcc7bff1df14095d9eeee0d0681c366d4a6400b993342,6e7f29e8fb629b7dfd72980f7037aa547c75625697084ded175d93e447303f7b
R75,nominal,2453,-0.01636733699790105,True,True,8c57dba3f3c3d132b7b71e25639aa77509607655819f5b18abf278c002a0668e,2cee616f634d4e6acd554e9e7eec71123f6e080a8290bc24f72799ae6090c7f7
R75,nominal,2454,-0.01133779027054338,True,True,3edb7eb6de7807a0fd8829d34c9d9a8094094a36008130e7fb7a5feed36a8019,3d0c40d7407542383f31ac8f91934578dd6af175574f74d9ba8403cc7b075aa1
R75,nominal,2455,0.004221508993952017,True,True,f76356dba3002fe560b2d27fd1bc885b91b1e1680788e951e5289f4f74ad894b,b8c3cf8bd5909602658597ab4a17606a14ee9781daf24dab675bbf50887c0a38
R75,nominal,2456,-0.0009999995919788285,True,True,17ce66f7e2931c48329b8e6e971cc465992e14eebe8e3fdac3e6343f0759e51f,d26bbd9c157c9554ee112021d2d3aec44c51648b0798019a638e816ee9cbee84
R75,nominal,2457,0.0025880992951043957,True,True,4b9eb54e93f287a51ade6fcecff34c2d779f67192dd01a663b28dcded1c27bd6,d07e8a509ab440d7a67bbaf2d8e6f9d7a4c168e24fa8280e53b522cca8ae5b4c
R75,nominal,2458,-0.001025919555760868,True,True,5f21c3194a45fe8ea364defc4e13854a57ffa68b86c9161d91b7a21a526b6dfe,12614ac853945fcbb6d7e54851afa742cde8e465af87542b9d81da67b3d14f8b
R75,nominal,2459,0.004380850756926291,True,True,11ab6faed7260b493c5d25a749e43ec6dc3c4226c44e4647cda65846d5554007,3c114e4435148cd038d0a431a8999f17d32e79bdd5080d01946653d52f9c9d6d
R75,nominal,2460,0.007376104949812445,True,True,335519601eb121593576eaa329a33a71e1e485d3890db68b32a15a8ef76f600f,255bd9e90bcd960a2926aa3c95493bb3439769c7740c5dc1a05128ff485ae842
R75,nominal,2461,0.0011186828523126469,True,True,f54be8255bb9be2722d2bd8a3480db8d21a81931dd3ed944e03fe9ce57b57481,eab571adc8545668066d160d87d4d17ae30fc7731a7cc04a5ebac998e235cdef
R75,nominal,2462,0.015758856677878574,True,True,5367893f0061c042ddce15c4747ea75072436575e26ef4228a763ce35daf81b3,ed9cc6d61ee2ecd21cf5ab1d53ce52ec3f8039d2401caac5677341b7269d726e
R75,nominal,2463,0.003971908963595561,True,True,b2540e8866b7e252b9c75c4fcb0758d389aaafc4ef7487aebaeaa60ed6813046,8639d640cbaf8a8e34fa8f9a1ff20453c7b1c75ea506f84aefb1f3b2b84f2602
R75,nominal,2464,-0.003892610942422159,True,True,88583246fea9bc2e6f973ce3c2bfbbed7fa69cf0a614a2fd380f57754cb1e309,bdf39069f0dda2f7d525784bf1e3d2b897ab45d93ca89defc78256df6debc248
R75,nominal,2465,0.00301745106043394,True,True,90f2a20462125bf31a33499725dbb5beb34303f605605f0a41b46f47148973d5,9048d9d66bcbdef36099dc9e926266a10a575c06cc6c976d165a51ac94c80869
R75,nominal,2466,-0.01239384414880046,True,True,9b0b9bf81a0815fa2368fc77f058614f1c477494856d5757dd9be031d6c6585b,047c040fcb4bc9d9ec9dd4a2826866ee29dc76e6ea112e228db17b0776356fef
R75,nominal,2467,0.0009324966509365318,True,True,1e5afe5a1904a4375ef1b19df96e7c8edee2542dee0a64725d4a5f3130cbffaa,9dde775b1eba39ee86d6e617d7cb6a1f60c419491e064d5a94bbe545c069924b
R75,nominal,2468,0.0006678057163271856,True,True,af9e8084f70f6dc4c350f62f99f6b90f3bf068941f6e58066f29aa1f9006c5d4,8b1bda8c54844f50b7b436bcb96377cbdd652561ac148aa11eb0409abf07c6ff
R75,nominal,2469,-0.0050393624423320516,True,True,81537becb64912bfbb294b2d6d5ac1b227e01570146e330c0449e99b1d087336,da645ab083731dbb71bdf29fcd098cf93a8203b789d09d577f29fa3da292a595
R75,nominal,2470,0.0038960734198029146,True,True,8dca1f71c7e3651f11e7b8aab3eacd64ab94410fbe08b4732475e11501a33ef6,c33c4cf1ec6f004ad54ea9aea7b0d1f82336c57a4eecbe05fa1e5b709f1fb699
R75,nominal,2471,-0.010026500051408815,True,True,48e9ccaf78de1f64921388d71b445f0284a86436a7932cdd35694dcc72b24dee,a49565a4f5fb1cf6a4f0874bee3fc4fb9bca6ed1849a4883ae1394ae4834770e
R75,nominal,2472,-0.0003350020946136234,True,True,265edf89d93b6f7e2abecaa5c9647d3e5e6f24637638c34caf4606af24ee8eaf,d1e5e2773ace7cc3a0fb1d6ac76b5aa2b43547e588c85cf56b26ae45eb46286f
R75,nominal,2473,-0.013169444053122092,True,True,945442c492efee832ae43f507849aa9a871cff9cf1b1870111e2c513857ff7b7,01bf643b1e5f1c09c42fe7cdb4369bf6fbc3f2848bda06812c244adc26ab7603
R75,nominal,2474,-0.004615904142536764,True,True,d2ba223702ddaa70fea43b766c563fa1ed230b86e3b3bf177c397c944ca365e0,11a9df2985f3b5f0ddb5d394df31efa93116aeeeb81b8c99aa7820425d8d6651
R75,nominal,2475,-0.004372207274137396,True,True,92ea57fc3a559f8b56baebc902d4497b6013490ca105f2ac68c05cb54ca2b555,9228b83a4c688fd8a76317f9f7683affdb5bf3586540868fcfd88df47638d2b5
R75,nominal,2476,0.0046181909129804355,True,True,0520d446130d10f20e1c4cf4f3c75f0a79e03d776e9406a616cbef5a44510b59,7ebe44bbc25f7f9bc920bdda3202f0baace95543c236334c54bcec04e5106fa5
R75,nominal,2477,-0.001098490695679466,True,True,96127aedffa49ff19a5183575f02225e79c4cff0337d07015d39e66f4caf7403,c9bd33ca346835cbeb648560418f1e6e038aac4379eff991d8ac999580551879
R75,nominal,2478,0.015346479272133062,True,True,c43cf96f8ad0b61cc21b0f703726392acd8eac9094aff36b529ded3a4a4c2bb6,cf1be4872c2a4822db69499137330aaa504bffbb58c03f84be347f07995eec26
R75,nominal,2479,-0.0019487868616748782,True,True,a9054b0b606623c5267fcdb2e0a8d7f76acfecd328ec3168fea772bf8c722a57,b93fcfbfc744ab032bb162948a2a36b2480bd188bba4f14555ae38df9c83fe93
R75,nominal,2480,-0.008275568008588086,True,True,4ad910bd26276891561c0ae7397f30cbd46bc26ca9617b606cb32f44e34e7643,5afd6267aa44b8cad7e279ba550bb898d61b3b3976cb70bdd15d6c9e601dae49
R75,nominal,2481,0.0042384641663193445,True,True,3488e2036a4f6ddd9d95e7a8781a20feacbcca43f71794857e6933fc603b9805,f50d70f65b8d729e0b7760a36e2f9d83a53c09c81dd2b9b0ce583caad57dd069
R75,nominal,2482,-0.0024839402790090004,True,True,bf9266a0c6794d23c2cea020b6b1e042398a7e0879d519f4a120ff82d9daeaa4,20d094cb65a7319194b03097b85518ca48f2badc71a04950363ae20eac689864
R75,nominal,2483,-0.003833517831108968,True,True,e283aaf715970a43f984db0d1c16eda7720488dd48d5033f6471fb325c0779bd,f356410becb7d9d8c32f040cfcf7e095e4355ef7068e95e871e9289c8d0830e9
R75,nominal,2484,-0.01869819196348793,True,True,8dc44dbb4edf4f5cd8e67b64cc351360cdacca93933b76a2f48b5d39451851bb,6ac6073f2eea3313877ff93f2bc1977c9e756823ae23c408b4ca3ddc8c9a4054
R75,nominal,2485,-0.0022906177998091026,True,True,6feb69214929ca165de35c19aec73b9fe8bc41421d8d805b3ff286c9ffbebc14,a0d5b2537ebf6f5d69865c55494c7f510cb15e47b1ed01ae2e1448a5be2ae3dc
R75,nominal,2486,0.005364347061994179,True,True,bbe1fc8d834dfb8d354ea09c8c3fbbe5af979a4fa2aea96fef233190619b2712,6ff832e3603f6d3a563fd628fe178a788bd99553c6eb30d95b422885a153bef1
R75,nominal,2487,0.00846082973883644,True,True,fac20085abf3017a25d0f4970594c37da7cf593950d380eea6834ded6a9810c4,b384be0f849b37565236c479f59e92bdc96518e32e7a73df7ed9db10a69c7a1a
R75,nominal,2488,0.01429288066098533,True,True,27d27dd4c86491e81205d244e1270349b2351f0fd73771c0ad9dec21dc384954,c8a010a5eab4ffa704cfccc1ad0b9bcb2d59ed17bc55b72c8905ea31c01f2a19
R75,nominal,2489,0.002154688510003555,True,True,16f2694bc629c17c344bccb9059cadc62fc343d1f78edbcfd55c253e5d5af572,85a907620016a5c15f02fb6c29ae0d01a99f5b8ba90c00126b24ba1cf3d2aa6d
R75,nominal,2490,0.00352100608408501,True,True,5078d927209dfb8c7556898b1ab36d45e33f81f994fe6139e5c6d36d0262dbdd,3ecc30ce8d81e8471c4d4d8d4504c885747261d2c974166d2f9dec062ed249bc
R75,nominal,2491,0.022280550351975403,True,True,bf74e129a2daa6e0eabbf880d18f1c9fd51c78f00d9bf32fa10e4ef8ce9d6b1a,3d7c9abcc3a5b6ab332b1e0228ecb134e103cef5d890b81be5477f1bca485818
R75,nominal,2492,0.0045445294338160025,True,True,7194a8d6be1ba9697b4a906b660011ed4b293a883455943f56978a13e4eba449,241d22484929671186212d9400660fd7e0d6b01f4e42254f1aebd14af2f432af
R75,nominal,2493,0.01776979396769207,True,True,6efdc64a155b2b5d92e426095a431199de8c45c99612f207a63245baa61cff02,05967b47d5464337797b3b88b24ab0d5b5306ebe770baa9bc3bd3e48827d9f78
R75,nominal,2494,0.0033797510088965366,True,True,2e34c3ce4ff6d16fe41081ed025e9e18e322d35791ade1034aa4a5785aa12bcc,9571e0d8c9624767cb96332810429d040161438e730a920aea108268216df886
R75,nominal,2495,-0.0009463460054923711,True,True,fdf0e12044e535292bf19a8bfd2c65468a6807d1748509b80b6a2ea985380780,1252db15ddf12781cf9ac93064182d901074b70dff8752035145c825f4ba86e9
R75,nominal,2496,0.004432274374796541,True,True,74bca6fb2485e79a5d17b92d860ed8c1aa7492427c495bcc8053adfd11e695f8,b5c514bed607f8ae39e8a697527e8220a28a3bbe5f43d6399efc0af1bb629db3
R75,nominal,2497,0.013340567060551312,True,True,4616b7c5ba02c60b35d78f909061ebd937e9f8fb6658c213484e4c440274dc50,3226b474738a91d81710cfc620ae2bf5010630e65d4d7b9a0e12d0f4f2e7d992
R75,nominal,2498,-0.0004654272692216077,True,True,9f7a663c95d1cad6d5de42e00c4e9a50b8b1b37f23c298e8e9e9040e85d5ea54,b8375e505cbc3ff4d021b8e67e86c326768665b1a67945bb26af2621e11be1e5
R75,nominal,2499,-0.00890798503203255,True,True,13ca3b42159e8056b0abb2419a001e3721192c90c5b295c70fd7e2413ffcba8b,615e0465223e9fec74c5df32bc8a2d39dedbbad0cf8fa84acf2830d98cf11f89
R75,nominal,2500,-0.0024492526620560895,True,True,05eeb6da00d9af5e3a2239563492dd85f80cde4cbb3dfc315a82a92c0470e943,8d4b12d0872a205d69d89de9d31994701fa1ab3d49e50d88721111fdd1915264
R75,nominal,2501,-0.00681702926882749,True,True,73483ebd82af545aa2d8e5495e29ef17b37f934f98d09a03bb13b078fc6fb53e,57589ac50f9a7d2cc7227ffa7fa204a52b4620b4b7ae6a583a832b5dad0bf56d
R75,nominal,2502,0.0039028566525194375,True,True,4e8579a826cd93e2b157f86c9d08d85dbdc2ca3fbbb785a8f7e52e46b8f17bf1,e24c9c7143fd5d546b271a8d3d5ff6b548fb1b13114dbc0160f5150704c4a9b6
R75,nominal,2503,0.005539718791963022,True,True,a0943c05645923c67e89350f3820fd075880663766ab1b3c47f85bb8610e5883,5e6ba6d3a01bf854ee5a2477bac34b081f0c62d73cfa5a1fa94b32f6bda7b7f2
R75,nominal,2504,-0.004689678204362946,True,True,9eef6ad542b1f4e2b4f9ecd74edf63a6922b2eb76c56db4254e9199f31df58ec,8372b61d668c0b616e2d929b7d94039ea1b90dbda684dd7d81800b3324a1b3b7
R75,nominal,2505,3.1348722382751326e-05,True,True,8ec412431ff9d7c7ad29326a13cf3cda9edd3e8c01d0d639f565b5a4721f1a50,b590e1cf6018abdf4d6a6c00f1361dde36ec14c3f3d55d01a417151924f7028f
R75,nominal,2506,-0.007116366355072901,True,True,47adef8807d8e69eae732a8def02bacfd12574253a4bed3b299d8ca68f1f30c8,a110231e5049467ab8cb01f45dee8977361bd191a5bf469c51af4686818c1676
R75,nominal,2507,-0.0025340841871759334,True,True,18ace785e7e61c21a740c0777e4c67385c5465cdc98dd39cb5aae0bcf1c707e9,4da143d1c1d40ce4908be05740dd6fdd8261c0314e7dd215d359f7d754ab5df9
R75,nominal,2508,0.012410872188739042,True,True,1092051146afb427be22c5f177faaf823326d0532e71cd7d71c3eff0ae9f69c4,7884663f2dac212be0efec55f4572752deb262166b28bac5ccebe089522d1eaa
R75,nominal,2509,-0.0011186188090298588,True,True,dee9e691517de32c0878a2791eeceae2aae8877ae33ca933d0307c8f08b223fa,06ef2591213f848a3fb836c05403d298020e709ac4d370eaba01f18825385786
R75,nominal,2510,-0.005443392279638193,True,True,ed67d246f782e301f739a150e3d17ef4e404e49281ff443052250693cad095d5,590ccdd78f950339d51778706f19bb7c8a4fed4fe4c2a8b566883c184d505de0
R75,nominal,2511,0.0014928478390141553,True,True,afe9b45ad100fa62b5ee652f7fddd8d57b310eda51de419262e74b19dea86ad6,ec3a6aa863385e4525099d648d96cfaa82843d49e9e32c960de55093f0c8ff1c
R75,nominal,2512,0.018504392714152385,True,True,8bd61ce6b655f8a2a3f52483231ac13c192d1f73beb5ae1fa3e0a704db712930,cb0bab87e407a30f94a9c889b935a5e99dd4fcd14d3f877992590342da16f4bc
R75,nominal,2513,-0.005675098079720664,True,True,ac8e1fea6e06d6d16b7cfd23270ec421ce30cf1bb8a8c8a914c97c88985328e8,8ab279266c0ecf2968094637c5112a68b1727db8ed550ceb30ea5d97546ad3da
R75,nominal,2514,0.007976659198614566,True,True,fc96a95f5a1cfe7c5a9edac0023e14776d8d6e5c461fa7b37e13e97911db5761,83d4f2dd763525274603e80be84c84a4c706e7d53ce26c2cae0cf9cd1ab712cc
R75,nominal,2515,-0.003711037691301766,True,True,aa3d1409615d3d4817cbb511fc86721d2f98e5d028e21e2a8fcf24c9e2e80e07,f3cae01e9c792c845a1293aefe526ce5ba8f854b32a4c8d41f4baabaca7fe6ba
R75,nominal,2516,0.0030998144879275102,True,True,1b57fce8ebdce0a543a366ff5bff7ef7d6dab0715014ab61e9faf34f3e004b19,9b53549ebfdf015d0f81512e39d576223f4425c03775b2ec441a0cf755db2d64
R75,nominal,2517,-0.00228880830770134,True,True,bf37743aa17bfa2ea5093626aa4f5af998c362d2282ff5810e9f65bda45ff088,d46b86a60f536f6ea447c15bfbe38141a982e2306dde15abf035850b6f7907b2
R75,nominal,2518,2.5337911230161048e-05,True,True,60f1b6aa89dbcf77596a09169c58c847980b3e9526acb1bfa89490a0729e9296,c377d4d40217b217b113c3b739c47ed1d2a7f67cb35c2d5d6632c484d51d9e12
R75,nominal,2519,0.0007897059747856705,True,True,1caecb222da63e7e9a664c6d1738aa5c0fc20bd6b6fc692f8046390097ac03bc,916676653482dda08acb4e19d437ac08547520ff8f0d59fad3ab884078cb0ef1
R75,nominal,2520,0.004866759726478764,True,True,87e6150e50df35c8e844d65037cdf9254f19e87dc312428e44da06013712ff6a,ad50211597e27a7f4f47d5d15a4afdec7e1a8fda88c30f8e3b381c9193522395
R75,supply_097,2000,-0.03062320087556797,False,False,4d02cdc9f5a32b0359d8294e38f4c8c2719111e32735fb0e13c0bc4280f94090,0b352b962abe7c7be1fb62631fe43c7787304dae8a4ac102a948850d9012392a
R75,supply_097,2001,-0.04027881608593642,False,False,a9dd0d4366966586460d35fd4d43a1f4a5b8c5f3ce550ce012ee1166b57f9fcd,39e867e3f856c6ed0d61e5641972a1614df5fbcaee3aa1a619e5315ca4229253
R75,supply_097,2002,-0.021070831668974443,True,True,57a67ad2a801d5cf566283ca765fd461fbb7524da64070279dd914facbc2a51e,97d33432bb5c6701fc9b4e6c48bacfb9fb4ad2914ec2de6db7949763ae9bdbd8
R75,supply_097,2003,-0.027267881471752964,False,False,a8c34c944d4a641fc9ca1b71a744c80c30533bbcdd7d3936d46001e911d8dfef,c3bbdc66232aa4565c072ddedbffe4bb443aecc838fcda2617c443d899d6e4c0
R75,supply_097,2004,-0.029965295563875838,False,False,8d01b9b37c1f43a676628bafebc3565de9c7fe5c20d81f14594337a059223799,2fe3bc1c20f3103419986429368d2c4ccf2f8cee511ca0c47d434b45c010b94c
R75,supply_097,2005,-0.03560039080119953,False,False,c791a78524125820635c5ae3d868fbff103a4532254f69ce90d2b743226f3b68,1e5638197f8fec32192ccbfc5954afe32422a4ee6058f787673e57bca99a8783
R75,supply_097,2006,-0.028463255187465952,False,False,b39afec81dfbba73c90f2f1d3c0b6522b9ee1ffa720bf92eaf34837a9151c29e,5e43ffec3f37e09775309dd30a2b34c97bc2540c60c77a04a59d7937cc90dc90
R75,supply_097,2007,-0.03695275640238377,False,False,bdedfbc95ac84727654db7dd053d73fa462095a542e397862c83204eb80bae1f,3dcbb72500fa8c355bce5b225b1612e95f14e00a63871174d2af3145b332f924
R75,supply_097,2008,-0.032623445750785685,False,False,af3cade75807ce9205f995984ddcc35881045d605723f7913724c2b27c8d159c,62196be6864ad76ae736a2f0dffeb818be62c6b0e20120dc5bb7fca6d16d761e
R75,supply_097,2009,-0.03453214590611564,False,False,ff9b54a1fc90b0cdf42700f0d325693a4e3279bf7e9f5b53b1d2ec4ebdb8d55f,c2a714db186c7f151b6841dd85490048018f7d64303b4b3cceb0779612fc5bda
R75,supply_097,2010,-0.030334065698198243,False,False,a982ba7d28d717ffe96a851909cf02e9ace1e7e38e7c5583b07f578097c2472b,f8bdb33d11398bad9398e3540282d642bfe9d24c6392e3dc463ecf2ce80a194e
R75,supply_097,2011,-0.015726324663858204,True,True,af09f395b3afbb83217cc2022b26a2209c90edd32e4f590314fe65da91eaf744,a0fb57a4b90aa14acd3d72c9e69da7c3c928f3e371c0f4da05e9dad586baf1d7
R75,supply_097,2012,-0.04825012079054475,False,False,a7b3ffa004d2ff8d552e45f7c137e97c65f8381db4aa43d7a874c79fa4d6622a,2303cd276285c02a4cac7f28b62f689ea00c3031d72fb7a05151a507ced086ed
R75,supply_097,2013,-0.02995368845976598,False,False,32672c99ff902bc55a8c385f593223b8c0dc8c5f965e733e331aee67a58bde32,0820a340f533532d31809adbbe8cf1338e3cd3063dce465149782d59ef25ecaa
R75,supply_097,2014,-0.023109348914340244,True,True,8c43487d631a2b5907be5ce957965623b9583001d57bfd7a9a5e278ff36b55f2,920a31b637fb266259c1e62fd32fb7207031057dd5bee5084f00f5093cc22d42
R75,supply_097,2015,-0.03914625316549458,False,False,9918bdb6a385b44905ab8ec914f8242e11a986706d6e04f2230f560d35d175e4,f90b8956752741d24cce20c0ae3a6688edfd50fc67c16c64a91bd1af35238bf1
R75,supply_097,2016,-0.011211058858710543,True,True,1e9b51223adfa36ca353bb91d663d2cb190157e59da0d6b170590bc0730b841d,481a219e4ece4c583dc8e1b08079b4688e198a449cdebe68d16a82d3a4323afe
R75,supply_097,2017,-0.0445465684903113,False,False,bdb69ad2f35d976a88da105242d8dc4d37b2ffc075156bd6f1660d3aed63d763,7d6876086da5800543643ea68324c42d19bdc5fcf798e8d0e01e40b3acd57225
R75,supply_097,2018,-0.01632050415789138,True,True,a275ffe4b910cdaebc36f8914c186aba358390080a6e34b1b700862a6d0c7c70,4d51981a2acb79cae27c00c602e642bc3f704734756c18f5fbb8a261082d759c
R75,supply_097,2019,-0.029685238971279615,False,False,175a6b28652c4fce55affca112b5955f003aa34d2d8e87763f779221ae1f695b,394df7c605d17621336cda5bdb39f9fef603b41e984266214f1ab30401582f22
R75,supply_097,2020,-0.03563588982921673,False,False,925a85f8d7bc811490d92c6bf3ec00748258257bac86440c606fed15d4f6a217,0ffe9790775e29f90624dd9b37628f6f261256c2ba8280267a876476b6c0b07c
R75,supply_097,2021,-0.018829597973349044,True,True,fa2de0704b26a93f3ae6c60c6158e738ce4ef276b42fcd148e81a477b8d9f5a9,75241bf631e1e6262a5277aee634a0e55159951ea3a1cf7b169f44f92e58ac36
R75,supply_097,2022,-0.026676417088567383,False,False,7fa78c95ec79c9348bccfe6dc4d1f0d4403ae68982c4c4394d57ab10103b6235,dd0f6dd107fa87b0cb4cd61df28463eb35d5387ed0ddd68ef500a8ebc4256dd6
R75,supply_097,2023,-0.0107600124784194,True,True,38dcce27442c19be27b9d4f743b92e871a0d3703f248a12462616a6e1e5cf138,a9ac49eacda7f8c2ce56616a62b4d59f858783bfb9bf6fd78175baa0cf675aaa
R75,supply_097,2024,-0.025673265783716148,False,False,ac4b9b5681fd3a0f306c541eb0345685746e3fc142e1505bb8b526a4cdba75f8,d104f5ce03bab3e72b68d7f5d0fcd49a3caccc4ece13a380ddaeb166413785ff
R75,supply_097,2025,-0.013664725467136096,True,True,0247e7660e2f6c6872f762add92d77c2f4c2e0658284c0e1221c02dc4f9d1f7b,baf4610d172540ba890f5cd5ff3fe395afb709bb075bb31bd3d7afc3f6a1fe77
R75,supply_097,2026,-0.02918432461955761,False,False,fc980117634db2e080d5871ef10b5bff3c751930eeaf16c63cfec0c33264a76a,37675304ff141a2b0128d563a24292795e2c8dcb22fc747b470cc0d844458087
R75,supply_097,2027,-0.00886672964383628,True,True,abd87bc287b534c8d03d2096ed154a1851a820d2c86bebe8b0fab48b6b2028fc,df1cf215370fb794ba2c9059c587cc0cfe1833c4939e0ab53bf4a83e007c46f3
R75,supply_097,2028,-0.03144295397622454,False,False,9a9c215d9700e4125e500b2c17b5226b4d3408120f949253c0b2bbff6491a751,1ef564234eff28a34b4283853c719a86e1cc61863268487a4a1b853d0ced53bd
R75,supply_097,2029,-0.02691936769585246,False,False,e880b458890d176f4d6ab4d09d8f66f6e934e9665cee8e1dd4d0ccb6f9c51c6f,0ec34b15648ca2608a701eea1b997374cf399ae88496346787898f53de8027e0
R75,supply_097,2030,-0.02260065432773628,True,True,46bc590641186ebe2de181648b0a304597665762b7681fcf50e4dbf4242c63a3,d65e0148229cec4c61d37f8d75f30b860698d1a9a2fc6ad39c08e1153d763d95
R75,supply_097,2031,-0.010704537538457015,True,True,115958a9c3df372aab407fb17f793fe804607a39008d72ad76c1c9a9389dd6a5,0290feb6e3b4184a9771368fa275f5e17269007671e2837d03674980e8556521
R75,supply_097,2032,-0.025541692437732355,False,False,54068b545345afca89242983d3f86c918283c7548048d62dceb9ae7581ab665f,d8ed8dac8f5a8e52f3b87e1a9d329dcc9602fc50ee7f8ca3a9692f48777c5994
R75,supply_097,2033,-0.023321411436226125,True,True,22a84f512a5f017c3adddf76c72316972de9d534573edb011b328db88ca398eb,b6723cb4195d2250bbefe7d3e5c656d4c87768098ebeca0f4d8413c00cfef654
R75,supply_097,2034,-0.034760177115913726,False,False,2c333bcbc03e9c790200cf0dc8ed97698ca6b661688e6c1b652fd064bda65041,52a93aae1b7f3beab80f258dc30eb00f005a95a7e90e2cff87120011c9537ab7
R75,supply_097,2035,-0.0348825041904679,False,False,8893482ed764342bd033846d67fb6155a1ff6498862ad34bd34c6db37626d824,fdda26b17a6a7ef324c59e94524dce298154a35d9aa3ea29a2212efbaed423b3
R75,supply_097,2036,-0.02773811031355944,False,False,2acbb28928526bfd097e3b3eee7b72c518fbe704f91ddfa459500e10d807f789,9df7c48b6a1b18833a8738adaef7ab489e93b58b2cef9bd57141197e1b945764
R75,supply_097,2037,-0.019239038256556373,True,True,9d69db590b0bbc62bae158912c05527d6a4d99ab4361c4791c8cb193df5f5612,acc4a6c06342ca8057daf42f6142e644123caf939e6525994b73f8007eda6efb
R75,supply_097,2038,-0.03564712757784716,False,False,972e4cf0bc2921f29b257ed52a0dd79d1c264c2aaabd082feec972188d16850f,2b3977028c3a7f1d66759c18ad17f1fa09e05d7ea8f755ae13ac4c490ffa7820
R75,supply_097,2039,-0.019539257266279864,True,True,e77a59e3a1b014555951dc3f22fbf7757783ba0a02483d279ab132fc0b072f8e,3da10cc0f506fc21e7c6d8d243f848fc6a6c948eba391a7e41e913e2ded5377c
R75,supply_097,2040,-0.029897304972723915,False,False,418eaf792d41fd596c3c7a6b7c72fe548c32a119900f4972e9e5c0ecd80df6c8,54684efebdd8e7963efad2c9831be6cb69ad2eb1c5bbab5adb165d99257d7066
R75,supply_097,2041,-0.03655080217967349,False,False,ca3563c3e3582ac108b2fa5f8561c0d14d53d1e7b6812e5aa43226213ff409ba,16b34cfcacd3251cdc804265b62364ec01cec3ec70152e6193193d052b7cdade
R75,supply_097,2042,-0.032063070533664195,False,False,1d0c34b895cb1ffeae95b28509402e4a733d15b2c5e3d91f8e16f982af3506ea,bc189e2ff2835c19031351ce7045769deaf80d1a3db4ca1891b006fdee0e36ee
R75,supply_097,2043,-0.03336422761879404,False,False,821a32317da7e37d2966a20f6f0ea519800b1c68e70b71fbd014dd67ea801902,d1ab020e16654caaa8a6873bd8a477a5f9af17797e825103ca39826fca56f479
R75,supply_097,2044,-0.029328567605098,False,False,b4a8e579f638a8f7820d496574f3f64add4e2e569dc0c3b96fdb11f9c8648a1a,d73e8b8a996080fd9a5d9a5ee82d21b4a679d65404ca4a639a1770df3183c42a
R75,supply_097,2045,-0.02855216299091612,False,False,920bb2b7115b707b8095ab5d4536cd77a92729b33031049aae64c3ecd1f3e0ad,661d312ebc3421f4c08905f526730aec3ffeff21663329952b09b40947d5c964
R75,supply_097,2046,-0.025070028069831052,False,False,c19d009cd1035c6c5b1f0882a8efe6c819122ff481ea4232224a1dac18dd11c2,ac210947d354193d9378172805aaa79940fe9438b8a43834448d47bac255608e
R75,supply_097,2047,-0.018088401430795875,True,True,348d8460bf092e5d2761f9bc0a008d74cc2de3e854ca5296f0df88e8299c1541,60e117eec236e5de7a651d6515c71fd05b150157e6de79702e5dbddf7782f89e
R75,supply_097,2048,-0.019072952058284964,True,True,f351b4a9625e5dc342f89016eb18e8113d21bdcdec69da5ba0faa2a0665e616f,ccfad09c6a8649ae50f2977bbf86c4a08735be78472ac97d300e0e7e3319822d
R75,supply_097,2049,-0.03293661830920591,False,False,98ca426effd395d510f36b358e673abc66ff775918a996357182273df3368d7a,d5516cc2dd8e95a44a08918ff7fc1f99e2631b8b8c7489a179c393e179c5fa78
R75,supply_097,2050,-0.03874351929282227,False,False,6e535f5a35b7e5045e5361347e5b1cd4e3dbb0ed681eb495576a5c7d6d88b844,25b96b20002ef74feb3f0bd1b47bcf1c0c56d4968d7371810d94a7bbc9fd57e4
R75,supply_097,2051,-0.02196566651624876,True,True,4e0ccc97523e717c84a72e6866615e1c793b0af6957ee294640cf6e6ba7eec1f,7fa2e0024d463b013ea35c3459da059f9fb586f3df2f4a34f2ae550af9f679e7
R75,supply_097,2052,-0.03466941084872732,False,False,e972ae8f8b063e3339811922cb010723bd9fd8c4456b32897965672f3abe5c19,0ad4681c09c12110f6273607449d5de4ef1029fc038d972f4ee105586855b3dd
R75,supply_097,2053,-0.03375764551695776,False,False,6ba1fdbb1494232f0160698b1c2fee8a7d6221c48bcb6a68d57e969d956b6318,5ee09e67848dd7d252074697d3a36a73ec2dd6944cec1a066e4f7aeb652236fe
R75,supply_097,2054,-0.02365125626967024,True,True,8020accbc7ecec1bd34cf1827c8415a7217ca283b6726e4dfa60ca34e4c156f4,5cec370eb9c39c487ae11942099b4c10144b8f16b7d908c3d403b3c79dec4186
R75,supply_097,2055,-0.02499937980702066,True,True,84c44138772d5c59c64d0028898f50cfc3416e6c50dce00fc46e164083645f5b,e6fa7cd39c3b768fa885f9b03476a9bd9b68fee9dee379deec9add71fd82defd
R75,supply_097,2056,-0.02229430951661515,True,True,25eaba2e3d337d3a8c20ce0dd8574afac0d998d93a113c0a573a01f3a453570e,3b65bafa325b6e8f7d61391c0d68520b02cf5103bd9dd2b0dbadd5cd4f66683f
R75,supply_097,2057,-0.032991562583098044,False,False,b3add9ba333322423764207fbc0654c713f6901bb08505e4caa37c65e8ab498c,3e6b522e4edbaa5b5baf6e93a672ba440d2f69742a60141d977c872b3e969a1d
R75,supply_097,2058,-0.037506994585555176,False,False,3a838e0b49142b7f7eb7499e09112f7b5ba5a0e0da53720372dc7f7d77bac179,1ecfc638a48827a0114ffdab59b5bd913b033adc07419a49a5d07a00214d9aca
R75,supply_097,2059,-0.03121151914704423,False,False,19be95c30dc16e7598e3dcbbda32eb05aadf41ae0e3b4ee481e7bab5cc10c1e9,6e939c65b03fd4a00d6a28e3cbbc6857fa73ef0cac3eb0847f12794715108a8d
R75,supply_097,2060,-0.0332752847769644,False,False,154be3fa8986214a30458c6ce868a3bb8fc38b2aa83a54fa4b8871bb53c1b504,c5c569f05895e70e9e3b5f2bb2510be471c87788469f1d112f956aa26ef3a407
R75,supply_097,2061,-0.03273020830341006,False,False,cb035b5126ba7291756f152dfd0cb1f7625681c53a6b59bea3dd977de80eb099,bd1bf9e193da7dd528d5da8b422f950de58055612236b73700bd7bd6220345d7
R75,supply_097,2062,-0.028217466054855034,False,False,7cde59e91f790fecc29e17e6d7cefb7460d43f507cf59038e43c4a615a6c0742,ebb1de6a189c6e4cf0215cd6c7477739cced91ffb0a1ece96ce757c8f1a52caa
R75,supply_097,2063,-0.028331127678771384,False,False,21040461771a50f5ca3c6902667dc032d207c0b95c8be094816733d2d60c084a,415903bba70a91a86ccacd43f8de9b091002f4fda228784eddb0a2b1df5ecf24
R75,supply_097,2064,-0.014216373994537346,True,True,8f083b2e19f1093e2c8f860620544783271ddbf021f3e1bf16186c6b6ac60c6c,de640f38bf0647fa8b2354c7ed44cd98313ab5405461010b5672010d845532e9
R75,supply_097,2065,-0.018054809815977735,True,True,79a0c21bf5bf4430679e36055311fad9703b1324286ed5f516e4414f29bf54c9,38152a7f8f73b92969406d88634c6a57a3fc159c67ff1090a8efc627d95e4fad
R75,supply_097,2066,-0.04535769523034788,False,False,d50dd43ebfe69d81e569556ed68d82621be2438449014bbfc2f12d45bd941a59,10966566529da0411c4de7b86b98368cec4391c565fb27b97da5a9f03f6f6679
R75,supply_097,2067,-0.033964731005630744,False,False,bfde518eddc5b486513dd4621490f77eb7b162ae4e551f3d5508d3f726a7662b,15acce58ebf8eb064baa5f0c65148c8e83ae2142bbbc43081230d1887fbb1635
R75,supply_097,2068,-0.03532635793145744,False,False,be9dc85917c576d2aae1e48d7c35c5af26ab00a8b5bc03f92ebf9f274295d531,44b65042f11f41bc87e2913263b5367a1a5a629a7027386382a00ce2083d9b04
R75,supply_097,2069,-0.04146997175269557,False,False,99c366cd0177031a5f342b0a31ea0f6bf809e21a9a6cc9d8475c3ea9fcd12a8a,73180d10e84dac4af4229b652caf27df1b70c4ff68e56cd4cf76e753e0190546
R75,supply_097,2070,-0.03501381500366252,False,False,c9b1e1741ee0c79da4dac16c7b5add5e24046eac117fc89fde515527a129fb12,37a547413582b5d53ee69c3df391c86beae6eb9bf80cd69e725fbaf3a6d19abf
R75,supply_097,2071,-0.034946262199559874,False,False,02f8770b92d8ec08920461cac1ac377dbc2ae1ea29637e12ca875aaa09637106,5d6d6fb0b168a9f05053afcf3b5c6168960d38d7812d7156c9f36b7a973aeeac
R75,supply_097,2072,-0.04812097786564823,False,False,6f2d644e4c49981d5a6d9cc9fbac7da2aa3fe1bc6d7aa4a68fafbd662cf421f3,54920f512dd03c388857e69c4022a01cfbb9671f6de274b6c19e6b6305e6004a
R75,supply_097,2073,-0.023835659682210686,True,True,baf165e4a5cf494a381e71cf933f5e3fac64465f656c8d531440b0376216d71a,9da11a67382e57be6a647f23430a7866f5f3861255d3b28259138ab6ea784d06
R75,supply_097,2074,-0.020106710639834213,True,True,f1eb841afd4bf82388400fb16e80210de4387aeafeed775d47577f14db412868,d63364dc73e227b5a8c00fff9da07c798eed560d22c0bb1ec7b58524b08ef692
R75,supply_097,2075,-0.026219019134975707,False,False,cccf81558f0a112c4bfe1869488796040624eecddcea8edb0a3387c35ca4fc07,d4e1ac9b8f81527400328e38ee8ec977ca2419f63d4ae5305f2067f246f3ef3f
R75,supply_097,2076,-0.031092858944936463,False,False,dd462e2b2846bf857ec2503b23432f072c7d208d6ca12392ad258a7c70769bb8,4dd03527b5a4d89b0b2da850b88ac1ce6c2e9b38699b94c061cd7f2527d52b00
R75,supply_097,2077,-0.02865901943076149,False,False,881aed4d8a3a008256dc44a7e6a5e5a528e0ebfb30c12186e08295b7782abbd6,d495b7558237fd79c22326d77fbc2ea36ec9d4a07ed90302dc299e9b8954c73a
R75,supply_097,2078,-0.0141772465830175,True,True,863d4a1732739027a56f6a7168e164b384c137ad9a0e26e9b58fd4cffb414003,b6c6b921cb2941e9f0a004f9b9dedfcf920e2c62329659231f310a62cbd8939e
R75,supply_097,2079,-0.020256823225069165,True,True,13c2f478b2eb8f15870ab8a3d1080b6775c346fea72b7035181ffc5c0ea887f2,decf5eaf3574e744eeb6cdbce72aea6a2b9d284654dd18a0bf958f099b4a70cc
R75,supply_097,2080,-0.016587464544382702,True,True,7072d2baf856e69ad3c16db94b7d68d31aeb7db88f3265de8f51bf4b36f14068,1a3e3659666ce8b1c2922609759c5670e080e4614e132d542e85fe6ecfca7eae
R75,supply_097,2081,-0.017938519847620238,True,True,5c491bbdbcf902f44ab267bc980e61b02c609fe304bd07932a92d45ab57e25a0,aa5661fcb59efd2ff51dbe0f646f8c1fd016161523ca79c29fc942e7be1105a8
R75,supply_097,2082,-0.01076779223756591,True,True,7b56595ce532c261dba638205c80a2acb788bbc10fcc8e1a1f8ddd982f16f460,c78eabb8b52ff6357e8dff36342492cb88c4a1ff44f8002c7345f37f34afa91f
R75,supply_097,2083,-0.03253125729176942,False,False,f0b32523c946f534b959b7401289bc2c18dc9f8ff280a8e2c2460d7453c191b2,73b3aa7f79625ce1462f9a4f5d718060e50c086c057337353deea13c817a9393
R75,supply_097,2084,-0.01610087444014141,True,True,7f69c50203954874b6284263b6b8ee4c75cf1f296fdab969f1957a7284b667eb,48744faef298626efb1e34c1539234f041b2a5645fe011b7a7d6b2cf8e06eb64
R75,supply_097,2085,-0.034889433237109524,False,False,ac6731272be59cbbf73e2911917869eccdfa23c54906b1e8ae2e4a6fb12494a4,b04d867c1a395c83f345e41f6730b52fae27bfe63beda70a2be7868f15972a4f
R75,supply_097,2086,-0.024515740017903298,True,True,6fef9d34380f7a7d5740e52d8d737dd512db4665148bd292175ac40c9bf3147b,931de57da912238cc699def11186ed8e14be6358bba39c42eb3a175ee07acf32
R75,supply_097,2087,-0.021559254394291127,True,True,3908709b257ce9f7c2cbe2d82ff24dafeb3111cfb0e8157b525cc1667b6863c4,61368c7471c91aea0467e592b7b1212aea359dbec7ae497add7f9ff24ea3e4d8
R75,supply_097,2088,-0.02596058760893627,False,False,f381e9b793a1529d4ac624077a740fcb2c332723586cb1f91043336691aaf108,b0f581956b327c2ed270239c01440667467919eef1988cf7a31707b22cd8c3ed
R75,supply_097,2089,-0.02980344109995159,False,False,208bf6ac196cf332e455fb04824e73c744f06a32c27ab4e7e087139dd3037052,f95cbcba80c55ae9b13c8fe7752e403c459d5afca7f22322227eb8bbfc8c87ff
R75,supply_097,2090,-0.03827031741709869,False,False,952d9e0adedf8f8b038e1ee84074918c490a23e9f4eb803d52faf7cb719d2e74,6488afe7cb3e1da1f3583e73a2e13f1f025c14e166bdf8dc5445b5e6d4baae0c
R75,supply_097,2091,-0.026592881534678203,False,False,40760463ef5e1d5140dd6b607519dd172c5f4e16834677414fb32fe1d20f2409,82ca5f24adc9402a6fb37c79a4ff2c43ea820900953f9b54b1b6c99fbef5ea07
R75,supply_097,2092,-0.030298474963589006,False,False,90707c4ceb24d05c3a52e73df5cc03a7d95a0eb05550d8fc7a483fe128d88ecf,3cde5c3c2e5e2aa11b5df2368eb6e6c798a94d9530a35751c0204c69466c48bd
R75,supply_097,2093,-0.02514469770142108,False,False,2359ddf4e13cdc6472703bbbda1ecef1727ce43ca02128720ec9a766fed71b63,88d0bffe7df2f33022c7c07b6752059456014d33e0af8b18c8deb4aa7b7a3e8c
R75,supply_097,2094,-0.039015430996005795,False,False,973466557a376fb8586111fbd512f784a5a5cc3511c69af5475cbaf65fa3c9ec,cec7fa28d64ebce95f3bdce9394e20d0dd34d81705613fca31caac445ca05727
R75,supply_097,2095,-0.03858548972833015,False,False,a6c8d2f6e0bb4bcb66a8489d69a9395efa3566be84dac581b43765ecbf773fc9,8686fd7b23b0eed62194743d0c61fd65ccaa80b8e4a35a7d2056116fb52eadc7
R75,supply_097,2096,-0.03067178740530313,False,False,5a6564dd76593414c390a89975bdb3d57e39ef1a16b055c1446067ba4231c4d4,94eea6a6f384189f8b78177d8679f2f23107e4b45c25d55d213207d76aa9caf9
R75,supply_097,2097,-0.03133997616981199,False,False,225704dd26c93c7f1537600b5b41626362977ca46a0329f93431736a759ff605,e9dd22696c558972ed0071eb369d387006e92bec51bb003e2c317cb2b83a4c7b
R75,supply_097,2098,-0.04043820458043923,False,False,33ba016829008a2968b6d656680ef6ca880034de9dadfc887a3bf315e78d602f,6c9e0b256908cfb478d364993e65605bd4a9411fb9d8b00fbd9d56bafbd441c6
R75,supply_097,2099,-0.026664370406998095,False,False,7cfd9477ec749f31a79e77911eb229b200c4864ae9d9a8fdd47a6cbcbf2134d2,138cf3ba849ea95c4892990256b653784b05bdfeb8cda649100e6c74019fae15
R75,supply_097,2100,-0.03137253358950792,False,False,d88e7609b12f9e855a00ab9d55cda9cbd6afdac4d328c6173cc5d181e443c822,61372c2d5a7c996753a21a77c87ac9cb873716e13c8fac9f2ba25c9488cce72e
R75,supply_097,2101,-0.033544848507657044,False,False,c13373389b057f9612f60998e70a01538cc2a46c36fa88b6cb2a6f2e5f4cfd10,b65f17d39a3c4e6021383c1fc404878298f9ed784c07c0186c3fa287e3a869da
R75,supply_097,2102,-0.02173931297628423,True,True,f5ba0ceebb99fd96f1c74e50ea2bbcbd412446c6a55d98733171977e672d7a8a,e8814129d4a187bb9ae56d2c575971ed7391cc593745fd61e06af4ad970835e5
R75,supply_097,2103,-0.023859428640243263,True,True,95d2a3de66205cd5aaa0393efbe2dcff10e5a59d3c926f0e890e6162ffa9b83a,e8ee7b44d302b0546443cefa761794c432748d5b9c9284b5c0cf737371e74a88
R75,supply_097,2104,-0.03055338895418086,False,False,259140cf683f57476c1712c0cc1801bcdec5357e34eacda2212ab0841367bbfe,3e5dac1bcf27e9adb763f4632f34c1180c73c8c1885f800445d5ad175788f17c
R75,supply_097,2105,-0.03420860385868124,False,False,8ba62d97900b522d2e72223ca664a7e67ed1889c1cc7b45c392480a79d8339e6,3ab92895b549de48687c14ff19deeeefe3660e0505e98ba9a9d062afa1745266
R75,supply_097,2106,-0.018345714142852743,True,True,2ffab7fe66f4d61287bc2c408a28498ce7a7db8a060c753581fb9be8b043fecd,ae84afa53967e900ce33b9a00511bd3927eff17a482d758d9a6b9ad9808a9bb2
R75,supply_097,2107,-0.025461163866017045,False,False,884c597177c21fdd8f638a871b380c9bf7b41c101a8ff15c84e59fe918b38f51,5d07fe0592a985c2df3ceb4c1622613d22aa12beb5d039362bb921674e8f22b7
R75,supply_097,2108,-0.02241670791117123,True,True,98224ef3223aa2bbfa12aeb8fbae2f23fa348159d554cd48783dec56c7336c0b,6002d03508cdb418efa10e300183280ed728fc7e807fccb20f1aef828efbe0d7
R75,supply_097,2109,-0.03192636284923006,False,False,3ca6735ca61859f2b6be31b4b619c50d5fde7013eef3cbc07f42106f18554d39,adfda11f92d850d3f9b8452e3b977d7ae565c65ef930e43e011719a072f0ed2c
R75,supply_097,2110,-0.020176125214440732,True,True,f27b09ace114a0f89e3739b737cf1c66184a24315d032d6d60fce434d888b48a,9a5ab898e59a278722f95bb82c175f3b5b30f076a44ab39af8207e9730b0c22f
R75,supply_097,2111,-0.028777048892171697,False,False,8ee9fb3ef1b5135db232237c77744efd52246386f407f8c0db66b2d4717fbe7d,32be91c6d093724972213bd1a7e980c9cc5b9a89d86c422ed9ae1a3943eeef80
R75,supply_097,2112,-0.02579490105977328,False,False,1ae666ad8c2701c908f21090b2b7cf4d6682add2df695228fbe7a7ae0b4c4f3b,1e990f8a7e263cb85c5c659a0e68c8931b1e1407960a916bb6be6db5063ac536
R75,supply_097,2113,-0.017859844040961026,True,True,fe271e7964662a9e72302a88d59a8a37acf1701b60217d8e406584bd100fe200,96b41ab68313c007c31bc6e1b14b6bc88d701ec56be513e2741baba7dcfc60dc
R75,supply_097,2114,-0.029423077462220726,False,False,898a9589a9af40c0339f8dad82f49aff44d385b4fa5de8fc2fdbad653ef65318,2b40a554e3dc570d0165668c92c2b8bd51843b37017005142305b57f40a68dee
R75,supply_097,2115,-0.02815099215103606,False,False,8e68c00f32851b94eb00b3927fe6f67af9023ef825e29bb08c593b06378f22f5,a5b43bc4b4ba3e6536532a31ec03c84928a82572b8dba3c921f2c5a444ceba59
R75,supply_097,2116,-0.0346742042718311,False,False,a4b138d41c16c46231899c5f04795c235928ca6b3929bdbcd42d5123b37f8afa,368a5e01d4d5d054828fa994ad80ecd81e40d223d886318459b053f579d327f9
R75,supply_097,2117,-0.01442777086390401,True,True,0554cdaf99dc84cee4906993e5b0709197fadb0936827343106e9d9e33556b32,bd0a2bccafdddd8fee63f2669619b1a0de1aaa1af46538a305d78c49e98c1f36
R75,supply_097,2118,-0.021125846172012408,True,True,ce38fc919f5f95b62f22a93bc661e0c256cb21787f8182c2c66e8a485cd15d95,c12d4d64215f564150acc6f787e0507a73cfaa35c99b9b5171d6908445c24afb
R75,supply_097,2119,-0.03367964514424604,False,False,c94c0900b97aad7e3365a6bb465d43a0be81b7b63473be659cf04acd54716266,b35750ceb4025883c3090523b73b031b627b716d0a15097ade298af461d81af7
R75,supply_097,2120,-0.03393425207251449,False,False,050f5c8cf265283509a6605e32251110d3bf1c41a0b17a143d2ee7aac542f195,f3c20da1ab9368ed1696662ada69344531f867fa97c303572eb2fdd8de38d20c
R75,supply_097,2121,-0.012442766738485378,True,True,a9632f8d0ca5f271a4ebfb5f812fd11c82b5d98bf3d8fea7a7d2ae3b6492e23d,6f4b8e959a16a1512b6d559fa96a8b1f425ea3a809ba6449aed784c7eba1155f
R75,supply_097,2122,-0.0168727209151861,True,True,0718f70660bfb334e19bfe225f780311cb6e5291339fff624b0131f2ed586d0f,b5d90edb2ed90eb67d67ac302a54f6f746a78aa39606dc1fd733fbfdcacd0c1e
R75,supply_097,2123,-0.03704778476708964,False,False,aacbd93892b8633deb3fac5bb7676f7e5b194ff437ee5bb24a8acb4fe03ecfd2,2fd765afb98265582922d8ad82cbf580492de6255547a3314fcde891229c6973
R75,supply_097,2124,-0.03411201386247742,False,False,e7df838ddf5581107ac91c0619d411e43420a40f3877425f48dde7e6a318662c,e2ebf5b9c769ea2f012b2c48e4b00959abadc315d8a96aff0cd45668545f3ec7
R75,supply_097,2125,-0.043640693425766874,False,False,9a1c10cde1b2c9a17d130de0509fb020df87b249f3c6e50d821cf1846b8cb6e8,d410852e8a1bf1ee0820e9d8cdf9949597b96bf98680e2aca06dd479a8b06cf3
R75,supply_097,2126,-0.02949422113462452,False,False,404cc8bd91bc29052a033b6d187fdcd6baa551fd39478e4e8dbffca58a156c6f,1c334e8a54c7382bcedcdbaa20f103be9bbe6026a5e2085de04b2da18c59a8a1
R75,supply_097,2127,-0.02204007557271853,True,True,59fd45fface9fe36e0ff70b2479b55bc23f0b965ceb946b1ecb90a541d807abb,0d494edfb90beb24beabac94b571dc9a1bb9a961d00d3b557df0fda6f42ce58a
R75,supply_097,2128,-0.03184557999837434,False,False,dc92b6e07a17f19ade1f2e5676820dc3294076e027450bb7c8392f3087b27954,d04db6404737fc0fc92bb583405676fd6bb25525a3979ef031fac314df1ccc1b
R75,supply_097,2129,-0.016486197043054374,True,True,8bfc4ea65653eb0f22eb8908476b9d996f46aa8afd7ccdc32d836ea4aa64763d,cad98bd60e5b2c001c0f96f623cdf81308605c86854731ff650110898dcd9016
R75,supply_097,2130,-0.04115910472766521,False,False,cfb769dc3000a15535c6b4adf8ea95b39fbfe30f5e7eeebfc8d7546bb6a8920e,253ca57100ba341aa16d517210c0d375c8a89be422287b3fe075ccd165cdcf9d
R75,supply_097,2131,-0.014718361110061029,True,True,2dd14e9092dfaf9f4c9d2947a561ca140fa930ebe85638990f9e2d78f4f9392c,424bff577668a6438becf72cf206009ed9aaa6a1f537d9d0eeb89c9b0dc87965
R75,supply_097,2132,-0.03766339972789834,False,False,c5221e17ca7b4f46d71bf864434dfee12d4bf4de5da86095a0ec5745be7200ca,595b1f0a7e5d06d7568b93c7110683699fb119eedcbdbd1a6a3dd488c0a77291
R75,supply_097,2133,-0.03374151069836795,False,False,ba0b0b0f49d63d907dfb17852fa25c3a6df8665f0f3b1cf672bc8f103c9cbfbe,d6a9b9dc6b504e55a0ac44cc4eb782e2bd6d419f26d2441c298d2b0678133393
R75,supply_097,2134,-0.02392431005690493,True,True,eebea95d159db8ca28d6a139a853f54eade990634e8cbb5c22a896ca2fd7b1a3,077647fa40288fc2bfd69dbf0e03def18efdddd556130a6c038443ab86ce6ae3
R75,supply_097,2135,-0.01303204530082308,True,True,386b047c23cb34cb6dfe807ad97c7d97e60bb4f95da6546cc71dcf1b8349dbd3,25097fe5cf5976ae4024fcdceac6a5a3d8026615228886b724255ffb85f90a98
R75,supply_097,2136,-0.017757484274352642,True,True,d59d91e8d4746a22d3ce2a833e9f900d74f286a108183a6d903af2435311543c,0e765cd21b7c62e0a721967b612fb987e7f25f0c83d1307bad957b5a7f276c1e
R75,supply_097,2137,-0.042103793324463956,False,False,f71eb21f4592b7f4e67533b4afd294b7dc07b155bdd2eb044dce2334a2210656,e4c300c3e854a97366ed452fc1cf0ba5a2c3a8351abe4fc21b9fb93542d24447
R75,supply_097,2138,-0.01495614572562054,True,True,f519748671ed9337db2db86c6e35c190f2bc5a7afc2faeeb7d09bb399ccf41d6,8aa36eed21d9174e0c5b3629209c24ab398b288499b2ff9b7c87e0953af5d870
R75,supply_097,2139,-0.03070544305061046,False,False,230a000e63cf6c7217ad38fd3ef0d74d015e08c1d8a9d65837b1506f0f8b1b8d,6521365b92a3216f47b02273ea0cb4f6504b09dc9f1feb8fefe0f9f9d7e32c6c
R75,supply_097,2140,-0.033461787701521806,False,False,d886915031aefa5518f931774ffdf0920d9d6968657dd306ed9a1cfcd675cdd2,026b7dbaff9484d8470551b644d36fab00eb55663863ba6116da0bbb9009d423
R75,supply_097,2141,-0.01938298108648656,True,True,6b2c2793188109b13bc9937a527ae6ca6ef7fa1b0e7f374358fbef73277bfa4f,5dde9f75c49cd47f33ed4dec31ea28c4fa849fdf52a021254a52be4e0e85551e
R75,supply_097,2142,-0.021143586790111746,True,True,ba27b8fd1cf253beb0209bf6273c5dd5eef6c54536d7c9cb6b80d3374f6e1895,e932e907844f9c90bb463d272063133b22ce42757f8b40d6d7cc14ab736186df
R75,supply_097,2143,-0.024217880351202092,True,True,589ab898ac50760ec453361b9761c84a4f0d2d00252b9d050dcaf932a08f4a94,417be0dbdaccacf2cd7aecfdefafa9c96e2f8695b2a88c361b99d897224273ce
R75,supply_097,2144,-0.03376066132151179,False,False,b5b796a5775e054812230f1150b0c50711274ebf66c5e75259decd829918d763,b620c8ca8a443b30a8ed4ae91cce13abb570cf2d009d18f80d276992ee17f22b
R75,supply_097,2145,-0.02724473692196716,False,False,224e219ec069ea572083259ec9f1ed3fe893971f335698bb66fbe13b60cbfd08,03ce7a3a188ebfd1b2b4d8e5a13e80b16a2d24cb858e1e733c67e1b76caa1623
R75,supply_097,2146,-0.024214527512426032,True,True,a2de4efe5928d55125a1cc408e75e19701fdf4d980002154d45d8587484cf65a,e05e4612178ee37aa6fd28821eb19251723e93f6e33e9ac77a9f6431dafe662d
R75,supply_097,2147,-0.03584432326464565,False,False,1183ecf6ab60de47b15ea920ecd68eddaa8409317efa32d23e9944d1b6522e78,940052a919c0263842282551521130b9f7d04b4369a03ea4a75f2323375d8f12
R75,supply_097,2148,-0.03869246899051926,False,False,6de7523493d4cd3b13302012698763f183e17a19af1f111c8e7b6f49680de52b,03c6d4c4e1329e028762d74b157efab43ccc2079b296c110b4052c1d53d07262
R75,supply_097,2149,-0.02747133004300134,False,False,ca04384720bce1eb9b61e78c8b690fbae55e017fa6d63ef6f63dc41a2be53c41,adf874a02afd8e886f84c76fb2a28227d81502242454acdaf04d0adb0c0d6cc6
R75,supply_097,2150,-0.030097542412960143,False,False,bc2fe7a5da203d4d16efe035145f2ed4cf6fa47b0f642df8845a2b0ee9b871fa,c331ff4ee470822e6c22217d5b0b58ab3276d6e746999f22d85eb0511883fe2c
R75,supply_097,2151,-0.01591970855829966,True,True,e2f95bb8ca626011e49f5d5a603bc1ee35b83e5dd2cfc0b9e831bce482ae46d8,3ca7e7eb3f1fef6791b384826bb6bde1ca7d518d596d8f465b6db4f4aaea31a4
R75,supply_097,2152,-0.022522995605163465,True,True,5bc1bdda3087d70a8705bcb3e92bef5fbdc2fcf8b377f0ea2ebcacf3fb790b2d,f3de20fa82ec4b932652859623a2c1440ee7b9c96c3934f84101678ac8a72136
R75,supply_097,2153,-0.018996454433234833,True,True,2a629e626714d3be81b244a0a17405a5a044ed373ca8bdb76087124b7b520c30,f0d96f01274ceb96a43efe468d629880bd3070d36cda7ca40ca9d8e7a23b2460
R75,supply_097,2154,-0.028469914161754095,False,False,d44860ca7485b6c2f6a093ddad3eff3ae4e12ccce503a16b5e49eeaea3aa0df0,92683ea7cd891fac9b61b514d3e1a58bbdac2d2aebae192784d706f9c168378d
R75,supply_097,2155,-0.0199728701554876,True,True,dec18edc818722c8923167d0a7e5485c23994639698d907fec48029feb1609e0,0e6f0341e38fbf3517adaa96fd7f7b2b70a3069288bfb26377789cacc880fd93
R75,supply_097,2156,-0.03225874577062138,False,False,d813a1ad1ead9cbeff2f8b53ea9b3a5491f64497a746d5fe57002a77b184fbfb,e05e3bfdcd4037a06dc3956b7a607d6fd1f0e224a554b9aeb82e274eb7a90a2f
R75,supply_097,2157,-0.03363201292437956,False,False,9e72927c843ad1f645fb56ef30786234c163caff2f133392d5d63d5c5a76e72d,966e39229eddcb9aec9a6bfeee1968646a4c99f52604296a79f52254f0d557a0
R75,supply_097,2158,-0.041296818057392104,False,False,2477136dc4d83a3576e5a5fc24f1e6aadd93aa16d9f97c1d3bf3f381ba71dfdb,445eb9d2f4386bb240840a733db3a09517ad77b8eb2355b991626a951c5ff4b6
R75,supply_097,2159,-0.04684421612647388,False,False,345daa3252ed19fff8dce982d17d6e4e363bff8b8859ca2fd79695512c10b7d0,8cb1d87f023fa041794095d306dd219c204ca65dbfbe3a1db7f2fd0976874cdc
R75,supply_097,2160,-0.022374379912147413,True,True,b70975168a1ef1fc4144c7711f16686520bfd21d0228e9f717219233d89aa869,28f23d6a02977a03e8dc154207dffe3fbdf0df9961f20160b0aba0fb80e45253
R75,supply_097,2161,-0.028534161608767095,False,False,18c53296cf47d2cea9e4b25f3961ad2dd7b4e9a1a8a4ffd117bb0d3b389bc592,e7132b19c30ce704b3a5aad15d4441f189f48579b3a5b4321338e6571221e25a
R75,supply_097,2162,-0.020729074719990748,True,True,8d9c3fe4434b21cad1d49634cb30d2cb81512f3565603c89c9d70fb50eef8d3b,c0568da24eb2e1612db86c95845d42d57e85d913c8c582a4d7f3ba72a759b01c
R75,supply_097,2163,-0.02480729331892184,True,True,444e90aab9690109dc43a07e88e1ad160cdc79f73d02da04ed9fbeaaa3137750,57097b965ffd64540fa8fa6ccb9d2774afd81075a48153ac4ebb4da1dfbe4c75
R75,supply_097,2164,-0.04378521292273041,False,False,5e32943641cd7998563ef9d7739d0c37c95cdca4b95e636da02494fe481ecacf,8e9ce19dc6d2663d16a91fdb8e3a9d57c91c68f397beadaa9491aa0465eb56ec
R75,supply_097,2165,-0.044654809403014306,False,False,593e82f178030481aeec1ed771bf0030d4ffae2a3f86a7db807143c48a362f42,424e809246d65e38eaa312f5c82e1b486279005039d1975d3e667e0cac99c278
R75,supply_097,2166,-0.046142854749630646,False,False,7ce368285b7db67ef357cf7de9df46587707f1adabb12541b48f032fbd625cbd,c9289973198e0f6ddfa4298905dba3a766c38dbb4db7f14b1a8ccb91fac5e92a
R75,supply_097,2167,-0.038915470521626916,False,False,87e8b4be91c48d44637a5240355097916bd73f62251fc82d55e58cd0fd9d676f,decd930cce6a8abb2b12640bd26bbde68ec03b4653d05460838160d1e170e71a
R75,supply_097,2168,-0.03078768178105651,False,False,dd79cc2c5d718aebd9e3ec9b052229146e431e4259b96a72b886dded34ed2f17,d867ac0281c4a5a5edff58296a8a5347fcbc64252417874b1bc07e7c48946842
R75,supply_097,2169,-0.01214456434706096,True,True,f0c0aa253c158e1c7e872ecb2ca26cb2d86059a7ab17565faf0b6f96027825e5,16b70a595cfc09b075e2b30259796483827d579efc12abac9dfa64f69ac680d1
R75,supply_097,2170,-0.0288667295849373,False,False,c99cdf76137a4853884781a8291b8218ae3cb251d455ff540ebff42860cb4859,f2a2cb5c68378778c1c448525d998ca5914780e6d0fd180703b861a9950244be
R75,supply_097,2171,-0.026785527026902622,False,False,c85f7938dd49393c02fd8eb0b753735756a932552a7cecb672f6eeec1800356b,f7673d817359ce22a5244ba5b9e3ea7520479275cd68ca8fed7a96e1109a4670
R75,supply_097,2172,-0.02426860487016458,True,True,d796570e363b85dc9f50a139963eb5e97eac4b2a14220d09198a2b150454bc22,5454e9be45ff23782badd9d6efe3edadd8762658f2d72caef4bf736ee5b1d411
R75,supply_097,2173,-0.03789190025861189,False,False,8f064a96ccab9483d74fda7bb9f0219bc80e5b898325c18be92c26f87d286c1b,83ff361653d7d30361efa1894f2dd71945406b99f810897c922b517388485d0b
R75,supply_097,2174,-0.024446517493245612,True,True,1ca3972ac9d80c8cec02c337006e11e7d5d9dc1a2c02d626883a421f943e982c,68e71ff72117ba15b13db656fb901c13378963eb97d0b1f41fc1f285a6260ca6
R75,supply_097,2175,-0.036459466278924046,False,False,555f77713f5814bb256743610f869fb1eb54e13ab6cddd2940d5857a11636e71,0f9c9b72183469fc2a9a4a40d1d2adc48571ea4f44c6633d1266d62af9472cbf
R75,supply_097,2176,-0.013198889686507953,True,True,aff2cbe4a881acc847783ab9dbb1b37886d11c1a0cd341ad1469e81c26349e9f,6ff528b2a482037db3bae0a86be0bdd1ba88a9f58528a9a7e72518fffcbcd14f
R75,supply_097,2177,-0.018106169166695718,True,True,0965ec20332eb0b33cc0d7e70f1c3672d8e1cdc7959897e00f0e4a896eeb42fb,2521b5bb5321212a78d87d5c658223cc4b269e3548d2588e89a637d4fcb54f80
R75,supply_097,2178,-0.044878114592810325,False,False,1eadc70ab518746ddefd0549272ce6630f6622cda5328f4c558f503b52587b9b,f0a8f24147b28e8e9dc00a4adbffc52599f2f7d5f31d0b66687c67ce5799fc9a
R75,supply_097,2179,-0.031041160909750953,False,False,13721cd816587da4ed1765c52ae5d8bd2ccf9987c657252d19a3477cb9d332e0,e86c6c6170abb704ab2fd42aa23858568a636b174bbbda4403a7fd96200ce977
R75,supply_097,2180,-0.04118823374539554,False,False,46597b3ec1bb272197afe9afcb800d7015eba814435e95275a42f716ee215aa8,fa2552b6a704c4764a34704535e0c6e19e861478534ab93baacbdbb72e4a40e1
R75,supply_097,2181,-0.0166284514435453,True,True,185dfb9b0d3b6cc40bd2f151456acb051a7f938ffb579e0f06fb88ee18262b85,746b2d6dff61884ac3616a12439fdd3a3e3e51b6abc624042d921970b3cbe520
R75,supply_097,2182,-0.04986899080876078,False,False,632bebaa61880bbc6a16f1ee8590f7b850cdad4ab94988fcb1ba3a603c7442d3,b6b4d0876f20f7292762ce197a5e75dd7421ffaf42317438442f0e58da201d3b
R75,supply_097,2183,-0.039006101253574454,False,False,7eaebcc42bc7f422fef2f268bbebadb591bc9a317223dd3465ebe3fe5bf87ecb,0a138e579ac1c59b3d58c30bae88cefdcd4b4a6cea793b88e55f5fb6b35ae9e5
R75,supply_097,2184,-0.029324113708356858,False,False,02b5f367e7a6e79ae23efb21a2560688515b39cdbd6f54ff0ea32a1028f5db00,52a4b35e34bfef0c9cd8e374281525849e4cbd3751cc1c585be5d7200837ad59
R75,supply_097,2185,-0.026265394816992915,False,False,147e187ae45311d0dbaf904f6439fc95fce9b898d19faca1b6c57d5a947892b3,5768a33de83f6b3c4f970976d6bc57f7f09410434b4b5440d2508aade6865713
R75,supply_097,2186,-0.017845455076634653,True,True,c87e3648c20d7fd6e97725d8271e5a8af9006031b499013243a4d5b9669c356a,3e7e33a2f7d09a713ddd7f1b8973a9de17056776fe33bae203610172a5bfcceb
R75,supply_097,2187,-0.03428081619283102,False,False,743cb5e6d0018f54acd1bd03f856b26fa1c979684e3d9aee6b1c3f7855dd493e,5cd960846b3766d03594f782c9aeb0b90ef1b8d4992960a8636196d2b151e589
R75,supply_097,2188,-0.014464130295161914,True,True,722e440c48c9b6ac87f2831a3aeb0beab60f5cd374f861e51287b03ad34c503b,b1391ff790038a2c69fc23cbe35e0732d8874e4e75ad093b309b0b676fc3caf6
R75,supply_097,2189,-0.024402100236930124,True,True,fed5bfb9c12ce8b86a820168ffd678aaa559c39bc0e8ce586eb92c357e02d01e,89bcd089f8484fe357544a3271f0b37c62a48b845e33b16ac34bfaad6b851fee
R75,supply_097,2190,-0.023633669555094716,True,True,85a25e02dcb59751765ad1c3700a0ea95886d6aa1eee5c4e340a3be21f5efbc1,d886a202ce4d229bcb0be42c9a71af9a26a8a14ee71881730babe82c5690e0fe
R75,supply_097,2191,-0.01594879477833433,True,True,757eb47ff467a13f545a5a99d4b055e084fd7ea54afeb950f6881351794f4ffb,7f29e59d31d3bbe4a6b80db7e8b520c5a7c8e5410fc1b65d0578bb872f1b28a7
R75,supply_097,2192,-0.02328430756026345,True,True,753e0ec5d37a8b42fab48b5f92cdeae35def0135656db22ad5a9d7cf9eab0f90,c034f10dc79d762578bd1ab5dd9b0a8c95f64f5bd41643ba5bdecb1c3b48405b
R75,supply_097,2193,-0.01810282798731777,True,True,b9b064608b9aa309acbee691e16fb83334121b599adaee41ac70fdf38b91fc15,13a076daafc7807d53b71bc0555a8394b6dca0f1a04c730bd00b1de3d2580f6d
R75,supply_097,2194,-0.042619320697754426,False,False,3c11848b2a058f2afb2b306b5ecca2ec83e803fe551cb5f42ee6cf562d25a5fa,3289fc9ef437171942f5cf5d1ea310b6ed3b1184a80ad006d4e17c6b6ca84709
R75,supply_097,2195,-0.021183147013867587,True,True,a4280ed985dc8969ba3439cc1dde342d2ef078363bf5b725c47c88da1c8668bf,8f85858ace9f8ad9f11989dd75f5d6e10b414fa24ba6f86ecd6ad8f1096990c1
R75,supply_097,2196,-0.04071500753924895,False,False,f8a7bf34e85d5962bc7c4ba49ec338000520e4564bfc8f3fa5bea29b9187a5b0,4e88f317eaacb2299b39e40de76a80dafd7c47237fc2f6cdabacbbee2a7d5698
R75,supply_097,2197,-0.02413631414979578,True,True,f00e2ffa5268a75c37759e6a6a86a7d3a4c366c5969c72ab52b9ea5511139b10,4d8828a10fe9bd47450b720934cd59c50544cdbe9dcc8af919727e5e73c27a67
R75,supply_097,2198,-0.04483004660769285,False,False,a96d84841efd320b644650f24b50add34b452c69af3adb61f9a8fe0bdc2f28b9,d46b187f5deeacc81aadb2e4d4b053dbe323e57f01539bee672e0df6e3a09872
R75,supply_097,2199,-0.009763117646507613,True,True,dfc67adb94268e72e656edaddef2b73c297d3e37263ef3e1cf16d3e4c04a2cc1,91575250d4c6c2bb81bcb5c5692f8a6413fcb8a034b31b5867abfa76c6a135ac
R75,supply_097,2200,-0.033172525893300775,False,False,a718136a02ff593d02d8c16ec012b06087ba2c81f43e588a3dd7e1184b36e0a5,bf872f8bc1bd75ae866e7b1ab64ca74f6165c38b80bd231456dffb8d0c8cb5cd
R75,supply_097,2201,-0.01421534920588613,True,True,5e502d66bed12e59da7ab52ef9cc17d849cee94d9902f8fc42b48fefaf09c19a,13a073895808d7d428e71a65d4b0d983b35e4ead3423724400bb4cf7d74cbace
R75,supply_097,2202,-0.028495964831416642,False,False,f3d5b03b954650cdfb61e2c7a14164abfbbd62a0f5061531317f543409c311db,a7b40cb8f415ff690c6439cb386f29b17705bbb733948cc64e32298e0fe9e053
R75,supply_097,2203,-0.020264430983311932,True,True,b3a4072e6b89a4a12a832f945f19ce7156ecc66bfcd202aa7c291e6830d5b8b3,83e51c3e5756f90101c294a3b426ea16c78747062cf111b489ba6936a597a9c6
R75,supply_097,2204,-0.027232801630619807,False,False,245b1e8336096eedf8b0dda04a055a3ff96c207c5ceec2ae8de3bd625bac42a5,c22e0951e25a2bb1c1781e7b808da2d97b2350fddf47a964263e4fc52b5ebc5a
R75,supply_097,2205,-0.016362165481014657,True,True,8119f577a35db9d32cbc07a40c0290f9148a13b06c8ed6f3152da137579757f4,35be735f73f936ea500441fb74d16ca30fcb4b06172858cfc85075645f13eadb
R75,supply_097,2206,-0.016298938363576765,True,True,42e99599c9e1f0ab44bb94c318651f8b9ba2c2a5ece1ff122478ff05261878fd,4a2aaa5cd6edf7dd3267eecb5dc89b8bc4c6873a0cbb7a21bbec3b43e7907fab
R75,supply_097,2207,-0.038667471671461784,False,False,c4d1d5abff2b02a006e0df40a479cbb77b138ddc265d50e2d7ebe0c999fcc2eb,0b929fb536d8896184f98e28f8f472d897d53ee1a52e57653ee0ec6a58693224
R75,supply_097,2208,-0.0139685885507001,True,True,17a4b2a7b10e41893b776ceda180b156c233bd0fcae9f5e44b783d58b4c4d809,40d175816f753d03f4037812ed5edb1df5115e7c0541efedd2946868f02b99e6
R75,supply_097,2209,-0.025786565432964814,False,False,6838516c5f48c2ccc1d68324d8421188d91fcafd8e7a8e952800f72f6d1a33a1,9a6710826f9d8c586e3b4ebdb0ee1525d945a141108a63f63f7ad45e393fb11a
R75,supply_097,2210,-0.03058334159531506,False,False,df5511fbc7943fae64fe93c3573fc79a9f84e2adfdd18360b2c6c9043c7c9b24,3df9bdd41913aa07825433142ce6f33d5782c97411c73abd367b1e4816bc0aa8
R75,supply_097,2211,-0.014927287805119427,True,True,9ce3fb3d6c074d44a6d9a85cd531899463e6a770a82e3ce1b5f069b7fc60f9f6,6497adf1b31b521eaed2e8cf8ec3452e7b9fe0d4eab3a818409d0ce71276fce8
R75,supply_097,2212,-0.019122947672026047,True,True,8b4d7b771b6fd17c0a940f8c16f51b5b314eff4f4dc499e639ae4a028c5d9d14,ff6745cadd2e28eb0417e6436104d028ec8ee1f47f0a64a9bec7c43dd476efd7
R75,supply_097,2213,-0.03558217137256747,False,False,cba1ce902e2d0fdd96f84fc9f17a5f03f9480f2ab0a70e08bbd7ed166a6ed292,badeaccb9c6dc571bb1b7287252d80db02a82cc0a80acf20486e05164a13bde9
R75,supply_097,2214,-0.028974782837700386,False,False,9231f5bb2469bbd0182d844380518f9daa85090920fd12d065cce60c6d839e28,6286f1c270d7b28485d3fc614a8b9db82a8b834d045eaaeb9c433e5032f6a65c
R75,supply_097,2215,-0.024634096017083995,True,True,108750580b3312db07a60ca59519e7edd3f3434d047d2dfc002654efd6f324a6,54d7d37229ecf258ff1ce093eda3b6bd03848f3926260febbb4939af94752371
R75,supply_097,2216,-0.03648900438628433,False,False,8d94dd305e4bac688eccbea381ddf05bebf25b6b7eddee989b176da770e92375,99fd8ae7750a8c48bbf23000b642920b753001708a1bb2f6ff0f5928cb905a4e
R75,supply_097,2217,-0.008472172586146132,True,True,fadff41e5e0a87a2c2403e4d6052f82e5a42d761921c199109af2baf2113cdf4,6ce6550ea330a46fd71b8539f5cbc7f83343833cc7fbe82e68630a3bd110d4a6
R75,supply_097,2218,-0.037978199906121946,False,False,543ace7054fc4c6924367b5ea4fc07d6139eae6a6af90b8285245dbc263c3ccc,7bcc82d726b0eec0f5a5f74010f2d8a7558bab1feed13e701e97581716502422
R75,supply_097,2219,-0.030548861575448005,False,False,5c507e517fbdbb8309d97a1d9d71d933e01de440ac6ad1144784cf65ef9c72ee,4b9f391439ecf889cb18957914c347d29b565569741eb7200b314a285ed25763
R75,supply_097,2220,-0.04321362021141073,False,False,14f4ae614f5a81ce9cb98134312e78f894408028edda615e268ff198e9e6e490,93b135605a48f2e390ff5c7c80c03c7d68df7dec759e20ee07ee5ffa39bdd741
R75,supply_097,2221,-0.028323381046435503,False,False,5046ff5a96ce6a3501cf29980842989fb3123c78ca883d08f48b175a6e82229c,6489de2dcc420717db0c1b4a947abe1a25c2c352e861a8eb13583cd433f7a6c6
R75,supply_097,2222,-0.03427885684676424,False,False,0022badc67df254cfd1fdb1078a976e17d9e7c65ae70d0422c61920833487223,7b3c7727c3433e481eb647942f32ba6a01a3ffd3633b57b17c0bfc6349c2d2e8
R75,supply_097,2223,-0.019273311037086627,True,True,3b3212ee8ab258dfaaae89a6ffc860673c3c6ee4ec70fb38c02efed5e0fa5754,96a8bcfeffa3b104b821d74ddcce7504e195c1b131be20d13f6f2e3cdbf6d56b
R75,supply_097,2224,-0.03898332945747851,False,False,e2539a286bffcbf1d477b9733b88ad0eec40256e40c5539d9b6e5331c46dfb57,37a6bd4fab5dbeead5363d1560f64741e482d68c358212456732686fb8e09778
R75,supply_097,2225,-0.041079028269071394,False,False,f4e1510a8950c2edd17a3b8f9a1dc5d295d4af754701047ea8b9bb7e8e96d8fa,8bd386c749940481e0ff24511d0a44f46dbdd7c85b0d5ad928502cd583d4038c
R75,supply_097,2226,-0.02493320883035688,True,True,62e17791bc79cf9e969934b4d882b4d96927faac51206689392a1e4907c5a512,64f07b419a2cb2e56be2230817b9f6085562bfca053df0fa0b3a0287d1ec9dc9
R75,supply_097,2227,-0.034267901725349326,False,False,ef68cfcdecdcfaf627f645b4053232422adf8cd37e1a5df95446ad34da70f722,d7b5a12d6448e099efa04b01481c33c0e6f989bbb1b65fbf5a4b3ffe386bbdf7
R75,supply_097,2228,-0.0249840833703161,True,True,066157e30b0bd06415fcd9ec255537c9696ec2c56f1ed1c26ce63dae7cd1b9b5,85a3b63bdcafadaf0049241f2cbb6719a2f1f92538d366b870d9a7144d64d85c
R75,supply_097,2229,-0.02742710793975578,False,False,bbd97545101d49f10f73880c853d1e01d02c35b7ab6875d9bb73fb42e49d5472,89cb44680fbbc442abad82f3b6323986c9b75ccf9eed9766799a5880481e472e
R75,supply_097,2230,-0.026234551596239997,False,False,11267bd43bb7026763b8f34dfe26288719ed9ba84f27389dd6fe0fc06ebb5049,64e661b136bbdbb143d6360e27003028e577e4fee9afde1dd51a1e5d8608d639
R75,supply_097,2231,-0.0348851574279202,False,False,8811ca4336f693157be57c34562fdfa92f12592b70ae4da941d42e9a4b144c14,a0d1e9748c73b6957ec6a176ed55ebeef2e78134b142742cd2bc8c02147f7ab6
R75,supply_097,2232,-0.0367589167732878,False,False,e026b031a788aaa364f5d431936c3c843688cb6bf5e0d590364b4cf3aa399a54,b76269836e3772931151245361e3d5e82d59634cb9080b157d539c8cf7993315
R75,supply_097,2233,-0.03353160117712556,False,False,e1977e9d11a4bc3b69776c7598efaedb14312e6ff777c59789c5eb3aa7a32114,edf6c82439d379d72cfa1c8b2e0c6e8900024e4b00065b3d6236e9bea70c39aa
R75,supply_097,2234,-0.025428275716183557,False,False,0f71a46d6401260bbe08e4ab660a083099b9e6fc2766f7a6121b6a0b4c6c556d,076e3052321df53a89b4e7bf2b66b2773ba5f73c868de505a06af548426bc51e
R75,supply_097,2235,-0.03318305075033756,False,False,c529fdc9bf48eea7bdb8f41caf5715dd1caa6c4a07639d4e6ef67abcb2aa3427,53ae167a48c7a4d7a5d7029b43786cb4cb873bcdff20e1a791f0cb438a4e9a75
R75,supply_097,2236,-0.03565577689270111,False,False,42d032fad27f2f0749edd119cf75e82704b39be9788b3d6da6e7bbf96bcb607a,740250823afcb601db591c8c893c78ab22c2d71a829fbacd9220007618d20a23
R75,supply_097,2237,-0.01670620360344366,True,True,8ff6d74d5078048c74f2b2a4d6ea5e59cb2033d9a734e95b155b4e227e36596d,afcc5437807d6bf854cb99ee2ad961a1b3b61d28057cd7283811bef91b36c301
R75,supply_097,2238,-0.040736543336060915,False,False,75e995843cfba2620bb8ae5a570ff22cbbd28a841636c70a7d1c90a3b6916035,4372c6fd326c38cb58fba49a4b765d0bfeb4c49a1d0676b04ba5bf72480f8343
R75,supply_097,2239,-0.031412851397583874,False,False,c1d5001aae88cbb69f35a2fd1d6ce96945358630fd5812a2a28b85c097ce3ec9,1c091e090234c2d8287398a491ebfe800806d00b35f9c08e84e7675344051463
R75,supply_097,2240,-0.02355905965765559,True,True,923f4f62b1fb54ca9bac60d295cd9b5cc417ac1d9097bb1698edc454ef904261,240f5168394fae9ea8338a3e6fbb759b40a24b11efb3942c93c7491131c5335e
R75,supply_097,2241,-0.03669288150272376,False,False,63fab82024c28bb0f7c691bf36e6402c4cfadbf491c894a334b7af1b18675339,ff46a1cdfdd98820bcff71fdf5204bd837c808f08d402e2527bc05bf32d74b1b
R75,supply_097,2242,-0.029240135269966938,False,False,c1a6875d7614a2a140d67f12851086425388d10dd020024c05436e2d6de212a8,ba343cb0ee6aa202bc125fb6c9ad6ecd9ec108b869984fa6cb71588ea1235355
R75,supply_097,2243,-0.036326972833367666,False,False,12230e204f7a2e310fd67d1f2e85eba7243a26a8ec465c9576216c3835161bb0,956d741334b799d7da227ead34fae9d0f79a6ea09155b6746b6890ae957a8762
R75,supply_097,2244,-0.045620882036311206,False,False,75bfb59981e9fd5d1eabc97213545905724fe1da65631b329b87141adfa1734a,7ae352e45a85db896847e08e49c12a660bf32484826b34a8976aee6c95f9ce6c
R75,supply_097,2245,-0.03350630874710031,False,False,0ca37fb4e5ecd989cab90ac5aca1106c891e8e88f508f44b11674e71a832e772,2e8a9cd5e52ee7463a6b2e3d9ee42faf4e0512bc47173f14736b76dd3651f434
R75,supply_097,2246,-0.030069809313904017,False,False,f252ef6d8c9dde6f0fd76c82f45fa45d6058c4ab116c34806d542e22ff68d16a,bf75a150159ecef716902ea0be0766e0c8ed526271ab1bb2c5e122f755da242e
R75,supply_097,2247,-0.02619120304490241,False,False,e44ff4410a2c6a23aca2c9d00675b0987791524bddd13d1ac976b522461b7741,51658d688a52e3b6a3db018a6554c089c65c749115c8250406c39775480a9535
R75,supply_097,2248,-0.026045357760910492,False,False,26f2881323ed33894505710280cd0a5e10b77c7e0b1c1b44882586c81ff0dc76,9f8c1d2ae12c81b6bae18e8f8fddd230ca7f626f39fa6925a6adb02131d9ed2a
R75,supply_097,2249,-0.021819810979807508,True,True,4b820fbde8079b2e328a36efd74861d1ee9945e176e5b339d41dd0e1e9961bfa,474b2d21e674f07369a4601f1bba18771b5a830246505d8c583c7424ab9dcd0b
R75,supply_097,2250,-0.03491589330585493,False,False,c669c09a8f64a84bba236cda9f051b85c0d1bc20628af6ae678ce2920f9df814,e3da285ceec53ffad9029407dc238ac496f06b49ca9e869ed3a9837dcc6618cb
R75,supply_097,2251,-0.030791436840225672,False,False,53018651bbeda6ae3be5d60c819e5ed9516618e396ce15603ec44b6b9006286b,ea6de992f9fe128ac7d635490ede00f9b1d62f603210862f6e139c2fc1da3596
R75,supply_097,2252,-0.02064186055189976,True,True,4121080e5f5662b4f93412b6ccd492ffd1bc13f695bd7cd5bd6cc16aa364ad5a,0f607c52103d4d63343328f3202a366cf0aa23fa0991fc5d9335f641373fe000
R75,supply_097,2253,-0.019281313519113996,True,True,a181786bafc6aa3cb0b2b543c23d33cc9c4c7eb7cdc28c44fdf845c4e112680d,f6433923edd050e4d6b3a36e59729f3551c3d1a6f00f6501b46e9cb40fa35069
R75,supply_097,2254,-0.022384287865573504,True,True,b0f0039a2f90945709a43f2930d42a21883014b77d4c2688109899f4eaa52f0e,10bddaefdf7596418428b7615d9920dc29928d75747dcd1da3ffa7402032ed8c
R75,supply_097,2255,-0.0477203205211264,False,False,ef5d230521cafa97ad123c849c6468098e0e1eaf0538044d26164c31a68fcb7d,548178c58432d5acf185f4dce97f000c8f2191ad851d5ec2f0c409747b63d33b
R75,supply_097,2256,-0.03935926912634652,False,False,06d36414cef2ed8b370be34f7c8b3e9726c5179a9fee27fa3609946c06a5d9f3,c1fe7dec06a00667338344521c53d064edc63cdb655bf78223f37a09007a224d
R75,supply_097,2257,-0.01607693849021885,True,True,598bd8bcdbf3a15dfa44831695404173cafc04819e742662b2ad659ab78a0647,4ebe287b51e58f948a217007b1278bc3b1e8b8b460c12fca5afc44a21439e111
R75,supply_097,2258,-0.03998342644450187,False,False,4cc3eb2a0b4171a2bb33f17c42d11f2895d2e32320743353b3534ead23f3ea36,55808c915175d88071e1b1d210850f6fa0fe42ba31ccdc6fdc7710d49a52ae00
R75,supply_097,2259,-0.03891234915317049,False,False,ed0c79431b8b0376749b29f573c335faf3d162c4153c79d0f65c7a578ef1c4f7,9fbb8bb4fd0e7278e54a9d34382da5450e6e3eb759ca1c75532470ba33bb7ac0
R75,supply_097,2260,-0.018277592502405127,True,True,05a9ba6962ecfd93c85ac13a2499c66440e2ef557b743178c5a2cb4fd5b84f6a,b8bdf1d593daa2789dad6b74b17728f7589a1f242996d5885aa519e6a012e6c3
R75,supply_097,2261,-0.025082553914354155,False,False,f6b3c63b6c76509c7aad3220724b3742d68fee6546c40f541c3ec34f4ed6030a,da31546f554b3d3d4270f3c0b81482ea76c67ebc3ceb96da3b853788c83cf22f
R75,supply_097,2262,-0.015847314635929033,True,True,ed97576afbccbde76ed3238703c660768af635ed73e8a8ce71b3b5e68db9c9ef,f40f3dcda701780f8c424152b317a55f057435e95ffcd50f93bb6fd0ddecc2a8
R75,supply_097,2263,-0.02772520367699427,False,False,5f52b2e439b99aba7ca39430672ef7478bf514588d3f7d0365b93fc3bbc1152a,025a465ad38a784a39ac81ba773ecf08c8784472289cd684d1b7c11baa81f8a9
R75,supply_097,2264,-0.05227410593331544,False,False,c7735efdfceb27836cf84d970f13f85998605eefcd1252014ec5759149348ceb,fe01669aa4c8eff41b65a946af8526fddc0e10e5dcafd3a2f84ca36d1b755e1f
R75,supply_097,2265,-0.02651910774233751,False,False,1d5c5739afefb586bce9f3b12a8acd7c9c4397117b289653ca77443508802c92,7a4c9c942bab6ac0150a7fbbc51d979f9dd1c5aa90898f6f449dc84b0dbbf17e
R75,supply_097,2266,-0.04671012209186276,False,False,8485bf53bc6ff19538141bca81425ceacb5227425dc7ee2be47f216d75b257f0,3475ad7c24c7ec213a923868225cf57877dbe1af465f2f521f35ca7d2badf979
R75,supply_097,2267,-0.02712375924578936,False,False,a15b403ea91458f6befa8bffc6a9348ad1f9f4a475112dcdfab36b41a882b8d6,1a5c588c1fe276158e42efdcf0ab302c7204e7c98dbb174ff39d2e457d1bb261
R75,supply_097,2268,-0.03566719829219489,False,False,b9a0ede6cb56cb4af0700be0b709aed09504c9d32b213306e0362456a1b3283f,96c6f39085251b13b9f152f5108aded1c5c433930523b5006a4ff705e8294d4e
R75,supply_097,2269,-0.0352510312160742,False,False,ab7d2c989d2c48e9ac623397732f918d8827191dc81e5b83f290ba41b2b0418a,b4afd277a9b63c92b77de4a42ac4e4e8ca953ff79b883f4e02d9afd4860fe398
R75,supply_097,2270,-0.03544330854681271,False,False,a8501cac2fbc44f6d0e1b5308a699e1c87c9a9f901cff4674e5418bc7465a147,1b2fe795ae6832590e82f74318b1eb48764a485d2c3816a963afd3bb46bedd42
R75,supply_097,2271,-0.03105748357907301,False,False,295a1667df6722e002061c9b576539bef005005a2ba1f30387ee6e2ce256e9f4,d77112ca252b5335560b19138bb401d9c1ffc5059d60d18c446c7f4e97407abf
R75,supply_097,2272,-0.01654028749143477,True,True,e07995f2d2a9d7aab4ac54e40a000063a234a04e2fca99d508729458929519d4,9244e1854686eddc73240f6e9c08a91a6b6db31ccfccb873081ab89dfb0d1bf0
R75,supply_097,2273,-0.016592078928998222,True,True,fb1edce0ea53c02346d51eba6ae1cd60e2fc2be0257e8774ee6845b9ab141566,6019b2893a5a2a4c4f6e24968169a40cdf09eab14ca75034c27475745926206a
R75,supply_097,2274,-0.032723245154806346,False,False,1c349d0a400891f18b09c6cbe5af6b6623750212ee9836d1643521f9acb15d02,8166adc0ff81f0b96247e803a9c0247c1fe020b1942e850b10952e4e6ba53ef0
R75,supply_097,2275,-0.01847872747950907,True,True,b8034125653274a85374a71ff5161b0e6b2810cb1c93e44d07e9f829ab8acf14,57acb76240a99ed310bb0b4d1fb9270dcebe8284edc9f98d5fd287b9a701382a
R75,supply_097,2276,-0.03982857487183489,False,False,0519e25407610af29c6e245d57746530566ab76685be41d161f7241ee9bf4b44,ae53fff301a42d3027be78b048297ef32e123b40ecc232bf95282abfa120634e
R75,supply_097,2277,-0.020448852659314065,True,True,b0dcb28eac7ae6c9b29cda876ce02a1db4a7650928c02e8d0725dcb3e9d625f4,4ca757ed09fc4a2811a3a2572f567f127ed2580dc6573817b8bba0da52962b53
R75,supply_097,2278,-0.018566463678627243,True,True,d2f310d3e65cc49c99b634fde973e9b82315d5674ba11f28d4705403af3c8277,832b47c867ab23961ae5066b6a71b3e30524dc2074ae5f795089826430543224
R75,supply_097,2279,-0.026060723392917873,False,False,d299c0c4d776a913943711bce7eeb27ffe6d9c576ad183008fecf01b9378d382,ce023f160ba30a5aeead14885829255c6eb2891317afe4e6e7cf41077d76b425
R75,supply_097,2280,-0.028490293034343805,False,False,3947159097eec9c7cb8eedd7e20d6439a9f3cb933f9cc727992bfcd7484550a6,709a87c6577d5c194eecb37f6d5b9a2deeca5d76edc6d94086e61e7f4a98819a
R75,supply_097,2281,-0.024900634593000348,True,True,9c31e1b971626bb98dddcc224b22d00fd29ecc7050fb07327cf234d5160651bd,49efa180ea75b1cc1aa82d18a669cecc905b02cb57b938bbc42f54a7ccf459d6
R75,supply_097,2282,-0.031053189904722334,False,False,96eea9515b55e38fccd39b9804392f92cfd1dc9230ab98ea5794f38299e8d654,2a9f13c07fa7d93b714b0f3e58345b22f08743e39bc8444bf145ce61a1263b51
R75,supply_097,2283,-0.01944790634003546,True,True,a77fcfd89f1e69d743cb9b5ca8c8b1a73e73ff234a8ff3a73c476078a9c33a3a,863c90a363e372b83129753594f166774cb06b24295bc9d722f36a2e9d55a0f9
R75,supply_097,2284,-0.018371819993120653,True,True,d0215730da8c6a5978582f11b6e2dcc1359dcd4ee0a22a8c629cca360db3bd9a,e885f31c2e9d08fee4eb99b3e8305bc46d2a094ad0ff566662220599a77c322b
R75,supply_097,2285,-0.025210465890918465,False,False,65ad4506d921cc9c5dffd535087d84985d005bd512a75cf1c33efbf2320b183e,e0331229c3f2e9fedb607a53d96f453d587ac6a74b5bd9f482f471633ecbd6ff
R75,supply_097,2286,-0.04241680347518967,False,False,548edcb4ff1c43fd243fa7ed905aa139cc867f24cab76425bc36a2e51911aeb7,04f21475cff15bbd0d10b647b8b24d4f95c7bf060b00119ee28274a59da08f3f
R75,supply_097,2287,-0.017232449531422667,True,True,99f957f0b0737385e19f0e5135ab2fd31b24d12e22dc11fe9a5f9ba15bc4e15e,8ee52af4437f7a0050d87ea6df2c03896fbaa18828768657c2d8ec65c0a100d8
R75,supply_097,2288,-0.029941438316507252,False,False,3ab1bc7091be8053968921abadb959c2a6cc9c155c41ebbb970fea7dc3e7a768,ec34851e9fa9d5bcd8a4617229bab122b60e4e8de415c5a4b533ffcf004fe505
R75,supply_097,2289,-0.03835769120337018,False,False,11219a81235f96822a02003ea25392ceeb1cfa18f183c11da6164cc3c1304404,64c9ba87979064689b9c72f778344de1c74e91c3eb5ffeb7af306df4b0c0281e
R75,supply_097,2290,-0.01701055348269287,True,True,e2b595680b0ef8b18805d73a42ea7d62b6ddb56a0a8eb61810601a9481fb6ce6,de5d683cce39fafa517f3ff6ac991e2f37df220dd8c424b208a54c10b6f77a72
R75,supply_097,2291,-0.03623596319669492,False,False,7f9d71634f0cf25496d24b49a5c1790b09634427aa40762b689f4edbcf239cc3,c696c0ca34c293cf47293eef6bdff259ac426bd89c8521e0ec4c6636778b27f9
R75,supply_097,2292,-0.026304841732380846,False,False,8259ab2f63205146be0cc0c278ee0a4ec364696debe71b2c5f709608863f18c3,14e545cdac66cd1c786ca91e3c4be7fc7a583b05c89527c0cbb95797ee6b548f
R75,supply_097,2293,-0.039519253028558354,False,False,0cd6764a0d791097470ff366e93b2b096bd20d46e8185a2f88096961807b8740,1e3685b11b4a4268b61c4d2cb12d3c3d475816b09c635cba127ed156ad24aefe
R75,supply_097,2294,-0.019950294175951178,True,True,07c6bebb0cb5c36bceb55780987782d8233c9ff162cbe53c3620b5fbc8ce1363,66ec81f4c90042135f3b8b1bac980dc40e9e76e13f0e12a4e9e4447303af28e2
R75,supply_097,2295,-0.030504154186549726,False,False,f40e0c1e0e04d7952881280e46cbd73c4e14fcda316b87852dbfc11df7823f22,6c881bc190e1afd9e8dd890068c4f1f68fb8f54b21b0884e3a20961bff92a3d8
R75,supply_097,2296,-0.031242266089783644,False,False,234997dc60e9c1656b66b5b39fc66b8b6a52e9cead98813a9929bc6e980cd61f,50e2013c6f08a054a7e41c51fbda65f2f7e10e41ee063bb96b54ab81240cbebd
R75,supply_097,2297,-0.03730930382535902,False,False,1bbb96e9f3bbad64941571027d400d630bc238c8a099c6b04c6777ec88ce3396,88c7c39ee8c569139af403b6c3ad85a7ca010b9c56e58c26933fc089481c3f5e
R75,supply_097,2298,-0.03212443724749997,False,False,134b480cea7db4ee13af15de2a0a849282eb30f79da1bdd1bd9d6b1e6d840642,36496926ab1ad4bf3d35efdc5326fd40f0efdf3a3eba57e515e62fdb959b7a93
R75,supply_097,2299,-0.026876747125833433,False,False,f2ba571de30863fff3a4eaadf4cc59639510c388c66203f4c2227855b537002e,1edecff8bc68b2462c3ba34891fffe0c8b20e66d13da0a979b5643ece136d18d
R75,supply_097,2300,-0.019260664349032453,True,True,8667e4cfa5b57cf94dc4ff560f247d43c4720ef2bce5ed27af4608d58e8eb88e,cde0dc609bf9d816fda5b820f11ec25d0456e912018072de43d97bdd2f880b64
R75,supply_097,2301,-0.03382136577250039,False,False,75001905480884563e6af895614b24149f9eff7bf4aa80575531e42f3caa7e52,1c079ba30f0ebc2b64371fed2d03defb7228e8fba1d40a5c19f10b1f787b00b0
R75,supply_097,2302,-0.026573858345681267,False,False,8519fd6743264c1507f60ad28ab719777e5cf07d01595b8f793c20d03b2d8987,7c43c2e9f4535b3f95c303b2f3cec66bdcc6110c1d2832556c5c1af33a4f34c8
R75,supply_097,2303,-0.023130258603706266,True,True,29fe57f63aad9a52ab0522e827bb1e51325f5c4162798cbcc7a1de48eee5e66b,ba24677bc74807c7bc8c791cdc85b005cc2f5f2352a21c9748a2808c5dde4815
R75,supply_097,2304,-0.03147616271712922,False,False,9267d3f3d6483ce7871dde51db8399e998c4114636940436c855c882837e53fc,812eb6b96cbaf6e621a0e88614c990e458a104d197843aa5e5fdb02c7311ff25
R75,supply_097,2305,-0.026484432486099607,False,False,436ad261a9728324abe052d4279f5a15151a05d61f35c8f4513d69d6fc5cd0c2,db3b7e18fb941b0b8a1cfb6eeca009e9de5f71d4f6dff54445df91a0bcc92e0b
R75,supply_097,2306,-0.03638288701893788,False,False,aa720f6fcf67f84db5b99bf98c1d434c928a68a6637e69bf306fe3c3983a7ec9,bc209c58506edfd030077107920d88dc21b5b6d0d8ea490c764e45ec012d7d1b
R75,supply_097,2307,-0.01634682250953151,True,True,440ec20f0bcc6c432cb1fae9cb0d24fc9181e12ff631811621e1f21b0f16e93d,8932a04fd2daca7ea1b8ae38073afcc9e183d69760c95a7e0f9f48848b5e42df
R75,supply_097,2308,-0.029198997235903967,False,False,e33ea76f9097cb2505f1d9ca6cc9b1098cfdc05f22a1c22202c5d6d8d079802f,fe6116b334135aa3ac0c945bfea7c58a6330b72366351db0d077c8324b03551f
R75,supply_097,2309,-0.0294010205575026,False,False,61e1ae7549dbbdf90ee532191a5983255ec85ea095ee8bac88e6ccf951057775,7a1a748786f910c2997026170ee602a1bcaa8cd8bf756042f13a8d06c90ea091
R75,supply_097,2310,-0.03740754943580926,False,False,dbee45bb0973c251b78e92db81e1b95d11c252a1f6cd507397579768ffaadb26,3a7fce4ebee188650f4727ec6da7b05424b56008b4fc1105cae9771bb691b821
R75,supply_097,2311,-0.03038518801858836,False,False,a4d60518065420af0cacf4e49c34208f68d56d857b7eeea5e4de901de1ae4002,2c14069c269980fa06346eef8847ec16bb252cbdbb0b849413254878ad868105
R75,supply_097,2312,-0.02708825673569143,False,False,29cc99383f4f2468ad2b44bddb7e50cb25ff02a7d1236cd36e4acc241bd537d4,66c71709ff2c71deea555563d040a46cf7679956444153325d7c873a0d89f197
R75,supply_097,2313,-0.046803807147421495,False,False,5fecca3f30c4775b04806c8178e6a9277d83ce2f3c10f363de2b257e4649f641,7ce58bb99ca735a0813fe7a3eadcf08b3d7c6eebc767a45a9c3de6be3218af55
R75,supply_097,2314,-0.011755184131792273,True,True,0c676864fe4781012c5ff36431dd02c2ae92cc5fd6d15c6ed6c8a61a41b7be94,5becf2a65296fccf23deb3ea599b5cc98d08ed4b52437a7db2618a32f46a680d
R75,supply_097,2315,-0.045415018358362924,False,False,d14af8f51fbc5f28263971242f68011ec00ce9ca81749b5a93448262f0dacf8f,8d45bfc6acf562d3fac8efcf54fbe208239da992b263eb40290f61d8af85fd05
R75,supply_097,2316,-0.027241676179108554,False,False,6f87425338d8b6ce5e64266d61383d74e888ea8613589f2ed381d1cade66c81c,2dff44bd102e01a90951244d96dcfeba7af010aa512797cd419dfb69147e2eeb
R75,supply_097,2317,-0.0330582609639648,False,False,f47ee6cae31c2198224bdb1e145ca521e22d84316a70ff6ce384458a95597a31,8b87e59ef40e3dea7dffd15901f94cc40a15bdeaaba0a7c2007f0f5d38a8752c
R75,supply_097,2318,-0.026227472265737628,False,False,01d181bf6009681663505ba6c6035d94fbacd594ce80c784474769c6f856219d,87a1be41130fe819076c10a6b117ba39c8b69a8e00f3660afe10d59d948c13de
R75,supply_097,2319,-0.03414511404845083,False,False,a8ca890de7009212658b96dc043b12a8fe0612dce978353d9f625f348ca14049,aaad118076f881e8dad45a4c425f3d9931dfbef8278e9a96527b7ccc2b1ab348
R75,supply_097,2320,-0.026388735626937165,False,False,2032b7b98fb189f6fa042913b83c308471c47e46abf1a9d518af041e36e78113,c12b76b876067da0d3adf0826af37be2b94126bfd78c0d11250b4e3c1b7a97cd
R75,supply_097,2321,-0.03808015155089106,False,False,618af5a38d8ac52f589116a91643837aa36cb9a9a0a8f4f3351c65f9083417f0,0a3adcdb5e8e4103addd1d3a91257f1355e26d489f59b55079dfbe1a1e5f9eb0
R75,supply_097,2322,-0.003983100629722125,True,True,e136feb25d9c7649de92882cfe26f06e43dcaa3f0c385ebebc28b4866ee95f7d,483f4aa96677f7027f451504d0324febcf5a90867e00bafee3c954d1e13220b1
R75,supply_097,2323,-0.031487559946803634,False,False,7418ed6f88555d41d775d201e7f79c1dfb527ba92fd278ae4de3293d9b24d2e2,25d7a5af93369d779505a7e22c83e41e1c4b5f0318f8ec8a1e71a8bc3de46a7e
R75,supply_097,2324,-0.030691254754579456,False,False,0bbbc93fd0b88ef48cc66c5bb77e198637f1e1165de57f95111c4ef5986ac4d1,94cf97b749b3f4d552d1340133f86ee83825af1c1a7e792fec5863349f6a3941
R75,supply_097,2325,-0.017879003047984565,True,True,166888a87a3965a0bdf9b27f46d877802052d36f32ee30e87f71783c71db8150,8994f931b95dfdd7d20e2cd5d9c802ad3010635d105daad320fcc47abef1bd86
R75,supply_097,2326,-0.032101251172707124,False,False,a2df30d5b4fd4bc9f2a0994d458a1acadeed6a77f205c4373f5e00f4eb351542,40a35b15adebf3c0928de3ea621a86e7b5bb2d84ec4b428b1cb23632934f8519
R75,supply_097,2327,-0.0228006789240488,True,True,b30da791bda184dea518e5fd5b56e70cbeccfa71d77bd4098bdd590f325cfe4f,e07976637baf662d8a1e7410463b3420c1c34096a0d6e154f549b353f14e56bf
R75,supply_097,2328,-0.03781006299846568,False,False,d6bd6e5d3abbaece3e16cdef9c14f00ba1ec55ec4e9ef77c80b26283db6e0e35,f807016f87ac29e2b2efefc0bd04139db1c3e4e1fe0391917566e3e9fad75d84
R75,supply_097,2329,-0.023273510774503903,True,True,c9ed28c1e6ba4eee31897eee33d9e6d1c44ce30371b27d2cce5bd598477fe9d1,65cc03879f3bb2f4d8a71c211b2a895753a72a9a42524a70946d40dd352b0cea
R75,supply_097,2330,-0.023553676640012067,True,True,69ef77ede04eda569a47699a8d2e8f734b0e8d83a3a707efc7636db222d47e73,a92a37f8541ed06d78ed8d7872f8a35eb00e792d305a0821a3c72d79bf222a1f
R75,supply_097,2331,-0.0400578918040293,False,False,2b760e1f290f557be575efced825f4f06205cd7e3ce548b2c4cb2449de0e5756,c55a8a597236ff9d00f4626775e26b912a6796a92ec630e610b1a3be43306398
R75,supply_097,2332,-0.02909831974639354,False,False,1802b372b80d6e65c51ba383c82428aeb2dfd47aa5c5f25a912351809efbe458,5a8ca3ea8e50f45f1a05a9b2e8b6ce9d0e38ddbbb9758edc99a8648663c0f3ae
R75,supply_097,2333,-0.021742005380838092,True,True,ffc3c775b88d97e2c2677f1822fb300a97df5f587e9aea52b2f695c7d2b03c52,a92a91ab026687283b43be0ba9cc85e5edd2218d6bde442807ddafbe0be93a27
R75,supply_097,2334,-0.04074856638768515,False,False,791ce7763b1ede05561730e87192c4410be5d0116e417af8eb545652646d731a,1c11c180bbc6aef0c82c72ad05fa0a237b8481033c609c038b23846a699afd4e
R75,supply_097,2335,-0.01884015172162168,True,True,940773ef964d8ee78f73b09573395f89f84059d958ec0f4eece29550e33d1622,dccaa1e5e43d4bfad1b854ed75df10538988003d812f1fa48b798fba83d4ab6d
R75,supply_097,2336,-0.031164577639897106,False,False,2dfdbd3595ccf4f41aaf875d2d7c2723ac04e3c1a0061a1b40845a5d43a4e322,114b85af3d6340e24068b31d2815c460796ed40f646e9a5d7dae780de4df556c
R75,supply_097,2337,-0.03240128656191166,False,False,ddae1c61ec1cbf40838024292dde6a9ebc2eb1225a419ff529cb3869a417b602,3ec130d36cb0aee0938d69f30b12da631f9e9a7964c6d665bb5b73a06e10357a
R75,supply_097,2338,-0.022018909869438663,True,True,640bd0ff0c084fb298841a851ff8ec5d64faa882fbbb4d165398a7a90bce1620,36c8948e1b8d68880c8c89ba3dd7830ce47d0387f29742e437e900d125c43e28
R75,supply_097,2339,-0.027837806178996005,False,False,af2c47416cde156b4f73c1787d7bf4540e2bb40f7c1534d9e83813eab8f38fc3,520ac3de78f4597723ff772e5d566fe1b6cc9611a79ef0e380d75b982be8f2e7
R75,supply_097,2340,-0.02297903356135078,True,True,ba1fec2a85906a79c270edb3a7bdca07bb38578dfc1974ac547764fe9ae9fc80,61aa6bdf569e899c1f6e41b78644aafed79776431e98c464fb335258f7a698d7
R75,supply_097,2341,-0.043740836602481736,False,False,272214bccc924954ca16b979b884d2c6cb8bbe29f3f1997860149be7e8c67e8f,ca23841701d5c8b4ffe74652eaf02e230cf1dcdf593c86f6f5ad180a74bb9267
R75,supply_097,2342,-0.035508698341332745,False,False,746e59ad5ac478b0a9e6323f8b1b8b9c2bada34f3e5be9b5ee73b4528b76a107,609d12e23a828e0e1de1437c1f9dc8a96fe39d767c0211c5af2f8ee3f52eb396
R75,supply_097,2343,-0.0421160015579477,False,False,5e76b48eb6dea0056f07370dce5b8bc0905ae1aab56a1745abb2f5fcdc894c16,270fdc423200ca44d416a67520ddaa4efc0aa083abe8467d86765c42fdd50a8a
R75,supply_097,2344,-0.03093598299092093,False,False,d0adde7a7dcabb666e84bf51e3d0244049454d72f8435d9d1fa11193eed822a5,7bcda81d82446d9ee624c40054a3320d8420ae8c978ed095a0a15ecdd9deae77
R75,supply_097,2345,-0.027356009333793452,False,False,0d1b894a873fe7e060f41d81e72e7f924cc65ea1374fa905188dff01110ae974,5324a29b044d12f8581bd078fe89761f60b04a05102925726e816d41a8eb252e
R75,supply_097,2346,-0.0057311271803016095,True,True,6b54b0580a2e1e7c2b1795bfa1b01c8d935d5f8ae22eb5bf26015c337728e8f9,6232e829b34e4111510631ebfcb219aa8945548308ff4e5001dc3ea42b4d54f7
R75,supply_097,2347,-0.04888410940186533,False,False,60c14001613468f219c4579e9e686ecc3b2f724b817f100519c3ff251d637268,000edaf0860fdcad6d7a785b206141bc8329c0e35db67ea5cc99616f62a01c12
R75,supply_097,2348,-0.026082491020897547,False,False,622b1cf96d60be02c939b67f7c30f87f1e9a56be9d4322497c454fd22c15f1f9,30b1151d8ba032805b6e88f92b1733f6d6912d099220ddd4a4b62c702bd43164
R75,supply_097,2349,-0.04507133714840644,False,False,b0f0280b27ed2754e14b51ba4e249eb764825a312aed5e8a2c7d0ac76a2f700d,5c35601f5fc52b37e22c13a6cc941be31486268f9952827ed08bb3e900849524
R75,supply_097,2350,-0.028570315922979928,False,False,5a56df09f51a7ed0f9abe65301147276d1d1daa063f2f8904ac57b113bac783f,1c75f346532e147ebb1b0fa951dde490b0206b92a29c5c927e3384551b9ecb27
R75,supply_097,2351,-0.03183924682350059,False,False,cf4d17d617b74820585c3a90c703242cf885a4687bfe780ecf67accb652e9ad3,4d5a65f699407120390b0188f0363b53bffa43a6a2f29f1b7e18f6a47a493e78
R75,supply_097,2352,-0.032608767803925964,False,False,f0d747094ed934a722c585d8d8c8910e6e0d8c230cdfbc5ec4f0949ccd2f18e7,3a604a83b00bd9fdb727c87cf4dfe054b8f4df8ae5667d7a04524a1bc662dbf1
R75,supply_097,2353,-0.02627921768382724,False,False,9c02b7687012d5b65d7ec4359321f42312514d0d822b4dac7d3ab073bd7799cc,a8f8e33d543ccb818c104c9305211b3d5d7ed73061060d6174fd789c9a6c77b5
R75,supply_097,2354,-0.0387936586980408,False,False,68b209a14a1886aa7f1fc4301b9c3bbc22a08e9cc942864b2db6c39a0015654a,8490e6fc6200ab7770826e613d6d20e2b7c3ac387d1853d7ede925968b8a16cc
R75,supply_097,2355,-0.030878181615632883,False,False,816f4a468ef093bf0d66f9f3ee20e9db435501b80e10926987aa587675f9c160,4ec60b63dcdf0f276bde8a175711b6231f6c5b06cfae99a141e36b7b4ddbdf85
R75,supply_097,2356,-0.015238740809629892,True,True,d1e0f2576c8ad68b124091d3041da3a60b84e5e35e68573306b18dcb0389ffc3,a47fe1412f58bcb87a4b3bd87d22b9a6bcced7c55a8d196f871d5a3f5bec0be7
R75,supply_097,2357,-0.031159404176732353,False,False,af202b8b3f5c0b74da4a98597af0baa3e47ab473a2f037859656cd9d23aea692,2e91040b683e4049cc23c474f94280d11704876c089e54cbc4fc5ebfc9731275
R75,supply_097,2358,-0.03679333742607882,False,False,38126a755c9f1a97f29154c2fe15e44d1fc92dbcf5b47fd834466797feec4b4c,3df9ba018e472d3ab05df88ce0334176516ff394c27d8c2ed0c8e1325891d10f
R75,supply_097,2359,-0.025239098206379762,False,False,294bee726b7787fbb06fa426f5e7a6276508fa9d865ba28c8119305cc34393ee,7e61cc0a568fa2d6fd516e126a7d2aa3e19d3d178663e97fc79d1843b497defc
R75,supply_097,2360,-0.031304494675387096,False,False,51340051f93ef51c3d53964fcb46c6641fcbbe14cc3ad6f689c1b83bf72c80f8,69f275fee355982f4562b6068c0116fe698a38933a53f21f237697aedad47ac5
R75,supply_097,2361,-0.03258079087583954,False,False,01d91d90a43c7f779dc204f08e6e716dc0f8c7421f11b1f377d5da73200a81d9,7acf5e2c807eb81cfb7d1c587a650020005d087596df73ad037b2e516a2b52a9
R75,supply_097,2362,-0.03285809277313445,False,False,ac3d21dbfe374da4b7afc80c7776d904315f35ec2801b44a177d7523d28803b0,79610e072e2449975c7304c5adec505bf61d919e8c87d8329ede07bb0b1fdd0e
R75,supply_097,2363,-0.045086386519537225,False,False,042cf8294a8a90152b3654b26634245be06c50ed608260c873e07cc29a73b7ee,a560407cf1fd8bcac63ac69769332f1eca95f510361399c3228088d76dc6b669
R75,supply_097,2364,-0.026885933538261575,False,False,64aabda88ef8ac59c155d0a2bc851218850278c6effb802dbf5a3a976d0478fb,731d3a253d667e56b099c0b9edc17a31eaeb7ea74101075290d1c13656bbffa7
R75,supply_097,2365,-0.018671911829520604,True,True,30cab645ec8d1e084dc3219f2dfd1c0df8f4dac75191adb3bd143ceab6816098,8a7b311544097f6c38107c611293ce923fd1358dad294a8c5a23e50e09a4f471
R75,supply_097,2366,-0.022434133840153914,True,True,4108946a690e8629a3c07bed08ce551a52ba760f6c743fe62ade7e5b9999c4ee,dc640cb59a814c65ae82018ce26408db90a234f380a8d1e1eebf776c60329667
R75,supply_097,2367,-0.04701563079497323,False,False,14539d9ada5c3e8cf500e495fa322dcc5ba863795c3ab05627ca3fb757ecab1c,bf485d9c7a2510ac812be877cb1e2f0eb682e3a7de3ab431a036fd603ce1c7bb
R75,supply_097,2368,-0.011793168117471886,True,True,f649833fba9211e0038976bafc459d611ae477e42c06d75379fd06d0de056aca,ef589e861c72c4f96376ca8d48771dfae934404f83fc08502e8efcf1570a0f2a
R75,supply_097,2369,-0.03395082710239883,False,False,b57c12189cec0eae8f1b9f5d5571a8f0277f12270342a36d5036b073d4ee575d,56bba6c2a72411637bc1539f7961cb5e16eafb92bf2ce348a330bacfa40f0561
R75,supply_097,2370,-0.02954316901196441,False,False,1ca9df1dfbb35e129a631918c755818e7f3062e97b67514c1d8a1b8a80ef39c1,918f1f7d74003914c62457b7a582072463944ac63de8d81555475110c474d850
R75,supply_097,2371,-0.03030644241739605,False,False,55015666759772184489abc63a4f31473c1a0b2502812e9fb3a2e41c23f33a15,0fa3c56f3d06f367b0c473149c4e2a40e1740f6782ba6863bbd743241ce47027
R75,supply_097,2372,-0.04540440361094511,False,False,1490df133224f6bdf4c9cc83690e70ee35c028a85eabaa67db321b8ded02db8e,fc3b4a626287ffe649d6032098191ea20bb91deda5c936b1c0bcd9de12de5727
R75,supply_097,2373,-0.028680468780266866,False,False,894670c428a2052df245e3af320cd4a1e8e46df0fd008ad62483c797caf0c222,37122d08b925836c5c4d0efc5dd07d4696d4a1befcd77aee6c34a6192ee59ee9
R75,supply_097,2374,-0.029222943561514003,False,False,774d120036b0ed3becbe2db57c158bbeed206c907256264d72aa1218ef0827c7,d4944b2b92609a50703ba2e25c6a896324128a79cd7edf36ac60378668324a47
R75,supply_097,2375,-0.028389156358553325,False,False,969000a387c5bc0eecec049bfe73d8176b737d13f6a02ed4fe8318bba20b4408,43c67c18fbe2e871cf5fd1a702118d051df5d8e0d2ca25fca0335788f4628aaf
R75,supply_097,2376,-0.03203680896531047,False,False,6f92bfb6068f2f76549275c68350b334dad05504bb3028e15caf0d8c679f0b84,9b30b8ed561ff7f7b67723bb8bc7d6e4d6aa115bf02a422242c728f39cde447f
R75,supply_097,2377,-0.022925382819390827,True,True,11c90b5d141cf9bc9bf5f92669f83895a28570c5f303f1e7230de14154d91e5e,2557b5d94b61c7ff5a7b671aad8016fad3f8e075809e56c116606a3a4ad527c1
R75,supply_097,2378,-0.030742471726685427,False,False,8b8d8d411a8616d2ec0516ff6a4afd0387d92039b43d2217c4bfc59b8784b0f4,22c4223f8d1a27856efd0758639cf63650c9059a5d8f8030b78f2a636f932da7
R75,supply_097,2379,-0.03185978644920301,False,False,0183f849463ab8a42d01f74f04703c524c9f808c8ad810a0194d4931e1fa6bdc,83d3a2b560d70ac423894990005fa39ab74bafe521f258cb81fc484f285b97c7
R75,supply_097,2380,-0.03347399996591438,False,False,3fadae75e6f87e2b46490b3ecb83371a9388629612ddc5714a3bf16af751a694,5d103d98f6f73e1c6494327060a81145e66194c935543aee65088dd7313102d2
R75,supply_097,2381,-0.0317766884670857,False,False,bd6e628ef844cd28e36e5d4abdaddf86ac5f7fca0db82d8629f60d92ac8afdc8,939e946818f70d0fad9961ca9f585038cf5fd859cac5f1bbe955bb133a120312
R75,supply_097,2382,-0.04161767069936939,False,False,c77ea521ec618e604c24aee2b287f0cea86669f73713ee0c8d78241f9152b9ad,66848a573964dab4451edb114d3de4a5be06ed6f6b5fa5884efd555015cb0294
R75,supply_097,2383,-0.04207063657431792,False,False,b238f020d9bf77f709c6509af914e03641c47de8b54e5b98f0248aef6e727f1c,b9ebb449fb11ffdbfc2bb4c856f4cd9c9e8a1117eff31d1acdb9b4b48062c2e8
R75,supply_097,2384,-0.017903070703622348,True,True,2d3b63049e42cf67d524c896b368391755507356895525de1c10de4234283b10,35febddd000d1a5c3d49780ed98d30dfc4e0a88f4d57d241f8d76bcd5a8d86b8
R75,supply_097,2385,-0.03013619517269195,False,False,7157fc3369a21e0c080d83bb152f602d7c5865b29c7d03eff00f1ffe0e9e6224,7f304477f274e7fa2bd04100e393ba573836993db9e4b6ef34b87e59ef0c198d
R75,supply_097,2386,-0.020932554980487517,True,True,ccbee839a4a7fe2b4d991de8ef3a750d077ed5241241052babaefdefc8729470,a32c74012a296ac00ca5aae44df29da1573edcf0c44749f1bc27b97adbcaf5df
R75,supply_097,2387,-0.029862324924361583,False,False,5727a2654c2092235ca8379984c2c6ba124a7f8dbfdabb11c39555a798cb9382,3b080f504238d398809c62e9ed3de751ac61aba92730ac4ed583edf799831602
R75,supply_097,2388,-0.017396920964322327,True,True,3a465f555b60a79d9d37c3fc4fba652733ab6bc5193ccd9d5535186a50520efe,0135025a849c7560c73b7446cb1876e3a88185c5ef916cd4e948260d4cd6cda0
R75,supply_097,2389,-0.015407933395160944,True,True,af8dd51aa4529c1b08195579828dedbebeff0ac78a1233aef8846a2660978a75,faef8aaf610e2cd93ec4094cc0da1f73f7082054d8dcf4c09777536a7bd84956
R75,supply_097,2390,-0.022311322417813195,True,True,d2dfe0e2a9ca9899134ae1bfc384462dc04b73ea0ba5ced99ee7aa5dbf8d9323,39e749343e244b8f0b5106b3b801819a85ba4648c5936b569791b91361f293fd
R75,supply_097,2391,-0.014113791381282825,True,True,578f723d2fd245765920bd3120200ff36f763d2ecd11e573b2bbb70a4f8e19b9,aca412b15e81dfef4628e72171ecb4c6eb1f7305b58de989f8253aa85c2e3304
R75,supply_097,2392,-0.015305931141988416,True,True,28837326d9cdf9cf3213af663738ae2326fa14a3c012d47660b60e00a864a931,62b24be549d910b33c1894e88ed12b4ff8f56fbf969cf08efc0781d3011c279e
R75,supply_097,2393,-0.039585835161134175,False,False,1855d4dca430e6c682bc80117af1771db43302f740d6948e3367ff6d6e037897,199241b4e441f3fabece3aaceff9683aa38afa783246364d494a5b146d008d7c
R75,supply_097,2394,-0.027751572444636108,False,False,4aee3b3d14f620320f972a0fb2710a818bfd6674d1e628b6daa9a9c946160e27,1238c5d0e8f11a7235d161a2d7b63c145234ecd056a1d24f445f28ccc26e45ee
R75,supply_097,2395,-0.0331646130886914,False,False,b8e32c65d734de3700a28356ab13fc5b503820069d14344ef07aa408c4cdf704,da946a95a9b1d0938224ec993eb82c9aa7a7f6fd68538fcd2f5029b69c8862d2
R75,supply_097,2396,-0.04266938813988197,False,False,20690fcce73727d4fd6e3440180857bbb0a4dd6a670cf0e8efe57179e7b792e7,acfdf7bfabba2e5f5169f383b6bc25002580ac350753b03e45d8fa5828518ae5
R75,supply_097,2397,-0.013610347297963843,True,True,77e1ccf28715a25381035eea26dca09b50c1ac3cbe6bc5522a7ae40da2fbf631,37bd619af71fffc8141dfa1242bf0c0326e38879b8f2eb1706a15228e4b66cb8
R75,supply_097,2398,-0.02850949403149028,False,False,66a11eb5cffe7f7bf0702a6988347021e2905b7c9575e41897161bb45a822853,96e9b820eda3b27cc4e5fb6c8f49b4007dc3ead01cd4caa85a95759a357910de
R75,supply_097,2399,-0.037882298456923036,False,False,4b0dfe87c98e707d96672dd849a7813b8926971c95a977542f8967d9520cc31d,940c374456386d3080f87c8ce7c712b4a67d09027cf77c37a261e2d4cacbe433
R75,supply_097,2400,-0.029786416380229053,False,False,4bebb42e72848c2e6c7143041365748e5781ad9da0e40c54c712008b0e7d0802,b212107503c484806adfefebb53bacea7d190e35c2f9a81e034f78871ede96de
R75,supply_097,2401,-0.019802918949818227,True,True,4b198c2112a9e559eadc99b2327806a725dfaf8aa08f42f308d2b7b53ba0b486,3d14c1b2e78ae736ac2b802192be9a710007d791bd02fb2d2ec0102cb30cd804
R75,supply_097,2402,-0.027853657796338915,False,False,b77ee9f946c4fabb50b4034a051fea35aa3472de20b7195a87f6388595b4e3da,7984a5f89f437dd9f7e366411ff51dcfb1e4b8ef9b94e0b2f2f7ac5fbe0b3aaa
R75,supply_097,2403,-0.02879817858269329,False,False,c60b24c7b844d33030ae223efddc36692d7a66c0c2e080b1c7cc89befbbda506,bf9dd121651a0b9a8325b968aa27efa9f9b5f6cb7c8f3d97743866309e7a4660
R75,supply_097,2404,-0.033566765669280296,False,False,ac8e9de87b2c2bd589bebc282365ea4b7a77f04241fdf688d9d0493a59264c28,9ebda071b268ff52988854907e1f294adaf97dc58a5b378dbc5f971193a55b9d
R75,supply_097,2405,-0.011890392747581857,True,True,0bfbf325ed08b8c25946a639d29aedb8688dc0b72130b83e30b899039953f51c,f99ea42a456af3b1d981b3bb70a13242dccf09376d90152cdc0c4495fee48170
R75,supply_097,2406,-0.02189058164569735,True,True,b790031fdd7c2cc478500afe3cdb29a85867936c40c401143796d40e5939d284,7c6c20da027f2897a1e90d5c1c84327ae3fc14ef94e331f0dd6f345aa5e3eda8
R75,supply_097,2407,-0.021106766517901776,True,True,bc67ecc76a6bd248a87225979cd69c0be02c38ccab28ab119f58a3fed549f7c4,f8023463c63985a6e4ff98e9a664428b419eae9aecf434bf007370877b81c01a
R75,supply_097,2408,-0.042928075106492214,False,False,e3038b636eff5341f2c0481b5455502a181854511d28799f9f191bbd4df148ef,68e44eb3b37798958c755e0d8c191ac4d0556d77a1b678f48bd2356044f89120
R75,supply_097,2409,-0.03278465928343527,False,False,6e2f6785954bfcb58156daef40e8a9260a37c5207ddad47a0c78089c82d824e2,9993122d5203115c73e33593dd03d1c8716a489cf707cc30f6b48cc122b22785
R75,supply_097,2410,-0.040390319396507,False,False,142174b7524db05d57e9f72f5b508aeca35379e71a719f08dcc5ab3cb66ac7f4,e59e2a2fc51cd0f1ae539cc5940d09de5d8436b889d8bc7b0c29811279d9fe23
R75,supply_097,2411,-0.020433324471623937,True,True,8fb06f29db63b8b39bf346ee7f9a2b94d943c4135ee0de85b271c6e441f8d27f,9dbfde69dcf5357675eaaa067376ea658a9c6d2fc37cc0d0e4a128cef6a7ff12
R75,supply_097,2412,-0.025760950600359045,False,False,6cbe88c088200eedc83b56c4f3c95090fed2f11e7beadab600b31faed6d8aaf9,7fb3edddb1695f886e6d244024eecb81b81149b5dc3db9875b412170b37aad7f
R75,supply_097,2413,-0.02206211233411909,True,True,a5e19e1310e68f818f86957754bc09d2246013f877b8214da64c818a4c95b585,1c1b28da7579fbea209397fc142b9a743063d30611250c72e3468240e22fcb4f
R75,supply_097,2414,-0.03354926724686752,False,False,77ca6094affc3cefb260c4746bf1e4dbc7ab9c372daf51cb31c92ec062b4dbeb,a0a9625b61c082af15afa0afc83a7d486beed0538cade379780197b7ee6073dc
R75,supply_097,2415,-0.028895755769081266,False,False,142b89df6a6815f0ad4a79cec0dcabdbfce1c76036e9519bd84c06e93fecfb21,65dac00001bf300d06d2909b2d5ad9a6723dc65fc95f35f667ade9f5621818e0
R75,supply_097,2416,-0.025023813890746927,False,False,f66a7802702100b982e21cf4d5c0f8c3e2ac4cb740e7fc0f6317c99d281fff86,7b1a879115c6e4c79171dc40d7adccb35f98e9a8b1af7c7824ac828490410d48
R75,supply_097,2417,-0.022563763847862905,True,True,0b79253ffa375931c14aaa7f1b0e4acf1822d82535bc7e9bd934da69c3832df1,38f0246e22e17ebaa08075fadef0055897d715451d0ab635b07373a02940aa80
R75,supply_097,2418,-0.0332837079579531,False,False,3e9c83a16a5cd162ab4bebb0aa5615d188ac780aa202fbd33e494bd5a885abe4,7a241922157427664b9cdaf16edb4deeeea094bff9d988329d0c1d75142cc9b4
R75,supply_097,2419,-0.03764472385328854,False,False,79cc9e4c94799a6a5f4f55e09845397a9a24f22be10731a82db223d1af18c45a,352348346eecca1190c7bf846fa5e12a6b70114115aa6b74763a32e37917fda3
R75,supply_097,2420,-0.02710682934971631,False,False,9f285f017f3bd417a3697cf17f972a1bca2c5ff47e3e354240614bda33e0c07d,8c90a713bbe9aab09f41bd91be22da0812ab01588f0872dcb649137f75cdb46c
R75,supply_097,2421,-0.021833512914710917,True,True,b7d97962b0dec74abec7ad300d5a0225027976adc83b580e22a0b39a33cd4c8b,df81e3bac3623d6c6bdcce1b9f9da9f7e29376e308da359ad81483bf67b2d6e5
R75,supply_097,2422,-0.025506794975145464,False,False,3543c1c617514cd2460dd4708b064b99af19f07aac9d5b37450596bbf4619d2c,b09dd7496176ad8b51bf267fa8c490090b2ff0d436a702bc8cea122471a4b614
R75,supply_097,2423,-0.024306069218592852,True,True,4be54936ac4fa82ee748bb691727c702151f4bcb155bf9057aebe0a45b1eea31,94c66be98cafa11449f5a4b957845d04826c0df84b05998e6e018289b18551c6
R75,supply_097,2424,-0.03803801393506284,False,False,bd33fdf8d51dd418cf96346da9c96368a3f83acf591d9772545f80db215d3c99,b02026122c0bfb68bebfc16a6b41d5455ac98e71c312bd2efbaf56d5edec702f
R75,supply_097,2425,-0.03441289134659081,False,False,8b84f35ea06c40d5ed7f75b478fc7c85e2a5bad47243d6f9167e4cff330b07f4,e2933f6fe27f209d0c110400d6382e9156dbb59e881ace218050d12bb2cbfbe6
R75,supply_097,2426,-0.034733799669919074,False,False,92dbf6b6abb10c868b7a140f571e36617edf6f4e5dd36cb2803b4408a2195884,d9330132982d0321e73bdd6fe1b31ff4d43f4182af657764b8097fed4f2c495b
R75,supply_097,2427,-0.04328129459983732,False,False,ad8d391731eb757e77aa0e739d2caf6102a34265cdc4a264608f9646c5e28776,9a0ad30d5708f67ac76d1e2df407bdde0d8252fb9842bcd3206132dad6b00829
R75,supply_097,2428,-0.035695274548903644,False,False,9724feab986882cdee656fddc33e922333faabfa63aa0ade398b6ca7c915fa88,03b1a9edf921b44fa4fb1c1a62b796be5488a0156ebf2cb4b8837100ba73ee32
R75,supply_097,2429,-0.018294624121882985,True,True,209296ff6fd8bf4b866a8f171a899d3d306efccb0fc9a909390799512d35f300,0f17730f7a430a514304e5bec5adf92692449ea864634a42c36d1949db006296
R75,supply_097,2430,-0.024846109081576917,True,True,f1fac9ed779b063aeca82f856f04f13427e9b5a0a0965aa6c564ea0d3061fbdb,7099dde8a2c199df8411a467b6335a6409182eef9e8ab54b7be0ad831b7e3b84
R75,supply_097,2431,-0.022948848503370756,True,True,70c2349134e8251877bc35604485d0a4f5a237c7a0f250b701615610f95e300e,6d7d2341348140c0f94020e54e3358790ae6ca6b8d1b624d859a5cd8e047e28b
R75,supply_097,2432,-0.022515852002527925,True,True,5dea6ecee18b89c5ac9f208157e45d1ffdbc0e2f7a742607a72fadd682768640,88b60d06ced1243b5fd49d13f218279837cb74bfc57c8752af8efdc72f390727
R75,supply_097,2433,-0.03213497669295118,False,False,2a8ac3b73022091c580c4cfaae9c7505b6491e294811a672b1ab2e3473a3cf3b,4d1d2f37a35a900a333d2fef054c3a127e06e6e0d0061f0eb5be24c1bf929a8d
R75,supply_097,2434,-0.029629295937874722,False,False,24956e886b879c9c2ff629e615119949bd3054eb95ac5193851416722ca9c920,f5ea8bc4fbdb8a233d13728628f133ef8400d54bdbc74bc9b99ec003fa118f0e
R75,supply_097,2435,-0.03343103360263133,False,False,b4bfede2c702ee764b811c7d258ffb769565840f1585980f287648c8ddb6c311,109f2809c37325df927aafc6edeb58b5bd89d51701ad962604934e5935c6ae1c
R75,supply_097,2436,-0.03798729550441715,False,False,c61341a08ae100845889dcdddd2b0151f813c7226d08fbef48a19f3d9604536b,2b6309905a18c3e17be5a1f7fb4971feee68bdbcca9f39499514cf07d7fbe34e
R75,supply_097,2437,-0.034839600775313784,False,False,0996cf2ab1e863725be470775fe33267905327a2236164a95c942b56bb7cd44c,9a8e0bb49b36a72d60b4f6fe398643686482a7eab7a7e8f7405fee4b2c391d61
R75,supply_097,2438,-0.04541022506636949,False,False,b3ffea51008235946ca209ed9e515fae69b96bdbfc2a1f653aa7318da9d036ec,c6ee682dd20b7cfc46347c30f75213cfeb7e51dedc4326195505dc6ec56c2a69
R75,supply_097,2439,-0.030540654747163276,False,False,a14cc6363bb7bd19f33be340563f4d5031f97aaed6fe019bb4bce94e07a964f5,cc9f8bcbfd563b2dd8f734305a17450211ccb239f51582b3eea2ce75256d6f99
R75,supply_097,2440,-0.03406381183155138,False,False,9ef68b1b13d68e63b558c8b303dad7385d22ccc2bb42a171cde32df05d128f2d,dc48db127a6448da9fb8fecd1f43f43c51ea8e1dc444bd9c8f9296dbae370e45
R75,supply_097,2441,-0.03892847239197217,False,False,544c1639870104f6f7f6e214f1662a261bb4971e3454f12cd8afdc97cc35b13e,b1a4e08134495ea8c7be6131591a4721417542363ea5d565461fe63ac28b05f8
R75,supply_097,2442,-0.023103271880634102,True,True,fd7d4a189150c73815dbf38789cbed8b8cea137a06acd0b3e962e105d97b2b48,2f8e32cd71660ba94692f34f025f02db41853007c37cce735eee2db0b52f5e34
R75,supply_097,2443,-0.022768684096465264,True,True,b7c71e01b2889843640cc4a645b546a030f08871eed191cc746c7b9bc6d319d0,164bcfa58dd0d71548cf2084102d0e7569bc50fbe2b8f4f29194ba22fa72c402
R75,supply_097,2444,-0.006246002051795818,True,True,eb3eb4ee13d30d0af80c2fcd2314aea4fd3e7dfa42465c986e5f62ae3dc5eda0,e08b6d302df4a4f14626a3b65a6e07162b1dbb6bd9e42ee95c42ef115e06b99f
R75,supply_097,2445,-0.027599973299521796,False,False,f1e4b4231b634ec66c59175a8ab8efd41ab75e3a7d20d998e04cdd258c4a20c9,34fe4e030140d44f9d0d8357f4ee484b584cd5de7b98434a9a7a71a1a86a6ab2
R75,supply_097,2446,-0.046091204513701356,False,False,ebcd9137b89432f965cd256b13a521bdc3c1fe5ce1797743710d9be395f01cba,d64da3e96e785c2d41243e95685c4a1ac3c84bb0a1a75bc72945843599b2bf45
R75,supply_097,2447,-0.03677135731627579,False,False,b571d1c3d4ec12d5d6f33ca871649aeedeee70aa84143f54175d4bba9977fdb3,3b9a5d92a128845fea2fbddcd0cb1556d9d85377583de208e30b68cd64151c38
R75,supply_097,2448,-0.023694544911501414,True,True,0c94469db46a6670b326941e70c2ea9b99af38d6b1a4d8dbd65282ba684c1840,50e1e51c2373baf085f2c078270f2d17c53c0fef6aaad20ef1451fd63a9fbf2e
R75,supply_097,2449,-0.023783561541548537,True,True,555a78628b02471a90bfa0f8e83177265639b43138bc36a92d934538d18a4dd7,4f519cbbbeffc875eb97d5be2db40d5f0712e3000ba879b42bcf0fec39af6a1d
R75,supply_097,2450,-0.038753525580539905,False,False,eb79d4d9faad8e1608f8b34d18b390e8b0151fa2d2defc36659c8b144bea6e17,902783686a6a123858b8832dc71c603c09a03f5e42a7704d5267d794be007a0f
R75,supply_097,2451,-0.034704590124031376,False,False,da96114bb4ff5b06fdb0202a16dba0435d58a6ebb5023bf246f1f3699679b563,f2445b1b82899c30b04efc6fb8dbd877ecabd26cc4468b46e21aa5786d2d21fa
R75,supply_097,2452,-0.04041589359383918,False,False,e7db01866f82b8d4614bcc7bff1df14095d9eeee0d0681c366d4a6400b993342,86d3f0f9839def2deb3adf0a2b3abd05eb82810d9d248571948866409961b3ef
R75,supply_097,2453,-0.043990019413362114,False,False,8c57dba3f3c3d132b7b71e25639aa77509607655819f5b18abf278c002a0668e,fbc79d606600ce1cc69b59ef9ecebc82aa6d3b736524de8ce34187b969804611
R75,supply_097,2454,-0.038966611138078755,False,False,3edb7eb6de7807a0fd8829d34c9d9a8094094a36008130e7fb7a5feed36a8019,42f0d34ac695638e57ea398b7a9c7bc50c204518566c0bb25d40004778d4f7b6
R75,supply_097,2455,-0.023425565240207058,True,True,f76356dba3002fe560b2d27fd1bc885b91b1e1680788e951e5289f4f74ad894b,e56f1d725cc0f9d57e98b4db0c0962b8adc1996458e70bb025031b5a2020fa5a
R75,supply_097,2456,-0.028641095002224115,False,False,17ce66f7e2931c48329b8e6e971cc465992e14eebe8e3fdac3e6343f0759e51f,d1f7a3e232a8b4b401ad8e401a36c7d07081efd99864c38461bd685923b683b7
R75,supply_097,2457,-0.025057116301283877,False,False,4b9eb54e93f287a51ade6fcecff34c2d779f67192dd01a663b28dcded1c27bd6,174b6130a65400d9e079c343ab2b2b6a94222ae96e4586c5bae3dff3c0a6a20c
R75,supply_097,2458,-0.028667053699232226,False,False,5f21c3194a45fe8ea364defc4e13854a57ffa68b86c9161d91b7a21a526b6dfe,25edf0b0038366d6097f7756d1c1adb07acb41a279530b288df71d3b7a182fb3
R75,supply_097,2459,-0.023266493925744425,True,True,11ab6faed7260b493c5d25a749e43ec6dc3c4226c44e4647cda65846d5554007,fcb6d67d748c78c332835f8239e99b4f51b09596f6818e7f9df827c159f97200
R75,supply_097,2460,-0.020274437166959036,True,True,335519601eb121593576eaa329a33a71e1e485d3890db68b32a15a8ef76f600f,fbafbbb977ed54cc5b9bd293510c30e79fcadf34665b2b7ed9ec57dfedbc2607
R75,supply_097,2461,-0.0265248590920506,False,False,f54be8255bb9be2722d2bd8a3480db8d21a81931dd3ed944e03fe9ce57b57481,ce6df8578828a60dc4e4fd14be32799f5ce567c6be72fe577e5e13d7bac3ce24
R75,supply_097,2462,-0.01190130732409811,True,True,5367893f0061c042ddce15c4747ea75072436575e26ef4228a763ce35daf81b3,02b67e11e2b791b4fff1a6fd22b24e3e4cfc1e35d2ddcd88371e6f7a250229f5
R75,supply_097,2463,-0.023674935187133817,True,True,b2540e8866b7e252b9c75c4fcb0758d389aaafc4ef7487aebaeaa60ed6813046,bfdf44c38e6c40e1aca4b6dbcf5ac742d4b1f67b18710443a7732714980284b0
R75,supply_097,2464,-0.0315303704125347,False,False,88583246fea9bc2e6f973ce3c2bfbbed7fa69cf0a614a2fd380f57754cb1e309,690de221a77aa7a3119446421b6c8f632438630af4d8a31a021f7317aa69f8a8
R75,supply_097,2465,-0.024628348736602912,True,True,90f2a20462125bf31a33499725dbb5beb34303f605605f0a41b46f47148973d5,9fe06fbab0669d0b80cc0fb80c8f4a5dfbd2f8230cee47451aee12825487d342
R75,supply_097,2466,-0.040021437823713146,False,False,9b0b9bf81a0815fa2368fc77f058614f1c477494856d5757dd9be031d6c6585b,8e4cae4d9fe3d6a009fd99652b938530ae5819bddc66d89c090ad2da2612bec3
R75,supply_097,2467,-0.026710902688025007,False,False,1e5afe5a1904a4375ef1b19df96e7c8edee2542dee0a64725d4a5f3130cbffaa,c6e1f9cb9cc779b34b757017c2214b323fb87686c15560fd24bfaf826d8b20b8
R75,supply_097,2468,-0.026975255151365674,False,False,af9e8084f70f6dc4c350f62f99f6b90f3bf068941f6e58066f29aa1f9006c5d4,4fc9406b09673122f5e021f5d1dd6af538c6cee7c1ebba3b8d2018ea45f40e67
R75,supply_097,2469,-0.032675595247134204,False,False,81537becb64912bfbb294b2d6d5ac1b227e01570146e330c0449e99b1d087336,c072d4b573e2cc2a71b873ae2be5c569419ab1e0d9f14335cfb7642364756b72
R75,supply_097,2470,-0.0237506149340449,True,True,8dca1f71c7e3651f11e7b8aab3eacd64ab94410fbe08b4732475e11501a33ef6,6bab9d28e026839970fdb8c495613de39befeba61e9f8fc36d36c79ea2198a13
R75,supply_097,2471,-0.03765677532656547,False,False,48e9ccaf78de1f64921388d71b445f0284a86436a7932cdd35694dcc72b24dee,1c8232d3719df54b7dd0199df11c741ab80ff916dbf595a3c0c285048643a2f4
R75,supply_097,2472,-0.027976904653272516,False,False,265edf89d93b6f7e2abecaa5c9647d3e5e6f24637638c34caf4606af24ee8eaf,b2868f9dd6b00fca762eaf4a6352630db8fe995a8aaaf0bc82b17e5a0ccbc2dc
R75,supply_097,2473,-0.04079593199723197,False,False,945442c492efee832ae43f507849aa9a871cff9cf1b1870111e2c513857ff7b7,8e096b2a186a665d37b4a98419e1caa55058aa4b22606f9424ffdd8418dfcb0f
R75,supply_097,2474,-0.032252812273667386,False,False,d2ba223702ddaa70fea43b766c563fa1ed230b86e3b3bf177c397c944ca365e0,52187057348253ce27a49f30b29d528a6d977ec727a57e0fea583a92d95fe2d0
R75,supply_097,2475,-0.03200941739361468,False,False,92ea57fc3a559f8b56baebc902d4497b6013490ca105f2ac68c05cb54ca2b555,04c325a29a320faf76755c9bfc02958c5af20d2252786d9aacf5247a9ee1afb8
R75,supply_097,2476,-0.023029400403288214,True,True,0520d446130d10f20e1c4cf4f3c75f0a79e03d776e9406a616cbef5a44510b59,3666f066af3943075c993c1e492f79331730c398c23122dbfcf3f54ffcd85fea
R75,supply_097,2477,-0.028739410474675098,False,False,96127aedffa49ff19a5183575f02225e79c4cff0337d07015d39e66f4caf7403,73250451744bd8284ecb2de2fe8e75c19cb5dd94bd8ccb086bbf8be2172ce929
R75,supply_097,2478,-0.012313091521900743,True,True,c43cf96f8ad0b61cc21b0f703726392acd8eac9094aff36b529ded3a4a4c2bb6,0d7a6005a2cb24a796b066e419f063917eb0fe2d608dc9cf9a77501c9012f73d
R75,supply_097,2479,-0.029588806251546362,False,False,a9054b0b606623c5267fcdb2e0a8d7f76acfecd328ec3168fea772bf8c722a57,7beda74acad55618e7a78589250ccb2c4e79c9d455d688b01557029b52f3bc91
R75,supply_097,2480,-0.03590820386052673,False,False,4ad910bd26276891561c0ae7397f30cbd46bc26ca9617b606cb32f44e34e7643,63aa1dec1348e705e22c54abe63cf6d1cf33ce771a04f5bc522e7ebf7855cb80
R75,supply_097,2481,-0.023408678759317403,True,True,3488e2036a4f6ddd9d95e7a8781a20feacbcca43f71794857e6933fc603b9805,405c1d39e3d586bb92fe780a103114fed011c0ff60cec9be04404ffae858679e
R75,supply_097,2482,-0.0301234333156708,False,False,bf9266a0c6794d23c2cea020b6b1e042398a7e0879d519f4a120ff82d9daeaa4,f44dc21898bcc22781f5501d1fe9f86cd019c582e1db10731be7bf807e3363a1
R75,supply_097,2483,-0.03147120651660462,False,False,e283aaf715970a43f984db0d1c16eda7720488dd48d5033f6471fb325c0779bd,be7f54ef12954785a1cc397b0288efdfd11a3e9b5ed2b58098de66e0c9aebe4c
R75,supply_097,2484,-0.04631787403734822,False,False,8dc44dbb4edf4f5cd8e67b64cc351360cdacca93933b76a2f48b5d39451851bb,b1a48fe5f4972d4f7cc6be85b05027a7919b2b127f1b70aa4a64ae9e1f63a1fc
R75,supply_097,2485,-0.029930127264881645,False,False,6feb69214929ca165de35c19aec73b9fe8bc41421d8d805b3ff286c9ffbebc14,8eb1aa925205cdb9197b22a6405b8096fcbc03e9e8dd9cfbfc18412487344d8d
R75,supply_097,2486,-0.022284078400999885,True,True,bbe1fc8d834dfb8d354ea09c8c3fbbe5af979a4fa2aea96fef233190619b2712,52177f67aa33dd890efcefa7ed3612528d83057048b4c7a61733ab86ed1f62e7
R75,supply_097,2487,-0.019190899624174917,True,True,fac20085abf3017a25d0f4970594c37da7cf593950d380eea6834ded6a9810c4,2ab4549b22094278f30d31b84be59e49562ace31100eaf502fd5116425d681c7
R75,supply_097,2488,-0.013365603034674711,True,True,27d27dd4c86491e81205d244e1270349b2351f0fd73771c0ad9dec21dc384954,93331713a302b38bbcf1aefd027c99f5c5de6545d961a8ec56712214f92b23c4
R75,supply_097,2489,-0.025490147910018912,False,False,16f2694bc629c17c344bccb9059cadc62fc343d1f78edbcfd55c253e5d5af572,c4a8fecb1de8ae14a65ba255d726ab508d6bca16716ef158fed419e6d97ee74a
R75,supply_097,2490,-0.024125470993966724,True,True,5078d927209dfb8c7556898b1ab36d45e33f81f994fe6139e5c6d36d0262dbdd,2b4d16188d6a33f31d6a80bcaee1145c922eb6f104d4218bd2bfc1c88724d753
R75,supply_097,2491,-0.005386707966243687,True,True,bf74e129a2daa6e0eabbf880d18f1c9fd51c78f00d9bf32fa10e4ef8ce9d6b1a,36486c52e3bf053f5b03c886a99105743374610648ae293ce83672b01168476e
R75,supply_097,2492,-0.02310297307333653,True,True,7194a8d6be1ba9697b4a906b660011ed4b293a883455943f56978a13e4eba449,64cac4e86eca7aca19cb2bde33879141c5b690b605a918619a62d9fbb8cbb229
R75,supply_097,2493,-0.009892691606160298,True,True,6efdc64a155b2b5d92e426095a431199de8c45c99612f207a63245baa61cff02,c896ccd06dba392762f5ea67d2a4e03e9333b32cb79cc5af65150be1c1ebc975
R75,supply_097,2494,-0.0242662942869587,True,True,2e34c3ce4ff6d16fe41081ed025e9e18e322d35791ade1034aa4a5785aa12bcc,bfc51d20da91ae61c86b2571cf803cc68482e9c9e3ccd8ea6b00f3d2fc7a0054
R75,supply_097,2495,-0.028587395709353425,False,False,fdf0e12044e535292bf19a8bfd2c65468a6807d1748509b80b6a2ea985380780,8cad4d58d9d7f69b97317c960ad56b22c97d28ff7a64cc4f221d21ce2622713d
R75,supply_097,2496,-0.023215008986528285,True,True,74bca6fb2485e79a5d17b92d860ed8c1aa7492427c495bcc8053adfd11e695f8,d1d6b599dbcf3c680b30f1d9490e96af3148081a377976635fcf747e17ae2ad3
R75,supply_097,2497,-0.01431697553894723,True,True,4616b7c5ba02c60b35d78f909061ebd937e9f8fb6658c213484e4c440274dc50,f7332698a5642a961317d26f7cfdb86cf3bcffb63d0f116965f36d93397f1b2a
R75,supply_097,2498,-0.028107117410652638,False,False,9f7a663c95d1cad6d5de42e00c4e9a50b8b1b37f23c298e8e9e9040e85d5ea54,bee59a5a2e1ca8f2d401d42f4bd890abe937a867ff224cc0f8e309b070258eba
R75,supply_097,2499,-0.036539657407872794,False,False,13ca3b42159e8056b0abb2419a001e3721192c90c5b295c70fd7e2413ffcba8b,2ec4b9804522c78372df94af308677144d4c1322a99e278c270620d5daf3e0aa
R75,supply_097,2500,-0.030088558806595667,False,False,05eeb6da00d9af5e3a2239563492dd85f80cde4cbb3dfc315a82a92c0470e943,d688d340037c1addcff4f4d304850f9700d4c09e6c397bf17da10bf03024e67f
R75,supply_097,2501,-0.034451156495492685,False,False,73483ebd82af545aa2d8e5495e29ef17b37f934f98d09a03bb13b078fc6fb53e,d0b25654c6096e69cb0bfc16bd199bb72a7594c4482629b96c7cbb8b1c137488
R75,supply_097,2502,-0.02374391734682013,True,True,4e8579a826cd93e2b157f86c9d08d85dbdc2ca3fbbb785a8f7e52e46b8f17bf1,2dc19cf467eabf7ee7305d59c510bfa9a93ec470b4bd9dafe7a715c405e09678
R75,supply_097,2503,-0.02210896987015476,True,True,a0943c05645923c67e89350f3820fd075880663766ab1b3c47f85bb8610e5883,8324ab45e59b5d0f3517efe9e5e6d61160d759146832e79a113c9b865dc1dbca
R75,supply_097,2504,-0.03232636166774222,False,False,9eef6ad542b1f4e2b4f9ecd74edf63a6922b2eb76c56db4254e9199f31df58ec,15cef49a8fe3b6eb8ec568e8eea4dd01ad31052e043768373ea50877402e12bc
R75,supply_097,2505,-0.027610931176274778,False,False,8ec412431ff9d7c7ad29326a13cf3cda9edd3e8c01d0d639f565b5a4721f1a50,8bac241e31f5aaef737bbbdcefad3a857095d530351384f0f80be2961a9c7fd0
R75,supply_097,2506,-0.03475032830905822,False,False,47adef8807d8e69eae732a8def02bacfd12574253a4bed3b299d8ca68f1f30c8,f0ca6ef20a47c049c4d353871c5c3d14918ada00ee41c77f4e2b6c695ddd6adf
R75,supply_097,2507,-0.030173480642830486,False,False,18ace785e7e61c21a740c0777e4c67385c5465cdc98dd39cb5aae0bcf1c707e9,02a074ce86f1bef149b668f6bc984cfa104dfcd3868b32601b30c583224700f2
R75,supply_097,2508,-0.015245438993836513,True,True,1092051146afb427be22c5f177faaf823326d0532e71cd7d71c3eff0ae9f69c4,fd181e087d1d7047615683432628de9defbfaf794402854f391db9b17d6966d1
R75,supply_097,2509,-0.028759584194481325,False,False,dee9e691517de32c0878a2791eeceae2aae8877ae33ca933d0307c8f08b223fa,070257e17fd5558932c50e3f6ade63af85515e5d579d430a8e195ef1ba993512
R75,supply_097,2510,-0.03307918957600864,False,False,ed67d246f782e301f739a150e3d17ef4e404e49281ff443052250693cad095d5,3b625ab0dd70622d320d12d680b977cb4e9b8cd21b2178fe04b3a38d8e776a84
R75,supply_097,2511,-0.02615095202036949,False,False,afe9b45ad100fa62b5ee652f7fddd8d57b310eda51de419262e74b19dea86ad6,21dd652cca20412bef29c77a9417db1fe84826a7f3461fe8fdb2decb16e4ac28
R75,supply_097,2512,-0.009158977583363148,True,True,8bd61ce6b655f8a2a3f52483231ac13c192d1f73beb5ae1fa3e0a704db712930,08f7c68c87525ec46ccf73f49d89705fedc990576f1a3398095bcba34b328691
R75,supply_097,2513,-0.03331067469927507,False,False,ac8e1fea6e06d6d16b7cfd23270ec421ce30cf1bb8a8c8a914c97c88985328e8,f3ff465d21694a677ba0d45266cbce25162e1a479b59ccaeccbbc97d5c795ffb
R75,supply_097,2514,-0.019674847213285662,True,True,fc96a95f5a1cfe7c5a9edac0023e14776d8d6e5c461fa7b37e13e97911db5761,3f440440f8b9b745766750a02e80dc19fcf111574a299381ca45fee338835d4d
R75,supply_097,2515,-0.03134882519638743,False,False,aa3d1409615d3d4817cbb511fc86721d2f98e5d028e21e2a8fcf24c9e2e80e07,233001ba9465aa59d09bb55e7566c670d2401ce0071fb47de8737ebe7c0c9aa4
R75,supply_097,2516,-0.024545920356580653,True,True,1b57fce8ebdce0a543a366ff5bff7ef7d6dab0715014ab61e9faf34f3e004b19,249ed297470521489e359db7537ada0ccadc10e23d9c7121cde23b5ac2a1b408
R75,supply_097,2517,-0.02992845462367799,False,False,bf37743aa17bfa2ea5093626aa4f5af998c362d2282ff5810e9f65bda45ff088,b49cd18deb7f1ff96d5dcc28b1c833204b6dbfdf71a4c05013152e407f595f1a
R75,supply_097,2518,-0.027617032447450618,False,False,60f1b6aa89dbcf77596a09169c58c847980b3e9526acb1bfa89490a0729e9296,837599d165479588cc382378ee4cf38d4e7355e70da0aa2bf7be71961755cb9d
R75,supply_097,2519,-0.026853560999192005,False,False,1caecb222da63e7e9a664c6d1738aa5c0fc20bd6b6fc692f8046390097ac03bc,9bb49a69e268d14682c49cc4a5fe5cf0b00d6bbeb6935cc70b2ca496102e6bc9
R75,supply_097,2520,-0.022780982659387716,True,True,87e6150e50df35c8e844d65037cdf9254f19e87dc312428e44da06013712ff6a,4774f69452371fc597de4a8918575f2c61aef13586eaca275671fc9602455b3b
F75S,nominal,2000,0.03337638537987653,False,False,1ed56afb975147a9b4deab8c76a14f92b0111dada03cd03189788de5eeee12ac,3f16312e25c9d9abac0d3b875322b8c08c02b48c98dbd278ed20d952c0237db5
F75S,nominal,2001,-0.026191312389061805,False,False,6e8199ba38d93cc32348035b11c5d1dec5153a624021b1f3fa03231625340c47,839c52a1fbc5d5b281ec2dbb3d9c42b32093107c013fc171b739245f9f45ba05
F75S,nominal,2002,0.022711278264887613,True,True,747ece711d5ebbd8986a4134167223e1f00d427952b44da45bf4a5d5a87ffa14,0d85b346f70e9c512e58b1ae6cf1c740beaed7fca0218aebda0f351812cf46d8
F75S,nominal,2003,0.018265094770000934,True,True,455771a244fcab58603d0e5cfa0e2977883756af3883c84512cb5c063d94613b,731b4bc694cf249101fa8accec4c1824875c4402bdc644c4271e3f12dfd7063e
F75S,nominal,2004,-0.01400446091610763,True,True,acd505edf106580aee1a4b9a19979e055a426cf215c3d5a69accfdef0a04703d,8e65b2aed114de5b6d4ddf40c1d6a2dea88d58f8b155282bc56b84d094418ad2
F75S,nominal,2005,0.008967715801508791,True,True,fa9978dca062a02afbb0c8d284010c19558369c4139907bc17f3b57bf88358c2,4c3a70c9292b9016f91ca7a4b344961a34e145754bfa65468a9479e44360f71a
F75S,nominal,2006,0.03856067891696613,False,False,a019c8a3079234539c9bb7d11453cbaba94f69db55c785549723b343cced63aa,5e004b67d04b5575811c6be865d26b2ac84fa9552965b03b0f74d8a0112ccff8
F75S,nominal,2007,-0.009266332684899292,True,True,9e065f2aa8fc4e501658074f2b66de48e07066a30a869aaa5b2ea6ef80610ad6,c78cf7bbf7eee2c6ebcb3715620e98321dccadc9971eb089366bdce2b8cfafce
F75S,nominal,2008,0.016001197313899485,True,True,93fe50b6f74ddcf6ce38087b2cd853292b462d64103c92a8026d742f2c274f2f,e2b612fc1bd71273b37b27853f52e5a13fb9500e918cc5c42bd93b8822d51c6d
F75S,nominal,2009,-0.018269649605359706,True,True,a3778463a212191be9143e76169b8d5f896fa86f48e2a393a3a044e5b99eb725,06dba8a02d2bbdf5509346ae67cf954a9681e5d16a121877898e6f611c73959e
F75S,nominal,2010,0.0075639574528685305,True,True,50056496a14af95fb89273442ee39b523e049badf955a82e2cb1978cb00d7f27,49a12d1d24ed557c26f6ab297b52fbdd8d5e98da9778b24ae62db6fecbd56808
F75S,nominal,2011,0.03123130285562581,False,False,dff51d2162233c1b66c937a6a3fadfdfc0a44616cebdd6fb29a94480512d7116,abbd8348396e25fce3bd7594152c3abfa4784ae9ff041a48dd31f59fec5abd8c
F75S,nominal,2012,0.015622616803334433,True,True,dce65975e8beee4b13cb762368fc1b60b0bdd003c9827c92a7936b3f7fa261ca,4bd021cb30d79df13d86ac0a8cf2b840ec58cd9dd9a6780141841db73ac1b51f
F75S,nominal,2013,0.007308221283757188,True,True,3b8b370ec1bb30cbd8d694fe8fce0059060b14f3c51317a7ed1d5384f92ca2fd,b9025990559b97c4afde3392502ffefcdc37345e9f9c467d90ddc991e85ff8cf
F75S,nominal,2014,0.004663308662698928,True,True,d57431f6dc4c329792a6f2c9867ba2dd3fcfc60da6e34a30ecedb64c37c84cd8,9fffe4c0aaef2bf865e9eb6f595b22ec183c0b6bc8d2b17a908e866d8d6bac14
F75S,nominal,2015,-0.01673365988518638,True,True,f248d13c43a88ff391e4481a3d120326a6b86114a33062171f18320042a7d44e,fe1e376faf39962c3d408d77ebae355449597092bd58d30227803bfab0e68364
F75S,nominal,2016,0.05558105697391824,False,False,31c62b29056a027e315d352ab5fb86767114754174fa68e43b4c45b7ac80a3de,5a030ad2e49826151223a3c903166476fd29e9cd45e4e947097420a1deed6518
F75S,nominal,2017,0.001452370237200018,True,True,c1168f3e3d877812a2dfd83fcffe31438d1a6c4c0a5e48aeaef9990a23e7fcd3,8f5048c706df0434480832a35a7dbf154ccf044585af976b5f6f056f2d5ff3ae
F75S,nominal,2018,0.018307182563925828,True,True,3ccf29bd11519525a87d03542ed59de69587aa23d03f15659c080a034fcfb3bb,86860e5b2dccdb3340b177c403f3fc2b29b9813b28a2e922abd7dae3e3bc1541
F75S,nominal,2019,-0.005752433438005133,True,True,d58f3c2874ec74728fdf5699e14043e22e2be3d8e10e1ee58d515967487d75c5,a28895cf15eb97a23098d0818af427c32fc1ee5f613132aec15aca68a3c1ece0
F75S,nominal,2020,-0.02311896515132389,True,True,57939cfe84738fc4a83c1eaee5a5b65a7a12d0a3d2cc73a8992ff7786370c995,f5b1de03de739b806ea5ff5ec76221e78592dd392e6407f421bf3ad8a9b7175c
F75S,nominal,2021,-0.009950284970528023,True,True,0e6699fbfaea754e7e9a4020cd1933d8bba3a3974816b312dfa22a474deb014b,d9123c1cb87e3bd9986e9c2b7aa7cbb237d4afedcc5ed979fc334b98d4c857c1
F75S,nominal,2022,-0.01955366307268469,True,True,e4bedbd971ee0fe5e3a2d0207f78aa340c1cb0918152b0f08d90688327648483,1ebc3f1398bc4151bd83a9c3851e38a5f1352a3bf68be754ec10fc422bec9d18
F75S,nominal,2023,-0.01875699347622284,True,True,838f030659e6a1d83a97a7043d8b8352a0262fca7b7f08a46d7f522bcbc7b2b6,300fbbe6b16ea2aa2da203b2fc5a8528124cc2d72cb3f6bfc6214fee601e0cb2
F75S,nominal,2024,-0.04456631066329947,False,False,c88c65e11b18d804157adb01bc56a34015792d60d1966eb3f56d17b2a388e63f,e193573e10693c0ff4381f0b6bb0394be9003e2f179302dd62df7b8ed85f0b52
F75S,nominal,2025,0.05818295459186118,False,False,eb0683e5880c0d9582b5f95d0021b2bb017bec0965ab2ef898fca7bbed01ebed,a1c452ab4fafdb8609092b778b7d17907244573714bb85e1faea56df871add06
F75S,nominal,2026,0.03262711290719522,False,False,95f2bc5cc4e1de83b068ce9515599ace1c922dcd10be4aa81a8024264d4cd4da,f11e89906f05c6dfa35dd28fa2e496c343844c3debaada18395c9a0b6ef23237
F75S,nominal,2027,0.022609032853045274,True,True,fa3c0541a251eeb4875b6052c385cae45752df4f2df27dc76a8f1e310805ab11,50f99aec4688deec35e4aa4ac3f792410951996d08e5b7f4efe0a0decd7146cf
F75S,nominal,2028,-0.01830048793939021,True,True,af7ee08ecb4b04ad85b38f6f8caa7df235e317a423722a9b1af46ea58ad31578,e4d1c3e74d515bf25e611fe8f36345f03abaf12e863d718a23898cfd0578fa2f
F75S,nominal,2029,0.010846105966835995,True,True,d5a569bdaf503b9a2cc576b7368f547173d23a08de9c48c47290c947db5e7699,978856152c7e129f084b08751569c4c635b5bab14b5e3cc10a1dc6ce08a03eba
F75S,nominal,2030,0.007262180474681523,True,True,252171a2100a9cbaf87b077ef04623411a46881763bda2554fd57dbe9ffa6458,e307474d3b57f68c36ec117a4b7c966b97aac70a72eb2bf2fa9f718815f1f4a6
F75S,nominal,2031,0.06319647419287044,False,False,ad3266ea029c56aa5973d9d7a40c138e2e3a51f9ab2b4d22038383d43639a45e,a27d1f1bcb3fa5381fa8ef908bb060f8ccd13ccae874037cf48b8bc3f0ce086f
F75S,nominal,2032,-0.02402694517301568,True,True,40e4983d1eb3636f2482604f149616f2f715e598eec9c05582111f4d4121cea5,64bc946528b6589476892b46e9625da6737efc7209ee136f2b51ea26d34c0b30
F75S,nominal,2033,-0.05816398979195597,False,False,40b8ff674fa4ebc47b153c9e757a2da0078a876ffd40bb8c4715f3b955187457,9c8999fa56297de309d8313800d0acc5d92099fbb221cfd68d7f347e676d2e1f
F75S,nominal,2034,-0.03849389011250637,False,False,399d7f09f088145eb61259f743078947276f56789d56beb5d7fb0fc7a1bf117b,c92affd70a0bc895e8377064a7f4e87d442714d66de927bbbc525b7c4bf0aad0
F75S,nominal,2035,-0.017165105293540817,True,True,216911c8f208142b7a12aa19acce848d3fac662e915bd5f69072769df9ad4888,e1e9a3dd345279d0535f3fd44dc289d1bd501dea469e443094f12e7916025652
F75S,nominal,2036,0.04227476601479718,False,False,74f21faae24bb34757890668fb90ab5110be01a329b98d62c06cff31f3ab1202,30f857f1e0796134ae4afe87141dcae294eeb35d604fc3abcb47b413f69e3d1c
F75S,nominal,2037,-0.028621672039414292,False,False,1a7b7230278156ef66acb40328896c4ae6072cdbfef46f15c1f0cdf93bacb24c,35238bf333126c168344a54263f331bd82a042796be10d83666220a4c71b4162
F75S,nominal,2038,-0.02874957719655391,False,False,5583be05cb654377d21d8e9220489990afaf220bf0d9fafc802d4da7ca693872,566d8f51dbd9b02d353616291e29484db58b4c436e28f9253b8e3a4e479f73ba
F75S,nominal,2039,0.008925180623731599,True,True,68dfcc35c5398a825554fa23d1b2f43d96294190b5ccc0e2ee6e10273f9df36b,f35eb22c401e2273331670ea399834060387b32a71653d6cec5d84c43dff4bb8
F75S,nominal,2040,0.07102671334419552,False,False,1ff969c740221a0465c6b0df7c014ffc83ea70860b2acdcf2886bafd775fd231,442ec7700cc83042c98bc6f28fd564db396ba9ffe4ee704131db3ef3bea1f6d2
F75S,nominal,2041,-0.022391058082944115,True,True,fbbf25a66f3758cee6761de05ad9100f16a01fe884005454ebbbc4d15b8a3533,fc9676e98836d26cfe5221c1e2c4e91f9a0f84eb73d1c016bb655f81e0680d52
F75S,nominal,2042,0.014760981290663833,True,True,6025e74ac73207a3e09bfcd000ca6c76b7c4da892d2569d075b6232047ef20f4,2c08314618dd81a9e400a890abd85e47ecc86d3eae118db47174d3d117ea9901
F75S,nominal,2043,-0.04442787706724488,False,False,e506c2d2b38dada0cf147a47063c2d7f2f0147fe380c6a3b19cc55c79014b452,1f06f6f5e8c7ec0eb5f2fbc78de20f71f62b5ebeb7fc236ccb9989b906be2a2f
F75S,nominal,2044,-0.05585940554679458,False,False,38ea3e5b81b5e9ac5dc4cd52ddd6ae6f0ce56d0334003185fa507d7d8442166a,2d734d08c1232aba3ab632ac1cc72fa2228b6cd4298fb5a8786901d00136e2cb
F75S,nominal,2045,0.006637119246188483,True,True,b3ed39c5a98b0d708594b0fb41a8480ffdba73ba8d82580cdb7a593ba2d0816f,a3e847d4e1607502f27f5d8000f280dfc2fc44df9dc3ea8fc6b68adc108bdb33
F75S,nominal,2046,0.03168554244202648,False,False,6f5c18c2e65c737d01655e1236309ba80119e8de4a2d3f990ec5e40041562792,efc0bb4bd20371ce1f4d07fed331839164b95020b631ffe97ce12541f2c91dd5
F75S,nominal,2047,-0.00804331040972972,True,True,0a0571472c89dec3a950378bf252a18039ae9cc15c8227a8cce054ae8a1b0c56,14b5cb59ac38aa3e4a808f70704afab1dd750a07a49440990d2c314e858862cf
F75S,nominal,2048,0.01012505835233346,True,True,ceeb31a6979fc7012a1065711f02dc006db05cb3bc776ad0dae3a377719718bd,ab3a9b025d96edb4de19a1f1d81ea989262c129bf6388bebbdd4586de5382682
F75S,nominal,2049,-0.034551573402443414,False,False,3f19252e8b4b4f5b3d1dd5bb58e1214dbe04f23f4bfbe35f3b90accabca55991,56c076e94ddc180a0e3bad464c2485f33c230c9a9d60f60e9abfbaaa0bdb3d8b
F75S,nominal,2050,0.009197593602066179,True,True,0cd82ac18b4f17dc92b477a4156103545316e5efd49f5031ffde8ff4bac3dd9e,9529b26e4c5a3f9eee8e651aadca55e79cbbafe872e6005ed452bbeb29549a0c
F75S,nominal,2051,0.037804557078915724,False,False,c4d96c58e1fe071ec80ca3651e3be2ec123ad9c3d19cb7d2d6691575ff38e7c6,adbc81326296764f55fb5fac28c940bd24d96084fe0821493d566f09313b93e6
F75S,nominal,2052,-0.0322254297558488,False,False,5e1cb23815793bda790a46494969b4ab216c54c0d48a6bfd00cdfb4feab163c1,358fb2ed63fc9eadd5ffa0644eca6fc516dad557cf8064322814158d2977a1ae
F75S,nominal,2053,-0.020339568700740607,True,True,8e07aacf2d162426009fcc31d00c41740319b5fdaf223bde26380b4fa71d95ac,0c84184e001f2d9260f43705f126fc9bd2ddd64be3e3ee271f17de6c9d25b8ed
F75S,nominal,2054,0.03821914181912789,False,False,815e927eed3a045b0eee8329d612399cd2010449324a2c5b8c506f5340760ca4,664dd426edc4deda21c9b814b3cc7ee57ed77cea6389a6606b853254d14e297e
F75S,nominal,2055,0.004374393645776187,True,True,234f1a237d8fad553db34fa69e3c51217ea8100bc6b0e9d5693ee3d87c4f5441,c14c32cf01f146475e519f2beb1f60c830059df1afe6b5efbd6ff09f21e4cd8e
F75S,nominal,2056,-0.020842970157413765,True,True,abb9cc96c3e7fa604d3434e5319f8014f553053240c2fd02b82fb2f56593cc3c,9ec80e909dfdce16f39c293d348857081b4a25f16d44fd11c9134d3bd1dbc615
F75S,nominal,2057,0.0029433832558584117,True,True,5a329f65df65c39e6144434bbacb6aae02f0a3fb3e86609c81d8073c86faea80,4442d2ddd1b1807c90595416ddf5449ef8cd4abb30463c7147b13587739995f2
F75S,nominal,2058,-0.027760702023157946,False,False,4afd2f3e8c5110a11aafd722d7e13c5c5d1df86952a57871c7b46eba28c60d49,9e70bbe9b3cb116b9a4d2e3310a11a9fc8bbe82b1744d776252bcf5c09a8244a
F75S,nominal,2059,-0.006488631260651245,True,True,c12b5d3f78708cd2514f3e229f415cc97f743f421201050346d6ea7d5b746f38,732704d4dd7a6e65379fcbdba5490d66b32ab96dd5e408a6aa220150a99d9506
F75S,nominal,2060,-0.03709632382902128,False,False,e153cbcc1265d23e20724c86826f359ca7899fa8694205db8f915f2602ab311d,a0146fa4894689b4c1a32e364f87aeaa98af423129b33d59492c7a56c6eb1325
F75S,nominal,2061,0.0018875861317549925,True,True,a787481c4efe737349c18a512211d73f25ef1dcf315ac650b92ab5e2e709eb30,f5c8692107715cca2256ffe76d462847b9b8cd4cdb64c4baa2b38a02eeddb411
F75S,nominal,2062,-0.041422307488971466,False,False,cc32316b4a71cd4b0d7425a9019faeeb5677bad1864a72cfcb88640fed7124ab,a10a5bac062cdcb7cc83ed918cf8713d46824a75b9e46e486cc4dd3d47162839
F75S,nominal,2063,-0.05285798907563982,False,False,9ffac0e627752b7d8efe28474a4865350797fcd6659b54b35b463d009d464649,2ab21f5fe07832b9ce0a18198c8e8c40bfa94df1bab5af182a802badd7e0938f
F75S,nominal,2064,0.02653109606322479,False,False,3b4b2b15c162aa25b43280c71abd258c7783c5ed05a046f15545920b66b6c55f,036d87c2475d6cefcff852c6121bf2359a460b60b4cad5bda44b4219064f7082
F75S,nominal,2065,0.03387955853118507,False,False,6949fb9c824fcf76d8f7601c8db26cae440ce72bce1457904c418006f65f0bb2,8cf7a0cc556a9427063597e80058748976f1e008c5b47ce579f13785dfc2507a
F75S,nominal,2066,0.010790378620324725,True,True,b2daefec7b5e299d431ec879f1c7aa92f1f79296c202e0c3222c604e7ec983c9,beaf77ce2027c67f1ea885b8b7a622d488d7dd16770836ed285e8d6f52aa3946
F75S,nominal,2067,-0.03349752088292257,False,False,b009dfacf9318522ba6c4974a3ee55930bcbdec9b352ed99646e52c36342e485,2da6a5568bafc06426a5fe0a02a8d7a41e2ddd87be0f60b00fe9ef7e00b39ac9
F75S,nominal,2068,-0.01132455659564291,True,True,16407e8043d16bcf80b4f0fd117827ea5dba8c30df9aecb7871137de7fbe34e5,87d9399ad17efd9c5dd2c8fb6c15094ff89c694704a57efa9f1ea781f5e8d44f
F75S,nominal,2069,-0.01385891691381047,True,True,29b474c609edbb4319f83716bb0a95f8ce37e5ccc3c28c2749a44467e7a61133,3cb6080ebfe0222d30cd5f08035770526c8b74fd4bba435e61c09137f58957f9
F75S,nominal,2070,-0.023929634827440538,True,True,1a6d1c4a67dc965e20788602de681c103dd4c3ad2d0bebc8b38f1a49591901b6,c9443264f78ddcab3f85addb2fd6b92ebdfdb3d4502e4586f2ff2babc56a89ef
F75S,nominal,2071,0.011017826664417418,True,True,b14e791ce8b30f400adf59bda54d494e091ce73ad8c93d14e97ce314c7a21b75,06c391bc3a3cc2ad1fd0a7a8da2d41803a1adcb341040924d565c770c880d40a
F75S,nominal,2072,-0.04212167175201137,False,False,b4b2676f9cf5bccb57383995b3a8a38dee25440673e475554fc6603d52104b31,57c0913eb565edf846473f232fa18c43162c3abf440059e290cb2d3aac32a60e
F75S,nominal,2073,0.008557631515069275,True,True,4776c77bc7cba0f5dde4ed3cf565b17e763eaddb4bb486a6182ce63bff22ca2d,de965aeda81c4fc026bd6a484fb08b13ecf77a0bf75c850a00fd05df7e9604b1
F75S,nominal,2074,-0.031072716837433845,False,False,651c0610647bcc317281f5e005b86051b9f3d39519cd9f210f143a379ae94834,42a8c38e65df19eef4fe27546d4070736632f3331ef793fe863c84d411e6b0a4
F75S,nominal,2075,-0.00020045300430010515,True,True,aed1c3d718af6fda5dbcbd696aacdd8545465b3c0a33e58ea5bfffb12b3a9bc6,b174970e391fef4ee28a7723c3fb8731c4be5d808f44136e15e5de22be6889b2
F75S,nominal,2076,0.08290645935633423,False,False,a8a9a923d6fc72c5e49fa1d47770c59cd72b718b9161b17fff288b63933ca3cc,d9823c482e0bd25419a7272c8331b5e7c19b384ad40f1fe9ffd6161cdf7d92a4
F75S,nominal,2077,-0.0658582943276077,False,False,433af4b242193fa00f69e132cf4bebbfedf2d2b7f8b1325ae1145db7faa08c75,ec1fb669509d6412047727fafe654dfa72f467690b7c4d8ed97db9832ce1c118
F75S,nominal,2078,-0.03662918293926076,False,False,52dc087d6f930f2bcef498bfce8ff77beaf5cca0f09f7a569fe4c217b07d1d8c,f4b054fee130d9c7c617ef78f82c3cb33cee51ce83dac1ccbc76d39ece758d3d
F75S,nominal,2079,0.01662541278051688,True,True,2e8c3837f9abd78377c7616892cd679e00369b1ccc5f1b8c29d897a0a7b9465c,f1ade6d9daeffd3f52128e437c026b722ae528b56effd1741fb20ceca458537b
F75S,nominal,2080,-0.002033163582322972,True,True,801d0feeb6a3e4c9e0280f6ca3ec08ee6ad578316eb95a6f38f5b2be213caeb2,335dcb6ee9aec1822ec7d0467ce5059658a041f2e0e778e623fe556dadc421ca
F75S,nominal,2081,0.06392325465025539,False,False,01ecf8a4b9b78d6045ea58d817bed54f3c66324836881c61b6e9be63afa1b7a7,3ac2c8de318561fad25efb7b230d6b37186008f36ab24721db7c9555dec6ce87
F75S,nominal,2082,-0.0009270514401981123,True,True,78f2ec2088f96e3780aac95c13edca4f96c1f0791c98b1072eb7fcd8aee6536b,8aece06e748cf82066d39904d655e035eb7bb9cf986d8e1c0be1297a7ce5356c
F75S,nominal,2083,0.021963143582335753,True,True,27e391e4bafc210561c3a9fa7d38b73d342c9f90c0d469ac24d5e5eb66a6fb60,342f316b5bb24c50ee48995a046edd7da9f6b521a04ea43bcfe1b64a9183d93f
F75S,nominal,2084,0.03696007582653482,False,False,fba5f90283fd2c08a010b5f783b3a77ec65fe9a5f7be99b3bde3f401d3d10a29,e37524c70081371979c7a934e3344900c084638955a78dd22ed2cfbfa50df0ea
F75S,nominal,2085,-0.03407201081326294,False,False,296ba0a87cc6aa0f65574d53e050e17436c627c31e88ba5754a2fe6f6f13168a,cc1c4732a8a78aac846c949cb376e28ef651202e992b2340dde210f7a2b17106
F75S,nominal,2086,-0.0008722566091429185,True,True,61ed7064bf1fff1b8652d5449c3b96caee8746893f9d7c54007ea9533fd0b32b,1bbfc68770d6051a04eb0a3f288ff15d985ebd09d35184231bd68d0949aa9395
F75S,nominal,2087,0.04556273602250138,False,False,962d3654916b67d42eb52fb227de36a09970d2bbaa842e3f19129192994d30c7,0b137923ee5daef24a81871301b4c5314787366bf948706a1a3cb12db65294d3
F75S,nominal,2088,0.005396044964807611,True,True,8346ea53f5659d8eb445d82f426ce22ca83cdf1747b0b48b963545eee2c73ef8,a7384843ff664e105886bc74201c745bf93280f3c713b6f8312cf063b833d546
F75S,nominal,2089,-0.07058400388096703,False,False,9ca680b0c23ef9b92a53d357d7f4caf36474bdc0a92eb2a77a23b1430e5dd798,3b163240ff6ed536d177d8a29b474b0f2585d48b477bbeb47e754332a78afd9d
F75S,nominal,2090,0.05964296577656314,False,False,fa779cfdeebb8d5df2be64c5c62423770ffc5c25d7e06b684c9b2126df6de72f,c1ad071ae61a67d7bd0ebb95c377454c7b4e75b143a1c330777471658310cbc8
F75S,nominal,2091,0.02844612111210476,False,False,be967092117b54ce0a74c772a43fb05af78917485048e0aecf29489bd8cb8db4,9cabb1725701019bbfe09eae83b8acd62ca067e31ab52f91605665fb52fdce92
F75S,nominal,2092,-0.02678807700487218,False,False,880ff3e83d9670f57cb117ba81cefa32aef5692b7da0729aa29cd081704f0e3b,793db926b7592547525f843add69589c221993e958f6e7ca299ee7bfda8f4e03
F75S,nominal,2093,-0.023409975177668352,True,True,0d5e05d6728242b7d6f399dd244ca708e1a807a5ea9ad5a77b3dbcd9173632c1,e4e0fa340e5f27da3d9823f211994b834b01b0f1c1672a1fd8d038628239fb04
F75S,nominal,2094,-0.0465259300855973,False,False,46eaae26a117f2ae4c8f6c4e611796ad77b4d7a329ab7b44c5ead94c80e195a3,7eb1e6d6c7bed96a166a0d6d49e632f2005e6ec934e6424da4f65800e69b2786
F75S,nominal,2095,-0.004563056244873742,True,True,7487430575edd1f5c98818cde33bc378da6db57890a871cdfb86ae9d907f0ac7,b6b2ce06b0ce19a08822e166e6a0ceab989332d30e48b75d33fc45994852feda
F75S,nominal,2096,-0.03332483163108446,False,False,1d0eae4413b846f4e72dec452c5e282aade87917311a859cb4575af27f0e563a,f5ef3d89d8d258441a5b7f3582df1e23c44af0e5c5d6d63601be6eed0287fe88
F75S,nominal,2097,0.008274621254791725,True,True,86ffbb1f8873eb6a3e3548ef45665a1adcc3f64b25c92cbb0078643dc7efcadf,87f14bef0b809819a2d584fb7be1c088ccbdbbdaef2a8084940c8d0728f528b0
F75S,nominal,2098,-0.040780556260004874,False,False,3bd7307e84c951ce75e65c0334dcea0f0cfdcb878c1318608e5bbd8623bc184d,35208fb80994c1cec44265f364d99823f1d81e02ee3ff0b34fe828e8539f3dc7
F75S,nominal,2099,0.05536543166088892,False,False,175854720d79296c30a304e6bbe641b14789b2f176269f54f783a9039810d62a,d60df519ac95387ee8bf96dc63e72f8a9f342e1aff0b2c1cd83c129e8dc3fb5f
F75S,nominal,2100,0.04735326178905974,False,False,9c2d4f857a34c15479317431964dd10954ef4523310ce105fddd8cc39517e64f,51d8453884af4c7cbc784e3e087ed3e7e8282178be1a7645e7238d3bde6aca7b
F75S,nominal,2101,-0.05814744268957306,False,False,998a62f4d5a925602284508f77cd59f1479f94046245ccd6c6b8a0b07002a6e1,d9d895c980b4b8fdbf01dbead1d5455c979be6efcd04b9cc8ec7525b21a5bee5
F75S,nominal,2102,0.004797623827190067,True,True,0d133d05d5680505667d374a41c98c211e2217250b67ec23ca4e199e666be981,61d9ee97c27e4cfb4b3d5e2764a7f28e23324e9a70dac21222e7ab3aee3d14da
F75S,nominal,2103,-0.012496226696955548,True,True,0f3337f53b5d047af09d2bbcac1fc6952db6ad26a60101126b722edfcf260b8f,d5efe716d8b1fe86dd8f98ca6c6c1bb91f55e7e4f31e7c68444e4b6daa4adcca
F75S,nominal,2104,-0.028703467072338285,False,False,ecbaa91538ed66037eec45362e854a2c98d97e78fa12e353f75143bcc3fbb6a3,413309d8bb0bd49020137694db53fa228f576df72514ae2672a019008d224377
F75S,nominal,2105,0.06426916279680428,False,False,eaf23eb427c83263eb4506c4fbeb43d296b1469a15cc9900d043d0577c84d669,a1f8c3db3677d4b2cf107ef372cacb1f1c5dbf657ffdceb179960ddc07338ea5
F75S,nominal,2106,0.016389081885770485,True,True,534a9b4e18ae0902ad05ad9cc5ec45b16c8eb3430d859b03f4ea1f994a3e13a0,a1f60cb219ab0aac43ca1d1305bf0a1b21f7a81b20d4836663761ac2463750e7
F75S,nominal,2107,0.005322513742012092,True,True,b213f820e68fd1817798b0a28dc90f10b3e8ec105b21762f6d3903e42dde8d96,2c05116f8aa4d5bd287a2302bc2a5e1e15b33dab5e1a7d7c0a7fa182d6a09f83
F75S,nominal,2108,0.007600693137961745,True,True,c1875712146bc7d24a1d5266f837b2054f245a404281a417c06e06395c213102,69a0615cd1c54feba91f191ff1b4e0fc5f8fd90f561c9f6f8127bbe02611cb27
F75S,nominal,2109,-0.024476063546687465,True,True,7b4b5e544f73ab468fa788acd786a04c94c92b378cae5cab321d3274cad86350,dcedf6b51abb2b4bbcd317af420c47a6543d8f2c393dd9b9b6b16f92e5d97cff
F75S,nominal,2110,0.002391992637382656,True,True,5d981d44dcde485ec99a5f8947753ec9d3aef626b75a0fa934e62a724ea4a686,44eacda3f922dc84494c4c6e4316d8444cbdcb8a2f18cd304d9b5aa5a837a49a
F75S,nominal,2111,-0.014713528923231467,True,True,4bef11e2822268b441a6c87f589c59240102369e2ba746f4a9c699939e7d6642,9c5fa4af6e299538bc5a6d081fb5cc8eaccac5f94cc32db1653e0fcd03e16d94
F75S,nominal,2112,0.06792423401784786,False,False,fefa29536805228edb80079032c44754157ecd5fdfb55b9f13fbfb3b1d2c3e45,4edbc022c5a39baa88820030b9a864a0c6020675b7a6f72b3c24f22e4f4c37b7
F75S,nominal,2113,-0.0012992315766770512,True,True,e226a8fcfe0af0d6d27db8caa5102c579cbd7fec2e222e048127824d9221e1c8,549a1e93ca3003bdd1ed043754016e78b1210851a3aa3b007ce731e42e836840
F75S,nominal,2114,0.038022495175623505,False,False,7b7a3269189dbc1467c5f9f4933afac4315ab6ae700e554fdd649d344a47005a,93dd7a7ff5259fcc60866d3b9cc6077e9a323870915bc028a2c9cd5944d98cf9
F75S,nominal,2115,-0.007939417633279433,True,True,43c1316c5351cbacaa5cac949ac01e3cc8e88c51a95099d8f3fcdac50376d270,a9e52cdf4be0b65adea27a4b2f173bf4a14f45471bc2e1bb9e6e49fcdea34581
F75S,nominal,2116,0.022696739024590018,True,True,e6d82c4c883671c43f682cc987bf5ff4b412a221d489526aae8f9d7be8caa292,858dfea254fb7fc8f74fde9c6c4d8bd1f33d23441f9308e02e0e6e3e9c71a6cd
F75S,nominal,2117,-0.0018877138122502246,True,True,3cd7f3b5233a4d7b34753faf780464ef02e4fa1049da5ee39a16bbe00486bdd2,d335d46b50750ab53d74ca3c0d3775a38146adf198f34de11ff8455c882947b5
F75S,nominal,2118,0.01609396814042785,True,True,b4580c98ab1ba671c6d2e2319b8307600aa0f25fce6ea80e499a6351ebc2ced2,68530186528d382bbc802e9b4cba6b374481efc391bb5c257f46c9ad3e00f338
F75S,nominal,2119,-0.005862148359208175,True,True,4ec8d1feec4aa90a7595b1343dfab1357380b7cc8b96e6906c73d15fd66e9e50,82be970054c82a33b821265c0be5edfabab491b7b708f49c4ed45e01d18ae04d
F75S,nominal,2120,0.0328806848962897,False,False,3785ef99b7c932aecf4c626867e16e0d118270520e75a90966bd284383aadbf1,428d55286cceb3ca057b6f51ebc11d69d90bf083f4d475d8a57aee4b03798933
F75S,nominal,2121,0.059953716164048876,False,False,626af37229ad2d899446baf904738d7e95ee87d1313de22ddeaad453952f3a1b,2ec306d8807113e539bebdfa22cb3bb0ab4002c95f86b3fb9e49336685450adc
F75S,nominal,2122,0.04596661700659044,False,False,ee501cdcad321e6f501e4269a8a63012f2556ce82b22c257db11c1e720613f18,0a3fec12095375e32e8e308503fe1c301928d56feeaaf9e49a2bbf74f6fd2408
F75S,nominal,2123,0.013012814154114816,True,True,bf073d4fb8d3298b58d3de4c004a47d9f013775e5e9c7c729e5a54e1e1753b39,3a0250f4bd0f7aa17291156780d8b46435158b11d1cb0406beb863ba4b8b1885
F75S,nominal,2124,-0.00850227593893299,True,True,4d3fe60f071e0232dab2dec07c66f741dcc131e68f1b0a3e9efb75ec764d931b,01a9507956bdd5a96ccc5826b46c7d062dd0f57956156363ca3cae916d205d7e
F75S,nominal,2125,-0.024707783895188518,True,True,42ae31f18ef046cd4c72410744472d8819fbed4a30786e9e43579e4eef9fafa3,02542b128f36c5f277a32a0a216b740195dfd63f5281e634e7159f07eb99797e
F75S,nominal,2126,0.028001949145472493,False,False,9b932222a7cf903103f46b4baf048de0b5c3a7848d8d0326d09c20c82038d4d9,3f3c27f470b02ec4ca5b596f60120976a4d41fd53f67ba6f72347dd81832aad4
F75S,nominal,2127,0.01251330401168238,True,True,2bc2ca3229375d9a87681051ae4638c9e1b9c536ec8158ced9eb836fa390ccfe,4f97d7c2e5df593740a83d95a57e6b866a2956ba8793efe35cd1a533eebe7aaf
F75S,nominal,2128,-0.06278821557927378,False,False,12b1f213a32dcd08fbd8802a9b7442bfc61eccd0802bf09afe178f88e380b399,0c6ce5dd28b48663b24597e3211c3f9b2892d601551235c5d1e0d41fef949746
F75S,nominal,2129,0.0131366494786338,True,True,76813168b5541921c856620c0ec6c5c4fb68100dac758cf897510c1ccb0369b4,b2fed5ef2a0e5da02e6b5a81de6225f1fd25819b5a3ee0fab0d02cfd83c2198e
F75S,nominal,2130,-0.07544194793869052,False,False,0fbd398dbbfcca1399962eae297df3d41d15d78328e378dc87ce9c34071898fd,b0e9fde05fa2aa20cefbe1bf11f59f370eb53cfa6538ab5977ce2aa438f1a9e4
F75S,nominal,2131,0.030081104565927386,False,False,6e92428ab4e72bb08c47911e6ff7058711ab2a23f1b7d764279f70aaddfc65d9,e887549b3861f3efbdcf5325c30933df08292b06f7253bc0e34d322dfad8d1ca
F75S,nominal,2132,-0.0631975655450926,False,False,7edf1cb5b5abe4571237665168c00109adeac3807995f241806b8f4837daae64,6b3030c27fd5891482f98db6c6fee2661353543e9507390de718ff00841bc234
F75S,nominal,2133,0.027104195823697608,False,False,3285aa104bbcc6ef0a1f06ecddc5672668f0f3d6ced6f1dad318e0325f4b7e16,a717413cc7eead1c95e85e341f11a84a92a4c70694f94414f7364d1f7c2050f1
F75S,nominal,2134,-0.016225191745480427,True,True,f2adb4896ec8df8ec9104ffdf888121a9ce4b0a7e4d6c86b9752ea83d9f49fc9,3d1c80a6858ef035ff607910d1b64bdb39ca2f16431fd2df28ae53cc7fbf4801
F75S,nominal,2135,0.01533556476275355,True,True,4a16a08bc64567c16d3b5d8a3440adfe4a8e0f43ec7cf2b8810ce7fe6244a1f0,1b69f638d7d951bcb680fc3a9db53463ab18a7df129bf49040ae752bcd55e70f
F75S,nominal,2136,0.021227458560089674,True,True,b6e569498c32fbfa785ff6bc6dee72b858dceb987132bc6bc771712d81a99b13,2d53cd1c51ed73c90d025311abea3ea0f098cce23dac4bbc998efa4a39f6f1b1
F75S,nominal,2137,0.011383817202310076,True,True,68a3c35709141c5a688f44d6e775b3c09585450a9d50d31b28c47cfa941536ea,6c892c5652b2e9c923344aea6a89423eebd95ef950f7024aba429db3d6cb4a4a
F75S,nominal,2138,-0.03573711461927065,False,False,5755d6b2604b30d159ccee692cf8cf0425ef35c03d6359250ad69a1a92044147,6fb4a5509214dd0b6e30327fb9ef80286e725551e331e9832d50662b9cdce986
F75S,nominal,2139,0.023662931627867922,True,True,e29fc2482c7d10c76d6746028ff2891652312bf858cdb94e793f181bd1d8e990,f603dd0ee3e0db46de385a4a645b5a3db1885f58e9b5deefcdadfca553abbe52
F75S,nominal,2140,-0.005385391052417643,True,True,08f6b297b6a9555d54166230f17c7a5a9b368f7c381b2376e7cca203f1a3f197,3a58a8318eb623b9f1f87dd2980ff2de6c03f7c1eb7fcc8955c8efa658b620a0
F75S,nominal,2141,-0.072658624726254,False,False,d21004a190f647171c5310c2f62b6fdc1aad292ac9dc882ff767799b3f01d63d,385fe5860765b6819ec5a6d5c0ea447b76911c5fc7d72b528c9ed7586679f2b3
F75S,nominal,2142,0.010385129832823914,True,True,c7b46f4aa013ea329045510beb95d4f2b3cd089b53a3d7963ebb08852074cb99,af434927d8eaddc2e236fc8fd92700fa0b1dbe7fc7364855f8417ff80bd4ee2f
F75S,nominal,2143,-0.05250075406224475,False,False,190a5433b142960f86bbed357c1a79a80d15a7154362647010cbbd675a60ff29,b870accfaf5a94285998520500673d8435f6235285a2b88bb1ebb21c81abe1a5
F75S,nominal,2144,0.037930633550956494,False,False,027d504596e676b43cfc6984b085eae3669bcfe90deaefdb496db1b7f6bc1c07,7fe80af1d875e341812394eb392a165b1a09fd61cca330699c164771d5a576ef
F75S,nominal,2145,-0.04552178375445415,False,False,d0f004f416bef98ad40f0bf8bed579044f82271200ca5a88d6702030f92ef595,8467d03279646d8292d60d4755ff782dc0caec8f42812cdb38f4974d8ebb1222
F75S,nominal,2146,-0.0415190615705755,False,False,78c02070135d127d2fc0f7fda05ee3b9143b121ca4988e2dcc7747a9c8b58cdf,ec6016997e16d33c68ff4aca3c491698e989bfd39af85ec446c093d8a0d53011
F75S,nominal,2147,-0.08471484284016684,False,False,aee73dac2e3978858fdf525ee483c4b5cefe3b67f20c85b824df4b0c5258caa2,41f3e252ede3868fe74bcdb4a365edd07fd365ef0555c06f4ac9e2b8cfd920a3
F75S,nominal,2148,-0.0008245591957555254,True,True,a2f85dbd267f11a6a896f5593b2d40bffa1def26168de101d0940fc929732b00,21e825bbef671b663f3fe9e8a5f25ad230a39286a8a7d18ce0757a3acea44cc1
F75S,nominal,2149,-0.008863771887585581,True,True,d2f5b53285c302f0e8b25db83f78a61bac4cae46e82bc5f186284f4edb6ed80d,4d04f4c571a678f510711e647f2de31a3060cd7d93410fb8335130e6c1cc3dfd
F75S,nominal,2150,-0.017760575219108288,True,True,3aa9b4e38437b0d6c75f454851e6b431b44f94c25a4e7a9850ab7e58d5f92ed3,db1071ed2d8a2be49de6f4011462a4d6eb12e82941c3ef9cf6a09d9b7d34332f
F75S,nominal,2151,0.032363701262155486,False,False,bb6c2f3a102aef630f41558beeaa8be9d2abac9117913e86959f962e994562e1,36f33b28e88eaad1ff376c68607b78e589a2bddf9b473f1f9f14b638f228e9e4
F75S,nominal,2152,0.018976167511185138,True,True,ac58b0ce4a7bca1a9592aa9de2d51c660d312f54d840c9755d64874a51078856,ff8b5dd2923388e950821168240f4acc6124b57ccdb987cff5dd12f7c5f9be95
F75S,nominal,2153,-0.021008341310603806,True,True,379472e3481c637ddc02cd859dcd7ecc0810a8c5bb66e9b18f2dc37552334f15,bbce0b7fa780a090e1f36befc304d5214d60e5573c7b4034ecb04a68bff7be1a
F75S,nominal,2154,0.03404917622950343,False,False,77fa0ea60e31d6aaf495240e898b28750dfe474bfd6b5e00f0273ac0cf833599,7d9b582f84ba88904191c38ec069aa8bfa7551fc94f29ef32e9fa63af3e32b4c
F75S,nominal,2155,-0.0368121613881639,False,False,e0a36f8cab2cc0b4665ae00f180330937ac61d0006464450f447b9f91e9e0e49,59bbc552d30ea00fa8fc876f652f132c605e3e2a513c818704dd9eace7f63e93
F75S,nominal,2156,-0.039755045252589216,False,False,83251219df85779cb30374dcc16bdb5e2cc110399e6c991dea390fd207278d38,9dc3a762f2b38ab39593398e6b1b0c5ba2d8c5e93891f0c3ed5edf80e05d5c8d
F75S,nominal,2157,-0.013046521707205772,True,True,d0e6e1cdb0e552bf35fdc830b4544cc4798627df8318605f330de64ba205fbd4,85d172933c28afe6906a79be3ccf4695c32e7036390438e32324037eae42aed4
F75S,nominal,2158,0.01034260187642233,True,True,d2b3e86c1018f4c263dbf7b37882dcf10f24474466fd64706c033fa078d55873,55d2dd898cd51b493fdf6e2bdaadf666f762ad767cf40d78857616b80cc0ac25
F75S,nominal,2159,-0.017253398057439917,True,True,74fa2b86d673a1022e05b0831cdfe0d2570edaddf56eb29b19820f8e73150dc9,9e8d179e0d02efb9aa6f0952a0b2cda147cd0e824f3103371d108131496e2f84
F75S,nominal,2160,0.035629574934385566,False,False,c35d6d8a0a242f8c85da13b9f00158dd899695862e1e1e755e4518384e9dd588,e82ced9c99be8efe136a4dcfd04a859ebc516a3ffbb42ae297bae410953cdafb
F75S,nominal,2161,0.02236154450599126,True,True,0861a442c25465e5a29b6baa0e7324e9818680fe532a67702aee0356cc3389ad,5f314f41e07ec3f5f52aaac749cbcdc0ed2c3c91f213d66d7fcd3d171ba7205c
F75S,nominal,2162,0.05135084179146454,False,False,7efade180247673d265d5a8f1ddc530799171a32b3c2b33e5bc0812f7ec5684a,920a7ae6ef2d2233396758aa43747b6fb1e9684bde45f2f8396983e768d45e2d
F75S,nominal,2163,0.0027271404699372725,True,True,2545652ef4a6bc0a79a5b7fae41cd8b9c16cd569901d7c76baf7444d9b2f74d9,37e1922bdf3b71012970ef768bfc254137f1124ff10cfc7362335d588664b0e5
F75S,nominal,2164,-0.06748890791564299,False,False,f311d78a1901bc1cf450fa098261fe0b47ef5b945d1b586ceaca3ca1e48aa5c2,9a088f80c4b531c3b1dea11e28e2048b5dc36d5916e855e420247d2794bcb832
F75S,nominal,2165,-0.00676117072573279,True,True,7c980d32d454d120e3d348431639f101230f3c6fb2e6d3f7405de7606f923dfa,b0218b4f4dc996dbb6e639144f7f5a5fff6c1bcb33e8fe4865bce28c506b8a03
F75S,nominal,2166,-0.0039941450722934535,True,True,18a5944b61e27eed476e8348ae51f6b9ab56f12c888596ba2c7aa6563938ee82,4b2e4324ce0b83ae6aa5c58ce6bfd82862ad751a32a5673c4a4a867dac3ff7d4
F75S,nominal,2167,-0.0709108912205153,False,False,772c14504e2f609612e7fe5efc8a528ed2ce3732af07d2302eb186b54e6963b2,db7b0f39f30ebe49ee98339e62515dbb4698b17829d0926a9ab730b827160c76
F75S,nominal,2168,-0.032849649139019776,False,False,96ed719fca7c225ea14129bcfad811baf64f7105025119cd0e959249aff62db5,b74d4d5b02b1f8b52fc388d6d77637500715e47772f3cda629e2dc2920e69f13
F75S,nominal,2169,0.029752349260891542,False,False,aabaa6411a597e5cfbbb4d74b18ca5d4c4a67e0726df3efc5dee48b6fa3e0b69,3481566b6bcd5ffaab2f62486df6484ecb1c0768f50d3899ef95506ca9712f6f
F75S,nominal,2170,-0.014008622460760234,True,True,30275d85c31069165ccdb439f5d14664260e63ac30f3bafe2793822a540e1fad,1d93ee6f4d78a4fe948ca52325fc5bb7b4e24bd9f0a91d3ed838d3ba0a305338
F75S,nominal,2171,0.04004488135814843,False,False,ad544bccd59d5161f420e2bf53e845f104f83ebce6245632ea203c945eed7700,35e8772b4254c0b58acd3b01cac961a40e8374096a8e4e04c4778f2dfea2d9d0
F75S,nominal,2172,0.0268892150769402,False,False,42d425d0554d69345698fb521b0508bee988c6ce41da838f8a83d881fc56f962,7311b008c259dfacc87cdbb89e9ad38359bdbbf0c381b0175ed967bcef340960
F75S,nominal,2173,0.03590127104626928,False,False,ee2776418f2af5c7b3da9cd0d055600483bccdf67f2d58c8d4a058112c4fece1,d5c0b01618c080ea10666bd85523d87e4ff2fa67ad4239d4a9f61f2af11e7cac
F75S,nominal,2174,0.013235685493970806,True,True,6ba788717bd750af55c86ca2d90db2e4067e10673a984df2582bb47a7afded59,d0b0a5fb25df05619100a5e717c31eb9c681f1ada1ca13ffaecf373f43465d8b
F75S,nominal,2175,-0.03149100255243359,False,False,0d92759d331bc7dd92fee66ebd28804bea685f5a0914d0b694b6e85854069455,149d73294afb978793123b0ab4177812afda2714c31062f40c5ec8311b51c695
F75S,nominal,2176,0.01428000836463561,True,True,edc64fd9b8b2cf2b25f49202825d3e43649307cb6004caed70a446469bfd1bbd,1cacf40ee310cb57f829c5cb682f18c55a7080999d74635cc63ec4ff5ddd5de8
F75S,nominal,2177,0.013307509381749849,True,True,4ff51b94d62145945defeca1ac3d1dcf056ce59c766ce42bc9eb172b8dac0221,174baf26379ea33fa65c3129233dadcf50cae1076edb29e2c7182987d1bbf66a
F75S,nominal,2178,-0.0010283060630572605,True,True,c5b13e2a9258b533a1fc0af74c08e7ed564dc6ba852cfa7dacda9b2f6bfb2fbd,f9557dbc027816c97fd812be9df2b2efb5e5339598bf53f1d2b89e2e2309b8e8
F75S,nominal,2179,-0.007674640044599612,True,True,db994b91fad79e665d039c0a92939330ce4e07e2cce24538ac697c6550b5d353,ec28eaf7f3b827aa2b3bae21a18a9e4ae519690e74f1d4f7e25243fa5e8049e6
F75S,nominal,2180,-0.013615820074023843,True,True,c256c242268e5dcd00d33042f112399c3261735b3da57b5c61c195b0b80997af,87a9c1a15ee6bbbffbf5d93305adccaebd859c3287cb0fb875dc964c163e84db
F75S,nominal,2181,0.025929681763075085,False,False,0becbf54c1c5b11883ac22ca23836b2b29a9aacf3546a77dde720ba9cb1f0a6f,bf5c3394c91b2461b1770cb5653f0542a73ef44c774efc6ffae2ff038bea9baa
F75S,nominal,2182,-0.005543096890297083,True,True,23804943ff630c657fb6568b51f5a376f8ff2ba225b200438a7b0f809664e014,8e58192dff3b474cc01eb7eb4935f993ef3ef39f94ed402f3fff55ba64620a50
F75S,nominal,2183,-0.04422955349220292,False,False,ede2256c95e2790232ca20940f343b86d48d911a0ce9f5eaeb3348c6bd2c3694,9e3132143effc08707bb743d5641171d8d09bd7b5ed307d618859bfc69fe2736
F75S,nominal,2184,0.03320804629983143,False,False,e5aed96c3cc4c938eebc7164ebdd50aab9011d36cd10dd3dfd079c57b737829a,b49a8272e29852a143b30e67812913d806d4973187f8ef9fe2a9a061556f2219
F75S,nominal,2185,0.013731722211841713,True,True,16db676abd133887d3aac0a3eb82a8c40ea474909590e25f643aafe04135524b,b8028886cbcad0bc779a720b64dd10f5de5fa8cba6b2139519ef1669218c2358
F75S,nominal,2186,0.012102910408899104,True,True,1daf27f6a4e47140dfed1d7b55f67e0efd678082c6a6f7af19110dd570927800,2d5b25dbebe8ea0b6cc04ca10130792d9733725045a17d8bc7c224019628e946
F75S,nominal,2187,0.0159097821454115,True,True,1d22b92f7eebf8d56a919b4be74ff7db0f51154c01e23da920b160e31b56cda8,2187900914c7a9ee962f61d6919d913a647153c252ff1bd3f3374d80d7def09c
F75S,nominal,2188,0.012986208207569794,True,True,eb3242d18200f1b5f6c2de5c4b5df96ffd4ec5aa6fa6a9dd7796bcf4f4f6e21d,5705f2e5fe655f0a5c20cc527409d6fd51e8ae59bbe6740cc29b0af35a3833ef
F75S,nominal,2189,0.03561806303535986,False,False,7416c81ddbaf71377b8d4d33708ce1bfc7448e4895efe5d0ecbcbaae78dc338f,227435b32d9f65785049279cedd0d71096b828c65051d214508c207383e5420e
F75S,nominal,2190,0.015211145612425536,True,True,77a7c989a5ac36a184005fbdeaba0f3bf8b67d3b80642c0182b1866d5bc7fcec,fd132b45c24c8d2023e4f14ef53cf386b58515be9d6111a0cc3a3f42957b5ba0
F75S,nominal,2191,0.029969185759398664,False,False,d9c34d68f7a3c785cdfd245e56553d5d82923758567af3ee60e98b7a2a7b5fc1,1c08f3f27f2f29f986dee49cccc296c07c9648f6dfbb0a1aa25113b31f9ef2dd
F75S,nominal,2192,-0.007796168618242727,True,True,86bb67c5e006edb39b18fee1b62b1ab690841ce7ba1ef32442b217c82f0bff42,97b60de42d367ad40f5de548d97d12bda232e77b4c708f0a9518ac62e0f850f9
F75S,nominal,2193,0.005185609310943695,True,True,77ecf08b73b1f059e5710ebe3de2e29811fb7dfd376ce8fb186be1898f3dd6cf,dfb1035c6921725ecbe5381e338c7298f33d679a361aa5fe7a8d8e541a2a1996
F75S,nominal,2194,0.027938803151901004,False,False,1188a2f692e020f420a9b5cfd3352d0482f60efd46ba8277b81908e2c9cce506,8781353ea3e99f1edbcc5e488512c434f2ab2f6febd33ed3aa99819c38e27de4
F75S,nominal,2195,-0.009480514821330999,True,True,7bd285cda88cab7a9f6ea935b3c2804e86571352abb1b115351fa3ed863226fb,130f05cfa59e549028ee4d6c25069a7c6652b687eafe5cc2b54730b1380f8603
F75S,nominal,2196,-0.02668790633492485,False,False,278c06306a267eaa90b5e1417afd999e32d0e0491e71558056042e0183df054f,0f73a3c082901bd3c3538fe8dd502f8b2ca66f18475a276a3ce8d86afb1fae19
F75S,nominal,2197,-0.02488957445252904,True,True,4a73a2d52eaf20e91864ed5703dd0d723e64482d26dfdb5649a175b6b57bc99c,79285ba1e75656c8b15b825df434a31068ac2b196b0a1d2c26a13f2f9a50af41
F75S,nominal,2198,-0.033541778806982836,False,False,3910d20ed96ebfa1be3c57dc720665dea21062d4b5d6b2ac16abfc12d58d4a26,e6c9d4bb283d1206d44d90de42233a244d9412866d93a54847d3d08f07fa40c4
F75S,nominal,2199,-0.030453475213267578,False,False,e85688ff5dfef356481cf0de2e2127a62461699bc20e68ad5e75c14cbe44be4c,9be7f18448a45986d0bb8061985fb459f26578d1f98ca323766c2a975499c2e8
F75S,nominal,2200,0.039697932548268144,False,False,edc800b4ed40cf19c16c86ae8f7f663329ac567f18a57260fb8f6129c10763fb,c04a116417d97ed565891c5cb2e5406c4e506426f77361547bd8984102a7b382
F75S,nominal,2201,0.027518950967747813,False,False,afd625fc4ca87c9178a42aaa889775598cafb130413403e9494969de5b72cb59,6afea126b6a24677801aa1f1afc0f672d30cbbd1371d5c0f36aeee65277f2859
F75S,nominal,2202,-0.029550518239254808,False,False,a4bbf3d40f25d9c8a8a1d6ae8bc9cd9f16a42582e0d25e0eea1515a2f62945ee,55ff89f23dc36f606c490c11362a33841f1f143a170debd383e102163edb9fbc
F75S,nominal,2203,0.07415314124839922,False,False,e53956a04f5ddd68cd454060d3465bb87829619df493ace24e3e663c5aa8b257,5c80567bd34cbde3083977e3df7be7684038b3bc3c55072d25451d03bceddc79
F75S,nominal,2204,-0.03012372449354639,False,False,9e0cb10ac20019838bbcc33c8f30daa8e159e7a38e170eb3f01f772f0c8fecd9,8f9ba68f6bd4dcdd69572d31b3035ecd112d62a48ece70273102da6ba483b619
F75S,nominal,2205,0.04548493630859607,False,False,bb35dc0141ae6520e3693cf53ffa39e92247ce6147d6db64df835c468f3a6b0e,50a29c14dad782f132ea073936e44fe909b5655ad4cc766c1125d60b33b35812
F75S,nominal,2206,-0.034056266648052225,False,False,6f02ab500f7c70b793035856d17b1d19deb0d923eeeb645ad0cd159fec28aacb,386536306921872a19b9f43d4a9dc17c68571e58121a914ebcbfd7a9d36054c2
F75S,nominal,2207,-0.07807290080557772,False,False,95578abaf5d9aea9e922d80ba8e868c259d37cdf7e9842d195a0940a127d1f76,5d3b3f02d3963e2fceb9b0fbd168b826d1a0c45fbba4410543eda76f4e5f8bdf
F75S,nominal,2208,0.07122760864134259,False,False,c4d25ada7d5017123923468bb0ec74cb4a3d2c592c982756384f2a601307f470,a7c90cf6f378d9c308991c116e9436038794d01e0d294d0a0320af395e583281
F75S,nominal,2209,0.03990148583418407,False,False,0d7ab2f43c09c8c25ca76c970b71d1928806de5412a685499dfcf0a797857cde,aa51ece331077ff7ad1deea12df41d957cc887fb78a35e6c19df2092939765a1
F75S,nominal,2210,0.07702807275231194,False,False,40a4d5506f45978945152d1416023d84b1c31a9ba6b4c0951f60a27d2862a674,90c30fca62595e9482173350f0fe183539903608792a4b60d306e20d43d0758f
F75S,nominal,2211,0.020366055569519315,True,True,526422070f71bada9f2b084352e85a822fdc88c8559fa038f88badaa1b6df5f5,a655ea4e25860bb9e15da6335c06cf037016e8b5c2f2308626d92ffa23a42818
F75S,nominal,2212,0.016696127959340057,True,True,012c8ffb61c20926b930e67af19331006972bc214a6b0f8fe3278bccd6b22a19,9ee27d6ec52627e62f1120cae429b267cceed19430d8cdbb1970376d04732e0f
F75S,nominal,2213,-0.0026996727199636306,True,True,e89183d61ff81af1b79fb2c60ba53199d65264bdff555fa18412e1dbf271be3a,c584e05adcceea6599fb4a607de97a286d6557f9086293d5d4c8b93480d592c8
F75S,nominal,2214,0.011290874062687362,True,True,425f96b090f7f207c0d435f004dd265be01da546a548f5b4fc4764c55b1cbfc1,c52db9a32086eb13255e0d6b178c87200dd95d4cfac742ebb84ab71510021e5b
F75S,nominal,2215,0.01829597209630951,True,True,1f762302c55f4c683e1a36e54fd4933c80eb52c2f41195378170828b4aeb426e,715708750969e682e0e851d5f8a0d16c93bc80f99aaac2a9a81aea19ec25b488
F75S,nominal,2216,0.012880530703338278,True,True,d55ee1c67b36c1257c745a66d815119b7c4bf21c124b8bd224fc22412aa93734,25068d24208075bef69d6680894209f63b3d1d02d70db89581e77dfc620bbe57
F75S,nominal,2217,0.06599489698180294,False,False,a9614403b31640e5990440896e47d096a28b667543c11439baabebc2b566484e,b11eaf01b9c9f130fc923c9f9710aae89bfffe07f75fb32a539ebda4a54533da
F75S,nominal,2218,-0.00987716448775039,True,True,343705f6b0e6b32c2f54e10c50b6f304e647d3a807c84da0649c7cdaa73a187a,2e03313162c25874da9583fe8abb658abecc7db4a8e7acc34236a015d397645e
F75S,nominal,2219,-0.004065146588852264,True,True,222b079ab9ef7e60511da42b5e06083ee79ef03f765e34cf0e2eaa1daa18adcc,57eb70643bafd9b27c7dd73d3031bb11ec01feaca905b77bc5cd4313567d045e
F75S,nominal,2220,-0.04333269684769103,False,False,dc2b62265675d58456064420d991b81f0e785351bb44f016279eac59736d07c4,d346f7a5f606b14ccd9c5af3e00a1fe1796be94e8604ced4b3b51df9f4ba0c0f
F75S,nominal,2221,-0.0012300050256375261,True,True,ce477ae81605eb26ee5706fa411ba64cf9427cc3f057298d2b0d3c9433c73d8b,62b9781e9abcbfe4868de2f761bba2ba199df9856488032d47732b430c0674d2
F75S,nominal,2222,0.006493671239501175,True,True,33219066ce55771b466a6766d7b57422e48ce0470ff1237895a8aeb256475bf0,426d5342e15bef6a686d09283936462532facc793ad431e0ce9ed191078b556c
F75S,nominal,2223,-0.007895210758887272,True,True,d8fa70be4a1c6969ca10c8385d93478b9f71877486a949a8b0277c67904779f2,31d36ee02d3f3c56254f206beb85b30bf417d6825dc40d12256a62d3ff8acc5f
F75S,nominal,2224,-0.0020019054030517847,True,True,9bc51cbadb1f0208025d4f6c42131ec3d1d9ff8861881df97596d2b161cf9cae,55486154e089543c813dfa08984391b4549c28c6cea6b2b0f9bb9607b088df19
F75S,nominal,2225,-0.023143844649952672,True,True,c7d6698283cecfe9d8db8e68898e87953ec79c896ec8fd0baed338e8ba71528f,e4d7327661f01beba226806b507a78958c23d6085f90a9d12cf7e554809f23d8
F75S,nominal,2226,0.017131621629696392,True,True,ad771b544875e7bcdcb47886b3ce1f015826006d6d4bede243c851d2943faf3b,4be221bbf9804abcd8c247fb041b05de54ae87ffee71520229bbddf8992fe9a6
F75S,nominal,2227,-0.058563132331182766,False,False,b3f528f754c64b466a55b87fb612beb057b6bf40abf1581f3a2c062826932bcd,e966186b0b16db32251ada684fd11c78e3adc5aefcfc6081b34c2f1ce1a0d09a
F75S,nominal,2228,0.012315117141071585,True,True,3cdef353ef307a9cd6ea73be17881ab2d8ad1c3f41cce93f3dd8b25c642fd148,f4eb6bce97ef90ff2926cced92204e5f18d378ac8a81e3add83a1fbd278afe61
F75S,nominal,2229,-0.021706951158610654,True,True,b09f5e8292c0275afee9296b9f095057671f5ce479f79ff2f3f835a4dd1face9,7fe209e3d2797c8f9272662aa38a51e96456a95c0185aba4eef24979a055f7b6
F75S,nominal,2230,-0.016685413375201186,True,True,baf50be1afd84a0aad923841bc406e1d824056e48dea414b651305a139fd6914,4093d08bd92d0c635d7b1fd1ce557c94fbda53bbeace73e24e208393d9bc3fcd
F75S,nominal,2231,-0.012324040297097993,True,True,0e29bee270749e2a2557d71580d1e4af8abee22ba22ad70ec30e97d8b8fc5924,359737ca6ffa96077469fd6ac03bade9fab9040eabe52317c8683ba0637825a9
F75S,nominal,2232,0.002880471556788944,True,True,a2002a72424a2ff073b381081fd02fe5304c235eef4c5172c5d6d6c6ea1cfe2f,cc7558d2bd7a7a2d2fcec9b08a8a0d9f2e3e88200be9b83bd7d5edee4ade08b2
F75S,nominal,2233,-0.001328996563497109,True,True,c5e7633efb9353784ac5dcbdcb55600b48a2cc7a5f1848551c106ca4f725a205,c790f06c1bf10c782e7e89fb47274ed1ef4ab70cf83bde6d7ec066e30c61bfe8
F75S,nominal,2234,-0.03482487321989147,False,False,c1de08125f033f260747b3825cc2ab49718219e2bae57710a2d380e81ab609e9,1045c5afd45193cda0149e94f10137f6b23d320f4c876905bccecbf59ab1bb40
F75S,nominal,2235,0.00559124429076463,True,True,e9a6fd15f965af2ca31f7909c5a8b7e1ac870f9d2aecb9dc17c068130f840a9e,31e15062fb5430930d14c8a51e009cf4974a72e0947e7cb3bf1f7f8a457c5741
F75S,nominal,2236,-0.019617604713256798,True,True,5d977232ce18afe8a64fd8444561b1ac338226670e7b1f8f7448c26046ea2303,b3af1d93981dba3cdd552c716620998b144fb94d0dcb02584a07e4339d810675
F75S,nominal,2237,0.011841747022951266,True,True,beb6af2f092b00ec259a31b102172f512e15c7dc6ede68ece0d5a5403e3d2eaf,ca56ee66b2ed37ea07cb508a0d62de2cde8e181ed2230782d31d2071e3586d19
F75S,nominal,2238,-0.03628519069115549,False,False,c56450ca61658422c6ed91770277272654772935028303d2d5ad2d17a113bd3b,6827545576ba6d255acddae6de2e0638bbc52b26b7a2e5dab0601b9ce4fe3e16
F75S,nominal,2239,-0.05927846104044837,False,False,9f5f34df595c3bcf614108c33d2b314254b35a121e32bb02ff062eaff09c6bf1,6b2749cc1b593ce6d3c5c6900b49c1a41c6095bb2f839a0c4a6c31a0b05aa455
F75S,nominal,2240,0.014498977839048188,True,True,66b119709bcb507627ae7e928e8a098b042b4ed846c4bc6af8dc806ea10cad2d,071058fd2545fbff3073ba32423edae434469cba7958245245d9fb224949058c
F75S,nominal,2241,-0.04013834761839585,False,False,4643c8eb6b6b25bf007ed1dfaf69fe13b6940f0cec5855a13df3936fce804aab,4b43170bd3fc9756759766255d54afc3819dc8a471d18be94b2aa1a9cee65faa
F75S,nominal,2242,-0.009211859097106756,True,True,571857a14b2c12c835db12b85d858de63600d6bdb83526c029cb76bdcc9b5abb,0ad31fa3547c796e46ceebc106f8b68a789522505de615a2b57fdd74ac0d4fd3
F75S,nominal,2243,0.01764204316448237,True,True,0ce8b1fece8f65998913b222e871280d0f8a94e0ec77400e3d88f27525b8dc82,1e4a3c13b113a4cdd10598d86e1a9bc43952546b393045284fd003374cb904c7
F75S,nominal,2244,0.012803044217927217,True,True,da4d4a49da988e087411cd8063f165c9ee44db3603b7ffd68bb21fd731f43131,f07553e592c6571b792ade2f24d4868ff44b4adc4288cec8fece65c797b4cf15
F75S,nominal,2245,0.013485685335964726,True,True,06f5b170feed9bc5c1e588ae75dd4490bdd378ec0d7020565ffbfc65a709d3c3,dde6f9fa4805d286988fc7943b2c61f81bb464ff38a6600898d2e8498b2b9546
F75S,nominal,2246,-0.03342400133829515,False,False,4b6cdacb8c9b878bb012ce3425ec7f91d561034c5b2c6bf729127d2d3878ad31,aeede1f81d03989c5ad77573ac5f61b6b85973aaceb7ef5caecc95b3f2e45c95
F75S,nominal,2247,-0.00041661500064404944,True,True,8c60364db2ebed31b4060cff0349c87437cd71cbfe3b03ebf6469bc8ea87a2cc,410ed7f0ea1c8eaf6cb3a3b3b2364ed2b052315efa08c2751be359a3decd7dd6
F75S,nominal,2248,-0.012587492918950949,True,True,1e4a3360c8df169540e9c0091d71dca5c7e2935d99c54a09c732b7943580a0fd,63ad7af67621631a7a026518d321d6f227bed807ffa7504df0287e57e61867a4
F75S,nominal,2249,0.048947829171801516,False,False,ab4839623b53ba57cbc4d8ff8252a244ef2b0cdc6fe4461d1c1f984e06396e09,77cc0995690157c9652a21937b6b21c45fc8f7a29b2a7520bd04f974ce2366c8
F75S,nominal,2250,0.024450291419722547,True,True,960fc03474cbfcabfc605ec557a03b4bd22e29650d09900b0cb4d5df1db1c131,6e6b0dc1e5df47399e1f2315f9063c75f7084a48fb82df87d612ef1e331f3b31
F75S,nominal,2251,-0.06315602282155686,False,False,af1b4fcd6f71cc41776050303f28871fa2869cd5b392c4bd46b5e93ef5d3c5e4,9a7acb94fd10c4fdd9562d1f7d1dfe0e8ccb294fb962f6501670054621c72955
F75S,nominal,2252,0.027995735277664968,False,False,822dd452900d19768ead67ea0dd55d8b1b4dfe047b149eb6a065692fc8265ad8,dad05bc769642eca66912f08283116c7a3d2b697546e0397a3e8651b2cf9ac71
F75S,nominal,2253,-0.017277971742342246,True,True,08b54242f3669ef5763b20375ee3413a0c40c46a29750471bed80aad5617f858,d59dad1bf85b0b3a7184baf805b3ae8215cfb3824e45bf23d1ae2e50a4e062cf
F75S,nominal,2254,0.004586506075298535,True,True,ce76e00101afaba17031d6ef694c8a3561237c394830581ee21bc17f595d7924,8838aa8b7ae6ae4c681d3dc12251924b92f1d8ebfca2da6ddbeaca02096783e4
F75S,nominal,2255,-0.09506939008434989,False,False,372c7de6e9cb7a396f8f28fd9a0666f94080ce84c27ed17c747534a714b421d4,2e1840c97adec76bc310539d17f3db78f5073edb67bd4723b60c9266920cd952
F75S,nominal,2256,-0.050339271045260925,False,False,df33aab0b59433f5ceb1d5ab267f4fd13b522aa5bdcb1c82d5c329a22c55d470,8865abef4d9f9636d74f9dc4c8436bd2999199fe1fddc56fd36c2ea6eca417d4
F75S,nominal,2257,0.01753280455673545,True,True,ab01ce8d096eb78018d96419a0cb522daeac672e0edc0a1546bbff3af4180c3d,d175a5b6f200a36687d5e2300475d681d827d7ab666dca8ae1198b7cb95784de
F75S,nominal,2258,-0.06862148680851343,False,False,12e64bf136359006c982dcfc24e0d25d2c288538c99996ce609f2f750c6f4861,b8b6a213d82a8bd58f6208ef2e6e0c1ee18f1aa57e8f7c71a4f326628fb838f4
F75S,nominal,2259,0.0012383626301852857,True,True,08fc4ed98802f7492f1bacd1f93aafa254bdc80e84f3599b1294c3303b202434,be77bb6460225f4ce5f05666e19cf46e6614583598542221f35cf56d78b81dd0
F75S,nominal,2260,0.002455607966253215,True,True,5f960a7fc3b7d6341a36a60884201b17927a1c3d68f3977f0dc14b2c0df3aeb2,93fc364778e1b17f61bad5d658a75613ecde3c8f0517a51b22a82d207b6a19dd
F75S,nominal,2261,0.024896036292541335,True,True,dc92b9ac3000d1ad6356febcf07c2c163c863ece12983320d73e2cf74d04261d,d44e3af239c671139f9df010a3b8c68e224cd2f450112b48bfcea06818eadb3d
F75S,nominal,2262,0.07114442480159566,False,False,1f3d769c37595ddd4d3ca05e40544db4fe3f6d84c05a7ffdad29fc3ded560fff,11528391c04b2e8cb0e1c8c622e18189c1239c96bab38eb0b09d74e2d40e9dfc
F75S,nominal,2263,0.02529938456856229,False,False,4636ebf945a953301c44e0d2dcfca98fc14bf5e7d4680f4325b3d7465c51e9cc,15a779ae6a29eb5d4e2dd1705ec24fe253327045a48ab6d33c3e327eeb26f4f2
F75S,nominal,2264,-0.08680730577078966,False,False,e69da5165d1378a5655753fe44a47241904447c6ca240fafa8c66f79e537f029,81233db61aac7eee7ac54cfae3734a06b134bb27477434a029219d72fd6949ea
F75S,nominal,2265,0.0009570513961227878,True,True,c077b6e79efc140673a5de142643f0d9168e4225113a12bed7601205f91e9ef4,308bf57ae75ba3df3f454b672dc644580fd4384985d022a6d93e7bb20c80790f
F75S,nominal,2266,-0.002833368802609537,True,True,df93b1699638f3a9571196cb7baa607e8d5f05756e2d6d983fa3ebedcb1d9e7f,61e303c3719ae3f67debfcf73728ea0032d851abfca074547d76a2b5bb887548
F75S,nominal,2267,0.03803036733622567,False,False,fe2c37c1995d020037c6346ef9c9bde879c44ccb8c8c8bc9db4a84822fdb9f3a,5a53d15dfa66e74404df8ffe6f2bc7b01f979018f99190cfc23b58a66e7efea1
F75S,nominal,2268,0.023126543943725375,True,True,850dc744409cd5c1bf6ef5f05122067cba08636676f4f0adc88b2976c1348bad,b6680f1f4984071651f3ff201c90b215d1b177ca4b6a7dffe08f4f618c4949a5
F75S,nominal,2269,-0.03482800625515664,False,False,7158e3598dee0b97e7efcd58776dcb37de24e4949761df127a4d0c5e522c4a1e,c50681cdf917b4294d52532dc70363c8d96cb69e490b9d07717fa1680b95bfd6
F75S,nominal,2270,-0.02470651612775404,True,True,270fb6b4d9d548268b7e3a5dc5813d0407f10ce65495bef73989c6d3db2bf521,8b8e929b839fe72ac7cfc436dc6b925498f2c39f44b1950ec96d0c1f44fb280b
F75S,nominal,2271,-0.0589849154932236,False,False,d1b2d31d1e4228bbffe072b07572e90b9846e7023a34b69b8c34db654af0a682,8b326706dd48436a436e8557af60a99580253378241d66b25b36caf637dceb63
F75S,nominal,2272,3.553680833490169e-05,True,True,41499615407098ffd2172340c760db33541c4f5aadfbf7e4827e780482023471,ba6af44283c6b3595e228bd8a7003896db7028a7ed23e011e639da5a81b2c9f8
F75S,nominal,2273,0.02376130586617209,True,True,f6e4a54db348c5c97da04afee6455a505029ddb6fcf25a3b43a51abd27496614,7bad8a038e8ce7d1232e7afc9597a9d246dba1abbce9045ac38d4f6c88ce1a58
F75S,nominal,2274,-0.031965077764878724,False,False,0ad4450640fdd96b991ab39ae9c36aaa4530dc50f76227a2b1f48dfce0d7c0ee,ac1afb4eb02063f8690bfee558e591429abf86f461d95a46fd05af9fc1451626
F75S,nominal,2275,0.006284321025220696,True,True,e1902d7b63dae01e6fb1e7a844c2c8b267a72df80c6f9c34a3f8ea69277e1100,a842df2293549b52171b6f32cc4e00c47ebeb7adc39747471673f97ff9c22e38
F75S,nominal,2276,0.029365024470396683,False,False,bc45f8c86aeb61cba89261b52c61910cc8b6201ba1fe2e37d9a53d19a1529951,9539e42c5e284561887b26babd50823cd9957628326b7527c359a5ab06f3cf1a
F75S,nominal,2277,-0.03459944576798962,False,False,f164db940b074146ea74c209636dcceeb538ae4d6c6efb4e4daacfa7a547c220,9ea6a6833cd781c11fda85530b0a0204a27054e547cc0c8b0326e5daf4929889
F75S,nominal,2278,0.00607469778974945,True,True,87a409cbb4ef44adba7d22555f7743ce0c507249f11b390a595b8479cb859859,26f16b122156336c2afcfa5fa422a67172c977ec82dfb6df5fba84293a9eb634
F75S,nominal,2279,0.027538602477840235,False,False,758d25b1f33cbffb669287866306c9ac8f67db5e383bbd4849e70387ab77cee4,0cd2114295d1f475e0004d1004bd909f2aa7d216412c1c19e6b6cdd400eb7f53
F75S,nominal,2280,0.014669883894044222,True,True,4a0db7af5d2c776a316e8ccfe470a3a97c07d8b3b0c317ff2ba8d28e2ffd0502,0f2e7a57f0d1f16ef85099942ffd0abab5389fff6f25fc29bacc9eb5d9d1dfa3
F75S,nominal,2281,0.02951939948962734,False,False,a9f4dc8ab4512cd8b9bd27a71062cb16310f47d6a487e807b109d0a20f156963,af04b334cd60f4a51214cbfea5e3a9bdeb96253f6fb74e7a958c10ec23963f6d
F75S,nominal,2282,0.008961421023327087,True,True,e113eb09b05e11cc0c171e1415d0275b62eecd20f15bfa7f68ba9a5343be1e83,0e795bbf6aa000b4053206e06a7cccc3acafe275012bfeb490cc473945684ff5
F75S,nominal,2283,0.002183241966162597,True,True,a6c0dda4391f1bfcb9cc882333e4c1c15778735c31f3ef6cd3375443811bf704,10b7a5a1d78f0f271ab4917adae826bde445e7486cc445525388405878de44ef
F75S,nominal,2284,0.01879005439694481,True,True,748eae640c5f87784256363eb7992b333f95f3977bd60b5e698c314868b0a037,6376de1e96b705d79b4d8aabc56d58964728787e62738c3a0f83b2578174f4b5
F75S,nominal,2285,0.035823228461903,False,False,5ef2c2e6be0e626dd1f643df5d33951654e48e19395d76e8896778e7c77aa785,99285c13d9c596431ba06bbd7b87f20d38e2bf5b409a103c95474717903c14d6
F75S,nominal,2286,-0.03221051358156157,False,False,415851fb4f8108efc4f835fc2702cb4f3259fab64ab60ccaf1a43d741f0c5657,f5beea9522425adf70a252518cf25eaaf9e8852b0810dd9f972c24265a4bdfc0
F75S,nominal,2287,-0.03751443736782201,False,False,13ea6dacd9a71b2960edc64eba79e05845c1ae6f0afe2ab65dc54488f96a35cc,c36174e78a965ea2c9344099c52dfd777fe7c4f3498ec037296abf543c0bb7c4
F75S,nominal,2288,-0.005876003650991668,True,True,256927e2009a23be360b999ae77df70edbb5b8db013d3733f3042c79002c7091,eb311c48101118d4a98c1da9092a8e94d43778060aee829cd2e21212148c7968
F75S,nominal,2289,-0.07088686414692197,False,False,db63402a72f3b7bcf631c0e709b49dfa6e946e3a5dbfd5364b062c428b99ae79,d8d4b09f65a69e2fbd48036ae7f0378f40bbc87bb8e68df94917d1e207e338b0
F75S,nominal,2290,0.04191237857807828,False,False,f84768c3e84270ef3daf500fa2ba6677e9272695247bb96c70653454680a8051,e4e59607f1d6430dae933379246ae0f9a6c3bb6f666e1656e80fca4696b0c240
F75S,nominal,2291,-0.02927186462372494,False,False,bf50b1d98572d9d2dd3e7549e53c2cf850684fa66945e5858728995bb03aaed9,b7078dee144c7fe4d402fbec1ffd59a691972b2a230948bfbcece1ab43634dc4
F75S,nominal,2292,0.048189951393252994,False,False,1c06e4f3c28a70594676f063647f3ed7c3f02b9acc24ad7460094167d7d3c527,c537cf31222e10e1922941cb3b87339019a62f8deba805791c10908db8be5103
F75S,nominal,2293,-0.016307003112269014,True,True,21cf18966b9a31619c09b61bf0ab3bc914b52aaec0c58ad540b6650c419fb774,e7a6babc94f6b2d9c0ac3a5e129c361f145d759e90c27a93ce9d93bd6ac0f28a
F75S,nominal,2294,0.008998511971370027,True,True,f7e4b01171d0919489a17c6b41754d07ef4484a173441a6ae0146d9e2952c2fe,82cc9ce83a2b0e70ed6a66fe4ac66518fd9683c1675518c7e1a0b9c250b695dd
F75S,nominal,2295,-0.010928155050228372,True,True,20154f7468078af28044c89ab866de98867966929f99f777e44a76accd2ce2e0,641482c3ed001aa0ce28e09544b0beb6fd8975d39b49a868baeeaffd7de2020f
F75S,nominal,2296,0.006571720876223153,True,True,fc35613500a4969dc1b56d32fdc96dd83734878f5d69ad7209cc058966ea28ad,e3e9e1c335a8754df696dc916b48062c80175cdc9f285da8c26452b668c1a440
F75S,nominal,2297,0.017496485158543185,True,True,a90bd5c886c6b1357791e47ea15b00e9ed6a7ea3b7730aa8243f8d5aaaf97895,ab4f0a3fb222fdab212d5e1d63b9d22ebcd03cbc7bf42030c1262ab39c18eceb
F75S,nominal,2298,-0.02064537528956184,True,True,bf8d828d0f91e4f3af0baeabed396ec46fce4782b68da6223f3e19e7482bde96,9938cd0587c6fc3a0a6093e456be859e2cabcd21a9a124abceb0ca51a0471780
F75S,nominal,2299,-0.0075958298693337145,True,True,42e79c5143b2758de6dd6000345bee06a5d643a431e7d70a57e133f464cb5d87,5c892b122a21a49572c30948717c69fe7d3ba6c7a22970d435ab80598600010c
F75S,nominal,2300,0.001531957243088522,True,True,ea23d92ffc70da042b7da5fb3ab12c526999c778cb2a65c4595f098e51d9c65e,475b7a3888829d820ba8cb420a61c1d1b05c2b09f1415b43fad2feda1453539d
F75S,nominal,2301,0.021295921537056284,True,True,9382d2a377c7c80b479431b14de3b0946994d5a6811462af3c359f1bb54863d5,7745c9b42a13cc758bb85a8d3f9d40a30dcd85da8152dc84188453549b23d17e
F75S,nominal,2302,-0.01583199859311446,True,True,acb6dcd12093fe1d66798c3b4cc41e69e7d32ee385591d1eebaa3438d365a88a,2029f94a5ac95b783cba5be04354ba6ba04e778f6118e71718ab0d42f2d3270d
F75S,nominal,2303,0.03412925802095612,False,False,09da65384a86ca04f6f5c463aa3ea813077bd4b08ae05537cb661db7e914ca24,72c1dcce4931a543a69dccaec632a7b789e7dc5ad13470ada32f3a06b3fa3d2f
F75S,nominal,2304,-0.05732053879789445,False,False,05d6e4acd5866e01ba55330f5ffb4bd8cd64f6e572b8eb9b69d2eb7bfbc4b9c8,179b5e825b315069e28234be8b52cf0f0182d68c51bd6734f4a0085d0d05b4f7
F75S,nominal,2305,0.025330308470371876,False,False,68dae1e9aee3d868bb95adc7466478a47fb9264bab79c8e0e3d651f81c2f7a93,0f1c1bfdf0492fba4fec7484a1594a6a6c27d42468fa295df4a563b0bf976f98
F75S,nominal,2306,0.027433311079577805,False,False,0fdf77e3418b1ffb1e4890d931a4658af431a9589b4adbd5d6ef9f54e5bb1db0,733f32d4c61caa45b9a26034ec16a113183ca3a02fbc991821c8f541b76030cc
F75S,nominal,2307,0.00651492215510574,True,True,3deef030309f827291b7ca762211f5a847c02604e21d7ef87cec7d388dbfa17a,0ac6f35cb8d35b0d9b498e55b93dfaf31ce2d7be615f765a2a65f4f1162b71e5
F75S,nominal,2308,0.00863491659649751,True,True,8d74fff241ecd490d8ccd9d98e848a731443a9520885ccc5d1e61b4ed3e43c3a,c6e2a0dfd3c010868027d05607705c2d97beb13cc8e7dfb348346ad5117e3dc1
F75S,nominal,2309,0.041820468400011745,False,False,cedc6830a4073cb44db192e3932f0710929c93112e01d52751f8c8db4eb83c98,3d12873851094377374b453bb3f629bb6202ccf9880a06386af78d85974b0147
F75S,nominal,2310,-0.06306888177307801,False,False,520bd0569a02038a3a2bd10dc00aceae0be0229871a74181b37957404f33a2a3,a3c603f43ace15c3e40a743651b2310be5052f8d30e8fad2e2041981631b9088
F75S,nominal,2311,-0.01980135430065555,True,True,ac075b1485e8e5629d78b9b0ded2209c5360f0e3a54a83928ae028ee36795fef,cec9e3a57a113d10b83dba58969aa5fa2a72008d6b2246150ce847eb6adbb07b
F75S,nominal,2312,-0.018663343292938117,True,True,5c17df311c4d3ce9689a34bb760acb7adf443c6e89ccf8da1755419f19622900,c00c06e70266c70237045b609a8e0732703c3d070c97f9082ce5f103863fe3e5
F75S,nominal,2313,-0.00586879079601571,True,True,20e3c4e29faad690ddf9e4fc1c2488aef888737528908b0734dbb81784bad380,ddc260dab05fc473fd1c13d2163b4fef39fc3b647e400fb0bfdbfb100da90c0f
F75S,nominal,2314,-0.004202030398114398,True,True,2d5abf043eee34d946c9352fce5b90d58e82e2d6c5abc45d0a61a5e735f75b62,fccf86ffa2d1e24a38b95a5dd28ff46b321920410e5fd36d05e70d2441bd249d
F75S,nominal,2315,0.03658694582427746,False,False,41bf6036789be7802415af3c0db5a0a36f149e92736f329adde61cbe5be70835,cf413f0bbb2c33a2b0ea0e71c19b4c64b1d7bc3b1191c3114afc8163c8fd18e2
F75S,nominal,2316,0.03127155960593653,False,False,4f2f8ad33e01f9ab557a99690d2fdcf0fc685ab49797306e079ed99424142ae5,6256f91d0716668c67baf5d2ba9a58d7dd2900fadc7efd22bb4e7a2484c2744c
F75S,nominal,2317,-0.003375614838746155,True,True,8db8204c7e0debd1b852f69c180a3d3fecbad9dee419ec4bbdaec0a1ba4d2e61,70101ec50cd1fba13bdac3d76e7e3a035b9dc26bc142ad53dbfce78c6909db36
F75S,nominal,2318,-0.012116062855878296,True,True,fe1a1a0a6c5108f625eb18044264e93a6d09da029d3b7b3c2e580e34aea87757,7aa7d9cc08cb20e55b6ed0cfdb4f8a1ca5430f13c4904ddd15d5e44657180d1f
F75S,nominal,2319,0.026057719777664468,False,False,feab408c79948702bcb8838e0592add55c68e10db5c014d7cb07a5da6bc37987,8df8ca3745f0d1f48f60c8d2f6066266e5fe5b522007c7e4bbb1fbfdd1b27ba7
F75S,nominal,2320,0.010970176682041699,True,True,30bf82f13d6bcedaa9ec2ecdef996d8954f889efc75139b557faedd5d0b4caa8,189adfe36777e105f0da6f09a1275e41dc5dee46011d6493ffdf03e1dc18d3cc
F75S,nominal,2321,-0.01491781519839469,True,True,77a9bae15a693372033686f82692631aa1168d581762185a57ac1c535df31fe1,be843abd890607b6b364177cff1f9b44e0d4646ca9b9f2a60b499d04b8104500
F75S,nominal,2322,0.019801272029871475,True,True,6eb736f4782030cd1843879fc060f85d75e048eeada0aae38988aca37b1b57f5,5e6b987e71167e202d446a5dd44d28ef6efb7729d5424dd2d0405afc1c1ceb6a
F75S,nominal,2323,-0.028054889837574315,False,False,af86ef1cdc2fb29f97c6e226d4616b3a683d14b2ec7890f0b1f6207110b6343c,f575fecb266ab72796260cf0ea829d7c7d104bc364ea612ac9cb21001caa905b
F75S,nominal,2324,0.005106625525896469,True,True,473cba76a7bdc8ad2b776107b8908e6ea2ca37d925bf57b1cfb3f62aa4501c9e,b79e94519cdc3937707d3ba5d1c008ab13e919a43d5a7652ae654ea3a1c3d264
F75S,nominal,2325,0.031249772607704784,False,False,28a72396687b3dccf08f8365596937c53df37f4ef898009b9c68d971a6f74cca,26583ecf52dae874a8ec2a275b08db85d80bfcb609050490103e2e6ab062b5fa
F75S,nominal,2326,-0.013564243016536692,True,True,4bad0c5d4802b6d1f042be2367822b5eb79f5df8c27092ecf3c8ac84d49d357d,89b70487259f92ceebfdc101815f9b31d8d72f911df28f1e35ca066b71fe0f20
F75S,nominal,2327,-0.06323964223027068,False,False,7c988f907bcfd24d4b4e5bfd5e3f408c277e27b1e7a92aa2e7695b27b603ddd7,819fc8165a5d389782c57534c82e486e8dc19b931bcdd9bfc3b49e6faa1998be
F75S,nominal,2328,0.011726026322725347,True,True,62adfb9d9d039e2377158b02573a532001485b747acfc9814fe885f98263c89d,d56e902a47565ef48a0c20c8ed057ca9bed56e0cd314b9762835024cd67a624d
F75S,nominal,2329,0.02133993690758984,True,True,d4cec37b614eec14827b20c932efb5a2d9b194f348af6782608a56d5329000c8,09706c441bc8c4233828399a156cf554c69474697c00d155fb58c26e917cce1e
F75S,nominal,2330,-0.012743098266912556,True,True,0ed08e5d84aad0234fa05e5891eb5fa9d01b55502369d320741cfd2c9849ca74,ab354a451d1dc49fd319ed742a6ef6b1261145dd1e979eb7e713b87f6d142058
F75S,nominal,2331,-0.040500790192092295,False,False,09da09172d7126bfbe6b66498de67c9578c3b9db45db4c72b12e2e27875cd40e,7bd39929d578a74fbfd2525dde4e22432b527529413038f8fff14c7387a1a9c0
F75S,nominal,2332,-0.0019224216378797565,True,True,607dd3fb64fb399a0eb0261aeb6e2ae7e0e9eea4d69722df27b3b5370396fc95,d1ba08f324bf8a3193bed68eb2e577b5ec3ff4ae2109d576a6f6ad69934a8451
F75S,nominal,2333,0.009009938262982797,True,True,6839c2ad69303d6032bd32a9578e49e214cfdc37976b4d2026999fc7e31c8701,725694e01b0a3d165c7671d6e86fb961db160bb0041be4d7b87de7826333f837
F75S,nominal,2334,-0.029543961720325973,False,False,7219c7ed9c27de13903c3a87736554a464888e2b41f72226d7c433a65b3dd722,c2b00c4c1b548e29d15a8a184276d6cfe6f56fcd850283ae26aaa70737187dac
F75S,nominal,2335,0.02248595530906039,True,True,266042ab8a37a71c010862b594b4709ab29dcbd009d74bd21c8f0837be3a3e71,cba357170273b65456bef83d076f586abd5596977c9e01a0f77dde146037bf5b
F75S,nominal,2336,-0.06926500196609153,False,False,db27c3b7b806c31bd12a166b90137996cdc35188664f90f099c95bf9a80156dc,22f993d029682471e12eb71b39263cad0109c164f05196854d53100dcd7e2e10
F75S,nominal,2337,0.02562828264075301,False,False,58ef5ba8ff88f7bfad5d8a1bc40a6897b5c00d70ee71fb032dd83893eb2d0f60,1b5a2fa463b2e3a40c1968424b5608e5e15f8ed98043ffc5e73a8295986521be
F75S,nominal,2338,-0.06417245297589869,False,False,8b32ae61189f62e2aafb1ff3bd162f8b27ddc52e377e85a762fadb67ad61e645,7ff4c497d10cd750f3d26d9809124143c4ec1d741d1cacfa880a9f857d5aabf0
F75S,nominal,2339,-0.014217961072968854,True,True,22b041abdcd32e72ef6bb9ddc08817e1c7ea6f058f60964828cba5e4ae5d6850,84fe4ff0979d21529836553d4ed2239a9aef57d363742cfa005c8adeea9aaf42
F75S,nominal,2340,0.036763877718299476,False,False,5af7cfd5f23093e90b7aa933243ab1ab9a82d1e1cf87713b7217fb36f6edd347,e5ecf12f6b8f98a9318f10bf52075d8e30ed729500b1e4c63a00378374ccd6f2
F75S,nominal,2341,-0.046407366087837576,False,False,bfa5a2f2ba39e1d795933e45bbd79331657adc22475e3902adcb76e55e42ecc4,a717eec3fd6d58c32057c45884091bc91e652df5612e62e143be50e5b096b447
F75S,nominal,2342,0.0035518611426829105,True,True,9fe7888ad5b282893f15b6a09fb14f28743f27146b67c15f78ee77a4244daadb,e80c12893d0a5fb380635be5d14cfe61218eb5421d1ac60d54b8c6ea9f094a24
F75S,nominal,2343,-0.005552891091501977,True,True,146f8e80bcee28e20f8d37ed8695780ff7c523aa1303b8b14341adce05c7a709,8efe7bd606f862eff2fde16e2ec91ae3d043b22b03842f9da8dddb51cb50c824
F75S,nominal,2344,0.0009928710073716651,True,True,695c255d5d88b345481a8be3feae30f292c9b955c7796908dcce07febbf16f8b,4728279535d4666d3d3b0a7a330e443185e488e537c866951a70d4b45c6e82d5
F75S,nominal,2345,0.0036364746249272217,True,True,2eb21e4c6a0d72f51e89bf925a56290f82e4b45f5cf4eaa7c3f0d19b5403f9a0,8ad8c29ef4ca4a4bbb05a024312547ab33d5bd5104cf93a94a77cf03fe57f2fb
F75S,nominal,2346,-0.002560509884669493,True,True,f7e982fa59be1b4f48414a0f848fb4fc55bad25c3f16e6c395fecd4bbf97f255,aa55f5cc7c972d074d309178257bf30bdfd406e988c3ecc99fae47626a613fab
F75S,nominal,2347,-0.0035050331599952855,True,True,64423f2c9fcce0c977a6bd685d5f61c87c96ec4c421a4a7020893529cc212922,b1731bb70ac2653a3e151562f99d50b054416ae4d06520c8792b25785bd94954
F75S,nominal,2348,0.04735846810460087,False,False,4bb8ff05bfbb49021970a3e6817fd85c45b69a879ec7e8b7d223557a6794a970,65bf5b563cf5a11a7f82253977afe6e19d821444b4a4797999e458104788986b
F75S,nominal,2349,0.06218870514847574,False,False,b1673d49e55edab1cf3495997f1058f11b7958d4d405a77b7de7f2d1590c9989,04624d442ff741534d68c712a130df09343e290cf54a91d6407623b9860166a7
F75S,nominal,2350,0.02274513172631032,True,True,6389f06e15c7a03a29bac76b17f622d64cd8817027d61de9a915df9c3bd80d8e,0155639c8b54508d14e28e5e32064ddcd500960f50e4f88cc39727a0f4f4299e
F75S,nominal,2351,0.006313037231797214,True,True,87082198bb543572b2f888859b3bd20593962095ecae5f255c92ee7b5fe7a41d,15057c48f9566de8c825466100f6bc14f6adebc898a035a8209c5c22059e7be7
F75S,nominal,2352,0.03078484139076576,False,False,bcd60592075900e0b7b38e14181f4a85af15cdef292b0da251ef80d66b1aba6b,e84dcafee9b2aa01d6ec9ba48fb430a13ef1483839307e0e67bafb985332df04
F75S,nominal,2353,-0.042758995601765326,False,False,5a095f2ba2346c938ddca3cf09e8b0465d39de467406887e5e3fd5e61f443230,02d945150607122a59f8f7900a7010478a018e9c127e43bfddbe727c8da48733
F75S,nominal,2354,-0.03163743483984105,False,False,682a4accd9b735a18f761b2483775ed5be1e0c6c9c9d56be6cb3a0d20dfdb16b,2bcbc79b1c745541f00ba38313235af4ceecd01f8b7e81e3d1a90bd875e5ac58
F75S,nominal,2355,0.0022528679329190116,True,True,2cddc3f23f5638ec4e1979e0c23f878887c20443ed8dcf7d9a71d0d5fa6947dd,018b3f3766fa4559a3ae53956b8ecc3431cae0b8f9603282c0c8f06628257fce
F75S,nominal,2356,-0.007395937455073998,True,True,24528cfe7c37019a8fc5dee26505201b95a335ee6ead9387cce575358032e1f9,13b7815a471b8491fbb805c114b9926ab9303a7b92ff1b315857d1ab77b1f01f
F75S,nominal,2357,0.009295045795298384,True,True,10d31a4ddfeb10a3ddee6646b386c98212b5ca1da7dff863b78ec4a6adc06463,db66b21acf198e88b656190597193c9458204190b78794892e7487e3282b2cab
F75S,nominal,2358,-0.007717896036794125,True,True,05f6d4813385d62abf0b9a97196a47e4d4f93314a06f0db2ab08b6695d163b6b,c64967e223a8833aa411f9bd41f68fd61298b93f3443198f80004fcbdc36be1c
F75S,nominal,2359,0.002475857512318713,True,True,86f59da5354464f1538a72937337cff3aa86a176f23a46050d90b71011d7d4a8,ed233f5b97c447dac1e281bc40f37ed22161ba62922c18029477f54e35deaa8c
F75S,nominal,2360,-0.022359556236772327,True,True,5db03fa1ed09e07444ae82db5c7ff4a863c7f9d30d1a5018a4f26ae285c5f8a2,5d933ea5f565acb57b9de9481fe051e506fd36dc17b96d536282548ce9fa3464
F75S,nominal,2361,0.043473565959115,False,False,15deab4e654e4d5f2416312b241e8fbc20eb32e175559147ebbcd92cab7391fd,11ee1fa2e5cba48e591d27d5a6d70e4a6ef130a1b9042d2b1b039b2db3ad36a3
F75S,nominal,2362,-0.0079614884080636,True,True,a5b24092068b2f91d59616920ff2a87173b68f8cafe0c0dd2412794234e01e87,2e61002a1b94acd56db3301ddbeff4c58824d69396d484229f29e54429b39706
F75S,nominal,2363,-0.028834030508599784,False,False,2c558956425fd4aac5846f61875a4ab569e06ec3c0030aaf0a1c421cfb5612cb,dfbf0298cdf58a255be9e1e8d66218ffcf582420fe747d0d81abc69ab7a2e883
F75S,nominal,2364,0.01691126899870332,True,True,fd100be9e3c2e8cb8dcf86e298444c22eedcd11c3067ea7936afa8cd9e576122,7f1014637cc9fe34e1dc857d43c6e5920225469ea1f75f6eecba4ea7467b74f8
F75S,nominal,2365,-0.02866392085961944,False,False,e239f2cdb943360e9854352fc78ae9d27e2a921694c1f734897ea97da29278d7,4ba087f1c6aef198e3edd522e95d46ee919dce2d3244846306581166b5a3855b
F75S,nominal,2366,0.0254640231320572,False,False,dafd44d29c7fc1632ac4af7cf210036dea3daae987a1c611001a681ce49f325c,fccd948d87a32a377090904c0d4db2c5cd6696f4b7df9a44af980f84bea89990
F75S,nominal,2367,-0.04072660039385245,False,False,cacd7e036e397d3589ab26cb03537f4300614f2d95e2fb5abec62dd0e7e0756a,924ddf6af7c7a2bbfef8a39e51eadbe5476d38d4f6a4a7e2766c430210f5dcd6
F75S,nominal,2368,0.03703644535425088,False,False,2e3ab16285606d2b036870ac768cd32665ce212da67a2043fe46103e2720f090,8f7a3e1d3677cbfda9ba708a88a697aed8f2800813bf4295fcdf089edd6361b1
F75S,nominal,2369,-0.0029668281840241617,True,True,934050239e3ad2e6637c78f2d483abd62d74d593e6319ca20bfefc2db302b095,dc683716c9e83b419680f6b4f6774b78697409831034995045f9f20bbcbd8742
F75S,nominal,2370,0.0033301503705747137,True,True,7af5f416637ef12fdc0d3208f960863374dbf5215cac540477d5100f49a835c9,39d4c816f85d2ad400b83729c093bb0634b71c87932d0aa25d878a5acfa59d84
F75S,nominal,2371,0.03695609548860168,False,False,e56a595e8da3fb31d8903f0f8edf45c2a210186456e86b45e20e6e6e27c878eb,5e210d6af0cb726fa7b195c9c63518b0ad0f8b8c823eafea392a2974ceaf4aef
F75S,nominal,2372,-0.08254380354782032,False,False,edff4e2e717fb965ff2105c78dfb6304d6ece65c3da92340fa8702a6765f0efa,2c831800e1003418e6834253125788243f6bc8d569c8cea4f242852c66d90301
F75S,nominal,2373,-0.02573921190891376,False,False,9599cbb63829b7a71bc16faebb83b44858a03547c2084e5bbb5e4c387c0e14c7,3a5d900ee8c37b4d714113197531c4f5a8dc9736709d97a95bb8c4b1a0b8ac7c
F75S,nominal,2374,-0.00010534442536086486,True,True,23bdcffc1032df21a4f77a52533654015312eaf5482d8a5e431d568aa5623613,955ec76a9a212ea6c116f69231b39f1a2e9a59d459b18b118dd0ec50452465a5
F75S,nominal,2375,0.0015178236427233482,True,True,a3fcf7a215bb3d9c5206527c279b2454a014ec11c396470215088275a63b6313,1e20e1b81c0fb58c582f6bcbf66ce0feededb5eeb980b8fc9fd13cb2ba9a8dfc
F75S,nominal,2376,-0.02407809534650235,True,True,965ffa3f78c8da39426fbd20656cced7a41900ff2ba96f33e9090b3efdc2f7bb,90930871a7676bccdc59ef3b0fc1a9cbd3af3d1e243baab3395ca39c2fba0fdd
F75S,nominal,2377,-0.009348903569140532,True,True,8816e11ffbb1d6f25e98e89cae0485260f9ab001a196deb373de31c82d3caff5,721175c9e390bb26b36e89befebc8af171c64d3f03d8d80238cff86601698557
F75S,nominal,2378,0.02194077088951596,True,True,e699ac69a226be6779d2f50d2f0895b3b5f11f6fe2889881584e9c95b4fa27f0,cbb9a3622d74c31e9e07d099ac517ef9d30242e947f9be2ef61df0f6f9ba7af7
F75S,nominal,2379,-0.03978186197871797,False,False,ac4b3b87dbc122fbdcd271f4ea33886db76d2dbe12bcc8b9e70d55a7e3a1a5e7,600034aead18eb5d72c535eb585dd0fceffc62b5e49ffec7a1bc722435163e12
F75S,nominal,2380,-0.01628998259084058,True,True,1a016dc3f42c718a19ffaf91732d6f7e5c733585b8c36a3e71cea4f1d42fc35c,ded6c30148a57384d4faf47f03b7039f9dd32c2a48b139167bf9fd4c51fe4ee6
F75S,nominal,2381,-0.039774975492191056,False,False,3c4d9eb7931e1b47fbbbf2f336dc5fba83eaa09aacd14adda0cc0ecb680a7e14,eac798f135fd2b72d10e2fefff15fbefb0fa5ebe31794e688bfa3a1e41f99f9c
F75S,nominal,2382,0.029225775104603335,False,False,8f787ca93eee8d9f0f3ca209b0d13e4fc62a4bc97d848d15f3e7d60d07a9938e,6b21a81de17169b8be68d870baac00b4def8776eb6729ed28b759d281390caf8
F75S,nominal,2383,-0.022533952229756515,True,True,742504997cf4037e4e1361b894970c7f7d3ac2321c186cad28af3847311c640b,ba20659353e80bbbb267ed9ba6bd13a6ecfcefdca6d69c7a415e70f0c4f83e56
F75S,nominal,2384,-0.04472084212275712,False,False,01781bcab7f0309ea8435616ce11fedd535419f1387cf2b58d4339a8eb49e694,90e053c561b4062ef33e415115412d6b899135f05e31da94da3cc5b67ca31dae
F75S,nominal,2385,0.014592198292963321,True,True,b02c29db287039acd145d3bc468f05d85f962757c3984122320a424df7fd850f,9af730b924b597a0784456be1810080ee85db49f6dc630a2514671dc5bed0480
F75S,nominal,2386,-0.02641743687825987,False,False,03cbb082fc3b6015b617fe1cbf04f3fa74e0046e8f237ed93a260ab1370ef0ec,6f120e3632d1a01031ed1419491ea7552730657a4861e4ceb226fc0dacbb8388
F75S,nominal,2387,-0.053190165104183396,False,False,55ce64d40b27f2dca59a32eb5cf61896dc77a1b7c53bc84886a84f6b6debd3d4,dd8047fefd71f226ee475f3faa246ff74219ffdf4a0d96c40df873babdd9c0b5
F75S,nominal,2388,0.008838187498291572,True,True,f92e4644bd8ca1f3842a07f16cfed69449c09509104160e21453643a66f510df,fb3b09ffd03e7c1b1e8924c139125ef278f4ecbeba1501bd901e339c49260d87
F75S,nominal,2389,0.004357696983993797,True,True,5c4f3a8460ca76312699e72dba2dbf7df331f905d73bef110e35ed9c48de9653,473d49924a9ad4e8312fad9e1d1059693d80116828a32ee4a74a74adca92edf6
F75S,nominal,2390,0.04090787595785628,False,False,5ff21a8c1f36dcdda489191dfbe0ff115617af46ca2ef4afb7c6cf5e48dd8626,c3309ace5feb46418fd1a3b608c578c78a6d87672f3a363f0ebab52f2638ead5
F75S,nominal,2391,0.02954334557665106,False,False,5b5e364299c5bc911858359b55db042f790ab1bb0bf7ac57424a94d4c5d83f8c,9720d05745994db6bfb19b9f3a511dbe873cc22ea52c74bb3de59ede9e6cb1c4
F75S,nominal,2392,0.017197036217851958,True,True,bbb4386f9eb04359f26febf946b755373ec41d0891e3d313dc0bf1ae5bfab69d,2ea8a840a5589a03c681e205eac7f4da78d3097d89e32afe34e3e5c7be9262a4
F75S,nominal,2393,-0.026888095915005517,False,False,a448105fe5966bb9781c774f7f866fa3e362d2e9d556b8931c5887340c4058e1,51bc901610c5b4a226f859108ad740d802a52174ad8fbaa807a87e3f94d468c9
F75S,nominal,2394,-0.0341776708616337,False,False,1ca9af18101e37d6614388ceab07bdfad9128227bf3bf572f1643ff67f6a3457,ca617a8313a6be1f959484eef70d4175e8bae9bdd4c5a917057bc6a9cd47fc89
F75S,nominal,2395,-0.04210758763531647,False,False,505331d1ab2930479cd78fa858ef0c69e1e0729937505ee5acc8354319526203,d439791ff57e9695f7218e14a6bb735fb8701ec97a99132db3d85f64e7dc1d32
F75S,nominal,2396,-0.002032668309211061,True,True,892626612f538214d5438fb0b74bcfdb8a00fb0ede179ae4ae1af9b2722c9ae7,8b6ac493ec0b665eeacf25b023b8e1c4fd708fd24f105b21a5e79bcd95fadff2
F75S,nominal,2397,0.07282852115606364,False,False,1ba57e46d46864905e3db1a08cd0a155a6c92e418d6c731f9f4eb1b7ad93d0d2,a316266c8bc6905a93f123f9e2ecac3120506ea4de605faa7c396a0917c908cb
F75S,nominal,2398,-0.01948899810160598,True,True,c6f88f23515f6bf1d711a5297d9c0aa5b74b258e8317d45abb9f9695c538f92f,03b888c7364618139a949014d41e35679d107e5406d353e28dcd059e68152041
F75S,nominal,2399,-0.06980803516325873,False,False,53e2cf3f1aa3d5a4bace2ab6958c2d5f3a0238f4424f01651217f53cc369766f,94c54c06e62f9166109a493d3a96e0ec127adc2b1b02a369220120fd4384a022
F75S,nominal,2400,0.006266435936929882,True,True,2a5de1e1b7722194f226f95afa880e63fe1f20e75ed7921f1daa6a43f533d0ac,b1b6c94c485e259e9dbaafe7c54eeebef3b08d08be0380cea5637f98eb4095ef
F75S,nominal,2401,0.03439309348848951,False,False,fddb7707e8eecc66eb4d628fc3e76e1753ed45f7ba404c3d7a7253dc67743563,155bc4379a52664234b21dc17831c20fd1dc70aca430e6f10670b9a742f34cc8
F75S,nominal,2402,-0.007860430152258902,True,True,c654899e7b9f64f129a165756437eba2fb6ea7586ba6246d6e69e23fe367ef4b,44214b23a605870724bde321fce4ca8ca6dee23e44a3fc28016c133e508689e3
F75S,nominal,2403,-0.0020876062103197812,True,True,e076d076774f77882a2bed06b7c733ba9ffec8fb2825429933bafc4d40863231,ee88e704476ac2fd2fa5e3e7ab1acecd0c8f85831485038749c977ce0d950b80
F75S,nominal,2404,-0.00307213802738171,True,True,c942296a184972d8d5ead2f1241cff44ffc653c198d9efc5c7ed87597ded1aca,0c62b06bb80a33c45688b8fed0b6d7e6b02869bdbd5d69fcf9880bdfc1deb9d1
F75S,nominal,2405,-0.005665932807742691,True,True,4496fcb86dbce2c992e81c6a7ed2552af410d25e1421a3af0c60461d15fc8969,809693e084dec6d432f2188e6e7a80e3732456e7859d1015793dfbcf913b7010
F75S,nominal,2406,0.02423209136297122,True,True,8551bcd29bbcd1b5c09eb15d0683a6f6346c11c0fb1b6fc09ccb19fded447635,1eb3d60f578d317171b9aa8ab9129a2e73299a836dfb651226143e4c068e27a4
F75S,nominal,2407,-0.007530468878813923,True,True,834153af46b09ca10a1a643005890c1abb8fe6772d2e59c28aa439b6a7925458,e342dce994720e5ee842c567948ef0b85a31afada559913ffdce29a0d3f78928
F75S,nominal,2408,-0.007363436072455487,True,True,da4c8172fa6d4756998e0f94fea8e10d293d7b5c4ebf36faf1864eebc7adcf49,c2140d5b2ecf2c9f2c53ae2c33a32e247cacb7a10991f2793f1cd99288020cd6
F75S,nominal,2409,0.0014213271418694884,True,True,edd228fd33c13d0525961656e67e63c43dd2012593fc6aef32b5282a8909b218,a6d25aa66ccc113c4f8315cbc60ac131c6f5da7cc04ffa403c9bf9cfd7a58dda
F75S,nominal,2410,0.011967416474682802,True,True,bc56e2e8b3e2dc3bef56352c5a37d37a4417e7ffc7220f4c96ea53065ad35d47,e3217f55b86bf50f52ab7ba20a5580a4a2b564ae8a1c9d2798f2106ee8c59817
F75S,nominal,2411,0.011125070407742133,True,True,f1fc0834b892b13b96cb1ed788272078f10990b0fbf8b1879ea64148a962caba,d2876e2f3b77e04b4966eb5b1a7ef5af2c9f4376f06c34ab66f5f0316add14c9
F75S,nominal,2412,-0.01620474144823153,True,True,3f24d490e55e512a5f1d7c97202e245f6f70511461bbd574cdb53356833e12bc,d73edaa17cc0c2c9a138700edd26dc0b425e5bfb5c08a24f1ff018df0f518a86
F75S,nominal,2413,0.015046369658252345,True,True,fcd6ae1f484902a440ccf7185856e6ce08f2dac34f114795f3a7ecae00eefa13,628552baaadef24efb24004319a3c8e5e3efd542f87b68af530436feb8be5339
F75S,nominal,2414,0.020157927688900457,True,True,031f376f7e944f8c58940af370a49a838a3f7d6a19b56a509043c0ebfd3f03a9,811284429e1d7fe1519f48ae22a012bd6dd1d35746627dcb38950cab57121399
F75S,nominal,2415,-0.017011102054100058,True,True,f252f3013b4f14dab3d1e1437b8bfbf9db0db1334f2a325a636f18992d62cd76,d31193697a3f26f7214f684bf0d3a6a03b893c85748845213eee4c7a29ff8b14
F75S,nominal,2416,-0.024277871209430424,True,True,f495b1625e5544ac43dd53f02fb9bebaafb2549cdaa05e411c2233f90b842368,e28345fb3071fd5c961b77fedfda2275948deff7e142834bbb31a1624c573729
F75S,nominal,2417,0.05256045167345336,False,False,2f73e39d7b5aeb3088feab7a002607c2725047f0ebf9c23772e171e355696a7b,b03d33c24add3340fc3de0cfb1a5505930414dff36140b51006607503bd24359
F75S,nominal,2418,0.02087362761977274,True,True,9367de95cb0e5d6fecc6e000137da3f6388d3cd8d426696ef82efffd436903ee,7f055f9e78c3a992254b8d9f2bd77971c25558a6be2d38bcb7aef66122ae46dc
F75S,nominal,2419,0.024229030837067178,True,True,f0e700cbd4877800a5bc6900ded1c89a7dda4aa14a4a9c18533eebf4594e937c,2808d1f0783b6390de88cab49511c949e6ec80ec2dcf285e77db8d0c2f3d0789
F75S,nominal,2420,0.028971935078709987,False,False,105b76f7ce399a49f57f7b82408b3209e0bf6faa407f542362e349154a94656a,0d856b068f0f347bd327ab6c2c0e0492d689f4388f5623ab5c111c86a583f21c
F75S,nominal,2421,0.008101022458201546,True,True,e8397122eb9ec6de4cb0a3200f4e4221135585b6a789f412c50a68d480ac04b3,38497095c902219721f0d2c482938c6c4d326549727a1f71da4abc90e127c3ee
F75S,nominal,2422,0.06117174939968806,False,False,6c73b4a0b304eb5c5d82a909657add88310c7f112826cfe305d44d839e0deafb,93c461f92c61f730e9cb3e93070bb8e70d0fc4a316139787b2f5a6b0a006f29b
F75S,nominal,2423,0.010257722108455325,True,True,1c2ae393c2678608c52c31d2dc1b91b039eea923a8ed6e77483289d6c055050d,dbda1bae2865cb0cb6547e5b6292ed87fe375142bf1fdbdca8f76a9c0a8ab585
F75S,nominal,2424,0.004046891610291148,True,True,2cfc2c756bcd9a5596dc41f0399d2fa7576123dd80ffb0361d9f14609d82ddf0,7b3c0f415ed9e46dad3c2d40483cd57a5dd31ed71909dad6b6edf7b644361384
F75S,nominal,2425,0.01626367576017207,True,True,6d79a65105c4c7bf66e9f5b93e1c908857867db4e1ebbb76d5efc64ab7b37b73,a7159c64d1cc1669d1f865800d0ec92bab599bcb500cca2074debb14caf597e5
F75S,nominal,2426,-0.03435643555342932,False,False,11d76131c553bbed0f50b443f4b37570ade0b20ccde02b34041e9bd20e2ac1eb,245dca60406ea35d8d6c03646b63774f2b94ef7500ec1e1f454d4b5fc908b300
F75S,nominal,2427,-0.013908447091131593,True,True,0b4a7fb010897cd84a81de1745b533c3bd33a27783c3916b1e46e41b4dfc63cc,b83aa6a1e20c9d11d4dcdafa3d2c2d71781aac9a089ffdebc9bc319bd9e7b0d5
F75S,nominal,2428,-0.021879716411592143,True,True,3aa5becca9e19ca1a028ca5c474ca0778fa6a15078584f931500a956c5c71d1e,5a266a36b53eeea8ec5b9197ac206ffcc64bcafedf7bdbd795c8977bad2aa2d8
F75S,nominal,2429,-0.003909321258900034,True,True,94985c83af0ea71eff7c88231524ae6ab83d3a8311ca80171bce6c633957e219,d3e41db33128138ef49403230e16fa9111db4205c84bccdf0004dffa869f7281
F75S,nominal,2430,-0.030725550409578195,False,False,03d9d19242d7022347d899aa57b415a18cc03e6c4396ba8e2087de19ca841982,1ede0f5b02f3e4f3c0b35bb5e47f40ef9d548415aa0f260ee9873d8b73912311
F75S,nominal,2431,0.005027777806224543,True,True,593d016e8cbf1e775e9cdbe95ee379598e22a115bd7faac1b345951df786d837,3a8607f8d05d8e19b2c8e6c11d526fe0fff767a812f3e6389587d37567d5b4f8
F75S,nominal,2432,-0.00609835317922558,True,True,189078e2bf9b7dac029db11f62e0a6792d2740ea8a3316c9f100ee860e8972e0,bf0e5419f94416ed51d5d67bfda4d62094c3585d0707e1660b0ba64ee8de8eee
F75S,nominal,2433,-0.01463860954280033,True,True,240e2e72a6319da0bfa53932d757b119a09ed8582a6cb4b7e8df96e97a60282d,7915517bfe8ae900e342598545215da3dc72d8c317f4c4ad0decc2020e75a489
F75S,nominal,2434,0.006463474561503091,True,True,d987b18cb827fc2bc34bc23fc3747b06a44a29b678e5d1e96c5ccd598b338dc0,02b5d2b3fe1171c2e0df1c73c8a0420bc96023781445c022e4a442b093b6e5ed
F75S,nominal,2435,0.008902440512045029,True,True,d23af5576362ef1cbd82509bdbf6f9e9f2267d98ff747a4db4ff03cba1e70529,0c5c51048af38a983baa81c9a34fd39b7bc61e90c6970cc2c5c3d493c1d25a88
F75S,nominal,2436,0.0026468472074703264,True,True,d70e2d722a8fa4a06fd37d0f4fc22f165934a29367e58e9eb3d7e38316e5202a,d075f72f3bfc658e222d36cf32c8e202a68afff703f50a90508732d9dd5745ac
F75S,nominal,2437,-0.10053510093461826,False,False,46b5ac01e02a81881cac3091beddca8c609c316f5360cf7625302f989afee8aa,e8384e4c6e3adbde60f52e3f466b3d7cf9d19323e9359eab7914fd42a48ff670
F75S,nominal,2438,-0.028987235212247997,False,False,6b2a0cbe6aa92930000ff8330db33ccfbf9d157699b4996777b0e89821579f3f,5fe7ec3a3c77374706623fe5bc4718b9a5f578ae6aa5052d6f974a6baf452bb8
F75S,nominal,2439,0.026012615162939845,False,False,b291e391a6e8ad917ff83b12ca0e733c5859b87b2ff8e7f0dadb8cb3136be467,749b80a998616ff92c3371d9a27cb6bbfa5fd1f6b72ac8ccc62bcc14c6646c44
F75S,nominal,2440,-0.03938505010297311,False,False,9bcd58e00a4f112d76841fc84abc4623bc41f277106f6fe04fcc90a9bbdcb572,c2118876a56d1fa55b3ad85e067e9b6a90558aa828857949b2acdd1b6271f9fe
F75S,nominal,2441,0.017416752573387262,True,True,1b986728b3f1920db84a071e30d395c108d105c17292b463ee19fb57927c8c4f,ca92cedf1e166495bfa9db8e577b5215f2b6a45025d426dd31e813ccb9fa07af
F75S,nominal,2442,-0.035338874533704656,False,False,917844cf9249b797de707d51a864eb9977e68d9cab884964f4ea5307873a7194,4cf42d4a7d878fa427415fcf6c48d9cbc55a7222005cc3d35413e96983276efc
F75S,nominal,2443,0.02265414053984316,True,True,8b256a737c7c74aea56b409a5ff3cc5a763b1bc491aed520d94be4bd03e64e9e,f3dc10b17b2128b535f6836f8728bcce6393913addb5aef1e7f0b0c861446605
F75S,nominal,2444,0.02528095065397218,False,False,439947280a1ebb4eb1bd3e1b5cb9e4f36235f7213c271e69f5d0085cf8f66b29,e326a45dd8f3a9f925f6e646f23b3a7bbd6751fd75224bddeedc0d4e316e3d48
F75S,nominal,2445,-0.01909473333328826,True,True,09eeded3d05ef14d56501802a6dc11b036c940cc5b8d83b10cff07cfde236cc4,5b4ecc3295f4f0f80755700648ca8b7a5c316f8deeb18e8664bfd94c046c2ec6
F75S,nominal,2446,-0.004250119040054456,True,True,5b4f97808d2f411a3d14b929d5d3be6ea7214bdfd4d3a68c17693f5e4b105bdd,856445373bb86cf6d92050c953ea0b1d8c6932b11892501f3115a0eac8299dac
F75S,nominal,2447,0.044791792476122416,False,False,0d5acf43c0af4986cb87a6b7707f92533d30fef2b311ed7bb02c101afc200cdb,4fd3001a96e22ce5b10d713151d73307a1bff52feb7bc8d7072212be0575dbe1
F75S,nominal,2448,0.003983686404218978,True,True,34f4a5eb596980417dfe9c2725377da677e773087caa9484de8b714d42c34c47,bed35cf8d46d69a5671e8c864fca769bf488ebcfde73156514bc161520becf58
F75S,nominal,2449,0.011593172714680522,True,True,8167fddd7982d1eed0c963dcd334781ca4c4c01b2d58adfc2093d72fc575695f,dfaf20200d81447a18e7358ee7d84e9b5ddabe33223ab2a7c1d151beebc7815f
F75S,nominal,2450,-0.060491731692818185,False,False,b427c1109467b43cd71dc8dc50521d41f19dd03595a27dbc485bfbe5672a679b,6955eeb84cf3d5c7acc539b66200fe543b47ae5d7f2663b94c8ecda8d0f5c406
F75S,nominal,2451,-0.006042482872964161,True,True,7363cda58884a42e56902f41a8a1c4cd9dfe1d0e2455b6f559443474b1901ad1,4e073fff5149265364b44d82679c381078305b6e24ee17fe1e2d52ef3513e3d9
F75S,nominal,2452,-0.022586535184691225,True,True,f166ff0059cd09576f1d580ebcb9249b1614eef3e7334f39e46cf69c6d78590c,7f662881e5a7bee39fd302fb5fe346c498c967750b0a3515038c9d3e0d7062bf
F75S,nominal,2453,-0.004229052263792554,True,True,33ec771a9df3babc5f69c32be0e114e0a85c379d572ffa6d60b6aca8435a5bb0,e400d673df2cb5b447fe638f4558f81e9d4ff2e97a69ed958c525a23dc682297
F75S,nominal,2454,-0.035148561676669354,False,False,6371a04dc7c5da34af698e5283fd9659aa6365dc950be03808a0b974ee272263,f44c76cac4ac6c0a49b3f956aba415f35b7a99c79854bd26cb8144563e8f838a
F75S,nominal,2455,0.050738544833419,False,False,ce801d92a779db12d79beec1140af22e9a9e624adba0d688db8292c80c4ea1a7,68d192be98b5184dffca60959e6c1f9abf9e3c364108f48968ce235b653ddca0
F75S,nominal,2456,-0.011310217409376877,True,True,30fb40706c30acedb719255c54b41c8d9d6d9b16b8fd14385ddbd47a201e2252,9d1b741327f905f913e18351891efd770f221a639507885c6862152f8e0d3c81
F75S,nominal,2457,-0.06650123514189066,False,False,7f0462d764b9138d4ebfe4c2d164ae1aa7ffc03b711507adeca3650ed5cd1c13,18003f5d0be3e856bdcb466cbeae8ff03bb9c6135dae662761924db9e1de6915
F75S,nominal,2458,-0.032665397600284196,False,False,ebe0efd13c77e4e992d22705eeecd5a9ec82f80adb0578b0d9eb2a727604c3de,4954c153cdee31481e0f3f4bf2fbb1452c2ab62750ff192ccb7d22070c3a4dd4
F75S,nominal,2459,0.004873041715492299,True,True,1a2d4f77a1e66f77873653867941a1efaa152102744041e0b4ff5e7e5c0d049c,2fa552ec83d39bde3afa176665e59f9ce4bb2760fc9c165f14e19074e5e508cb
F75S,nominal,2460,-0.026680266113976114,False,False,f8321c0a3d31b9aae3508ba424e40eb0c763664fef6d6e034e376008d0309960,843c3d2ec8a8ca3e8c8b4c777468bf43fa3647bc44e946c7351d821aa737bca2
F75S,nominal,2461,-0.009683793652060901,True,True,6db6fcd3fd70418b2d46c9fe3b0cf2031b228aedf1454d9639d6185263598482,a42b535d32270e88585498d94512a2461f96537a0095a938fc9fcb8cc358fc74
F75S,nominal,2462,0.023864878219159502,True,True,20aee8cfaa354630e7544508fe18b6240142e8f33c5054c397d48262fcb99a09,b075460a989c541f40114b8bbe367c4f8ea851f9e36317a32a32afdec47df537
F75S,nominal,2463,0.005452137163801107,True,True,59b36fa87542ad816f155c1fd06121d33b85b62a679ae8740349e5ce501410fe,b6f7e6b3c250752494bc6f3aba3b646e7138d6265a4ac06c0e148be40366dcfd
F75S,nominal,2464,-0.02654086362423591,False,False,f093907d5480a9e19a9bd2de03de1f2256591230402a0ad2b4f5539557d34941,02b23aa76865f65c19c79676732eb118c85a05dcfb458a8f6036534f6b36b999
F75S,nominal,2465,0.02213054713262419,True,True,953ccbee19fce66a45a2ca02a1429132d9379c6300e9c3b009e5e18c4c44296a,6fe83e6a10b948b5872fc597c267737e9504faffa060ac9c3908f3d1d98c7d66
F75S,nominal,2466,-0.04409446936781014,False,False,398fabd2c63dec84c0bc588bc66df3f7832f6ffd0a73d92e1841145a81917d27,0c5c1e81131267c445186b01ce73412072e034fa13238d1ec10dcbec00f854b9
F75S,nominal,2467,-0.05820964849054766,False,False,ab4c3d8701809a6e185b6c2ea41f6c486f75266317c8a646cd142d59811c0947,54d4cd2858a1fe7410c0ab2ebaac282f3ef36a0765bd07ca4aac9d751415e58c
F75S,nominal,2468,0.013170671402220613,True,True,0946aacdb625c2650fe093c4f6eb7c43c381d932fd6d2a77442a3f3428d9fa96,ac7d0c3cc46a211ca8bbd9468f1d55f5f5e0d613f35aefbbd16b1b7fb8829cd7
F75S,nominal,2469,0.035113370353981654,False,False,ae10e165edfb13845c1c7afa8b4c3fa1e6d20fa8e883bf7cced9c0b71a58936e,722b89bf3c05cfc61685d54135d20bfd8e084aeb06c8edd98af530f1c160df60
F75S,nominal,2470,0.00023441213603747624,True,True,a9ff17602214d085e88c06fd93dec83da7af2dae1e0757e91b8bc1b3503d43f9,d5db93c39919d186095d37eab1908e0bfe9a3ebaec2e562fa935816835fe6cea
F75S,nominal,2471,-0.018343674573621016,True,True,b4628a559f375f950a661c162a2d1f14a6358c46f8368859e6a5e12ae956fc12,277f1d159bffb40a56ff933fd9127c52d61b5b323d9ff4a0d893adf8e4a06d1f
F75S,nominal,2472,0.06819007486092754,False,False,1194150f5758c2defb7a90ae88936a8a4d9b7f8db9d6548fe6d6a37d0b4ad63f,14b485941b62b776d2fb436a6717a901f835440f78297b724ebc02976d176b9d
F75S,nominal,2473,-0.03080476652794467,False,False,8883aca3ccf62fd9b2a6db902eda17160b800ed8490bde05a49879fc8d3eb35a,fbe567fc23eb0a47ff7c07302a0a2a6f66d3a8e4000e9aa1fbf574584060cfc7
F75S,nominal,2474,-0.030502583741812694,False,False,c01eaeb6cef0d858d57e14b10f9bd33976385b31008cc4959935dfb927611845,c5d78f8cbd5f9d57c89570d50218a3fa7ed97d61011e04945db3a007980f169e
F75S,nominal,2475,-0.004433520086480791,True,True,0e7fca10c5ec9852ebc7df441dba3b7cd7b94d9c886b9cd82f3d50b28e8dfdb2,2957892076e64906387c97db78baadd0029af32f6ce1d2d02c2ba049a0c04021
F75S,nominal,2476,-0.022942123103450673,True,True,d5f70daebceb8d23e459d10d7142849f2273f38f921294bfde2a9c0d5b3b2530,255558e0498f1ab2a5f60f55c5caccb6dd18fb0bdc818a81b1c167eca8b18e66
F75S,nominal,2477,0.0077625916629943115,True,True,872541d901144ba84de299c890f2e61847f91d315d55809a5b165084e0f570f8,eff9cca75db5be42d149f109d18ce3ba28fc6d3206a8a519210661bc065e3428
F75S,nominal,2478,0.040050222934826185,False,False,43fd852f2eb28fc8d09930885c47d239d777f1cc9556a749a14310139f17caef,f2be2823dd4410a2bfd46a958006d36926fef97cf8010859794a3c2a225fbb15
F75S,nominal,2479,0.005530164412407279,True,True,342849fdd95f02fb051e234843e696d4754ff482dfbff3fee0a4939216c56414,bb4186b64647070eef4ca61f60b59dac14e296bc4f5ab9e4d67c5f421e401e9b
F75S,nominal,2480,-0.021295558068565756,True,True,2544754450099dcf93cd7c0181568ccaaf24caf3bb850cd5931f00c89a74a78e,10391d2bf5712ee60254ad09e4ef068f5fd019375ee0bf1c98ecb0d1708b0c3b
F75S,nominal,2481,-0.009307462621492069,True,True,2a109642ebc99b3b9b913bf894c7b0c59b7f29258e71336b743bc493770d2b45,515a3271ad509ea2d0406ee4ceb2f6e97066fcf7820967f957eba4b1a5975297
F75S,nominal,2482,-0.043819202343822194,False,False,c7ce65696473f35a93577252e55cfdbb8619cb85da93bdd60e6fd4e41a4de4ae,02315be09b715c996a7ddf683c6dae91cd0c217264eee910e2cfc6c4a5cf19ae
F75S,nominal,2483,-0.03674701722494761,False,False,b224e116bb8c09fbb9076d9f05c434b9455a5916ee11fb4ce3d445558f1e90ee,9ec9000bd2bfeaefafac464e1d6454c3095602a6cfec8ba41974566dd43e5f02
F75S,nominal,2484,-0.03019241498383668,False,False,32bae8e4333bb1e208f07f44cd8a621c288b7a3e4b305fd28cde7e7f1d42acd1,13a8c73197ecad1473078a895778a9cd3f977ee72f2cd195cdc7850f9747b79e
F75S,nominal,2485,-0.03953533230250256,False,False,64f55107b233556a41f6b18dd2342b40da56eaab205300a296ff0a8b0d19207f,0fc9b3144e3094bc78f2f00c813f714a24eb7e3049f863ea08f991939dfb0a47
F75S,nominal,2486,-0.031227556009662427,False,False,8a19bb81c8a93916e193f77af5d60e0b4f60b4d38f3edfb9625b57c7a91b1a8b,12f3f92f10266658ce923839828150a5d74db7627fc91670d5b356a2706ec58a
F75S,nominal,2487,-0.014516489429581836,True,True,0f3282f75a223b3a56487780a334c75e182f411294bc85dcbc32f43e09c0e415,449adcb1c7327c1a823a2e2fc23824ee4749c18af5348a51d88f3f6d96676f8d
F75S,nominal,2488,0.052801601658572506,False,False,17f96a9e44417a57a87ba43b250b641faa8b4923a6e7146bb7b4d5219c6b672d,d2f474c9550dbd606bb8a8e1c58f1062a3bf433d3a7404ca7b829152e0ddbf43
F75S,nominal,2489,-0.0951337384775125,False,False,ec30ade04c6107f778ec9761c26c26deb98315861848d4f786cd3d352e8e7f73,1c5f6aa1c7dca4ae50f96bbc9bab2da67fb44525cb972b2af1d379d61b1f6774
F75S,nominal,2490,0.05955505700925001,False,False,16d2bc6dcdc4cb430f8abf4e7998a59f747183a0b883cfbe8dd6b92f0938f2fc,61d7d5fbe8b3e6d199f9bc995dbb7203edb17a164275a87d4906a8378788377c
F75S,nominal,2491,-0.0007195692800723297,True,True,2cc9a30ce99047e28b0797f0a36d104aa87dc0941a3bf23f54ea924cc4c6c54e,6e65de3140ff5636afd138b260c180f0c0b6f0a07e6276cb7d196353c2935c03
F75S,nominal,2492,0.031129616924131853,False,False,829088e8c435d6420b16d3c4cfd6f0d5bfe2843d1f0f6bb0b1defc0314e02ec8,b4984dec9ed4d4310be18805d8a703efe46230593f88fc7e7f25667e1cdd44f3
F75S,nominal,2493,-0.006437504017130891,True,True,f9d66e26dd20cd3dca410245c37a5d8ecf91f90da04c16fdbd282976eee95c0e,308543c0ebed389bbc283e5bc7560694b99f2c90fcf5ea939bbc0ed162d4379e
F75S,nominal,2494,0.04813273504958693,False,False,97608319a9e612f07c3bbd2f0660d308d2e42e853d953c1547712faba0bd2a54,73216c765e735eba741fe0c6393c1852451dcc2010e4dabad6ee981d6e41ff4c
F75S,nominal,2495,0.03940171686920069,False,False,4db69463892027236926be4043dc3b7c1638d525c76f266124630aee792fa7af,fa320af3ddbf4a4b0aec91f9771660bb8bc01d6c70737f5dec739c6e82df2ad5
F75S,nominal,2496,0.0037738244899956364,True,True,3f100ab5163b20babb57f9242e48ad8e3ad06455887b364e3e8631580cec7bdf,6d17eafc994c984db72676b813be24ba85156e40362b6ab9ebd95c729474cc68
F75S,nominal,2497,0.013799410909535847,True,True,df9bbdcc592c665411bfad0748abb4fb9faf883c965b501edae2923482253da0,767e7e85188d983146572687b1772a5f81533e5f8fe7352cb3c801af906724ae
F75S,nominal,2498,0.023139186350668806,True,True,0bb54ac14325e495362cddacc3c68e72008690745f7dfd205939c710d2bc7985,c79b45cc64920ca368fedfb5fc80a9b59e09c5dc972ae23f27daf3970bc6bf60
F75S,nominal,2499,0.022623118190076785,True,True,8111dd92286d09e1e2130127c2d0a5a4a6b264ef805f42597d4804e462c16b21,13e3d04dc6b25e8c71dc975f1450619ff040a9ed9be4521b1b523732bbcbbacc
F75S,nominal,2500,0.0322953269243218,False,False,cf8269304de5020ac8d652431f48f2c54ce51305b96fb4fe617e6faa1c63a36a,e0bd5a90818a1912c1a48a5e0f37f627386e2c73fa155d03eb6140d6584fad00
F75S,nominal,2501,-0.02877042017108916,False,False,1a7c6376a0e0e35ca3c8638b908e9c5db3f8548be7644f5a3863205514f132e4,3ebe308132dcaa7db3bafb30dcb00ef7b9e72727fde25313169b812ae8c0f984
F75S,nominal,2502,-0.0003075210413380769,True,True,0284f63ba84bfd63b1cb851caed4cbb9a6312ee39673addc0152c943d44882c8,d92461715542f0121fdd8c204121139688613fdd90ced231708ddb905c81b3c8
F75S,nominal,2503,0.0507871619414727,False,False,ba9b84eb2d943822baf755dafec35d3744956436836de83108a540b077c7baab,a359010ebf7acd8c4b76c716a85f9452bdd84541ac32eac3a0159b6d7658c10b
F75S,nominal,2504,-0.0015738891823447454,True,True,3c8c555b10a73a96000efe4ef3b2ac2205505474fd2a46c90b8ffa50cdc14212,dd239144b77ac49f2ac391ed6edf23b4ce2db3fdde7b5fd148989c5395965168
F75S,nominal,2505,-0.001907698318854012,True,True,8deedd9102a6e14398e65c0bce348e3ef2039e83f217c12556a7c2dbee89aa1b,6633af40d8761250fbb42b1cd272ad8b5b1e9be53264eebc66689bce2ab690a9
F75S,nominal,2506,-0.040819003580308655,False,False,9f9a8a7b1b0c9d1b52d000b2e87f1baa28467edc1bda2b493d4729a2e4e65a2e,7999e4d39233193d22d79d15af09d3b83a7cde2f751018cb90c962ff559481f6
F75S,nominal,2507,-0.01547953863775492,True,True,ac078e8ebd274d17cba9e15105230c6554482d694c5e3ed6e2cbdb61037b7ee2,7cd682237bf5ecf90814cd5579eb0b8948fc4dfa8bf8e3d561818e5764dbaf81
F75S,nominal,2508,0.02633839708282537,False,False,3bb4c861bcf1aeb4491a639fbe78e6b0c54d8f0ad1331530f9c683bf9b01cc79,2c62512bce772c22a9874c379b4f797f27eca3941ed4521c7d402f3399e10eb6
F75S,nominal,2509,0.034181190080223134,False,False,db61cb2df3a230e5729c2d5576735379fdf1f5e72a1614bdb7001c268b2a2287,015774da8df2e1993f8330bf3d88822b4bed7ac01bf70035d37d8965ecfc0918
F75S,nominal,2510,-0.05501594978122948,False,False,15b6961be2886726ed86f6cb4f7d35a9a82606084a800b5b4934033a59969882,fdd1a6a9716561e98af1329d0c1a55ddb52b97d0d6a7403e3391bef8dd4ef8ae
F75S,nominal,2511,-0.03887236223463847,False,False,d893a86623affd49a8334c625de68fdc30bb88b0077afc9318ddd6cd8d756de9,7021d7e3905f31fc367cdbfba597f541f035594e27bb47678f58527be9466942
F75S,nominal,2512,0.027961419778613994,False,False,d0e17776036d05c2ab788495360e598bc05f6414339146c41313f56a049e0f1a,be85bd029a4db0891c0658e9f5c57189fa093ae130a017b1177a52c6b5d98fc6
F75S,nominal,2513,0.03515099905287988,False,False,e4c746e0905d9b8b8e02e8b1aa1d947c8a7736adff583748da6a194bf2a89bf8,db0518382c343fc90be9433c8ab95021cefc1500d838b7ab7f6e38183d09a73c
F75S,nominal,2514,0.010298407524451214,True,True,57d799718886c840b52a1882df2da4e5aa882248d22689f8554797888d143a30,b7629a5dbba1a889d43266466fd9a43ce5ed13e456cb10661f30fe5093daed6f
F75S,nominal,2515,-0.009585368628008184,True,True,7310b91424113385d01f295425ca13ef6d1c2f27f2072e6e5139c58b6ecb8463,e096f6d9e56272be0f432f3a6bc0540137bb636d2ec5c4d76a793c7ed31463c4
F75S,nominal,2516,0.02401272178119196,True,True,2f4b427ba2cc6289bda286ff339a0d9ed69dd7bf8b2f97d6b3d8018e643964d9,499d7cd5483553d8dfe258f1c40119d5e069e261b771da1a87d59dff82587286
F75S,nominal,2517,-0.05892687621799947,False,False,cf4268da91f42f67a95d4c02fe16fea4919b0afa5fd8c0cd6900d2ba867b441f,866f6f85d3b87b9645adb40c93adbd65c10a613ab311c0c88e129e6bc97d7e7d
F75S,nominal,2518,-0.03149731149108681,False,False,fe33b25360c9f1ebc0dd0e3fbb21468a85d42898f8a1b272b29e156d8482f2d7,0f7fb2856412864f66aac9ddd61168f12e1d9cc0d4f95ca8b04266147f2f8c77
F75S,nominal,2519,0.08220748947682022,False,False,6f38afa9dddf090e852cc51375c6d7faec6a9baf18e56c2d91d3a238bff5e4eb,28972a71b6e8063084138409df374582c7a359e5fe8a222b56adccd19164f572
F75S,nominal,2520,0.0013075937097042356,True,True,f9238c13ad0cc18a13de30e18553d6ac95678426510f54a28d0c13464aee8861,69e4537c447c6a6371ec987fb9d29809fc5bba5479c810b31ef553a8908754ad
F75S,supply_097,2000,-0.003727115734044273,True,True,1ed56afb975147a9b4deab8c76a14f92b0111dada03cd03189788de5eeee12ac,3f86835c60f9a630060e34c1592d9cac7d88168eda5651c2e6360324ba6f591e
F75S,supply_097,2001,-0.06287227023995817,False,False,6e8199ba38d93cc32348035b11c5d1dec5153a624021b1f3fa03231625340c47,9296367668498d8724835d2c50f9b10e4a5fc22498ed52befcc6a5f69f82ba16
F75S,supply_097,2002,-0.014070464860851839,True,True,747ece711d5ebbd8986a4134167223e1f00d427952b44da45bf4a5d5a87ffa14,90b9d6b37c94077c273c42003c6d2780dc992ceef199e85aa748032c1fe75f8d
F75S,supply_097,2003,-0.01870000017661072,True,True,455771a244fcab58603d0e5cfa0e2977883756af3883c84512cb5c063d94613b,2e963b3af7f69750d9597f7761e3ac837df95cc61808e208b5d34b8d75ee1e2f
F75S,supply_097,2004,-0.05047918646703309,False,False,acd505edf106580aee1a4b9a19979e055a426cf215c3d5a69accfdef0a04703d,e1eebaa10a89c23ae4625cf348d0991d1b037ec5d753d2775b1532249b195023
F75S,supply_097,2005,-0.02825765057502605,False,False,fa9978dca062a02afbb0c8d284010c19558369c4139907bc17f3b57bf88358c2,cce70f294154a7e288ffb6ad59604dd52a878f242466b1378d4e385dd2ba55f3
F75S,supply_097,2006,0.0015312780291010242,True,True,a019c8a3079234539c9bb7d11453cbaba94f69db55c785549723b343cced63aa,c7c29cc6945037bdc98256eef9e4fe01fffd738930019b9d812a239c412e1ead
F75S,supply_097,2007,-0.04600594712060174,False,False,9e065f2aa8fc4e501658074f2b66de48e07066a30a869aaa5b2ea6ef80610ad6,0970358328b96a5f73d96f4229eb20a3b265392bfd1548776756493e2849b9f8
F75S,supply_097,2008,-0.02134815036872567,True,True,93fe50b6f74ddcf6ce38087b2cd853292b462d64103c92a8026d742f2c274f2f,b9cf525f96535972a898fdf0cf0e0a69b5332186a6856f166842bb6f71208989
F75S,supply_097,2009,-0.055602210558657106,False,False,a3778463a212191be9143e76169b8d5f896fa86f48e2a393a3a044e5b99eb725,cae51d540f3f1722121cbbbf871b0273d2f43cd7c89be82a7d5e6e19e3598a8e
F75S,supply_097,2010,-0.02945137765750755,False,False,50056496a14af95fb89273442ee39b523e049badf955a82e2cb1978cb00d7f27,003044c35668e8f9a65997c6604ae1fb62274ac451db4d63dec5fe8cd04cbfe4
F75S,supply_097,2011,-0.0058098091326790335,True,True,dff51d2162233c1b66c937a6a3fadfdfc0a44616cebdd6fb29a94480512d7116,49defd681cae4b3bf0a0fba12e33021dee93db825f53d5f776d812e82e513c02
F75S,supply_097,2012,-0.021337143694687533,True,True,dce65975e8beee4b13cb762368fc1b60b0bdd003c9827c92a7936b3f7fa261ca,25f662548e1e59440fdba27ff25f7630872540d013d4b2217df2592c6bccaba7
F75S,supply_097,2013,-0.0295419404979943,False,False,3b8b370ec1bb30cbd8d694fe8fce0059060b14f3c51317a7ed1d5384f92ca2fd,8e10bcb513db2d847e88f5898b2042c4c3c61ee169d2dbf67f50909df55e81d1
F75S,supply_097,2014,-0.032544024389862425,False,False,d57431f6dc4c329792a6f2c9867ba2dd3fcfc60da6e34a30ecedb64c37c84cd8,8db4d31014bce6e2541ccc8924b6ae09eef5978364e7db299ce7d97d38817113
F75S,supply_097,2015,-0.05350264757792622,False,False,f248d13c43a88ff391e4481a3d120326a6b86114a33062171f18320042a7d44e,b1d04c0a80e0961be2a1e6576153ec40f61e0510e319f802442a7f3e3b018eec
F75S,supply_097,2016,0.018124640333862296,True,True,31c62b29056a027e315d352ab5fb86767114754174fa68e43b4c45b7ac80a3de,fb85c45a787824c2b27d6f62504eff31ad792bd233cea674b2b9d71da0e95463
F75S,supply_097,2017,-0.03542910416366102,False,False,c1168f3e3d877812a2dfd83fcffe31438d1a6c4c0a5e48aeaef9990a23e7fcd3,7b66edf3e1b370280372ab825b8377f9514f80cf0a33184028699ab692ae60b4
F75S,supply_097,2018,-0.01869608755330554,True,True,3ccf29bd11519525a87d03542ed59de69587aa23d03f15659c080a034fcfb3bb,5e80c7f0eae9679377fb9bff97b19eb0a07bba1d3da86aa9b2c2cc592130ceb2
F75S,supply_097,2019,-0.04300550024952854,False,False,d58f3c2874ec74728fdf5699e14043e22e2be3d8e10e1ee58d515967487d75c5,0198a55be6cf622e0f9ffe26beaa88c2374ccfa7f7a401feb67484e16612fe06
F75S,supply_097,2020,-0.06008066739331297,False,False,57939cfe84738fc4a83c1eaee5a5b65a7a12d0a3d2cc73a8992ff7786370c995,b99eee7b35a6999c316789484384ac45e786eb6e50a0c975869a33ab69d4fa92
F75S,supply_097,2021,-0.04675873196938157,False,False,0e6699fbfaea754e7e9a4020cd1933d8bba3a3974816b312dfa22a474deb014b,17454773aa3aadc40d46b60719d020fdcafbdf7ba62355dc58d25bb6224b1a00
F75S,supply_097,2022,-0.056485070296366346,False,False,e4bedbd971ee0fe5e3a2d0207f78aa340c1cb0918152b0f08d90688327648483,5317bc812ba5f68eee8b1a83d91c646154fe6caf4f8f51872b04101af70a8a63
F75S,supply_097,2023,-0.05556761918980796,False,False,838f030659e6a1d83a97a7043d8b8352a0262fca7b7f08a46d7f522bcbc7b2b6,ab529a8a043fedd840b75fbcfb604ddff4118889b2a28ab24e5191820705e847
F75S,supply_097,2024,-0.08136316289161138,False,False,c88c65e11b18d804157adb01bc56a34015792d60d1966eb3f56d17b2a388e63f,7eecd28a71616cae34b3613ff074a2519af0500a9611f7dfe345d66ebf9f8ecb
F75S,supply_097,2025,0.02063589424150114,True,True,eb0683e5880c0d9582b5f95d0021b2bb017bec0965ab2ef898fca7bbed01ebed,1bdf7e1d9d8244cf7da4bb19bd08b357acf4df8ece7f9ca318159475d383afbf
F75S,supply_097,2026,-0.00455556485489067,True,True,95f2bc5cc4e1de83b068ce9515599ace1c922dcd10be4aa81a8024264d4cd4da,88c132319532758067d174844f4bd7505c6083fbf933d914de3e3be16ec31fa6
F75S,supply_097,2027,-0.014492541311023566,True,True,fa3c0541a251eeb4875b6052c385cae45752df4f2df27dc76a8f1e310805ab11,a2dfa16e79af0e16eaac473b8c361d185428e6f39c324bb2f8af4db2ed587269
F75S,supply_097,2028,-0.05538255181290663,False,False,af7ee08ecb4b04ad85b38f6f8caa7df235e317a423722a9b1af46ea58ad31578,4868d342d4c9d2332c49eeab7a11e77c9dee14298bf708ab9d2b0ec9b5a3adfa
F75S,supply_097,2029,-0.025844128857374915,False,False,d5a569bdaf503b9a2cc576b7368f547173d23a08de9c48c47290c947db5e7699,da26b9de470ebe2da385083bd6671b2d2cba63fe6111423af185314c8b6f612d
F75S,supply_097,2030,-0.02990182496821142,False,False,252171a2100a9cbaf87b077ef04623411a46881763bda2554fd57dbe9ffa6458,d22cca39cf9be2a0827e46123e88a8dc47e1fd48ba5ae046f8dbdd494cdfac4b
F75S,supply_097,2031,0.025721714772120374,False,False,ad3266ea029c56aa5973d9d7a40c138e2e3a51f9ab2b4d22038383d43639a45e,a7d281e3757fcc5dcf350f69cfb37bbf8b4ef789dff3fee6cd7fef158a8bb1e9
F75S,supply_097,2032,-0.06021585062344259,False,False,40e4983d1eb3636f2482604f149616f2f715e598eec9c05582111f4d4121cea5,ee60cd5a8aef90158b6186a069db9914dc7e1c0130aaee07da903907e6256d41
F75S,supply_097,2033,-0.0947134920081143,False,False,40b8ff674fa4ebc47b153c9e757a2da0078a876ffd40bb8c4715f3b955187457,60b7f9903e53f043046333b2b0b0201fe5420b05d1a4108f650f1385c1141441
F75S,supply_097,2034,-0.0751249431714045,False,False,399d7f09f088145eb61259f743078947276f56789d56beb5d7fb0fc7a1bf117b,1ec6a6e0feaa282158422a4d230d02c13ecb917b313cf56f5f64977745983e43
F75S,supply_097,2035,-0.054445344629953873,False,False,216911c8f208142b7a12aa19acce848d3fac662e915bd5f69072769df9ad4888,978bb73cfc87122d08158a36da444a426948a764e760d09c65136b4529a8d265
F75S,supply_097,2036,0.005148980185234686,True,True,74f21faae24bb34757890668fb90ab5110be01a329b98d62c06cff31f3ab1202,bdd49d86584b7fa291dc9af783a848a0b460af63cf8fc6fc43046425fdf38976
F75S,supply_097,2037,-0.06507583931544358,False,False,1a7b7230278156ef66acb40328896c4ae6072cdbfef46f15c1f0cdf93bacb24c,e4efccc5a6cb4d94bf8f94c2e5ddc598a02b8332392306ed3b8306fe55bb17a4
F75S,supply_097,2038,-0.06547137668266229,False,False,5583be05cb654377d21d8e9220489990afaf220bf0d9fafc802d4da7ca693872,228449a96b7ded480bfe2c08ed6f9fd1893e99c82fe09b1c340105985d0c1ae4
F75S,supply_097,2039,-0.028323552544529562,False,False,68dfcc35c5398a825554fa23d1b2f43d96294190b5ccc0e2ee6e10273f9df36b,1c166477b2376e6f78faec75f5ebc15b15323999b5fea3fa864e9da8feb44bfb
F75S,supply_097,2040,0.033401363354846,False,False,1ff969c740221a0465c6b0df7c014ffc83ea70860b2acdcf2886bafd775fd231,2b0db7f7a58428e9d2a45970ead29d60d65fe7d48c51e476e80512cb947990d7
F75S,supply_097,2041,-0.059286514249707434,False,False,fbbf25a66f3758cee6761de05ad9100f16a01fe884005454ebbbc4d15b8a3533,a798f41c1ecec3aa25c18801d55a1b6f8aac1de6403813820669ef6b560ef1bb
F75S,supply_097,2042,-0.022446376112246536,True,True,6025e74ac73207a3e09bfcd000ca6c76b7c4da892d2569d075b6232047ef20f4,e0028263b13f0c9911b1657bfebfdee168b8b9a7e8bceb8008e6d5f185ad4c3a
F75S,supply_097,2043,-0.08063017141036372,False,False,e506c2d2b38dada0cf147a47063c2d7f2f0147fe380c6a3b19cc55c79014b452,3f46dac1f0a9c5dc9fd7aa5bb4ed55e818e1cbb22937eb17ed023b716315a80d
F75S,supply_097,2044,-0.09177740528883888,False,False,38ea3e5b81b5e9ac5dc4cd52ddd6ae6f0ce56d0334003185fa507d7d8442166a,b80d1c1c7e1041beaa4b1bedfc62ca32d8b349731c99c3a145b6d3d6367823e3
F75S,supply_097,2045,-0.030322145150076918,False,False,b3ed39c5a98b0d708594b0fb41a8480ffdba73ba8d82580cdb7a593ba2d0816f,1b52355b4bd6334c7e1583836035428268a72375b85a943535e5094a400617c3
F75S,supply_097,2046,-0.005355746514712101,True,True,6f5c18c2e65c737d01655e1236309ba80119e8de4a2d3f990ec5e40041562792,8f5d1dd727f6c5ba907f91ac4bc7942e0e0b3e3655c8c54f3a3bb8c381c11dbb
F75S,supply_097,2047,-0.044811688376338976,False,False,0a0571472c89dec3a950378bf252a18039ae9cc15c8227a8cce054ae8a1b0c56,3052fdf001a23f87082be257e05b8f375fb830351e47591762ebf99720fc6ad2
F75S,supply_097,2048,-0.02677401152282255,False,False,ceeb31a6979fc7012a1065711f02dc006db05cb3bc776ad0dae3a377719718bd,7ee05d5d8a403a2137c17219cf46cb6c629012a0db357811237a89b0bd33dc87
F75S,supply_097,2049,-0.07123407066496917,False,False,3f19252e8b4b4f5b3d1dd5bb58e1214dbe04f23f4bfbe35f3b90accabca55991,b063632829a18b7fa3ca2caef00cbc7db8df3aa0698f23bfc9b228d61cf66054
F75S,supply_097,2050,-0.0276338943570415,False,False,0cd82ac18b4f17dc92b477a4156103545316e5efd49f5031ffde8ff4bac3dd9e,2a6dc80b503230fac2ad0cf2946af84c34d28b87c0ae3acd1d78fb2109037347
F75S,supply_097,2051,0.0005632918667938247,True,True,c4d96c58e1fe071ec80ca3651e3be2ec123ad9c3d19cb7d2d6691575ff38e7c6,23e0360c9a6b2396a8f41efc3f221c7f7f13c76435815e04c895ea6b4b41d54c
F75S,supply_097,2052,-0.06898185637053589,False,False,5e1cb23815793bda790a46494969b4ab216c54c0d48a6bfd00cdfb4feab163c1,842f167b3a165bb6acc58d4dbd43f8bd6c43cc05c3a27cfa44b1dcac7efcd099
F75S,supply_097,2053,-0.0565959134377243,False,False,8e07aacf2d162426009fcc31d00c41740319b5fdaf223bde26380b4fa71d95ac,bdfde3e76a1cd2ba731d88f1fb9c8d9f5ac5b69b62fb11516e00e045d174449f
F75S,supply_097,2054,0.0010517140537943392,True,True,815e927eed3a045b0eee8329d612399cd2010449324a2c5b8c506f5340760ca4,889590479a16a902eee9aab5f7b4a14a082a6e2472a60409f081022f00a67234
F75S,supply_097,2055,-0.03278728117602192,False,False,234f1a237d8fad553db34fa69e3c51217ea8100bc6b0e9d5693ee3d87c4f5441,6f4004a686a8c2384bbbc3b940b3863122f601c314e3e98f4d4b7a9830f190f4
F75S,supply_097,2056,-0.057532561483615685,False,False,abb9cc96c3e7fa604d3434e5319f8014f553053240c2fd02b82fb2f56593cc3c,b14a6cbcde9bd97fbc39c94abb71dae987b1d71fb97c21a9ed17ff6cf65285fb
F75S,supply_097,2057,-0.03408343174811085,False,False,5a329f65df65c39e6144434bbacb6aae02f0a3fb3e86609c81d8073c86faea80,768b29cda29d8d9c57e824678338d31a1207ca4351a6d7a2bef38c539f8592b4
F75S,supply_097,2058,-0.06462721047729791,False,False,4afd2f3e8c5110a11aafd722d7e13c5c5d1df86952a57871c7b46eba28c60d49,ddda727723cd9df78189ff4d62cb984c823ef8fda44c054e4df62243945ef85a
F75S,supply_097,2059,-0.043283391598509524,False,False,c12b5d3f78708cd2514f3e229f415cc97f743f421201050346d6ea7d5b746f38,02e2350c5b07d9ea3a4dde43ec46d3440e160597001c5fb0a7a0033cc4cbb42b
F75S,supply_097,2060,-0.07360617074502945,False,False,e153cbcc1265d23e20724c86826f359ca7899fa8694205db8f915f2602ab311d,5ce5b26e1d090a091be0da0298668013e0f688c81de05e8f3f51d6c1140b4797
F75S,supply_097,2061,-0.03503373992483766,False,False,a787481c4efe737349c18a512211d73f25ef1dcf315ac650b92ab5e2e709eb30,63ec21fe6de6ecc70ecfa6a908f6daf186530536715da957d74c2ba60ac5ef74
F75S,supply_097,2062,-0.07786678612531706,False,False,cc32316b4a71cd4b0d7425a9019faeeb5677bad1864a72cfcb88640fed7124ab,6c5899085e780885bfcd6394c1b29ddaa7e9ebc624f2097cbc36f178e27d0335
F75S,supply_097,2063,-0.08937888899808455,False,False,9ffac0e627752b7d8efe28474a4865350797fcd6659b54b35b463d009d464649,12ec68912c008f1db6cd4ea7b21b01ba0f5fc9155cf96e2139b02bda2e83cc87
F75S,supply_097,2064,-0.01063830082958489,True,True,3b4b2b15c162aa25b43280c71abd258c7783c5ed05a046f15545920b66b6c55f,b6fcda1411164711de3e63d4aabea5bd92ad7debc847c5d594bd1017ba58655f
F75S,supply_097,2065,-0.0033935622336457305,True,True,6949fb9c824fcf76d8f7601c8db26cae440ce72bce1457904c418006f65f0bb2,6df9d32051ed3cbc61bef9378de77f6ab471e2b0b32a1474f1e2d41748f99173
F75S,supply_097,2066,-0.02621005079406774,False,False,b2daefec7b5e299d431ec879f1c7aa92f1f79296c202e0c3222c604e7ec983c9,1a3d72b9c35dc028efc28573cdb3cbe5c246b5b10798d63662b283831792133e
F75S,supply_097,2067,-0.06977528203695021,False,False,b009dfacf9318522ba6c4974a3ee55930bcbdec9b352ed99646e52c36342e485,a0ae030efa10a652f5401cb130460937859f847aca199b316a656a6a2ea60440
F75S,supply_097,2068,-0.04800106114013658,False,False,16407e8043d16bcf80b4f0fd117827ea5dba8c30df9aecb7871137de7fbe34e5,4f670659e2a73fd94b2d9b77a750b26af65d8fea666b9a5e8bc19eb9a24ecc39
F75S,supply_097,2069,-0.05069432562115994,False,False,29b474c609edbb4319f83716bb0a95f8ce37e5ccc3c28c2749a44467e7a61133,cafb532e6bfe4a045469c6c29e5d7b55a81c7586cf958f079afcabc478a664e7
F75S,supply_097,2070,-0.0608612168033581,False,False,1a6d1c4a67dc965e20788602de681c103dd4c3ad2d0bebc8b38f1a49591901b6,45bc6e64efc6dea6e125fe71a6b73be412d95d503a5f7fe4ed5271f0bb85804a
F75S,supply_097,2071,-0.026193141966585176,False,False,b14e791ce8b30f400adf59bda54d494e091ce73ad8c93d14e97ce314c7a21b75,aada6002c8c513a86cc80bc9a831a8129abeddbab071ebd69b83552c04377b87
F75S,supply_097,2072,-0.07864055172114864,False,False,b4b2676f9cf5bccb57383995b3a8a38dee25440673e475554fc6603d52104b31,f7981d795084f8c6314e8dce0c39171d1fe1337046e53485510e7769372a4e0e
F75S,supply_097,2073,-0.02825751125230741,False,False,4776c77bc7cba0f5dde4ed3cf565b17e763eaddb4bb486a6182ce63bff22ca2d,48f6fc115d1ac21b7598af4e9848fe0e637961b4ac2592fa3358f1220e3b4b43
F75S,supply_097,2074,-0.06796963475032758,False,False,651c0610647bcc317281f5e005b86051b9f3d39519cd9f210f143a379ae94834,f55f48a67ee6726a495d50b42a21613b246c5cfe3a9f4fa653b5352893a14482
F75S,supply_097,2075,-0.037074874988841766,False,False,aed1c3d718af6fda5dbcbd696aacdd8545465b3c0a33e58ea5bfffb12b3a9bc6,fb6deaafcbe57f44778aca410ca9649b334790ef9b2cdce0e8c65fdd10f691ab
F75S,supply_097,2076,0.04500928743352617,False,False,a8a9a923d6fc72c5e49fa1d47770c59cd72b718b9161b17fff288b63933ca3cc,ccbf8c8accd34d62837e2cf3289f98f878b02bd9fab3be1501268958b4c24792
F75S,supply_097,2077,-0.10194384543755353,False,False,433af4b242193fa00f69e132cf4bebbfedf2d2b7f8b1325ae1145db7faa08c75,a9837e38f2879a74435f646d0ba7c20cea0a609c941fec5b422966c323fe53ff
F75S,supply_097,2078,-0.07295899286064456,False,False,52dc087d6f930f2bcef498bfce8ff77beaf5cca0f09f7a569fe4c217b07d1d8c,841a3998cc9f50420f7189dc2e67cc997f0b7ae23537975a179c9da1e79ff317
F75S,supply_097,2079,-0.020229215292152936,True,True,2e8c3837f9abd78377c7616892cd679e00369b1ccc5f1b8c29d897a0a7b9465c,c681479c59de5e72b11b1f7a8b0bfeae81ea96714911df12b2909985cb56b530
F75S,supply_097,2080,-0.03860402360194509,False,False,801d0feeb6a3e4c9e0280f6ca3ec08ee6ad578316eb95a6f38f5b2be213caeb2,107bd2163bcbc72c6f62c919015ccffdbc1eca9c02ec600fe4612c1c0c4dd377
F75S,supply_097,2081,0.02691648434911209,False,False,01ecf8a4b9b78d6045ea58d817bed54f3c66324836881c61b6e9be63afa1b7a7,4e634f7d58910f89f296072c88d31070bce21cc0dc55ca807606d07b8bdf5fa1
F75S,supply_097,2082,-0.03754144791320113,False,False,78f2ec2088f96e3780aac95c13edca4f96c1f0791c98b1072eb7fcd8aee6536b,a13f8246bd79cfab7a3a18f8d30ac36c822e8b5a33fc2d5a7031ee9f345002d9
F75S,supply_097,2083,-0.015029212713397189,True,True,27e391e4bafc210561c3a9fa7d38b73d342c9f90c0d469ac24d5e5eb66a6fb60,76c8882a6c6c7be20370179fc68b1cce1a23264a5df8dd1d3222c9f347797ca4
F75S,supply_097,2084,-8.044245111660242e-05,True,True,fba5f90283fd2c08a010b5f783b3a77ec65fe9a5f7be99b3bde3f401d3d10a29,01da88bc0b4ec4234ff168d3c6d4f11723b9721c726637487a481880d63007dd
F75S,supply_097,2085,-0.07084025697834817,False,False,296ba0a87cc6aa0f65574d53e050e17436c627c31e88ba5754a2fe6f6f13168a,1cc2374d1de4cec5c7c3bc4a5fc8645a61612424987de4f6ff37e4996d106e37
F75S,supply_097,2086,-0.037771763535603964,False,False,61ed7064bf1fff1b8652d5449c3b96caee8746893f9d7c54007ea9533fd0b32b,ba0dba8dc3b593696f587f36aa620b3c29bed4cb8ca3d9f9ef4690b7b3eb0caf
F75S,supply_097,2087,0.00807666172622823,True,True,962d3654916b67d42eb52fb227de36a09970d2bbaa842e3f19129192994d30c7,1fdad37c4f13976b4a6da75765a1a1611f4800332c210be02f1192f7acd1d209
F75S,supply_097,2088,-0.03169282856805067,False,False,8346ea53f5659d8eb445d82f426ce22ca83cdf1747b0b48b963545eee2c73ef8,16a60cba1d7b8c052094f69015c89274174910feb8da358789456a19e7fb7785
F75S,supply_097,2089,-0.10672151908549221,False,False,9ca680b0c23ef9b92a53d357d7f4caf36474bdc0a92eb2a77a23b1430e5dd798,9a1a2fae13005f6322cfea78942db942033771cc11573bc4e1c2566faa9b19e1
F75S,supply_097,2090,0.02219011718458197,True,True,fa779cfdeebb8d5df2be64c5c62423770ffc5c25d7e06b684c9b2126df6de72f,aeb07ae3d647b0074312a5f2b3969dad697b06648a3b9942aa4695fb3d99a24f
F75S,supply_097,2091,-0.008766865909674848,True,True,be967092117b54ce0a74c772a43fb05af78917485048e0aecf29489bd8cb8db4,6892e4f0fb1f849ad332bd6534b07785f12579a60e1b2c95c7f2004f429ebe69
F75S,supply_097,2092,-0.06337637830044202,False,False,880ff3e83d9670f57cb117ba81cefa32aef5692b7da0729aa29cd081704f0e3b,71d6d1ffb5a3e49c57b5c51f8ab4f73a6b0b61d89c6be98509131d183196d227
F75S,supply_097,2093,-0.060176496782098354,False,False,0d5e05d6728242b7d6f399dd244ca708e1a807a5ea9ad5a77b3dbcd9173632c1,d376ae8cc04173215e010f9888890b38e2f5d2531df293f5d73c49b6a77e7f02
F75S,supply_097,2094,-0.08296912690473301,False,False,46eaae26a117f2ae4c8f6c4e611796ad77b4d7a329ab7b44c5ead94c80e195a3,56983b5bc5a3947ec3984edc1330909ebebb811816cd79b046f6f1bafa0242e8
F75S,supply_097,2095,-0.04168535021163938,False,False,7487430575edd1f5c98818cde33bc378da6db57890a871cdfb86ae9d907f0ac7,2742be6d64ecc430b5078fb0a88af619d4370f8219e513d018efdc1bb109c9f8
F75S,supply_097,2096,-0.06998760640563029,False,False,1d0eae4413b846f4e72dec452c5e282aade87917311a859cb4575af27f0e563a,a30ccb394ae33cb52aeeea6e159555e0a256ae0b75761160f45ca3384813e3b4
F75S,supply_097,2097,-0.02887341427927803,False,False,86ffbb1f8873eb6a3e3548ef45665a1adcc3f64b25c92cbb0078643dc7efcadf,37ae3960f6cf8696ed45d37cac068bc1ce637060dec53b8d478cf1c6d69dbfc3
F75S,supply_097,2098,-0.07705357663511869,False,False,3bd7307e84c951ce75e65c0334dcea0f0cfdcb878c1318608e5bbd8623bc184d,9f5ed0f5606be361eed351a7ee7045c71a11d8662635eae8b1307844c66ec206
F75S,supply_097,2099,0.017722879671380865,True,True,175854720d79296c30a304e6bbe641b14789b2f176269f54f783a9039810d62a,747b656eb080db92e33783507d75af7173500f6962a264b0056deb4ea46e8f26
F75S,supply_097,2100,0.009732167913849454,True,True,9c2d4f857a34c15479317431964dd10954ef4523310ce105fddd8cc39517e64f,c9beeb549491e2e2fdf945150d2b1dd077386f7a8744bfda121ec0e4368a10ad
F75S,supply_097,2101,-0.09497052528221173,False,False,998a62f4d5a925602284508f77cd59f1479f94046245ccd6c6b8a0b07002a6e1,a5fedc7326c9b5d7071e00399cbc3a76ae5a87305c7148a64ec394d4141ae409
F75S,supply_097,2102,-0.03203513734294272,False,False,0d133d05d5680505667d374a41c98c211e2217250b67ec23ca4e199e666be981,183a6174fe0e91d9841cbd5891ad42610b38a73ec692b925ceef268749991fa0
F75S,supply_097,2103,-0.04922302256654837,False,False,0f3337f53b5d047af09d2bbcac1fc6952db6ad26a60101126b722edfcf260b8f,2c7ac79170a8b90acb9d6ed976fedbd887a9a2a760706163dbb03bbec5667503
F75S,supply_097,2104,-0.06543709192352176,False,False,ecbaa91538ed66037eec45362e854a2c98d97e78fa12e353f75143bcc3fbb6a3,4791b2c5903fa2fb1b2634a2939e4690d8009df93b5e0c6f00c8ef93c2eb1493
F75S,supply_097,2105,0.026712214892140707,False,False,eaf23eb427c83263eb4506c4fbeb43d296b1469a15cc9900d043d0577c84d669,8f9a8021b114ffa618885e8c614f20763e314a088849ba5cd2df3e6b387eb74d
F75S,supply_097,2106,-0.02071034403819577,True,True,534a9b4e18ae0902ad05ad9cc5ec45b16c8eb3430d859b03f4ea1f994a3e13a0,3010542b5930a82de1bd888ced55b9855126bb3a683e174e9d629a40f0ada957
F75S,supply_097,2107,-0.03141219541525514,False,False,b213f820e68fd1817798b0a28dc90f10b3e8ec105b21762f6d3903e42dde8d96,e346e37897a1304c09a02b432356eeb707bd0b4547f0a81eb65f80ee77240e71
F75S,supply_097,2108,-0.029318606415065118,False,False,c1875712146bc7d24a1d5266f837b2054f245a404281a417c06e06395c213102,fb71d38f389ba23603962623cf6fe1803da66f90f5e9b248ee91e95dbdf446d5
F75S,supply_097,2109,-0.061098299708878534,False,False,7b4b5e544f73ab468fa788acd786a04c94c92b378cae5cab321d3274cad86350,1ba50fe04132622930d5887c5394d6f483b8e00f75abb11a894cd4dfb9403a6e
F75S,supply_097,2110,-0.034626969527802975,False,False,5d981d44dcde485ec99a5f8947753ec9d3aef626b75a0fa934e62a724ea4a686,dee4b46b7169ef0a9ad9c20c156097a87c7e8d2520e3e244d632367f5c5d2fd7
F75S,supply_097,2111,-0.05179284559142977,False,False,4bef11e2822268b441a6c87f589c59240102369e2ba746f4a9c699939e7d6642,34ae58b478a826da9e73ec005f32027e73590a9c4f9f971b06287c49da9e7e32
F75S,supply_097,2112,0.030361247106433065,False,False,fefa29536805228edb80079032c44754157ecd5fdfb55b9f13fbfb3b1d2c3e45,4ae60e2a03dce439226898771f7a313bf07b5639ffe722d12b3429f8b2800d15
F75S,supply_097,2113,-0.038370152668774915,False,False,e226a8fcfe0af0d6d27db8caa5102c579cbd7fec2e222e048127824d9221e1c8,c833d759615d70e75932693fea563cb4150dad72c800c697b1ccd85316ec8732
F75S,supply_097,2114,0.0005670442070390136,True,True,7b7a3269189dbc1467c5f9f4933afac4315ab6ae700e554fdd649d344a47005a,b7cc6bc8003b84c6af653c60bdcbf44f5b80b9a6951f894206352e6e6133a4d6
F75S,supply_097,2115,-0.04464484133234181,False,False,43c1316c5351cbacaa5cac949ac01e3cc8e88c51a95099d8f3fcdac50376d270,15d4f24b5fc52a97f198c821c6095ac53a9777a2e5be22d93248e7794814dee7
F75S,supply_097,2116,-0.014766950251970168,True,True,e6d82c4c883671c43f682cc987bf5ff4b412a221d489526aae8f9d7be8caa292,75ad578c0302c086cb15e67c5111d1beb43065f86efa6c477ca838399eff4d92
F75S,supply_097,2117,-0.03843544008487615,False,False,3cd7f3b5233a4d7b34753faf780464ef02e4fa1049da5ee39a16bbe00486bdd2,9852fe1fbf641ee33720291f25c00e7c9bc65d7a240b60c2384f593abb245d34
F75S,supply_097,2118,-0.020852627398790236,True,True,b4580c98ab1ba671c6d2e2319b8307600aa0f25fce6ea80e499a6351ebc2ced2,b0f17522a857dc32eebfa901fc562d5649fe3421d70f24525cc3772a2bc17896
F75S,supply_097,2119,-0.04284229862263811,False,False,4ec8d1feec4aa90a7595b1343dfab1357380b7cc8b96e6906c73d15fd66e9e50,d4345b7694c56dddc91ffefde6c3bb743ec597b19121f0ed7ca08890d957dd78
F75S,supply_097,2120,-0.004343055805847096,True,True,3785ef99b7c932aecf4c626867e16e0d118270520e75a90966bd284383aadbf1,c1390bcb11eae159618aaea58cb56384b71b710e4a9dbcc2453ca26294c8da93
F75S,supply_097,2121,0.02254789205515828,True,True,626af37229ad2d899446baf904738d7e95ee87d1313de22ddeaad453952f3a1b,94aac5f2973cfe6032e5f1c7c3c0074533bba6016a40e868498db06c8f247a86
F75S,supply_097,2122,0.008816479638234176,True,True,ee501cdcad321e6f501e4269a8a63012f2556ce82b22c257db11c1e720613f18,d8e857d77e860d2548d2c6908a1eeb2e101c20fe66dabed0266e3ee93928007a
F75S,supply_097,2123,-0.023906424164988782,True,True,bf073d4fb8d3298b58d3de4c004a47d9f013775e5e9c7c729e5a54e1e1753b39,ae6765a7aadff081c30eb1d062ea163ca7ec360bbff00c647f93fefb57b8d257
F75S,supply_097,2124,-0.045190664600084585,False,False,4d3fe60f071e0232dab2dec07c66f741dcc131e68f1b0a3e9efb75ec764d931b,7aed144db0bd4b2132c528fa6579134504146ff84673b6d8f4b116a737239197
F75S,supply_097,2125,-0.06139947131623885,False,False,42ae31f18ef046cd4c72410744472d8819fbed4a30786e9e43579e4eef9fafa3,2b0be95d21aa9cd9fc5f1c0c6a065a91c74d30dc2dbe64dfbe6ecf0d78df0a38
F75S,supply_097,2126,-0.009045744943596445,True,True,9b932222a7cf903103f46b4baf048de0b5c3a7848d8d0326d09c20c82038d4d9,b716ef6878eb3706e2fd2b913993689d5b7e5a9a7b1b1ffe9b2639f0c273c8d3
F75S,supply_097,2127,-0.024380232024957982,True,True,2bc2ca3229375d9a87681051ae4638c9e1b9c536ec8158ced9eb836fa390ccfe,88e546b1fec9b33ecba6e0ca738a2d6d7435cee41eb03a762a6d07388be85a81
F75S,supply_097,2128,-0.09858989470713181,False,False,12b1f213a32dcd08fbd8802a9b7442bfc61eccd0802bf09afe178f88e380b399,8332b0e02404968e62bac753c5b858a58af74aa559cfaafb1e5d5e0a9c55c141
F75S,supply_097,2129,-0.024111106843517194,True,True,76813168b5541921c856620c0ec6c5c4fb68100dac758cf897510c1ccb0369b4,2d19e7c24141c90fa40af569b0671aeba578c5b2d05abce99e551dad89b76621
F75S,supply_097,2130,-0.11180377512011913,False,False,0fbd398dbbfcca1399962eae297df3d41d15d78328e378dc87ce9c34071898fd,dea0672131dc4a09f00a124513adec19366fb19f196dfb4e48e8c31a3d3746c7
F75S,supply_097,2131,-0.007416070356540128,True,True,6e92428ab4e72bb08c47911e6ff7058711ab2a23f1b7d764279f70aaddfc65d9,f2b4e6a76be3522b16d69b6ca18f37d348fe912a79755b4b78f95651ba4c4dd9
F75S,supply_097,2132,-0.09929453545262124,False,False,7edf1cb5b5abe4571237665168c00109adeac3807995f241806b8f4837daae64,70710ffcab994cc8ad111dcf63147d54f51a0d684b2499afa55bd086a5d97882
F75S,supply_097,2133,-0.010242865312867833,True,True,3285aa104bbcc6ef0a1f06ecddc5672668f0f3d6ced6f1dad318e0325f4b7e16,8fca1a5ee04b59e3b07f0b936f3469d6fc6cb2660d2283cd6b175c7f751227dc
F75S,supply_097,2134,-0.053107405579083444,False,False,f2adb4896ec8df8ec9104ffdf888121a9ce4b0a7e4d6c86b9752ea83d9f49fc9,97b62a580b0702a1ad37981d2974f9ca07521ce82847daa45247ff7fd71690c2
F75S,supply_097,2135,-0.021496927821979595,True,True,4a16a08bc64567c16d3b5d8a3440adfe4a8e0f43ec7cf2b8810ce7fe6244a1f0,a5ea62a21542724958a3eb9d44f4ef526bf135f98d935593b7f2ff39d0f8d21f
F75S,supply_097,2136,-0.01585623376910783,True,True,b6e569498c32fbfa785ff6bc6dee72b858dceb987132bc6bc771712d81a99b13,7981772c10261b4aabcd01723077074ec6b12c089da506673cb41a355c1d4ab2
F75S,supply_097,2137,-0.025887992152898887,False,False,68a3c35709141c5a688f44d6e775b3c09585450a9d50d31b28c47cfa941536ea,12299949823c3ef32e2d5943c6f8f8603c52636a9bfcbf71e0e0b3cad6512637
F75S,supply_097,2138,-0.07216676733988986,False,False,5755d6b2604b30d159ccee692cf8cf0425ef35c03d6359250ad69a1a92044147,e442e9190a7e18ef1338ca7fd4c0ae611bba135a86c88c34a803f5431323b4a2
F75S,supply_097,2139,-0.013336683549673933,True,True,e29fc2482c7d10c76d6746028ff2891652312bf858cdb94e793f181bd1d8e990,507a7fd63ab8ef54d6db584a8b9db066384690c2d13ce5000324bca818106ec3
F75S,supply_097,2140,-0.042541842502101135,False,False,08f6b297b6a9555d54166230f17c7a5a9b368f7c381b2376e7cca203f1a3f197,1b73c52ae3ba2ed7ff0ecc45d50e7e009223595a53eee63992160b1b70e8a13d
F75S,supply_097,2141,-0.10896861709581684,False,False,d21004a190f647171c5310c2f62b6fdc1aad292ac9dc882ff767799b3f01d63d,d9084d4cdc755d254903aade315db634f427f79f60f3e6139e5f6c0d70456712
F75S,supply_097,2142,-0.0269357103640962,False,False,c7b46f4aa013ea329045510beb95d4f2b3cd089b53a3d7963ebb08852074cb99,c669aa52b569c718ea232f1f2eea02cacdc9672d52a1171c4358b884122f9330
F75S,supply_097,2143,-0.08907759793127235,False,False,190a5433b142960f86bbed357c1a79a80d15a7154362647010cbbd675a60ff29,077b8a61107efa18e1a70b855b2f4bec89aa1560a4e8932e3c00eee14a1075ab
F75S,supply_097,2144,0.0008410941280879713,True,True,027d504596e676b43cfc6984b085eae3669bcfe90deaefdb496db1b7f6bc1c07,e4dee78b800858d8aaec7ed3ce140bfe764dfce6d0f95683383cc8950e1b8ed3
F75S,supply_097,2145,-0.08176864598167088,False,False,d0f004f416bef98ad40f0bf8bed579044f82271200ca5a88d6702030f92ef595,624e31a0269c54645c8a3f580c46289b23a19b48278483bcf6dafad0b07b59bc
F75S,supply_097,2146,-0.07797547823433926,False,False,78c02070135d127d2fc0f7fda05ee3b9143b121ca4988e2dcc7747a9c8b58cdf,02fccc078980a9f373205a6a3dc006b060a8d8ba7314b74d1c98645884aa3ebd
F75S,supply_097,2147,-0.12094818589368594,False,False,aee73dac2e3978858fdf525ee483c4b5cefe3b67f20c85b824df4b0c5258caa2,6fb7470827d3124a6b7159d6aadba19ca42d31f6f16697f26b513036ab51d4b6
F75S,supply_097,2148,-0.037660216972985605,False,False,a2f85dbd267f11a6a896f5593b2d40bffa1def26168de101d0940fc929732b00,9956be50d5d34468eec53ea3df3c3ae5233a4380a69d0c31a5d905c1a11fe5d1
F75S,supply_097,2149,-0.045848415792941744,False,False,d2f5b53285c302f0e8b25db83f78a61bac4cae46e82bc5f186284f4edb6ed80d,417b64194e878c60d52c0eb98745c634fbdfea093dd81dc1b9568fe3da6be3ea
F75S,supply_097,2150,-0.054722006674239265,False,False,3aa9b4e38437b0d6c75f454851e6b431b44f94c25a4e7a9850ab7e58d5f92ed3,ac0fbccc4c29e5824a2fd934e092b661c5b17e6aa6adb1f8145c42b28bc10016
F75S,supply_097,2151,-0.00487810480495221,True,True,bb6c2f3a102aef630f41558beeaa8be9d2abac9117913e86959f962e994562e1,0c1d6f34f2630abd491492187653be7c6ef405361f2b600a8e6912aaf9b96076
F75S,supply_097,2152,-0.01800059415857136,True,True,ac58b0ce4a7bca1a9592aa9de2d51c660d312f54d840c9755d64874a51078856,197bdf15702f5d96d3b0cf55c7494c6d9299d78c976d64e2115369cff52d4b9d
F75S,supply_097,2153,-0.057698401857436854,False,False,379472e3481c637ddc02cd859dcd7ecc0810a8c5bb66e9b18f2dc37552334f15,5a6036614b1adf3f3d59223031a06af8e6767f730ea862fb853cfacacad4fa7b
F75S,supply_097,2154,-0.0032434534620604527,True,True,77fa0ea60e31d6aaf495240e898b28750dfe474bfd6b5e00f0273ac0cf833599,fdc5b36c302441272647d0ba423d266b665ee47996d579ec301a0334ab833fc2
F75S,supply_097,2155,-0.07342953548574227,False,False,e0a36f8cab2cc0b4665ae00f180330937ac61d0006464450f447b9f91e9e0e49,c2f2c4794cfb51651e056859a260f5326c43dd7f66a4cb7aebbc48c2f3b6efa2
F75S,supply_097,2156,-0.07636595560658449,False,False,83251219df85779cb30374dcc16bdb5e2cc110399e6c991dea390fd207278d38,9e451cea4e016c02284ff18b1600d86b67e8cc6f66ce053bd0b1a6edeaba6564
F75S,supply_097,2157,-0.0500258400630777,False,False,d0e6e1cdb0e552bf35fdc830b4544cc4798627df8318605f330de64ba205fbd4,e01a139739f9a6a6bff3831ce2ec2c1b7f0d6cd457192d688f18264eadc971e4
F75S,supply_097,2158,-0.02649019643381001,False,False,d2b3e86c1018f4c263dbf7b37882dcf10f24474466fd64706c033fa078d55873,2849d890c29f68c4a5002f371e8e86448614dc9c253e571071387fe0150fca17
F75S,supply_097,2159,-0.05418390050144878,False,False,74fa2b86d673a1022e05b0831cdfe0d2570edaddf56eb29b19820f8e73150dc9,dfdf9b86f96ba508dc9641a41e1105293d87021ee8a257d14f3a2f296301130d
F75S,supply_097,2160,-0.0016888124465077037,True,True,c35d6d8a0a242f8c85da13b9f00158dd899695862e1e1e755e4518384e9dd588,e05fbc91b42fb54d9a20c7c63d9951c82fcdd588d0340e69b38dad1ce23e3cbf
F75S,supply_097,2161,-0.014546901157888426,True,True,0861a442c25465e5a29b6baa0e7324e9818680fe532a67702aee0356cc3389ad,dcc1e1f45579bd980b6792af871c46379ccfefbbad71a5434c2f6a889fe3097e
F75S,supply_097,2162,0.01390271481459171,True,True,7efade180247673d265d5a8f1ddc530799171a32b3c2b33e5bc0812f7ec5684a,26dfd3633eb1ab623f4188e08cc49014a0827f0e8c66919a832387b83a915dcd
F75S,supply_097,2163,-0.03405632800872205,False,False,2545652ef4a6bc0a79a5b7fae41cd8b9c16cd569901d7c76baf7444d9b2f74d9,429713fe2592a951badab01d09e58d5815460b884a6c1ae2ac339608538da1df
F75S,supply_097,2164,-0.10406529532383779,False,False,f311d78a1901bc1cf450fa098261fe0b47ef5b945d1b586ceaca3ca1e48aa5c2,e716c3f5d0e3e76304c2013e290bc4b5acb58ddf5d83e57a5064e43af2889ca7
F75S,supply_097,2165,-0.04368295106407066,False,False,7c980d32d454d120e3d348431639f101230f3c6fb2e6d3f7405de7606f923dfa,58a9ebee4d91ac4fe52e4a176cb3f277ea554f05aeecc63558b57b807ddf30f5
F75S,supply_097,2166,-0.04096567796860484,False,False,18a5944b61e27eed476e8348ae51f6b9ab56f12c888596ba2c7aa6563938ee82,6c30f696c035543cec00a81cfe5bbbbf711e16fe26226eeac2b423f82ebeae99
F75S,supply_097,2167,-0.10741481198972563,False,False,772c14504e2f609612e7fe5efc8a528ed2ce3732af07d2302eb186b54e6963b2,37511f6b94cb39708fd6ddf2fda93c71dbdcf57b64e2f704a2f7006a7d5116d8
F75S,supply_097,2168,-0.06944898544779982,False,False,96ed719fca7c225ea14129bcfad811baf64f7105025119cd0e959249aff62db5,d96d402b53f402014a30756a3d8ff8b84b533dc935c5e762495c1df26e9061c5
F75S,supply_097,2169,-0.007339643425512243,True,True,aabaa6411a597e5cfbbb4d74b18ca5d4c4a67e0726df3efc5dee48b6fa3e0b69,280c692adadff351b4c17344065b80bcd94bfa7ae6f3c811d71a048f37dfc8f6
F75S,supply_097,2170,-0.05070941850090105,False,False,30275d85c31069165ccdb439f5d14664260e63ac30f3bafe2793822a540e1fad,4f56da21cf4141f74c649395e3eedfa789666ed1fa1ab74fda1f5f3253383460
F75S,supply_097,2171,0.0027415538216981616,True,True,ad544bccd59d5161f420e2bf53e845f104f83ebce6245632ea203c945eed7700,5f9a8efba51955f9f036bb2bc4ae55d48440e3e88632a7e6791a2bd22f247089
F75S,supply_097,2172,-0.010500710156297277,True,True,42d425d0554d69345698fb521b0508bee988c6ce41da838f8a83d881fc56f962,37eb3b66aac5602be3b50774cf87485b75d4ad2fa4fb43985893d626a2743d7e
F75S,supply_097,2173,-0.0013961653091466575,True,True,ee2776418f2af5c7b3da9cd0d055600483bccdf67f2d58c8d4a058112c4fece1,787ff2607f0050d9b973dc0ae9fec733857b0e5f1e9325d4dcf106b493cd6f2c
F75S,supply_097,2174,-0.023974728686402935,True,True,6ba788717bd750af55c86ca2d90db2e4067e10673a984df2582bb47a7afded59,1509958fc5208d2cdbe3cd2a8e6859c30e3f569e378bdc0a442a67d987f82113
F75S,supply_097,2175,-0.06812241556029253,False,False,0d92759d331bc7dd92fee66ebd28804bea685f5a0914d0b694b6e85854069455,aef612960c81c1da766f35c7306b5984ac6d2f9aa1376fff093840d4c45fd8f5
F75S,supply_097,2176,-0.02265560026031299,True,True,edc64fd9b8b2cf2b25f49202825d3e43649307cb6004caed70a446469bfd1bbd,933972d69439fad9181137769e71fe967f6a44e8d6056d4f3584478e383bb361
F75S,supply_097,2177,-0.02337476110101966,True,True,4ff51b94d62145945defeca1ac3d1dcf056ce59c766ce42bc9eb172b8dac0221,3c84ca4f5669e4a2df0d0773d367178e42c19f54a2247744568d6f86a7c3278b
F75S,supply_097,2178,-0.037985548412445724,False,False,c5b13e2a9258b533a1fc0af74c08e7ed564dc6ba852cfa7dacda9b2f6bfb2fbd,68d73208942be7e4528a662ec887e4860bde95575ceeec57f6efe25a49331c8e
F75S,supply_097,2179,-0.044545571921949134,False,False,db994b91fad79e665d039c0a92939330ce4e07e2cce24538ac697c6550b5d353,117697e714399d1229384952aa17c10116a02f59879f3509461eff07d7225632
F75S,supply_097,2180,-0.050561454498618486,False,False,c256c242268e5dcd00d33042f112399c3261735b3da57b5c61c195b0b80997af,d8a2239c79079e4e2c2fc93f58202c0dda79101d3d214eb29d456ee52806c4e3
F75S,supply_097,2181,-0.01117776304579865,True,True,0becbf54c1c5b11883ac22ca23836b2b29a9aacf3546a77dde720ba9cb1f0a6f,9e934496028c5e27adef46861db41fc99cd26475d58736f73b449d445a69ea04
F75S,supply_097,2182,-0.0423230278243627,False,False,23804943ff630c657fb6568b51f5a376f8ff2ba225b200438a7b0f809664e014,972709abb24a719baeaac5cffacfef488ca854cdc8ce86c01a46a30936fe8342
F75S,supply_097,2183,-0.08089963983950149,False,False,ede2256c95e2790232ca20940f343b86d48d911a0ce9f5eaeb3348c6bd2c3694,b3e71060aa3620a02b0e2b643205f0c7d0455ab92fb56ce00eda18e4e24a05f0
F75S,supply_097,2184,-0.003713833212727724,True,True,e5aed96c3cc4c938eebc7164ebdd50aab9011d36cd10dd3dfd079c57b737829a,775d7c1128fc391b5522d31012c63424c9e92f7179767936ad1ab618ba445eaf
F75S,supply_097,2185,-0.02304682563040894,True,True,16db676abd133887d3aac0a3eb82a8c40ea474909590e25f643aafe04135524b,2e4c2aaef03570148d764d07e83738d66b637ea67bb0003b761dedf1b2b66dd6
F75S,supply_097,2186,-0.0249624287769582,True,True,1daf27f6a4e47140dfed1d7b55f67e0efd678082c6a6f7af19110dd570927800,a3dba1efd695e33968bab8f02937cc10d5acaf3fa9f4f30e8392c9d31508c5ba
F75S,supply_097,2187,-0.02131474958555324,True,True,1d22b92f7eebf8d56a919b4be74ff7db0f51154c01e23da920b160e31b56cda8,58583db3b7c5cdc7d50ae84e8b65bc72b83d1dad8e4cc8f592e16e8bcbe40c5a
F75S,supply_097,2188,-0.024177122948025487,True,True,eb3242d18200f1b5f6c2de5c4b5df96ffd4ec5aa6fa6a9dd7796bcf4f4f6e21d,10f68211ac08276dd90b8294394339a579854a65cee13a9607d40aefb0ad7bfe
F75S,supply_097,2189,-0.0012226623482777255,True,True,7416c81ddbaf71377b8d4d33708ce1bfc7448e4895efe5d0ecbcbaae78dc338f,0cc35500bcfdd7ce2e34387870d998425cf7f93ea95cb41568d74b2914ada2c0
F75S,supply_097,2190,-0.02159705242618598,True,True,77a7c989a5ac36a184005fbdeaba0f3bf8b67d3b80642c0182b1866d5bc7fcec,182dafab544f67823b76b225cc10dd89faafae7c668361e23ddb790697babab7
F75S,supply_097,2191,-0.007185783335776907,True,True,d9c34d68f7a3c785cdfd245e56553d5d82923758567af3ee60e98b7a2a7b5fc1,5e113fa5516a5a69a57c805d1cb004fb5d9194d33846f895bba5e840b4c4be43
F75S,supply_097,2192,-0.044556068645935754,False,False,86bb67c5e006edb39b18fee1b62b1ab690841ce7ba1ef32442b217c82f0bff42,48959d5120748ce7efcb98345523f5ee93a0744263951473da00ed44f86c46c7
F75S,supply_097,2193,-0.03184892133012318,False,False,77ecf08b73b1f059e5710ebe3de2e29811fb7dfd376ce8fb186be1898f3dd6cf,04ed4eebfd86a1696203513d357ac6486a56310fc407d45534050da18f1587cf
F75S,supply_097,2194,-0.009011131030940256,True,True,1188a2f692e020f420a9b5cfd3352d0482f60efd46ba8277b81908e2c9cce506,dffebf2200f7190e06d9ee83c652d5a61c0c0efe76b5f121ea321cd3dc4b57e1
F75S,supply_097,2195,-0.046510766725065045,False,False,7bd285cda88cab7a9f6ea935b3c2804e86571352abb1b115351fa3ed863226fb,65187a57660a9d1bb23e6430d4c95c75632f0ae6a219ed32b2cc349dd4a39508
F75S,supply_097,2196,-0.0633777442599317,False,False,278c06306a267eaa90b5e1417afd999e32d0e0491e71558056042e0183df054f,0a183df7de6df54112c07e4a92f574dbcab6647b2655ab3cbe84de71b117d761
F75S,supply_097,2197,-0.061473250578973015,False,False,4a73a2d52eaf20e91864ed5703dd0d723e64482d26dfdb5649a175b6b57bc99c,581b491e509c703afdf9977646d1f4fb9cb496288723de33ce4194f19b4ac4c5
F75S,supply_097,2198,-0.07022987078526438,False,False,3910d20ed96ebfa1be3c57dc720665dea21062d4b5d6b2ac16abfc12d58d4a26,d4158457e08c212f257e6067fadb0de0b95416b3ef93f044225fff63ad88eb62
F75S,supply_097,2199,-0.06716818134472796,False,False,e85688ff5dfef356481cf0de2e2127a62461699bc20e68ad5e75c14cbe44be4c,d84735a85490c895b046ac091f47322b2038724e758d8e5f19137738395aaae2
F75S,supply_097,2200,0.002352255374531098,True,True,edc800b4ed40cf19c16c86ae8f7f663329ac567f18a57260fb8f6129c10763fb,a8afc760ac735c60cbb4bf8ee2bbbc988f0b651c26deb181fbaf3715a303da70
F75S,supply_097,2201,-0.009593726211333253,True,True,afd625fc4ca87c9178a42aaa889775598cafb130413403e9494969de5b72cb59,23183fc9ba4fa8413f9587ac81c7873812e2de163bc52cc83442937d7cfe906b
F75S,supply_097,2202,-0.06641488319471556,False,False,a4bbf3d40f25d9c8a8a1d6ae8bc9cd9f16a42582e0d25e0eea1515a2f62945ee,d04b6023f40536da6aece67ab9795cd4e2cec0909a95783e6d55a46f01f4e4a8
F75S,supply_097,2203,0.036599528449130614,False,False,e53956a04f5ddd68cd454060d3465bb87829619df493ace24e3e663c5aa8b257,39700a72118c2f7fd0ebd498d5f2d074e0f9d2c208fb1e1501c0afda579704be
F75S,supply_097,2204,-0.06688952091219241,False,False,9e0cb10ac20019838bbcc33c8f30daa8e159e7a38e170eb3f01f772f0c8fecd9,69e77faf4c45d55da6d5f3a04b02eda530925525bec065e31f9b36d9f9ddcb35
F75S,supply_097,2205,0.007902148328725933,True,True,bb35dc0141ae6520e3693cf53ffa39e92247ce6147d6db64df835c468f3a6b0e,664494f39fc0a4cbe16877e1171a035a5d962328bac76f2c259ded42106ae33c
F75S,supply_097,2206,-0.0707362272253153,False,False,6f02ab500f7c70b793035856d17b1d19deb0d923eeeb645ad0cd159fec28aacb,88a244bf5cc15f3c30d63f6f3cc2f2ca399ef4b4e4c218f4132e634c2bd24c93
F75S,supply_097,2207,-0.11404264917142831,False,False,95578abaf5d9aea9e922d80ba8e868c259d37cdf7e9842d195a0940a127d1f76,89173705d568a8cd9c974b44379586510d2652ca0cc4a5a4df4e3bec78ff248d
F75S,supply_097,2208,0.033877223681360036,False,False,c4d25ada7d5017123923468bb0ec74cb4a3d2c592c982756384f2a601307f470,3c5cad3132a69bc971c2f7626119c93bba9853099bee6f4a054da874b567693e
F75S,supply_097,2209,0.0026542108983629298,True,True,0d7ab2f43c09c8c25ca76c970b71d1928806de5412a685499dfcf0a797857cde,63284a4a2d558fe05fa74c6c9ed97c28d516f28a5507d7a6073e93a243021f7d
F75S,supply_097,2210,0.03945177050419646,False,False,40a4d5506f45978945152d1416023d84b1c31a9ba6b4c0951f60a27d2862a674,4112c7529ded5332bf4dac0cc41acb39f40472670870fe11019c08dc848066b7
F75S,supply_097,2211,-0.016670690847604974,True,True,526422070f71bada9f2b084352e85a822fdc88c8559fa038f88badaa1b6df5f5,e38b5160e50c2183193ac69cf07d7781909f65db090842000068754efdd61107
F75S,supply_097,2212,-0.020030504613627542,True,True,012c8ffb61c20926b930e67af19331006972bc214a6b0f8fe3278bccd6b22a19,0fcc570087acd8ebda31c6eafbecef0ff80143438f5224f7b36e613a342b0d15
F75S,supply_097,2213,-0.03952232328477728,False,False,e89183d61ff81af1b79fb2c60ba53199d65264bdff555fa18412e1dbf271be3a,c9cdc6b90922ec94fd38802e05e6012f6b1b752b50d57150dd62cc2eb8835592
F75S,supply_097,2214,-0.02562091104481984,False,False,425f96b090f7f207c0d435f004dd265be01da546a548f5b4fc4764c55b1cbfc1,079ef7a8fa1d72933d42534426378db8f284a3c3520c9455760c65e3b929bd28
F75S,supply_097,2215,-0.018925690680767382,True,True,1f762302c55f4c683e1a36e54fd4933c80eb52c2f41195378170828b4aeb426e,374a180400c9d9b08a18f91cd98bdb67f49034f47123c3000038fbb3e9aef01e
F75S,supply_097,2216,-0.02442277800258108,True,True,d55ee1c67b36c1257c745a66d815119b7c4bf21c124b8bd224fc22412aa93734,5f6913bf82dfe1987761dab829b2ed2dd557f3038dec3a404ad357cc164155cc
F75S,supply_097,2217,0.028433877326900836,False,False,a9614403b31640e5990440896e47d096a28b667543c11439baabebc2b566484e,d7314348b452f20b8845b818dd8176267132b0b1d8d73cacb1fc75e68e2ae202
F75S,supply_097,2218,-0.04646931953837191,False,False,343705f6b0e6b32c2f54e10c50b6f304e647d3a807c84da0649c7cdaa73a187a,4e7c96edb272445bf5ac7c44e218d9dd7dab6a17ab96deda0311ec4e1f1cfab7
F75S,supply_097,2219,-0.040762773717165135,False,False,222b079ab9ef7e60511da42b5e06083ee79ef03f765e34cf0e2eaa1daa18adcc,9c35d07ea90a3dbbefa339cf4924f179c4828036535be64cc995d6f029e8ce3f
F75S,supply_097,2220,-0.07967270637404267,False,False,dc2b62265675d58456064420d991b81f0e785351bb44f016279eac59736d07c4,d7008098fd03a29c9c098630d17f465338ac7c43c16db21f070e4f7af68ed96c
F75S,supply_097,2221,-0.038339939080814345,False,False,ce477ae81605eb26ee5706fa411ba64cf9427cc3f057298d2b0d3c9433c73d8b,0bb2e957c5e9be9aa0dd2c9193be9d06c1182604bbdf51cf19aee67c048eb807
F75S,supply_097,2222,-0.030376485161069944,False,False,33219066ce55771b466a6766d7b57422e48ce0470ff1237895a8aeb256475bf0,0c2ecd23ccbd029117fbd2cab9fce170e9efd23de5d5030a8019d5dd91fd970d
F75S,supply_097,2223,-0.04478644890330774,False,False,d8fa70be4a1c6969ca10c8385d93478b9f71877486a949a8b0277c67904779f2,2acf845cb64fce185d9e7c3bd72a53618092e7ab2334deeb5588aa0ddf9192e5
F75S,supply_097,2224,-0.03858627523360869,False,False,9bc51cbadb1f0208025d4f6c42131ec3d1d9ff8861881df97596d2b161cf9cae,2f09c88c711291590a2e36a9441d88595fc9c9bf2f1e4015beeefa99e16875c6
F75S,supply_097,2225,-0.06039460835588761,False,False,c7d6698283cecfe9d8db8e68898e87953ec79c896ec8fd0baed338e8ba71528f,73a497e67b4f4860c1057b659c9a3cfb90626d3cde369bca4ed742dea8e5bbe2
F75S,supply_097,2226,-0.02007365191489785,True,True,ad771b544875e7bcdcb47886b3ce1f015826006d6d4bede243c851d2943faf3b,14f39575d591dc72ae6b90014a77f175797701a02334f55287bea846037e9d1c
F75S,supply_097,2227,-0.09518339571042211,False,False,b3f528f754c64b466a55b87fb612beb057b6bf40abf1581f3a2c062826932bcd,1bdefdb1de01358e87660961faf34df0180d01d536b9650eb158a5e35de36a78
F75S,supply_097,2228,-0.02461105441392092,True,True,3cdef353ef307a9cd6ea73be17881ab2d8ad1c3f41cce93f3dd8b25c642fd148,3eabef24ab64badecafc93d33bbe266e787ef98e69e3a2bd60ca90f674795adc
F75S,supply_097,2229,-0.058512981416698306,False,False,b09f5e8292c0275afee9296b9f095057671f5ce479f79ff2f3f835a4dd1face9,90261d3516b868aa8a1d38bf40ec6d0e7dd742eb8741b8e6470a01642e363f32
F75S,supply_097,2230,-0.05334728883024448,False,False,baf50be1afd84a0aad923841bc406e1d824056e48dea414b651305a139fd6914,c92c03b8e5473e4147d68ca06495b4818acb9660f7043d38849cd04ddf70ba80
F75S,supply_097,2231,-0.0493881787451943,False,False,0e29bee270749e2a2557d71580d1e4af8abee22ba22ad70ec30e97d8b8fc5924,63fa603f95f920502b1aee082fb3007c6e341a3dbe5945c0aea689ff5011b68c
F75S,supply_097,2232,-0.03381665951731261,False,False,a2002a72424a2ff073b381081fd02fe5304c235eef4c5172c5d6d6c6ea1cfe2f,45bf26d345136d7ad8bd90e16964acac4a9f7cf4f08cacb40a870a20eb427539
F75S,supply_097,2233,-0.03814681540367959,False,False,c5e7633efb9353784ac5dcbdcb55600b48a2cc7a5f1848551c106ca4f725a205,0c45e71f12d837612549c93ba3d420c030404ad020ec860aaf51c61517f17eaf
F75S,supply_097,2234,-0.07170908380934138,False,False,c1de08125f033f260747b3825cc2ab49718219e2bae57710a2d380e81ab609e9,8aa16e21c18eb38724837d303cf0cd9cc000e106e81636a07ff9cde9906cd094
F75S,supply_097,2235,-0.03130603906377083,False,False,e9a6fd15f965af2ca31f7909c5a8b7e1ac870f9d2aecb9dc17c068130f840a9e,c2a549c64c21e484f8111381c1e862444a7dadf5f09f833f52e9a50cd1f86ad7
F75S,supply_097,2236,-0.056247966889370726,False,False,5d977232ce18afe8a64fd8444561b1ac338226670e7b1f8f7448c26046ea2303,1261f1fd9e1a3a8ceac7d6780c71f7b58675f91b50cbdb86cbb19cfcffe78d11
F75S,supply_097,2237,-0.024769086490121328,True,True,beb6af2f092b00ec259a31b102172f512e15c7dc6ede68ece0d5a5403e3d2eaf,b08c52eefe0dd93ec740c9b004142cfc2a0e648484ee362570343fc4257649d1
F75S,supply_097,2238,-0.07291402051176543,False,False,c56450ca61658422c6ed91770277272654772935028303d2d5ad2d17a113bd3b,07288fd3144b5943818953b83870cd53a1c8753620b21706bc1c04b61381e1ee
F75S,supply_097,2239,-0.09550715053444614,False,False,9f5f34df595c3bcf614108c33d2b314254b35a121e32bb02ff062eaff09c6bf1,334c79fab961d2993b3cd3ac6a349994d05644ccd9586d42dc6a2af03f1c3ac5
F75S,supply_097,2240,-0.023045184131649465,True,True,66b119709bcb507627ae7e928e8a098b042b4ed846c4bc6af8dc806ea10cad2d,d3950bfe210f5a81e642909486903f5c9ce9bff30a7013c740c71cbfe3458c66
F75S,supply_097,2241,-0.07706811729477814,False,False,4643c8eb6b6b25bf007ed1dfaf69fe13b6940f0cec5855a13df3936fce804aab,fe22cfb49f6181af4d2d12f4ecfbe32680eeb6f3564791217d18c3c16c84431c
F75S,supply_097,2242,-0.045877145435617106,False,False,571857a14b2c12c835db12b85d858de63600d6bdb83526c029cb76bdcc9b5abb,5fd053ccaf4f1eb2b54d0da903956bb19ddc3800632ababee08a428adf1c2df3
F75S,supply_097,2243,-0.019498183174615435,True,True,0ce8b1fece8f65998913b222e871280d0f8a94e0ec77400e3d88f27525b8dc82,35c4fcbff0fec92e9cfd5471b7ad5f3c5fc650365c520fd8ea077591f7290f11
F75S,supply_097,2244,-0.024693035216953374,True,True,da4d4a49da988e087411cd8063f165c9ee44db3603b7ffd68bb21fd731f43131,0ba3f6e40902209e5746b85abcbbe711bcbaf1d9ff23514b294be1a8e96a2b4a
F75S,supply_097,2245,-0.02369392437470602,True,True,06f5b170feed9bc5c1e588ae75dd4490bdd378ec0d7020565ffbfc65a709d3c3,b46adfc853a8f201024cd2238e9e96de8211bf79e8a77fdc916dee174f30ce3c
F75S,supply_097,2246,-0.07000890834462437,False,False,4b6cdacb8c9b878bb012ce3425ec7f91d561034c5b2c6bf729127d2d3878ad31,16253e21313c6e8c29c526e6f30d6d642ef0486449e4e5fb9f6e58afb6a4319d
F75S,supply_097,2247,-0.03732462048025437,False,False,8c60364db2ebed31b4060cff0349c87437cd71cbfe3b03ebf6469bc8ea87a2cc,6a5070de1a3bf332687e58236fe983d823904378d749199b240332ae2327d26e
F75S,supply_097,2248,-0.049379039478296805,False,False,1e4a3360c8df169540e9c0091d71dca5c7e2935d99c54a09c732b7943580a0fd,ce2ed79012b59ab8129ca922447a4da961d5ac0f6daea5f82af6a78d453c161b
F75S,supply_097,2249,0.011682918809112652,True,True,ab4839623b53ba57cbc4d8ff8252a244ef2b0cdc6fe4461d1c1f984e06396e09,124d922740a482d4ea7801099e61579237d8dea4b8a0b1ea9b0257953032fd6d
F75S,supply_097,2250,-0.012276962038531347,True,True,960fc03474cbfcabfc605ec557a03b4bd22e29650d09900b0cb4d5df1db1c131,a3f77033e44b7a619707d6f8a5c52d410ffc952946a38dd4f6a02be0a7039400
F75S,supply_097,2251,-0.09966538318707252,False,False,af1b4fcd6f71cc41776050303f28871fa2869cd5b392c4bd46b5e93ef5d3c5e4,c5b66b3f239451630cb001d6f75071d9dec3d4965feee0f3aa16f596e6a2a94d
F75S,supply_097,2252,-0.00948955084091413,True,True,822dd452900d19768ead67ea0dd55d8b1b4dfe047b149eb6a065692fc8265ad8,522cd26481f8c48bf845ef8f706fd3cc459ae6b68c6a93a551a3ef6f66e0aa27
F75S,supply_097,2253,-0.054551774895138294,False,False,08b54242f3669ef5763b20375ee3413a0c40c46a29750471bed80aad5617f858,be8d58fc6d0ff542ffc62c2184b9bce0134f2949484274a30dded9294781c6ce
F75S,supply_097,2254,-0.032764125758280305,False,False,ce76e00101afaba17031d6ef694c8a3561237c394830581ee21bc17f595d7924,8d24ea5f30a20501701f7b599c22ac08a89c9e6c3ee7f3d705671ba8f93d51c4
F75S,supply_097,2255,-0.1308882138029901,False,False,372c7de6e9cb7a396f8f28fd9a0666f94080ce84c27ed17c747534a714b421d4,b225346f2b8f5f6b971ce525b18dd28416e4f3899d8d0bbc89851980cc65479a
F75S,supply_097,2256,-0.08678234155104991,False,False,df33aab0b59433f5ceb1d5ab267f4fd13b522aa5bdcb1c82d5c329a22c55d470,bd6f10ed3ea5f8b1ff4835b9c0e46cf8e6a691a53e37d6b23543ac226ee50b54
F75S,supply_097,2257,-0.01929630430770679,True,True,ab01ce8d096eb78018d96419a0cb522daeac672e0edc0a1546bbff3af4180c3d,0f8fb3a3baf3d5d1dc76e4f440509a00fda14975277f65a1c063e5acc3e3b9dd
F75S,supply_097,2258,-0.10506413770736939,False,False,12e64bf136359006c982dcfc24e0d25d2c288538c99996ce609f2f750c6f4861,63c32224335750c2aaa5938fd34e2fa22a426a4607a5bf6c2db809401271169c
F75S,supply_097,2259,-0.03589062747851535,False,False,08fc4ed98802f7492f1bacd1f93aafa254bdc80e84f3599b1294c3303b202434,c2281859092997c17dd2a9bf92f94dd119f4011d02d259f25981e0a12bc9e883
F75S,supply_097,2260,-0.03472433835986888,False,False,5f960a7fc3b7d6341a36a60884201b17927a1c3d68f3977f0dc14b2c0df3aeb2,c24f398798c200f3114dabf8d55cff7ad945066c97cf122bda055cbd4085367f
F75S,supply_097,2261,-0.012279343322999736,True,True,dc92b9ac3000d1ad6356febcf07c2c163c863ece12983320d73e2cf74d04261d,c7bf5b9bedd570132f9cbd8cc710d02e2e53ba7556b3ead0a39c7c091ac980e8
F75S,supply_097,2262,0.03364759433419762,False,False,1f3d769c37595ddd4d3ca05e40544db4fe3f6d84c05a7ffdad29fc3ded560fff,bfc7b20b9d079773330417d64dff7450bfdbae02630b216ceaf94287ef1db584
F75S,supply_097,2263,-0.011638224865057722,True,True,4636ebf945a953301c44e0d2dcfca98fc14bf5e7d4680f4325b3d7465c51e9cc,7b8b1b88ce09f956fa4fd759c2536a9d79223fae808a68686e0b2b27a5b80301
F75S,supply_097,2264,-0.12271475450287755,False,False,e69da5165d1378a5655753fe44a47241904447c6ca240fafa8c66f79e537f029,6a8da870cda1c016f2e23afada7d4408673aed67b56b24af332cc9c264caf3f9
F75S,supply_097,2265,-0.03605218731560467,False,False,c077b6e79efc140673a5de142643f0d9168e4225113a12bed7601205f91e9ef4,49ea51199f778ba0b15b60a45fa1f72088bbdd1cf81b5d2ee1b5e34fa4071ab7
F75S,supply_097,2266,-0.03960612273552677,False,False,df93b1699638f3a9571196cb7baa607e8d5f05756e2d6d983fa3ebedcb1d9e7f,e827eb3e689f3334a6620987789fe39f54fe6433d9eb6be439ad3df0ead24cdd
F75S,supply_097,2267,0.0007897993473300335,True,True,fe2c37c1995d020037c6346ef9c9bde879c44ccb8c8c8bc9db4a84822fdb9f3a,ef497d1fed653208cbc4600e98b88b2a8d2684ae6794e4be986229a58db952da
F75S,supply_097,2268,-0.014075142607165303,True,True,850dc744409cd5c1bf6ef5f05122067cba08636676f4f0adc88b2976c1348bad,0195519da9762a275eb98a2b46e3f88dda56adebaa856e1886fc6c6f904b5761
F75S,supply_097,2269,-0.07139512888502386,False,False,7158e3598dee0b97e7efcd58776dcb37de24e4949761df127a4d0c5e522c4a1e,76dfbe06ed769cb9448053879e12b5d4f5c511dbd56097b7ea305bf5c1cf602e
F75S,supply_097,2270,-0.061454736330821436,False,False,270fb6b4d9d548268b7e3a5dc5813d0407f10ce65495bef73989c6d3db2bf521,fcaf5e6373093192231b47e17e632cf1d5aee443771c99769fdf0ce897f83950
F75S,supply_097,2271,-0.09520410549015967,False,False,d1b2d31d1e4228bbffe072b07572e90b9846e7023a34b69b8c34db654af0a682,33df21228a2b1265fc2a8bb7594016ece079e2478bddbaf0ee6f8fb05f04dfa4
F75S,supply_097,2272,-0.03721555106366303,False,False,41499615407098ffd2172340c760db33541c4f5aadfbf7e4827e780482023471,d2665cf6eb0ca06fe7bdf3cad19ca17002a1bd2af5e30fae5962a4e2ba4040ee
F75S,supply_097,2273,-0.01296924017261164,True,True,f6e4a54db348c5c97da04afee6455a505029ddb6fcf25a3b43a51abd27496614,f380aea9845e707f533d9e737863bbc89a81434dbe574c79303c7ad4f8c71ae7
F75S,supply_097,2274,-0.0689120712683437,False,False,0ad4450640fdd96b991ab39ae9c36aaa4530dc50f76227a2b1f48dfce0d7c0ee,b64be18ce5b4262d857904af4982fcf93c5eeda9332d38376d049b4a695cb7ab
F75S,supply_097,2275,-0.030957863083257653,False,False,e1902d7b63dae01e6fb1e7a844c2c8b267a72df80c6f9c34a3f8ea69277e1100,5ad79715566466bde6c19da3b4569b0d5df163836e5f63256ddf0bb937c72751
F75S,supply_097,2276,-0.007896124148769834,True,True,bc45f8c86aeb61cba89261b52c61910cc8b6201ba1fe2e37d9a53d19a1529951,c84039ab5113477e6baeddd5dfd36f8f39ac4d567292733159da3eea58bcd3bb
F75S,supply_097,2277,-0.07098387843321574,False,False,f164db940b074146ea74c209636dcceeb538ae4d6c6efb4e4daacfa7a547c220,05627eef2642e66a9806c9628f788eefe2e46fc02472f6dbda36e495cc528c8b
F75S,supply_097,2278,-0.030794437244408612,False,False,87a409cbb4ef44adba7d22555f7743ce0c507249f11b390a595b8479cb859859,d79ec5004409b91402a6d78a7d8338170d08e47430896bf4cfe79df835b99c22
F75S,supply_097,2279,-0.009943964230927582,True,True,758d25b1f33cbffb669287866306c9ac8f67db5e383bbd4849e70387ab77cee4,21151abb9d415b1844b873e3c7522a8f1744bb96b32138ad52d1b40542f0315d
F75S,supply_097,2280,-0.02262202179546796,True,True,4a0db7af5d2c776a316e8ccfe470a3a97c07d8b3b0c317ff2ba8d28e2ffd0502,5f8b6e17c5dea757facb1d2ece9c39fd9cf56f1dbafbe527323c74e7af6dfe03
F75S,supply_097,2281,-0.007498202574516721,True,True,a9f4dc8ab4512cd8b9bd27a71062cb16310f47d6a487e807b109d0a20f156963,c5d3359188036fd609427f0b6162e0f71cfe56221a6fb247d1c39ae9ab559531
F75S,supply_097,2282,-0.028092449547776677,False,False,e113eb09b05e11cc0c171e1415d0275b62eecd20f15bfa7f68ba9a5343be1e83,c56b46e98061855f2fc6c0bbceaf9ce5070e1fea8e9bfb5c0c38b8ae73ec947c
F75S,supply_097,2283,-0.034451983955469834,False,False,a6c0dda4391f1bfcb9cc882333e4c1c15778735c31f3ef6cd3375443811bf704,29fd00524230bb4c54d328b7e130c60de3d547126b3747e5a1f14f0d2106530f
F75S,supply_097,2284,-0.01807736087041162,True,True,748eae640c5f87784256363eb7992b333f95f3977bd60b5e698c314868b0a037,023f20cb8e7334b6473c3fdcc2a90ffcd484a16b51ac7f448744d8460e90c907
F75S,supply_097,2285,-0.0010752628652965779,True,True,5ef2c2e6be0e626dd1f643df5d33951654e48e19395d76e8896778e7c77aa785,f83bfacfd7f1cccf2d4b4a211aef6a4d3244a5bf8a8b19db96f16f21388548e6
F75S,supply_097,2286,-0.06917710185737713,False,False,415851fb4f8108efc4f835fc2702cb4f3259fab64ab60ccaf1a43d741f0c5657,da1546bdb2f98b4a5be56190cb7628ed6290c7a50a07d0517aa11a30a0f20222
F75S,supply_097,2287,-0.0742525772072668,False,False,13ea6dacd9a71b2960edc64eba79e05845c1ae6f0afe2ab65dc54488f96a35cc,ff59ba1eb4fd99dae4025c4c95fa26e4ffb1d8eec4d3e5dd14d0d4cc908f9344
F75S,supply_097,2288,-0.042698706203861514,False,False,256927e2009a23be360b999ae77df70edbb5b8db013d3733f3042c79002c7091,4179248176147fb435fecbc75874dd0e887b557fb7103aa7a2734ad0ab4b8a32
F75S,supply_097,2289,-0.10683137334237475,False,False,db63402a72f3b7bcf631c0e709b49dfa6e946e3a5dbfd5364b062c428b99ae79,929dcefca87be64e83a54078b334f47d5e6ed53889f51a190f395d8793dba4e4
F75S,supply_097,2290,0.0048831374722621,True,True,f84768c3e84270ef3daf500fa2ba6677e9272695247bb96c70653454680a8051,a480a9bc5660833a9415d4484f6a9e021f88ec2f48de94eb3e2a49254e2c6100
F75S,supply_097,2291,-0.06639253883832386,False,False,bf50b1d98572d9d2dd3e7549e53c2cf850684fa66945e5858728995bb03aaed9,893ac38c606b103a6d6135841af7137e144ad3654f82f3af61d5c4375cb71b90
F75S,supply_097,2292,0.011213093950748432,True,True,1c06e4f3c28a70594676f063647f3ed7c3f02b9acc24ad7460094167d7d3c527,ccbe0544a6d382dc26fe2511308418c9892ed587416e5a01e0e0ef27e50cb244
F75S,supply_097,2293,-0.0532984171748796,False,False,21cf18966b9a31619c09b61bf0ab3bc914b52aaec0c58ad540b6650c419fb774,6f402f33ae4c519c783e9d64a4ad869f31a9c2c1bca1d6cdaf45e5501e401dfb
F75S,supply_097,2294,-0.02815681573012102,False,False,f7e4b01171d0919489a17c6b41754d07ef4484a173441a6ae0146d9e2952c2fe,eb48f2fe31e2d9c31989979a91e8acf377e56dac9974448339638c3b417f16a0
F75S,supply_097,2295,-0.04797391337641699,False,False,20154f7468078af28044c89ab866de98867966929f99f777e44a76accd2ce2e0,bbe03c1316d057fb0af027906ba978c832eb5bdbd197188b60ef44efe04d3845
F75S,supply_097,2296,-0.030451400954085273,False,False,fc35613500a4969dc1b56d32fdc96dd83734878f5d69ad7209cc058966ea28ad,e26d54a5f896da000fdce06313b250dd80c533258d17da246f67e1f545b8039a
F75S,supply_097,2297,-0.019587170756714956,True,True,a90bd5c886c6b1357791e47ea15b00e9ed6a7ea3b7730aa8243f8d5aaaf97895,c8b3353a81f6b7987663e2f6dcc9f24ed450816f96880688ce22b1c6a30a7b40
F75S,supply_097,2298,-0.05787765331224126,False,False,bf8d828d0f91e4f3af0baeabed396ec46fce4782b68da6223f3e19e7482bde96,8ce2be04729b0fe787fe026a82f7b40ac079c72b4c8eaa2c2f08644df94ee285
F75S,supply_097,2299,-0.04419103234832433,False,False,42e79c5143b2758de6dd6000345bee06a5d643a431e7d70a57e133f464cb5d87,dc4d02187687dc574a784bfccda4b29c4e39c964defcf5ffb22c2b0e928f6ecc
F75S,supply_097,2300,-0.03542625076995487,False,False,ea23d92ffc70da042b7da5fb3ab12c526999c778cb2a65c4595f098e51d9c65e,fea84c9db9da5ffc8c84867bdbc98738420bf143f50258c6b3be7fc36d0d8b0c
F75S,supply_097,2301,-0.015793671949435928,True,True,9382d2a377c7c80b479431b14de3b0946994d5a6811462af3c359f1bb54863d5,007e17b5f50b803c10a90f3dddaaf3e4f3900fa108a8501fe13e9b6137295732
F75S,supply_097,2302,-0.05270104405674114,False,False,acb6dcd12093fe1d66798c3b4cc41e69e7d32ee385591d1eebaa3438d365a88a,0d1e5ee69d9a1dadf31dedeb412ff489dde3b4d7e3617c714351ffbeb9ff61bd
F75S,supply_097,2303,-0.0031626625610262638,True,True,09da65384a86ca04f6f5c463aa3ea813077bd4b08ae05537cb661db7e914ca24,916dcc2c25669c7f7b0e10463144adc6693e9ad8998a9eddd24aea5d65639c1c
F75S,supply_097,2304,-0.09382352912269465,False,False,05d6e4acd5866e01ba55330f5ffb4bd8cd64f6e572b8eb9b69d2eb7bfbc4b9c8,443a6aca01f556847ba71ad98489a776fc4f058f79a02e061be059619b1c2df5
F75S,supply_097,2305,-0.011969773235324,True,True,68dae1e9aee3d868bb95adc7466478a47fb9264bab79c8e0e3d651f81c2f7a93,ef871014c09b86de38426cdaa18418070ae3595f68ec3bc79f2bd0a7ffde8a7f
F75S,supply_097,2306,-0.009708728692370772,True,True,0fdf77e3418b1ffb1e4890d931a4658af431a9589b4adbd5d6ef9f54e5bb1db0,f51f255ff8069565534e97e1d87f0579736ea631ed240d82ba40b80bf6095382
F75S,supply_097,2307,-0.03045952536267965,False,False,3deef030309f827291b7ca762211f5a847c02604e21d7ef87cec7d388dbfa17a,c7f00ec98cfc344570d2cd342f4c42c6883961dede46ece91485bb9d0307edf7
F75S,supply_097,2308,-0.028689281202058492,False,False,8d74fff241ecd490d8ccd9d98e848a731443a9520885ccc5d1e61b4ed3e43c3a,e4b1837e5a49f28cd03bd16c8a8ff15fc59f387b5c196fb516cefa0745f15634
F75S,supply_097,2309,0.004335610652309474,True,True,cedc6830a4073cb44db192e3932f0710929c93112e01d52751f8c8db4eb83c98,038952db84833bcced7f643b2b62581eefcdbc7287a341e7d060e547bb56efbb
F75S,supply_097,2310,-0.09948731347645695,False,False,520bd0569a02038a3a2bd10dc00aceae0be0229871a74181b37957404f33a2a3,a20ffac45050ab7b3e6052cbd49c13da172c1bcbc94e1c1ec6be98ca79da53bd
F75S,supply_097,2311,-0.0564340315515488,False,False,ac075b1485e8e5629d78b9b0ded2209c5360f0e3a54a83928ae028ee36795fef,b804cd4142ce767c95c93161c8f590bbc5a93f963e62d706d487f2f529fc8326
F75S,supply_097,2312,-0.05563169655823019,False,False,5c17df311c4d3ce9689a34bb760acb7adf443c6e89ccf8da1755419f19622900,338a44d89c71f30281f3a58bd0c26cb4105e29a6e6bab6e416b6bfba0258b992
F75S,supply_097,2313,-0.04261433868558567,False,False,20e3c4e29faad690ddf9e4fc1c2488aef888737528908b0734dbb81784bad380,c2a781b0d5321a4d257544eddecad4c1e58e7539590e755154e214c270e70f6b
F75S,supply_097,2314,-0.041353124729538115,False,False,2d5abf043eee34d946c9352fce5b90d58e82e2d6c5abc45d0a61a5e735f75b62,4ced98b710fe6336c8e582f707791d08d3280079f15b46c59f3ab79d1c94dcd0
F75S,supply_097,2315,-0.0005134269819475623,True,True,41bf6036789be7802415af3c0db5a0a36f149e92736f329adde61cbe5be70835,9e35a4b3d538595e153e625ed3c6f4b761ffb476a6555fb9ef9aac8377fe91f7
F75S,supply_097,2316,-0.005901769541314494,True,True,4f2f8ad33e01f9ab557a99690d2fdcf0fc685ab49797306e079ed99424142ae5,6ea14157b29ab8bc1fe58b458feb79a883eccdd97da42abf7734032a34406eae
F75S,supply_097,2317,-0.040237569791276906,False,False,8db8204c7e0debd1b852f69c180a3d3fecbad9dee419ec4bbdaec0a1ba4d2e61,94ec99fe26febbdecfbbeaf482549243d157c8c8c4b7d349c018f197687a2663
F75S,supply_097,2318,-0.049058833181678974,False,False,fe1a1a0a6c5108f625eb18044264e93a6d09da029d3b7b3c2e580e34aea87757,e814c60bc35e2a64f0737f3d6c0b5bac4aaf555e379b51213e73e861993cef7a
F75S,supply_097,2319,-0.01138976659425811,True,True,feab408c79948702bcb8838e0592add55c68e10db5c014d7cb07a5da6bc37987,ef89d9e0e4b2a3a7abf33e57f96423ba68a940a1421bf8519e02de8c40f95f16
F75S,supply_097,2320,-0.026494928539719964,False,False,30bf82f13d6bcedaa9ec2ecdef996d8954f889efc75139b557faedd5d0b4caa8,1d0247afe3447e42c73581dde8af000346ffa064ce7ab5ab843621564a5f23ae
F75S,supply_097,2321,-0.051578056523058025,False,False,77a9bae15a693372033686f82692631aa1168d581762185a57ac1c535df31fe1,1e125ec6d863efc7fbc73430b238ad8258cab6975ea1ec6f81d67223c93ee62b
F75S,supply_097,2322,-0.017662954070919668,True,True,6eb736f4782030cd1843879fc060f85d75e048eeada0aae38988aca37b1b57f5,d9800af42e1c8c69eb9e5a86a667df9f7fe52087c7a614e88d6df8e1246e2f60
F75S,supply_097,2323,-0.06483130728191394,False,False,af86ef1cdc2fb29f97c6e226d4616b3a683d14b2ec7890f0b1f6207110b6343c,56648794aa7f1f4904c8ef6a10df05215ee92108c317ea8894147818763c9c5b
F75S,supply_097,2324,-0.0321760796711032,False,False,473cba76a7bdc8ad2b776107b8908e6ea2ca37d925bf57b1cfb3f62aa4501c9e,1fa8fd987b83fd15f10d5a47803a2079d3f615b7b80dd5ef5738d907640312e9
F75S,supply_097,2325,-0.005793018472418587,True,True,28a72396687b3dccf08f8365596937c53df37f4ef898009b9c68d971a6f74cca,70b57cf7f284f033ccc5b7266059d01679757e9f0bf3c41ba0b47dbafe8886c1
F75S,supply_097,2326,-0.05045080759937448,False,False,4bad0c5d4802b6d1f042be2367822b5eb79f5df8c27092ecf3c8ac84d49d357d,e1048c59d9527118f7a8f85e867a673c22466aab051948438086c1200897c899
F75S,supply_097,2327,-0.09976325156835197,False,False,7c988f907bcfd24d4b4e5bfd5e3f408c277e27b1e7a92aa2e7695b27b603ddd7,c5b3bcaaa6643fac0ecbdfff9116c2aac947c177bb5ec322b34df0b0967a0c99
F75S,supply_097,2328,-0.02536920285496369,False,False,62adfb9d9d039e2377158b02573a532001485b747acfc9814fe885f98263c89d,64d04e3e843043811d831cff64869e3137ac1a27f3fa851b0de2ad3c07aced2e
F75S,supply_097,2329,-0.015747801692965024,True,True,d4cec37b614eec14827b20c932efb5a2d9b194f348af6782608a56d5329000c8,ea9ce896aa3b5f6f4d0089a0bae68ad81171fa628e44e97994edc6508a67eef5
F75S,supply_097,2330,-0.04958154886313115,False,False,0ed08e5d84aad0234fa05e5891eb5fa9d01b55502369d320741cfd2c9849ca74,69178602f0578418533ff63866014baf8b505e766ea241b3ddd04da493242634
F75S,supply_097,2331,-0.07699968107822575,False,False,09da09172d7126bfbe6b66498de67c9578c3b9db45db4c72b12e2e27875cd40e,b6e9ae919e247643f8925acd98e9ee3a6b4fa3986bebb9dda2652a9dba587155
F75S,supply_097,2332,-0.039149313085369175,False,False,607dd3fb64fb399a0eb0261aeb6e2ae7e0e9eea4d69722df27b3b5370396fc95,94cb03071168caddcd9a23ea6ed7275432731cbbd967188eb56fcb6ddb2334b6
F75S,supply_097,2333,-0.027929578645507602,False,False,6839c2ad69303d6032bd32a9578e49e214cfdc37976b4d2026999fc7e31c8701,5ba38a7158f07b751a75e53878ed162c0051fbc94ca45001855436b9f08d3cb5
F75S,supply_097,2334,-0.06603572550385695,False,False,7219c7ed9c27de13903c3a87736554a464888e2b41f72226d7c433a65b3dd722,5df478b3966579381c79afc8cfeab919ab719ec253e347e145b7b85de01e53b4
F75S,supply_097,2335,-0.014494819149589888,True,True,266042ab8a37a71c010862b594b4709ab29dcbd009d74bd21c8f0837be3a3e71,052da6472e424f8f16a9acf7abbcdec71c6d661d8203297e53337be7c4dd0b46
F75S,supply_097,2336,-0.10501870915304978,False,False,db27c3b7b806c31bd12a166b90137996cdc35188664f90f099c95bf9a80156dc,637d3d1182b6e7bd8629d5fd639a99ae35f039b781aaa81b32a76df7f3ce2d41
F75S,supply_097,2337,-0.011487476147430287,True,True,58ef5ba8ff88f7bfad5d8a1bc40a6897b5c00d70ee71fb032dd83893eb2d0f60,7e2709c697c4869434fb5761bc8192fc13dc011579afef679062fceaef0c5c2d
F75S,supply_097,2338,-0.10043851473360849,False,False,8b32ae61189f62e2aafb1ff3bd162f8b27ddc52e377e85a762fadb67ad61e645,79127dbeb75b7218318f656930b27e448bb4b609c6793b8aab8aa158a63f106c
F75S,supply_097,2339,-0.0510565552285448,False,False,22b041abdcd32e72ef6bb9ddc08817e1c7ea6f058f60964828cba5e4ae5d6850,15b17f91d48b495e7cd378f5a438ca80d22672740e0c41380b9f9da574132e8b
F75S,supply_097,2340,-0.00032078950942920903,True,True,5af7cfd5f23093e90b7aa933243ab1ab9a82d1e1cf87713b7217fb36f6edd347,55e58fa892f829dad8bc70dcf143793833d6eb963e6579ea883c4351376f79c0
F75S,supply_097,2341,-0.08297866804505583,False,False,bfa5a2f2ba39e1d795933e45bbd79331657adc22475e3902adcb76e55e42ecc4,d9545bb6f4666fa7ccfc8fe758e6012ad093712977e41155117be2c0da57df77
F75S,supply_097,2342,-0.033560026270956,False,False,9fe7888ad5b282893f15b6a09fb14f28743f27146b67c15f78ee77a4244daadb,f32759ae94b2e22ed32008ac80d64a1964e5ac748e60c6d1f2fa2c356774ba44
F75S,supply_097,2343,-0.042602544885043114,False,False,146f8e80bcee28e20f8d37ed8695780ff7c523aa1303b8b14341adce05c7a709,b3ac4425b15efe349c31dc6f534c40568e6ac8f09eacf0191c1591eed61c597d
F75S,supply_097,2344,-0.03586832980553517,False,False,695c255d5d88b345481a8be3feae30f292c9b955c7796908dcce07febbf16f8b,09d4b6fa8075ce95cc9e27a8ef732e149f74ae9847be74f7c7c78d25a54b72b6
F75S,supply_097,2345,-0.033318117346332554,False,False,2eb21e4c6a0d72f51e89bf925a56290f82e4b45f5cf4eaa7c3f0d19b5403f9a0,5abdbb2d681752b41c5b20e828b76b4f71c7be4a8c766250d690dd79272bbced
F75S,supply_097,2346,-0.03935273847883469,False,False,f7e982fa59be1b4f48414a0f848fb4fc55bad25c3f16e6c395fecd4bbf97f255,a7f2a11d1ae0ed4c9d3d6edd88462e498705a81ccf1d33ad7e2e75def77fb006
F75S,supply_097,2347,-0.04046715943403034,False,False,64423f2c9fcce0c977a6bd685d5f61c87c96ec4c421a4a7020893529cc212922,911c36754beeb9c6ac7ba5af8615ddb27f18d2404449c58470a85024bbbd9422
F75S,supply_097,2348,0.009955076803869423,True,True,4bb8ff05bfbb49021970a3e6817fd85c45b69a879ec7e8b7d223557a6794a970,67f935a8f4e8e8cabd6076b20cf06b3fa53e0167618067dfb11d8fdce9db16c0
F75S,supply_097,2349,0.02479979371780039,True,True,b1673d49e55edab1cf3495997f1058f11b7958d4d405a77b7de7f2d1590c9989,083464f38051a3d474246e5fa78040e6d2b71d78efa4e63681a6498d5e1f9a9b
F75S,supply_097,2350,-0.01455993042920467,True,True,6389f06e15c7a03a29bac76b17f622d64cd8817027d61de9a915df9c3bd80d8e,ec6ecaff639bb93ca16ae7f0d6b29e6a51350fd76b5b5bbb0e275e3a1e26e354
F75S,supply_097,2351,-0.030766378207787215,False,False,87082198bb543572b2f888859b3bd20593962095ecae5f255c92ee7b5fe7a41d,32ebaf85c20d7de56846f10ece8b5529a56d87d952f52f6a432c006f39247058
F75S,supply_097,2352,-0.006304583215180903,True,True,bcd60592075900e0b7b38e14181f4a85af15cdef292b0da251ef80d66b1aba6b,f53346be396292ce8902de414bf018bbbbff2f8a3dd02293c4b5853e1b21e5a2
F75S,supply_097,2353,-0.07937013645250263,False,False,5a095f2ba2346c938ddca3cf09e8b0465d39de467406887e5e3fd5e61f443230,33278aa12eb024b4aed12bf2a3198765405eb463ba97cdd381cae1289be18253
F75S,supply_097,2354,-0.06871410018326551,False,False,682a4accd9b735a18f761b2483775ed5be1e0c6c9c9d56be6cb3a0d20dfdb16b,89dacd766427ac6f9839709c1ed59cdc9c86712ed96bcbd18300166bf213bae1
F75S,supply_097,2355,-0.034757858663632846,False,False,2cddc3f23f5638ec4e1979e0c23f878887c20443ed8dcf7d9a71d0d5fa6947dd,5fb5e83330a70d03823f4a8f8a24fef85505bb0f38864ccc2001121929bda64f
F75S,supply_097,2356,-0.043749275436730906,False,False,24528cfe7c37019a8fc5dee26505201b95a335ee6ead9387cce575358032e1f9,ccf5633f32f63225b75d1c9783b86cb77833bb7a558f6438ace37ce92f9c7587
F75S,supply_097,2357,-0.02774888860661978,False,False,10d31a4ddfeb10a3ddee6646b386c98212b5ca1da7dff863b78ec4a6adc06463,fe678aa6fca3d055b81ba1c7c20c6f51c0ccb1582a4268f1a75eca1d04a258c2
F75S,supply_097,2358,-0.04442552594511273,False,False,05f6d4813385d62abf0b9a97196a47e4d4f93314a06f0db2ab08b6695d163b6b,969eef84b0563287b4ddc767883100d606c274a7c7999ddc4b8d5692e7f31768
F75S,supply_097,2359,-0.03479834843071994,False,False,86f59da5354464f1538a72937337cff3aa86a176f23a46050d90b71011d7d4a8,6c751c4fbcbb287356bf2cb58c350a3da9cd194a829bca027f0751f1819c502a
F75S,supply_097,2360,-0.059024076519485325,False,False,5db03fa1ed09e07444ae82db5c7ff4a863c7f9d30d1a5018a4f26ae285c5f8a2,a9c2460bf59c71ef66971ef45f2ec394aecab13109928286de70be04129aec19
F75S,supply_097,2361,0.005921791173196911,True,True,15deab4e654e4d5f2416312b241e8fbc20eb32e175559147ebbcd92cab7391fd,747bf48f485c6ad52614f7314a37e3a73a0587fe07d9d46f685428e540fb6132
F75S,supply_097,2362,-0.04507964890766181,False,False,a5b24092068b2f91d59616920ff2a87173b68f8cafe0c0dd2412794234e01e87,8e75148dab75da9c447dda4130589e8410754b1693d20df368c453db4cbdff27
F75S,supply_097,2363,-0.06567442270263335,False,False,2c558956425fd4aac5846f61875a4ab569e06ec3c0030aaf0a1c421cfb5612cb,838118e845bf2d44b1fbd9e37e076a04c41a9dcade0776ef22dc393db3a6038c
F75S,supply_097,2364,-0.02045540110039573,True,True,fd100be9e3c2e8cb8dcf86e298444c22eedcd11c3067ea7936afa8cd9e576122,5fd0ef50090583ed417f72e5c8742b8f1a970f788695d443768729955b3ed655
F75S,supply_097,2365,-0.06534357889152842,False,False,e239f2cdb943360e9854352fc78ae9d27e2a921694c1f734897ea97da29278d7,830a05dcd69ac6ac6c8e8b23699ee38cd346e739f8e34a1a5e38684ae8a2bc7b
F75S,supply_097,2366,-0.012033054207423177,True,True,dafd44d29c7fc1632ac4af7cf210036dea3daae987a1c611001a681ce49f325c,af4782af94402b64440d4a679880e61fa5b07b755297f3939c72ccdaca1da084
F75S,supply_097,2367,-0.07737274512309633,False,False,cacd7e036e397d3589ab26cb03537f4300614f2d95e2fb5abec62dd0e7e0756a,23da2270e1dc1ca06d14805296f7c4a6d1361ffa6a68020cb23873ca2c0bdba3
F75S,supply_097,2368,-0.0003551721880087344,True,True,2e3ab16285606d2b036870ac768cd32665ce212da67a2043fe46103e2720f090,5e5b9e2c9a50fc5b5ab2691fde3fdddcf1f60a4e4c87ad2368c6956b9c29907c
F75S,supply_097,2369,-0.03958856924529591,False,False,934050239e3ad2e6637c78f2d483abd62d74d593e6319ca20bfefc2db302b095,67a78c388ac8c73db5a32f2c05c35ecb3f96dd0b4cfe6f9f7ff3d4483da9f003
F75S,supply_097,2370,-0.03405834798092611,False,False,7af5f416637ef12fdc0d3208f960863374dbf5215cac540477d5100f49a835c9,64a150e894ca909d5063e28fa59261c8ccbd1ec6dac0a6d051cd48624498cdb2
F75S,supply_097,2371,-0.00042237847342263546,True,True,e56a595e8da3fb31d8903f0f8edf45c2a210186456e86b45e20e6e6e27c878eb,cacfada0eba142f9778658e585b6f7e53f88daee8abf5911a8bcb0733c3ae097
F75S,supply_097,2372,-0.11845093962351577,False,False,edff4e2e717fb965ff2105c78dfb6304d6ece65c3da92340fa8702a6765f0efa,65395bb8919dbb0d4034f0c9809dd404cb2b9ae3a15f2cad0493857a96a2c2b6
F75S,supply_097,2373,-0.062343737456600934,False,False,9599cbb63829b7a71bc16faebb83b44858a03547c2084e5bbb5e4c387c0e14c7,36a606e49206f5a794d3cfc1a07b44805bc6f2cc534b1ef240551ab215e3209c
F75S,supply_097,2374,-0.03735011244057651,False,False,23bdcffc1032df21a4f77a52533654015312eaf5482d8a5e431d568aa5623613,f99d37da7ba06b4330230e40a55b0b680fc4797d102fefa50d3215810d1ac12e
F75S,supply_097,2375,-0.035202166882847274,False,False,a3fcf7a215bb3d9c5206527c279b2454a014ec11c396470215088275a63b6313,c650e022da8d3929aa96a674c99f4f65719e9e21f4dbd2b692ff508731f2a27a
F75S,supply_097,2376,-0.0603561212741045,False,False,965ffa3f78c8da39426fbd20656cced7a41900ff2ba96f33e9090b3efdc2f7bb,a143d60da4008cf1e57c657f82adff71d5374f5841e7b9a932a5efec29e108a7
F75S,supply_097,2377,-0.04628736254966592,False,False,8816e11ffbb1d6f25e98e89cae0485260f9ab001a196deb373de31c82d3caff5,49a5cd279ef770c6673c806e02df9e04b471571e2057161137ebe4bae681c5e6
F75S,supply_097,2378,-0.015097900105342676,True,True,e699ac69a226be6779d2f50d2f0895b3b5f11f6fe2889881584e9c95b4fa27f0,113117937b4b4e66af0e2ec22a18174bec4d0ad6224f8e221ace00c2f732f43b
F75S,supply_097,2379,-0.07624358188328262,False,False,ac4b3b87dbc122fbdcd271f4ea33886db76d2dbe12bcc8b9e70d55a7e3a1a5e7,f35014c49a8dd821b0e41fa1a62201c62b51a4ae9676bd6a5286bb6c0730a257
F75S,supply_097,2380,-0.05288443549805388,False,False,1a016dc3f42c718a19ffaf91732d6f7e5c733585b8c36a3e71cea4f1d42fc35c,52ea770ecf4115f64791101ac4f45e560c59a318a67111f47287a73637876f3d
F75S,supply_097,2381,-0.07621736023349063,False,False,3c4d9eb7931e1b47fbbbf2f336dc5fba83eaa09aacd14adda0cc0ecb680a7e14,4ed8786b3836acc3286f09b854a9232d2babfa5a2548113a91a713e73de5ee38
F75S,supply_097,2382,-0.008494105944158392,True,True,8f787ca93eee8d9f0f3ca209b0d13e4fc62a4bc97d848d15f3e7d60d07a9938e,cc8ada81a4a2a105af68d6015405754fc36a91c8e8a63b0aee4567f5ec4021b5
F75S,supply_097,2383,-0.05934067018822181,False,False,742504997cf4037e4e1361b894970c7f7d3ac2321c186cad28af3847311c640b,8e5d720a36c21c1704dc7f92e2bfde5ba4bca562efaa3aff7522302e313b5ab9
F75S,supply_097,2384,-0.08109792960990925,False,False,01781bcab7f0309ea8435616ce11fedd535419f1387cf2b58d4339a8eb49e694,9917d92986523e7add2665590b261aca0205d7e990f3eb66d4d6cc0a80585c55
F75S,supply_097,2385,-0.02269349839270063,True,True,b02c29db287039acd145d3bc468f05d85f962757c3984122320a424df7fd850f,82256f57d8290a246acb10626670da8ec6e0c3bf363800eef3ad3a134e75efe8
F75S,supply_097,2386,-0.06299769979374359,False,False,03cbb082fc3b6015b617fe1cbf04f3fa74e0046e8f237ed93a260ab1370ef0ec,19655983def35de19a7b909a7e4253654b7c78569c4031a2392273ca7d38a1db
F75S,supply_097,2387,-0.08973175589544163,False,False,55ce64d40b27f2dca59a32eb5cf61896dc77a1b7c53bc84886a84f6b6debd3d4,e49670826b18e31255ceeae02b1be4970d7b10475c5b7b6bebb67d8c40bc630e
F75S,supply_097,2388,-0.028164476855716047,False,False,f92e4644bd8ca1f3842a07f16cfed69449c09509104160e21453643a66f510df,31a64208c951956abd6fe68bef750c91df0d5cd15a2047d5a86596ad2fd5827d
F75S,supply_097,2389,-0.032661942689305334,False,False,5c4f3a8460ca76312699e72dba2dbf7df331f905d73bef110e35ed9c48de9653,a7bab1aa7fa76cae44b7616ee6e4552c7c0dd14e3b83fbd7f08cb40773476513
F75S,supply_097,2390,0.0038874971191152907,True,True,5ff21a8c1f36dcdda489191dfbe0ff115617af46ca2ef4afb7c6cf5e48dd8626,a22f3d4a8f475248c871c8370fbbb82fde3281e090491d596b3032a0b9be3a07
F75S,supply_097,2391,-0.007697738706709423,True,True,5b5e364299c5bc911858359b55db042f790ab1bb0bf7ac57424a94d4c5d83f8c,cbce9a68166436483dc0ec07f4869b9a15f7a02a11875359cb81111789940bd0
F75S,supply_097,2392,-0.01993248322822111,True,True,bbb4386f9eb04359f26febf946b755373ec41d0891e3d313dc0bf1ae5bfab69d,d0bf9e89f28e0c8f45839fe64de870b5a243a6ba2f91ed30f610ceac7334369f
F75S,supply_097,2393,-0.0636180361041484,False,False,a448105fe5966bb9781c774f7f866fa3e362d2e9d556b8931c5887340c4058e1,845d1f1eacc4ce6e53d4a1e2a57db7de5ba4f31c7fc4e3404cf70bc4f533a12b
F75S,supply_097,2394,-0.07052126250256296,False,False,1ca9af18101e37d6614388ceab07bdfad9128227bf3bf572f1643ff67f6a3457,3ede3f8d9f643c85ef25cb040fd75ebc7c5a33d82132eeee387d7a31e11e7db3
F75S,supply_097,2395,-0.078876224597211,False,False,505331d1ab2930479cd78fa858ef0c69e1e0729937505ee5acc8354319526203,bbb864414b80d7f0ad6290b2ceebeb238c372a1a5355d49023e31855b41fe31e
F75S,supply_097,2396,-0.0389870328003189,False,False,892626612f538214d5438fb0b74bcfdb8a00fb0ede179ae4ae1af9b2722c9ae7,66ad68dd0a17c8a12c7f728ec91cab91760f1e2cf1b91c465934b6294c9c970e
F75S,supply_097,2397,0.03533544598706917,False,False,1ba57e46d46864905e3db1a08cd0a155a6c92e418d6c731f9f4eb1b7ad93d0d2,272a399fca3cf1b82d0801aac551de2ea5978d9b29927c62978469f0fded8bc2
F75S,supply_097,2398,-0.0563769869761247,False,False,c6f88f23515f6bf1d711a5297d9c0aa5b74b258e8317d45abb9f9695c538f92f,52372dcf07a40e48315ac492c4a3936c5bcba6bae1a048cac137e4f9efa981a8
F75S,supply_097,2399,-0.10598858695244229,False,False,53e2cf3f1aa3d5a4bace2ab6958c2d5f3a0238f4424f01651217f53cc369766f,25b7b6a1d7eae0999e331a96036bfe1279adb8b6d6638ce6b38ea689ed5f6b18
F75S,supply_097,2400,-0.03048597614835663,False,False,2a5de1e1b7722194f226f95afa880e63fe1f20e75ed7921f1daa6a43f533d0ac,5855e75b2c4371ef7dbeb3d0276df59dfa8ff74ed9ec9f3e3ac10cfc4318f029
F75S,supply_097,2401,-0.002906777940663019,True,True,fddb7707e8eecc66eb4d628fc3e76e1753ed45f7ba404c3d7a7253dc67743563,1fd01073fa24ac398c7b0ec9a93242648489906194191ab007f6d039eedc0142
F75S,supply_097,2402,-0.04478588647552284,False,False,c654899e7b9f64f129a165756437eba2fb6ea7586ba6246d6e69e23fe367ef4b,524561ae9cdc87a7d5460d04264b900320285b97e8b08401fe7f5f7da13a6ed2
F75S,supply_097,2403,-0.03851459181687977,False,False,e076d076774f77882a2bed06b7c733ba9ffec8fb2825429933bafc4d40863231,bd08b4c7e52082bbe96d9c2a82f9515293c9420f638fcbbca5d1e9460923ab65
F75S,supply_097,2404,-0.04002182871161064,False,False,c942296a184972d8d5ead2f1241cff44ffc653c198d9efc5c7ed87597ded1aca,6c30c086b569f1de5f47983879a27c597edb6960ef2541463f8ef9dbf9520962
F75S,supply_097,2405,-0.04244254000741926,False,False,4496fcb86dbce2c992e81c6a7ed2552af410d25e1421a3af0c60461d15fc8969,21b14004ec78d999d915e27461a1f63ca4bd5042f910072bc2dd25570e8de5e0
F75S,supply_097,2406,-0.012886041668843495,True,True,8551bcd29bbcd1b5c09eb15d0683a6f6346c11c0fb1b6fc09ccb19fded447635,140dc44e42e8858e13cb4340b3837e98b46b2befbea4e970ffad7a770f27e3ad
F75S,supply_097,2407,-0.044127250176099586,False,False,834153af46b09ca10a1a643005890c1abb8fe6772d2e59c28aa439b6a7925458,ff5ea742e00fd8b76cba973edec466551a919cf66d0c40c16e61dcedfe9d470b
F75S,supply_097,2408,-0.04416326573387608,False,False,da4c8172fa6d4756998e0f94fea8e10d293d7b5c4ebf36faf1864eebc7adcf49,9024dcb0d640ccddaa58bc0909d85e2dfe39479ee533f3be504691a00f88130b
F75S,supply_097,2409,-0.03555729415323938,False,False,edd228fd33c13d0525961656e67e63c43dd2012593fc6aef32b5282a8909b218,0956a68969b5f6a26e06f872deb8b9e53c4bc85b49d59bd4cc896704510ba076
F75S,supply_097,2410,-0.02512309944629837,False,False,bc56e2e8b3e2dc3bef56352c5a37d37a4417e7ffc7220f4c96ea53065ad35d47,67b8818e7c555c8c29e0c37d0fe8e38bd00e9570d021ecc31cddcf67eab15d98
F75S,supply_097,2411,-0.025740093100041217,False,False,f1fc0834b892b13b96cb1ed788272078f10990b0fbf8b1879ea64148a962caba,8ffc67f29b6695a4a5417b40354b674518a95471eae7070928e8d94018ad3fad
F75S,supply_097,2412,-0.053124652634967684,False,False,3f24d490e55e512a5f1d7c97202e245f6f70511461bbd574cdb53356833e12bc,bfb95f5fb1cdb0e5f508e2c454ec10ab19a9853bfc8fc480d5159839997b7b3d
F75S,supply_097,2413,-0.021973549460530872,True,True,fcd6ae1f484902a440ccf7185856e6ce08f2dac34f114795f3a7ecae00eefa13,25523c8db7c8baeb5e7f1d1f266c504b664feb4eb6d008028f1ccdf9c42f3824
F75S,supply_097,2414,-0.017255206309611915,True,True,031f376f7e944f8c58940af370a49a838a3f7d6a19b56a509043c0ebfd3f03a9,152e1c7e24a2076d39d5be6cb707e09ac93b5ff9b24cf77dc93b88ae315313a9
F75S,supply_097,2415,-0.05409018507817587,False,False,f252f3013b4f14dab3d1e1437b8bfbf9db0db1334f2a325a636f18992d62cd76,9f28efed51032c1ccf48400793f303bf190a7e205379f8e4ce5afbf4ac1bfd2b
F75S,supply_097,2416,-0.0609048128979956,False,False,f495b1625e5544ac43dd53f02fb9bebaafb2549cdaa05e411c2233f90b842368,bdfb0437c56fd604d2294f00d308bbccd6260ba354174d850643da9a52dac81e
F75S,supply_097,2417,0.014916699515845622,True,True,2f73e39d7b5aeb3088feab7a002607c2725047f0ebf9c23772e171e355696a7b,d98bc9fe8b6c82b0806624f6e395413399fa64feedcd1f6c41f5719bfde4aec1
F75S,supply_097,2418,-0.01606932974369879,True,True,9367de95cb0e5d6fecc6e000137da3f6388d3cd8d426696ef82efffd436903ee,0b98719cb90f4ffaa5ce2f5d52f15fc8b74c8a446662cb557560abe383189e0e
F75S,supply_097,2419,-0.013426730033183454,True,True,f0e700cbd4877800a5bc6900ded1c89a7dda4aa14a4a9c18533eebf4594e937c,0134742ce704e91af7977138a749fa1dbcee64b5b943209e2a74b9b95b826dae
F75S,supply_097,2420,-0.008165901933592679,True,True,105b76f7ce399a49f57f7b82408b3209e0bf6faa407f542362e349154a94656a,6c0152cb3d59d96121c144729592f7552475bb29b959290512c8102c6d0bbe6d
F75S,supply_097,2421,-0.028902039087553455,False,False,e8397122eb9ec6de4cb0a3200f4e4221135585b6a789f412c50a68d480ac04b3,e72d96e62232d0b2de633049637f18d20af61318519db4adc63061add7984966
F75S,supply_097,2422,0.023912232932611577,True,True,6c73b4a0b304eb5c5d82a909657add88310c7f112826cfe305d44d839e0deafb,0b98f3949b599123528654a4ce913cef1f30a2781bbdc99741ad0ba268bdadb7
F75S,supply_097,2423,-0.02657760906735135,False,False,1c2ae393c2678608c52c31d2dc1b91b039eea923a8ed6e77483289d6c055050d,b626ba6131fbf322a6023a229514fe2adcdd2ef42e1f26287a2a2829ab0eb1cc
F75S,supply_097,2424,-0.032707950795255236,False,False,2cfc2c756bcd9a5596dc41f0399d2fa7576123dd80ffb0361d9f14609d82ddf0,c90ad658021b1f057c2a23c2cfed680bf08f1b94ca84dbfba86b5bab544240d0
F75S,supply_097,2425,-0.020977699556751217,True,True,6d79a65105c4c7bf66e9f5b93e1c908857867db4e1ebbb76d5efc64ab7b37b73,b9b26d7e5ebad20a795efa5809e8879b6355ba6fe4a19dcb052662cb7840ea9b
F75S,supply_097,2426,-0.07031349122357333,False,False,11d76131c553bbed0f50b443f4b37570ade0b20ccde02b34041e9bd20e2ac1eb,f290a915869900b8b13086ccb218f88fba6ad606a947072ec8d187ce9e12f7a4
F75S,supply_097,2427,-0.05040683429560128,False,False,0b4a7fb010897cd84a81de1745b533c3bd33a27783c3916b1e46e41b4dfc63cc,e37c372ab3ba88fd2d16c519f08dbc6bf7b04d21d2195552af8cad201bff3576
F75S,supply_097,2428,-0.05889200986792742,False,False,3aa5becca9e19ca1a028ca5c474ca0778fa6a15078584f931500a956c5c71d1e,0fe615bb14fdbeba2d7b439ed5b5109408d433bd71c5f3c14569302a21add8ff
F75S,supply_097,2429,-0.040806708248939505,False,False,94985c83af0ea71eff7c88231524ae6ab83d3a8311ca80171bce6c633957e219,9c861e7bb13e598ea35331246a5f622d768b3887d7ed4ed8999f59b86bdb6594
F75S,supply_097,2430,-0.06742168501665669,False,False,03d9d19242d7022347d899aa57b415a18cc03e6c4396ba8e2087de19ca841982,9d0b3f44e11f3d028aa01c0b1fae4ab89f6dae312ddd1ee5c0b7aed3d5593944
F75S,supply_097,2431,-0.03182949478950009,False,False,593d016e8cbf1e775e9cdbe95ee379598e22a115bd7faac1b345951df786d837,24a77f381d9d45cb89287558d91709d2b0a219049e71ce8a83e151ece9189e33
F75S,supply_097,2432,-0.042504032722726404,False,False,189078e2bf9b7dac029db11f62e0a6792d2740ea8a3316c9f100ee860e8972e0,b94ed746810bd181b11f13c2d3d630db3fba81c95960f9b662a4f8d0a8265a19
F75S,supply_097,2433,-0.05179305010634683,False,False,240e2e72a6319da0bfa53932d757b119a09ed8582a6cb4b7e8df96e97a60282d,1b8ff859faeea67edc6580152b40b11b2c1a9c218c75769dd3f17dd9e6767c93
F75S,supply_097,2434,-0.0306360106545,False,False,d987b18cb827fc2bc34bc23fc3747b06a44a29b678e5d1e96c5ccd598b338dc0,ed76ca3628b645e94dd73bc554117439b1a851e5344fb285351b5e30a5f13bc2
F75S,supply_097,2435,-0.02835279006761504,False,False,d23af5576362ef1cbd82509bdbf6f9e9f2267d98ff747a4db4ff03cba1e70529,f34a8bba8a98c52a20029c172fb0c4669b1719bbb030d88965b65e12141076b4
F75S,supply_097,2436,-0.03437982620976909,False,False,d70e2d722a8fa4a06fd37d0f4fc22f165934a29367e58e9eb3d7e38316e5202a,8ae6531d38e198a769a3658df1dfe563da26d0bace8edc13c8c37fcb2cf17ab7
F75S,supply_097,2437,-0.13667341003005629,False,False,46b5ac01e02a81881cac3091beddca8c609c316f5360cf7625302f989afee8aa,9989ac11102f64362c4dead3f0980de8eeec664596cce107701be4db69d0a2a4
F75S,supply_097,2438,-0.06577594259328856,False,False,6b2a0cbe6aa92930000ff8330db33ccfbf9d157699b4996777b0e89821579f3f,224ebbed3b9af9b55af85c19ad6a9fdd2fe99e40aa9004c5113e3d95daf4bac9
F75S,supply_097,2439,-0.011172593584544699,True,True,b291e391a6e8ad917ff83b12ca0e733c5859b87b2ff8e7f0dadb8cb3136be467,87360b9dd75c0a4978a85c710186b570f58a4938c2f139872a92e696c0ec04e0
F75S,supply_097,2440,-0.07616513499891037,False,False,9bcd58e00a4f112d76841fc84abc4623bc41f277106f6fe04fcc90a9bbdcb572,557fcbc21a655d2ce48da23e2118bf149862e2b3f2b3bb2b88260f70bb971ca0
F75S,supply_097,2441,-0.01997695748532413,True,True,1b986728b3f1920db84a071e30d395c108d105c17292b463ee19fb57927c8c4f,ecde6d9a175771ac411fdcd25cf0b43ac5a270af61eb3874defb0cce6905dc6e
F75S,supply_097,2442,-0.07192852201207034,False,False,917844cf9249b797de707d51a864eb9977e68d9cab884964f4ea5307873a7194,e41626f8c7221d452532482114d3aeecc6b49def61952c8c3f8599e5f52d1cfb
F75S,supply_097,2443,-0.014546233398768094,True,True,8b256a737c7c74aea56b409a5ff3cc5a763b1bc491aed520d94be4bd03e64e9e,2524146b8b43742369d1f000642f0e3fa2fe8bd53afd79ab842c43d83cf44fd2
F75S,supply_097,2444,-0.011567688853676983,True,True,439947280a1ebb4eb1bd3e1b5cb9e4f36235f7213c271e69f5d0085cf8f66b29,39cc32f620827cf132d5c6a2832a1e15482d85994ba12d5099805895c0d1ed14
F75S,supply_097,2445,-0.056061592727902454,False,False,09eeded3d05ef14d56501802a6dc11b036c940cc5b8d83b10cff07cfde236cc4,19b84530eb4e52bbed4e0ac7f9110086254ec340719e722f68a3e1e38fb9bbee
F75S,supply_097,2446,-0.041261726847068414,False,False,5b4f97808d2f411a3d14b929d5d3be6ea7214bdfd4d3a68c17693f5e4b105bdd,3fda1e4855cbee2fd67c892eab01e2adfad475c114c7f85f07eb8eaa39092149
F75S,supply_097,2447,0.00750450902658617,True,True,0d5acf43c0af4986cb87a6b7707f92533d30fef2b311ed7bb02c101afc200cdb,bb7fdc01cd6b170021c711152715275ae0f58dfecc020c1f7fb9bdcce1ab8a06
F75S,supply_097,2448,-0.03316810824849059,False,False,34f4a5eb596980417dfe9c2725377da677e773087caa9484de8b714d42c34c47,82a29d65789c39285590b1b4e46476196ae75515ca5501083b68eec414742c27
F75S,supply_097,2449,-0.02574747301074698,False,False,8167fddd7982d1eed0c963dcd334781ca4c4c01b2d58adfc2093d72fc575695f,70027b4b65813d94599660f566c9341e71a58dd20b8bf5cc75848170eee0673e
F75S,supply_097,2450,-0.09673395276939689,False,False,b427c1109467b43cd71dc8dc50521d41f19dd03595a27dbc485bfbe5672a679b,80033dcded364e8ffc44bf107c5c7bea2e9808fca3266002ce98b96aabe22cd0
F75S,supply_097,2451,-0.043262603222585516,False,False,7363cda58884a42e56902f41a8a1c4cd9dfe1d0e2455b6f559443474b1901ad1,f7076a9db7a794d35448855cc35bb0950e92fc4e11789442bf5d090256a0fb89
F75S,supply_097,2452,-0.05930792945865554,False,False,f166ff0059cd09576f1d580ebcb9249b1614eef3e7334f39e46cf69c6d78590c,35425a1393e71f0a4864cdd70c3146fa00fe777d9b888de39b7df244b780a102
F75S,supply_097,2453,-0.041495621486037526,False,False,33ec771a9df3babc5f69c32be0e114e0a85c379d572ffa6d60b6aca8435a5bb0,308ca03fddc6bc800a7b366476d72fb1b07f1305f0ea99c105c91d0f3b483ba7
F75S,supply_097,2454,-0.07151150972179493,False,False,6371a04dc7c5da34af698e5283fd9659aa6365dc950be03808a0b974ee272263,87758018e4e83669cabbb96e0091489b8d335bfe9118c2180bb12959f615065a
F75S,supply_097,2455,0.01286413777089368,True,True,ce801d92a779db12d79beec1140af22e9a9e624adba0d688db8292c80c4ea1a7,399f9653b1333c28db65d61865926347e995ec7416ed51fda009ea95eb39013b
F75S,supply_097,2456,-0.048156648268217306,False,False,30fb40706c30acedb719255c54b41c8d9d6d9b16b8fd14385ddbd47a201e2252,04a5238ed4fc30e5ca753d8b8f242828ab4f4e7fb240536945dff2403931ab81
F75S,supply_097,2457,-0.10271203801342677,False,False,7f0462d764b9138d4ebfe4c2d164ae1aa7ffc03b711507adeca3650ed5cd1c13,125a7e17e7ca2a079f16fe3125523830e818a74c9eacb7df81ada89192867b44
F75S,supply_097,2458,-0.06920447979768646,False,False,ebe0efd13c77e4e992d22705eeecd5a9ec82f80adb0578b0d9eb2a727604c3de,12765a967ce081c4171055baf4292b6ea5376306555bfd7e9b490385264f3913
F75S,supply_097,2459,-0.03220496526316596,False,False,1a2d4f77a1e66f77873653867941a1efaa152102744041e0b4ff5e7e5c0d049c,b18b645d43c6ec2ccf309e0db9cfc9949a34cc532c51cba4b4a5f65ce69dfe06
F75S,supply_097,2460,-0.06346617690567125,False,False,f8321c0a3d31b9aae3508ba424e40eb0c763664fef6d6e034e376008d0309960,e5b0ce287c2e0c9ee1d47e24d8b18569b4e07311f672ffca76c8ac462bc297b7
F75S,supply_097,2461,-0.04659380247865569,False,False,6db6fcd3fd70418b2d46c9fe3b0cf2031b228aedf1454d9639d6185263598482,3e761868291442d33b54fbfff8b089e56f246a6865fca208d81a2ec4a16870c9
F75S,supply_097,2462,-0.013362995842265524,True,True,20aee8cfaa354630e7544508fe18b6240142e8f33c5054c397d48262fcb99a09,8089cb4bda8376a2ee1916ad069665dd45f5b5a30f15315d09e5a1866d00a59e
F75S,supply_097,2463,-0.031994997743296394,False,False,59b36fa87542ad816f155c1fd06121d33b85b62a679ae8740349e5ce501410fe,6b4061a63185ce6daeb1f8789caa918a7565a254953d5551bd9ebec35bfceb94
F75S,supply_097,2464,-0.063328659206622,False,False,f093907d5480a9e19a9bd2de03de1f2256591230402a0ad2b4f5539557d34941,dcba62650334f091d3f781a4518730d78ade1df2f90d09e861c74ee5f301eb35
F75S,supply_097,2465,-0.014849262770616767,True,True,953ccbee19fce66a45a2ca02a1429132d9379c6300e9c3b009e5e18c4c44296a,d81bc2b6cf92d894c52d4f77279a1cf6cf6e25d58c68da222c3c7f495c0f13d0
F75S,supply_097,2466,-0.08057899265479068,False,False,398fabd2c63dec84c0bc588bc66df3f7832f6ffd0a73d92e1841145a81917d27,787a9515e3886aab0b3b8598b655d88110e77cfbf0dcb68611209e158f2fdd44
F75S,supply_097,2467,-0.09483108293114861,False,False,ab4c3d8701809a6e185b6c2ea41f6c486f75266317c8a646cd142d59811c0947,20665bf6a89c473f9361e8bb1eab89c6ca54b30df759db575e46e2b900ba2d8d
F75S,supply_097,2468,-0.024059689495388614,True,True,0946aacdb625c2650fe093c4f6eb7c43c381d932fd6d2a77442a3f3428d9fa96,0f518bc4ca304c7d15603b8f1664303e16ad49a628eb5e1e3f9dcc22df1f23c8
F75S,supply_097,2469,-0.002096891566408854,True,True,ae10e165edfb13845c1c7afa8b4c3fa1e6d20fa8e883bf7cced9c0b71a58936e,f8f193b382cbad69251480ba5796e6cc016ed4b27068bd533a3e50e6a81cd606
F75S,supply_097,2470,-0.03695669859978512,False,False,a9ff17602214d085e88c06fd93dec83da7af2dae1e0757e91b8bc1b3503d43f9,1ed0849a4774b41dc7e3a5ff9506c37eb7593902b5e7abba605b62bd030331f6
F75S,supply_097,2471,-0.05502350625531338,False,False,b4628a559f375f950a661c162a2d1f14a6358c46f8368859e6a5e12ae956fc12,7388ed0a3acdbbc4b15cd53365b51ccfb68b23a30742f2e59df88bd0d53d068c
F75S,supply_097,2472,0.030650530729403824,False,False,1194150f5758c2defb7a90ae88936a8a4d9b7f8db9d6548fe6d6a37d0b4ad63f,afc2deaf90778e55a6c709c1c370cba8783bce032600e1af3306e16e3fb38f60
F75S,supply_097,2473,-0.06792254058675512,False,False,8883aca3ccf62fd9b2a6db902eda17160b800ed8490bde05a49879fc8d3eb35a,a3b5ee7c89dc0f56474d7684eac9fbdf976f25f2e365b893ce8206552e7626b6
F75S,supply_097,2474,-0.0673690157215191,False,False,c01eaeb6cef0d858d57e14b10f9bd33976385b31008cc4959935dfb927611845,ed9486db698c3b759687420400e96b58d4436c25c0a90aef1d7ce2fe9ab058d9
F75S,supply_097,2475,-0.041287387503747275,False,False,0e7fca10c5ec9852ebc7df441dba3b7cd7b94d9c886b9cd82f3d50b28e8dfdb2,4a4b98ddf3e1879553e2f9051ea469e9dad6a3afa7f45b649598a16691912b67
F75S,supply_097,2476,-0.05993578117589571,False,False,d5f70daebceb8d23e459d10d7142849f2273f38f921294bfde2a9c0d5b3b2530,3873a54a6f91ffb445da805434568e54c1b95abd1af5df8255759933eca3951b
F75S,supply_097,2477,-0.029168270604949698,False,False,872541d901144ba84de299c890f2e61847f91d315d55809a5b165084e0f570f8,2ce7251834c949398f0fe6d0692cb57862036c1be0f9df7628bef2bd6a20a90c
F75S,supply_097,2478,0.002892211858549709,True,True,43fd852f2eb28fc8d09930885c47d239d777f1cc9556a749a14310139f17caef,f77cefc8df39ae24bec9a5799814045bafd8ecfa2c11ccd2c4dcd6570ed81648
F75S,supply_097,2479,-0.031405549230853924,False,False,342849fdd95f02fb051e234843e696d4754ff482dfbff3fee0a4939216c56414,11c3a8ad9c27be655f2ad4bdd7a28cd6f6e34f3e39fb7226213696394d198835
F75S,supply_097,2480,-0.05826224290194615,False,False,2544754450099dcf93cd7c0181568ccaaf24caf3bb850cd5931f00c89a74a78e,c615c6f1e199bc226944b911a04fc61f0bb20548d17bee01b636ed4fe7c38f01
F75S,supply_097,2481,-0.04608155962187116,False,False,2a109642ebc99b3b9b913bf894c7b0c59b7f29258e71336b743bc493770d2b45,9886d521c55c3ced06770b488ee8ff8d75d0a41c63ee0730f1e145eab75f5d15
F75S,supply_097,2482,-0.08058575211111008,False,False,c7ce65696473f35a93577252e55cfdbb8619cb85da93bdd60e6fd4e41a4de4ae,3570892e5156ad627dbed873170c829c23d3958a842cb8f7828a6f5b8061f4a8
F75S,supply_097,2483,-0.0733784079678465,False,False,b224e116bb8c09fbb9076d9f05c434b9455a5916ee11fb4ce3d445558f1e90ee,94d4793ab67dbc3a5cc8502653fd47c157a643f3b9ca6df460064afb12966558
F75S,supply_097,2484,-0.06686455720718448,False,False,32bae8e4333bb1e208f07f44cd8a621c288b7a3e4b305fd28cde7e7f1d42acd1,e0695d584f7640bca5ac6b83294d54b1261bfde2f4dcf9c7fa4be8a871744ed8
F75S,supply_097,2485,-0.07609777625107134,False,False,64f55107b233556a41f6b18dd2342b40da56eaab205300a296ff0a8b0d19207f,6521412e5c51ce5367fe7271613f40a1f3a817eaa3184e3c446dab77ae2b61be
F75S,supply_097,2486,-0.06783526050259492,False,False,8a19bb81c8a93916e193f77af5d60e0b4f60b4d38f3edfb9625b57c7a91b1a8b,e35ac8afa117d937b83eaafe1368dcfc2a101ac80524c99c51113ad758fa4741
F75S,supply_097,2487,-0.051399266111765596,False,False,0f3282f75a223b3a56487780a334c75e182f411294bc85dcbc32f43e09c0e415,5086c5e3392daa78273f527117731a60eefda6c82d109b00459cc57c911453b5
F75S,supply_097,2488,0.015059052192245792,True,True,17f96a9e44417a57a87ba43b250b641faa8b4923a6e7146bb7b4d5219c6b672d,dc5ef38f9d37ed948e7367677fba5e5598d20d5847ec2644121d4e34bc91ead0
F75S,supply_097,2489,-0.13105893776717692,False,False,ec30ade04c6107f778ec9761c26c26deb98315861848d4f786cd3d352e8e7f73,0c23f8ed2fac918532fc4a234c77bfda867993d5eb9a9a702feec2807c05a4ca
F75S,supply_097,2490,0.02213411577629676,True,True,16d2bc6dcdc4cb430f8abf4e7998a59f747183a0b883cfbe8dd6b92f0938f2fc,1c094e28911bd06ebe1efe41057afa51c93b3cc27222d962dbba3f7bae12dab4
F75S,supply_097,2491,-0.03759882682145432,False,False,2cc9a30ce99047e28b0797f0a36d104aa87dc0941a3bf23f54ea924cc4c6c54e,0f94fb046fb616ade2f7320f68000f802b29ac85b35ac20174775d511a3392d4
F75S,supply_097,2492,-0.00604427311313227,True,True,829088e8c435d6420b16d3c4cfd6f0d5bfe2843d1f0f6bb0b1defc0314e02ec8,72d95f6139562f698d055dd04c9fab92bff33a608f65e38c89456921853a7891
F75S,supply_097,2493,-0.043536001002770774,False,False,f9d66e26dd20cd3dca410245c37a5d8ecf91f90da04c16fdbd282976eee95c0e,2399f675fc015bb9a1fdf55e2a42fabf57533998281b1ed585067e457027fd3c
F75S,supply_097,2494,0.01127295784871385,True,True,97608319a9e612f07c3bbd2f0660d308d2e42e853d953c1547712faba0bd2a54,7fcc37ab7783c9ca5e8c2651d5af1aefff9736562e94a02ee478b5bd3a0082f7
F75S,supply_097,2495,0.0019010097208442822,True,True,4db69463892027236926be4043dc3b7c1638d525c76f266124630aee792fa7af,9f77d692d1f0655439ee732b17386e39b32dba5ef6685b877ad4a28c7afe7c5b
F75S,supply_097,2496,-0.03293150197956429,False,False,3f100ab5163b20babb57f9242e48ad8e3ad06455887b364e3e8631580cec7bdf,c4a1e4dd589d2463e4ee39ee560bcc1206981d4ae8c37e2f58cadc6881ad3d78
F75S,supply_097,2497,-0.023200904408145595,True,True,df9bbdcc592c665411bfad0748abb4fb9faf883c965b501edae2923482253da0,09a0de232837c7f6e42d18a04e1d3f97b8595c0b01b2e3d32c8d3c0bc3adb5bc
F75S,supply_097,2498,-0.01390691648000325,True,True,0bb54ac14325e495362cddacc3c68e72008690745f7dfd205939c710d2bc7985,f7a51d88d6803a70f88a0d3b2b9ab7de87d0dfaa7240ccdf1b4520a24eea1f3f
F75S,supply_097,2499,-0.014849152583095437,True,True,8111dd92286d09e1e2130127c2d0a5a4a6b264ef805f42597d4804e462c16b21,51ea6cca0b5af63cd321affb763025c8e47c268f6305f0cd5c0f6ce2ce1ac6d6
F75S,supply_097,2500,-0.005201253824392904,True,True,cf8269304de5020ac8d652431f48f2c54ce51305b96fb4fe617e6faa1c63a36a,c234dfde1c696f1e96b8c8608fdf0a7f9b21a6bf29e94cec894f02548f1080ba
F75S,supply_097,2501,-0.06526194384990436,False,False,1a7c6376a0e0e35ca3c8638b908e9c5db3f8548be7644f5a3863205514f132e4,2316b1586a4ae7265bc2086c09aa6f366f5662f69685460d5183977c37eac338
F75S,supply_097,2502,-0.03695217899899139,False,False,0284f63ba84bfd63b1cb851caed4cbb9a6312ee39673addc0152c943d44882c8,5c7ab1f46ec0a726ef191a42b032eaba9e2d89b19a0b8e8d3109d5b90f037132
F75S,supply_097,2503,0.013671863796032802,True,True,ba9b84eb2d943822baf755dafec35d3744956436836de83108a540b077c7baab,d99a4a4338e9d6e526e1ef228e264066ac29faa57b740b1266ccad953daee04d
F75S,supply_097,2504,-0.03821879632028646,False,False,3c8c555b10a73a96000efe4ef3b2ac2205505474fd2a46c90b8ffa50cdc14212,c9301b11b4753b9668cdd13c2204a89d582f99d423b13ab7e82cacdfa8ef12e5
F75S,supply_097,2505,-0.03880128015189943,False,False,8deedd9102a6e14398e65c0bce348e3ef2039e83f217c12556a7c2dbee89aa1b,97a914a339b790277310ee6a00e9d09ffd213b42b95241fce99895126942f68e
F75S,supply_097,2506,-0.07736250117091775,False,False,9f9a8a7b1b0c9d1b52d000b2e87f1baa28467edc1bda2b493d4729a2e4e65a2e,e2c6c107d23c35ea38c8ec07a3ecf70bd467b564dbb40ec2d95227334803dc5a
F75S,supply_097,2507,-0.052079129506086896,False,False,ac078e8ebd274d17cba9e15105230c6554482d694c5e3ed6e2cbdb61037b7ee2,db8226cea9aec5d879ddb0f0dfa865a61349b454140cd48c8daee7b2e1efd888
F75S,supply_097,2508,-0.01035119587984723,True,True,3bb4c861bcf1aeb4491a639fbe78e6b0c54d8f0ad1331530f9c683bf9b01cc79,1bf16c93e46bcbccba1a40a59e06c2c6b8b543623b764428dc4e9dd18d876043
F75S,supply_097,2509,-0.0032435770700616207,True,True,db61cb2df3a230e5729c2d5576735379fdf1f5e72a1614bdb7001c268b2a2287,93c1ccaa895e640e224441a4e91a7b6f391d79e26869a1d9bc2312df5b1ed4f6
F75S,supply_097,2510,-0.09122965954259993,False,False,15b6961be2886726ed86f6cb4f7d35a9a82606084a800b5b4934033a59969882,8a7e78461bf60e8cae74ad17022db3316ca36c0857f800cff2d9c5f7cb87643c
F75S,supply_097,2511,-0.0751730046164572,False,False,d893a86623affd49a8334c625de68fdc30bb88b0077afc9318ddd6cd8d756de9,3773f2f19399ee33bb3dda099fa2b7522a7cb5e9844a9e107fd9ead3567ee32f
F75S,supply_097,2512,-0.008890673879584199,True,True,d0e17776036d05c2ab788495360e598bc05f6414339146c41313f56a049e0f1a,e0b5042ff284433db97b7739595703fa6b65e874f8f50c32f5c200d8d713b684
F75S,supply_097,2513,-0.0020526563236946127,True,True,e4c746e0905d9b8b8e02e8b1aa1d947c8a7736adff583748da6a194bf2a89bf8,34618694328b0bb33fd592630813f7990fcf7dd9d226bb82de834ac3f7dc76c0
F75S,supply_097,2514,-0.02689053056715529,False,False,57d799718886c840b52a1882df2da4e5aa882248d22689f8554797888d143a30,7908fafb0915abd064b91d44fb9f0913067930cc1fbea25b14438c510cf4c379
F75S,supply_097,2515,-0.04674802784505039,False,False,7310b91424113385d01f295425ca13ef6d1c2f27f2072e6e5139c58b6ecb8463,816632241a67bfc4de8263e7e84f6390847709fa13658560aca0a2742e0207a8
F75S,supply_097,2516,-0.012841968787791591,True,True,2f4b427ba2cc6289bda286ff339a0d9ed69dd7bf8b2f97d6b3d8018e643964d9,a6b3c91262dff3fdfbd69e2dca2fb8f5b8bae76ff147e0c2ff26ae6a00dca4b7
F75S,supply_097,2517,-0.09527768736286923,False,False,cf4268da91f42f67a95d4c02fe16fea4919b0afa5fd8c0cd6900d2ba867b441f,25c652bbb08dfb514d3600ec4b9af60255e73b5d5ea5120f817f50863e41051f
F75S,supply_097,2518,-0.068204595238047,False,False,fe33b25360c9f1ebc0dd0e3fbb21468a85d42898f8a1b272b29e156d8482f2d7,a3cd96286a760c73b323a2fa74cfcf2329103c1cb801642d9a7aa9c37a3bcb90
F75S,supply_097,2519,0.04447322805912124,False,False,6f38afa9dddf090e852cc51375c6d7faec6a9baf18e56c2d91d3a238bff5e4eb,74d947dd6ceb52268e01fd6c85c03698b103e30a014ed772c59b5c781d4ad02c
F75S,supply_097,2520,-0.035537361806829426,False,False,f9238c13ad0cc18a13de30e18553d6ac95678426510f54a28d0c13464aee8861,15b040ec6cad568b5a29e04721fa6128597055e9d4e33de97ace304d2fcde63a
F75L,nominal,2000,0.02268152479571439,True,True,f521c64b38e59fe741fb5d030ece15f32bfdfd655103820cac412eb95c3f89fe,4dae97cae00460b6dad6f1a2376af0aae4b1a08eeef0b5484ceff6bbffa313c8
F75L,nominal,2001,-0.021440041115007635,True,True,51dfc9add819efecb0a27a33d1c5f3b1c4b22e811b0a3c69ee558651094138b4,f39a1d6519d208644b7668444a6a92b9568d43776ba892d33e36a2d5e427f646
F75L,nominal,2002,0.02596380795797648,False,False,e2631e632336e196c80af182c08f318d01949ac64145a77c122324cf355da381,2f2bf32e34d4746a9ed821e145d3dc1f3028b35ca7843274d74da6ab2ae1906c
F75L,nominal,2003,0.015860651767006684,True,True,04e09b6e73cda68436132a2d093f734cdb79f3cf9488277e3a582e878183d5db,af40a2810402683ced817ebc7cdacfc135676a26143369ee32a3fecbbb5b235f
F75L,nominal,2004,-0.01304754362440641,True,True,566979dfafc12f503761b763f5d9662c6446ca4856331e08a686ba24863fa5fd,5af1e0e4621159e1d8196ba3a12e3c720c92ec4624013906ecda45ddbfe51bab
F75L,nominal,2005,0.006430934998408189,True,True,b101d74a7eb43e89c788b06fc5ad77105d048ddfbfefd9383441b122477b39e7,f998d88b6136bf49bf95f32da4970d18e79d44fadb59c0a6b52b93ff4f45eec0
F75L,nominal,2006,0.027276843431236375,False,False,b0fc9d2015c366b07440c69c1ca21023125fc1f1292a8ca9ce86117ebff287de,f83a6486596e78ebed1449fd865cea79b87b69880c4249d2d30b5f1699f09c93
F75L,nominal,2007,-0.011269766187376296,True,True,5fe3c2ab5b3c4851d4710ab3f8ae45e3233c1033433019969bcc16ad884307f6,12d6bcdb0c1e66fa854e518bc508855dd79fb7ddfa55d2e3bbb7b4b95c851bbd
F75L,nominal,2008,0.00351828202002491,True,True,ec87d4609b6cd33997a15f847c880a881c624927d3ba0a69c76114ecab1c0cb5,3e51fee499e37de0edf1d5619565f57b7d85e578acb67c47dbf22e4ff5122ce2
F75L,nominal,2009,-0.011431485702876332,True,True,935ed98cc3f53bcae45f2f6502d462ef835f42b64c4730a8bb54b94506ce594f,cade370a7a73c1cda925d186258f08b38549ad2875d6d4f0c9418f4d478410db
F75L,nominal,2010,0.0022048770376235094,True,True,61870274c67ca637d476bb8f6db3477432ab17b1bcbb43cee8f110d1aebf1c9a,a5e4cbf42876e59fc3c1a45aa0124ace48fd08fd0312f2a4db0a7cc513e7cb23
F75L,nominal,2011,0.030326121053932065,False,False,912b1341c613bb762a9087f627b1e75b2564a24cfbf8b7461a1377aa17e4e561,378f757e324f5639694d657452dd1a35135f23132de06034e1de58dd6f8aa01d
F75L,nominal,2012,0.009894409200533638,True,True,1d129eb1c386732a02ed31c3351266ddbbe992ba553c7232cb35c6af4d71c392,afa1bf2e36830c6e9b918f7e38b95d03de83c506c37d60c069744cf4006db400
F75L,nominal,2013,0.003612697041496138,True,True,03b1159b8d2a5757646d22d5de71484a469db500b8b5645efd919c725b0da599,96517b33cc374cc036c74d36387549110960f4607aec22fefae454915ad797e3
F75L,nominal,2014,0.007300862164616007,True,True,4039ede5f363288a0d198fc74b65d8e82a7425e648c86509525aaba2341301a9,8d7e316357d4e167605836fb3fbcacb36cb3fad9c61d7c03a8a724c84e9b6c8f
F75L,nominal,2015,-0.017989251627019254,True,True,1c62b3723df96135b87a8204bb6414c9eabf35900b876c634c9c07ba1f1df8a7,af9eaa76f241e24d73f25c99242e4856a96e6acae28fc64af5cd1ce1d0a1ad00
F75L,nominal,2016,0.03999211077060327,False,False,a0beabefd554303e914436cbca464c695586f49ab8fc1ca9e149c1eff3b78721,3097d009b81a6ae57cd15285761944d638733fdb436042755283557082d26727
F75L,nominal,2017,0.0009978431036294921,True,True,7a187fe2fe56046a7a4ac988bb293309c18e76b342626b82dc2416d04386192c,d1b4d746b44f18ec09fc72d7cddbb45eb5b4d1e075ed6b0ad1ad1345a37986b4
F75L,nominal,2018,0.015478918611676162,True,True,689dd2239c7f6c5b975d32f9539a786cf3dedf5adc1b223b9cd6574623c21344,4d7d3d92876444493dfad4ced4e7260e899b837b2131655584273ee31ab4cea7
F75L,nominal,2019,-0.005925623447172457,True,True,741559c69407137120a30f213ec4fe816b57f4b2408e8ba4f1336c9ba4329240,6ec26337dbf0b7ea3c20084bf9401ca177b572bacc63ce1893f491c6554f5d46
F75L,nominal,2020,-0.01929319170310162,True,True,0f4750acf8d7b37f38c91e2c80bb6ea68f325722e08f4ccfb6a4d58729070f0f,ec24dfea9a4cf9e26d90b844968665c4825bd7e18d3f8f0570c5bd16bdfe1b99
F75L,nominal,2021,-0.0026269299652056377,True,True,3dee94298e7afe55f919e21d6c2d4417576d16b25b45b6555a748672dbc3ead2,1036a89aebc5b45ef55979c60c8215897c91b4571822937602c20c2241485354
F75L,nominal,2022,-0.014772228798180964,True,True,38576d0760f14f91385ba74865137a69956be990602cae933e7e00c9796878d7,07f5d257f71196144eb2487ebc537df9e8df4e7aad3daa4e4b742f9d8ebd30ac
F75L,nominal,2023,-0.010740922728563917,True,True,1480c8a16f2f55b1febb35c00b46becd2f7ac5e8c33e3d5fb24e4300479febae,55e32b068c66a61711e92ef592eef42ba95d25f02f8cf5cae3ccd33a092d4820
F75L,nominal,2024,-0.029159170583207383,False,False,27ca1575e5759bd7b7b67445ab4828f4c34a20d84f976c6874d7d754ab166621,2593d6a104dc1574295c0d25060f1c2d83f527d37c6bd6560152e813fda67f7e
F75L,nominal,2025,0.04166757424460876,False,False,194ca284fc94211837512692e2ce916b7d7c1125d5ea7e362825a5b3a0d06e8b,f1a44b82628bb44b77c96e9cb2a9b186915bec7072ca178f838133177fca0a2a
F75L,nominal,2026,0.028022044225462284,False,False,6761b5ec287f0f79ed9e162f8c1cc30d4a38a880b9f19e7f4af8aa863fdbdafd,3b98e534848be029d6a3f0e3be7631eabe0caf00542125a992cea612e924cffe
F75L,nominal,2027,0.019783990456209488,True,True,4096920aa66cc00f395941a20d0f4fe0b4ac0c6798ac97ca82dd6c984db911a3,f7d0b691b680206ba52ff96706bfa68ae1926c81d6e3360a47b80f1efe7beaa2
F75L,nominal,2028,-0.016096605943620612,True,True,60a0cac9590d0dd74277d7cf494af648dff6ddf50dff6535b3762c5efaf099a9,132fb6944a5405e8b1e655becfa0f705f1fb53b05bf4f466014623bcb9be383b
F75L,nominal,2029,0.006545985922195574,True,True,05cdd8b4dd3bd22919b6f526a6f9deff69448cc591d7fa4dc2eeda8def9d57f5,b1e771d59bf4b6260f51314f8d490f2e363d28bcb57b6bb2735f7ecf96470f45
F75L,nominal,2030,0.009031573414551186,True,True,ca247366028c4c6ca4b677a766a85876bd10003d0e3555a3d1d66a37bf785129,29d339996acb9b13387625a43e6bfd879848f075d1a79ea231922a0cee2175f9
F75L,nominal,2031,0.048681064687950304,False,False,607c55ead709ac5862c6cf83f01d53022914a12ee8fd11a9c2564f73c2853567,d89fb6225dd1476af94e4094680143cce8375b4bf5b6f5c1f116ec520141337e
F75L,nominal,2032,-0.01724661159871177,True,True,9f3ab2877f229f53760364bfbf35104e78be7767414a681b39502f2de984a1de,d62f52fd24a313c96e871716c1536b1f10e9ddd928f0b55979599668f20db76c
F75L,nominal,2033,-0.042720809287582207,False,False,4bad1b9ce40f8faa76db9a1a6a42bab82a99457eb6c10098a618341f45b904e2,76ddec6eb4b15d14b5a97d648a205e99bc5983dd651e395efd02b1a016e92ded
F75L,nominal,2034,-0.027947165122278017,False,False,40e239c4be1b8fce30fd04091697de52e055721bf3f30ff4ffdeccd670996c1e,136a4aadebeee35da45beac934fbeacd67a5b132395dfb32533c82bebb1de2ab
F75L,nominal,2035,-0.014419408805479317,True,True,49596b771c0b91043a77c272acf32a3adcf80cce63b134fb20505d50cab86bee,b8f0c98ae897f629e9c9f9518a8fdaf977c5129b35f1bf9696be33cbdff5e4b4
F75L,nominal,2036,0.028152185181079536,False,False,25b459bd2053d1da2b94c0a88ae5359026c4f91490e4f22ba59315f92e42b3a7,547ac4b1bde69c49a529096687521b82c60644fc280b00e2ac4c819b216eb2fd
F75L,nominal,2037,-0.015487886684323826,True,True,e8d46f3796abeca63d6da22316240be166ea1dfadf59f1fa513ef9d1d1f9e549,f3df801d95579ce80d78f728e854766d4ecfd74adc6cdb0fa501cba06333b969
F75L,nominal,2038,-0.025465001601085557,False,False,d508f2d990b06bb51ba9c52e53d7d324702bd679ee69238a35e12d2be2b8ba13,65fe9baac3b80b07c603a4b658c9b0a256d5cd69204c0696cac5e1828b38c046
F75L,nominal,2039,0.009899748614494608,True,True,1aaf2f4310e612983a634061a78d8e6740febc6944f05c3f933ecb7353e5de65,7be73ed50075f0b0c4cec48c3769c57cd2af5d24fbbc232354309df886221529
F75L,nominal,2040,0.04855913778296461,False,False,57fc8f58f007c82d3599bbce44d8858aaa5dde08b22f2e3ec992c52488307f94,fd2613e8139471c2b72b84266cb453e752122c3db692def8050fecf3937710c9
F75L,nominal,2041,-0.019655297758522927,True,True,68609721db1bd5b31b6ed40915716dc58c7c05d728158710671cbd7a560342e1,24ca3f8567ef47da6a9ce1a035c93adc75f13367067ad44411f1e35229e886fa
F75L,nominal,2042,0.010588124501048735,True,True,f9b5fb1dc17b6b8fcb14b3d4266c4ba15c0c9546312d411e9e3690c717b86672,bcde592514a694618754fa5f577369311c0833e13fdb0ddc118aefc7d860e22c
F75L,nominal,2043,-0.03014508673771532,False,False,54ffc7da8264a6154968fcaae698a108f7be1611d4a48afa0b6867f93ff30798,4735f6e83f129276ec2a0a0b9e3cfefa3aa687f521aeae851b9b73916dae109d
F75L,nominal,2044,-0.03778733830866304,False,False,cc5a7f7bea33167fd47677d14eb2305acaffff9f78554ecc86baebd03dd26b0e,86d1d3087edbbdc24bfed7070e5b7128fcfa866e83c8cc2dbc373602a557c30a
F75L,nominal,2045,0.006019607911323499,True,True,ed73d3ab558e2752e639453c2ad135d8f3fd5c49e7b0bb3421ee1891a7182c90,84b723771078733a14ba388fa9a0cd0043b36894a11686c622bd250a2cfae636
F75L,nominal,2046,0.023133932885135766,True,True,33f5c8cd2be39d0b02640428d4a2f6ce819f0b7d72b06df9bf80cf58b0fb7d8e,6f559a2b8d25ee337bbc9dda4069e4680ad806b281b19a5e05fa173b8ef8616b
F75L,nominal,2047,-0.002439739981006994,True,True,4bd06b3f630216ed1106820ab2c208e49b66434283d879f898ed0745e7ed8152,6e7e7f88be2f8afe810e328620719a2cbf00b7878326bb4f69ea336714b10a1b
F75L,nominal,2048,0.008272331888771856,True,True,ad0e1187d289ed8602f58ad4d0a8202ef409998a8f1ef6ca3730d6ec5a1bf397,08f1e88c1d1c454a4eedd0ac2b5d9bf5867e4227acb75dca3a0e065d0cb839d3
F75L,nominal,2049,-0.026476608078039643,False,False,61cfe830e58b19ed048d1a2bfe5c9c57a7303efd0a464f2f4ed6bdc8197ce39a,7400c7c4bbe0074ebbd4e5a1ad259a4e06e96ec99055a9a6f8436ffd8c658d51
F75L,nominal,2050,0.0009185198162547925,True,True,dc15dc94359d8e2d335293e02b32c3c44a399e7ee6a737f89612b97e1f012e17,261d64c80e14e87bf03cfcffed4041d2a601db49f97478cb9529939596f7fa95
F75L,nominal,2051,0.031409472117237436,False,False,9f892f9c54eddf1e3110a99808a09cf7aa4f9a0bc034f71930e7c3be72adafac,ba2ff03c75a78b02bfb2f8423219e0e1cfa5b723441232588aac7d7d27dc5562
F75L,nominal,2052,-0.025813049692336554,False,False,738d7fee2c646585f18341a043d033676b2c9e5945c55eef692e6104df6111b3,431e58dd79a533a87ad33dc191846f9a2ae4e6e7060756e0ee1b442f5e0a6186
F75L,nominal,2053,-0.015181278447798097,True,True,d3dce482ccb2613679296538d209ce373d95eee88eeb03bfdead909a37d33492,213149204f446bed1b46e23fa797511ca25f7dd5f41e80958baae4bd51c6a104
F75L,nominal,2054,0.026559598253396932,False,False,7ca30393493be727452e0215f200e5e94eeeb9891133cf60506c93309300ceb0,27d1492e6dc111facacf147fe33d206adebb9f60320799bea6e2676e717c9e44
F75L,nominal,2055,0.005657534047457835,True,True,5670495f0ce073809b1217ab57f7f67a4f5439792260842690c4a71dd0267b1c,2a1c3d4949a6a81d35273d244891fdfaefd36187f4ac06b0eac895dedade5619
F75L,nominal,2056,-0.008429685021938804,True,True,22ea7884216ee0ee45e238e2d23c622a0583c7573d87326bd44bd420768a2964,9c5fd32a3bfb67d8d3caf69bf5448b83368548a2b2ec399ae0b3062b588df56d
F75L,nominal,2057,-0.0014270874281329116,True,True,8baf24337aa6ddb1d797524fa799e1e9813322375a8990235c8e9584f1796907,be73f7ad9b7d985636a842d87c588ffd02b3f0307f7f8c8dae9eaac9f7207fb7
F75L,nominal,2058,-0.024567743122008212,True,True,4dfa7c4c4ba31b48295dd9a075fe8ef74aa6ab29686a5a61a127492d878665cf,6f0029e0e29a0d396a767c014a5cf1b0b902e3a00827e7786f33edf43a3b1183
F75L,nominal,2059,-0.002466894721947832,True,True,102447638f90a79b79391b3f9a91724689cde3218a5be98b1284b50fe4779f01,c4f81edd9cee8fcb37e1fa756eb2e4450ca78eb13357d8b765611c91a3b8a9f0
F75L,nominal,2060,-0.024845327554784136,True,True,65aaaaa71c8b5fd7cc07019132343c0a9f22449ee5c5580ab27e20bec03fa02b,1a894756de8941fed635f94bafebbd744797ded2753fe176c34f9035483a2b9b
F75L,nominal,2061,0.0009191820575789045,True,True,5f874701bc6323b82eb34c0225fdcc9df16348a2c9e488f77bb1a30e090b88fc,393314ab7d09e9048dcc6d6f29316d842fc6ab1802c022bd8c57b65dbd36601d
F75L,nominal,2062,-0.027342904856543893,False,False,dd933c6bccd5513c4ba802ca3681e06e77bff49bade4a471773da9e13bf1f883,2cc6ccf8a2ac81819ec7d53b9929ca81a820b6ff4df04287a9b85389f5aa694c
F75L,nominal,2063,-0.03765578251822527,False,False,3423e86e44b7f0cd877b1df0a59cc7e5950ea6a1ff28f042d91049458c10ebb2,9acf25c18c0442c6f2a3cf20f02680bc8b345f2ade418652546d4a1ca364a729
F75L,nominal,2064,0.014295928282182624,True,True,64fd5adeaa0424f1f45518465c043ca110c0fd161c6f2359ce8b275b65fca214,8b253f1f67b9d6ae06358c54067c91b95429df18d60f98d77b534581bf00ba4b
F75L,nominal,2065,0.021600319895236142,True,True,4eb9323008f627aef8af2d1ae16bb995a5c0be356f4e0b06b89fd0a99c30ccc1,b633e37adddb57de534ae2a76953050cbdf311493639b898637d9f713befa178
F75L,nominal,2066,0.005297256987011778,True,True,a8c1a3abe90e0206d0d1f39d290277837fdca38bb369425854ff4e1df65dc88e,eee3d3a2d6823d2f9a4e1e7d8b944acebc708b60ca8688142974de0353da6ace
F75L,nominal,2067,-0.02316360848089305,True,True,b5f716a88465cfd29be0340abb4d5aad20b9fd9da8af955ccfdaaa273a4ff60e,4907e2eacdf0d98a824c84c127ec6d308ac982100ad00f4916a3f1caa75710d3
F75L,nominal,2068,-0.009460739633032289,True,True,6c31939c15ea08d43bcca2af460cfdfd45f2b840e80d990ce331a82e6015f8a1,d3b6ed70e9e5c73ad8418b329840998467491a1ff8fc93d0af90d33e23516cd2
F75L,nominal,2069,-0.013569167815107308,True,True,0f14bd2f3b0b87c42381ed7924fe67fe3a7908ad59f8f417faa78252ec7303b3,ec4c5b50ac61d0005f1f3d30cf687971c8f301cf968f943ab843668281b1021b
F75L,nominal,2070,-0.018738028874343282,True,True,2d6f38dbe75a24a82a0047e33095a4943dfd445855fe7acbcc9968a87724232a,fedd383de1f071b5b23cf8c0b636311e6d2df3f3fb590747e46d02bb29a3b014
F75L,nominal,2071,0.005112918927017263,True,True,f87f94ad64dc3c54b683a4a103825df57d7dbd6d3e1cf40eaaebc0e26b79644f,d034c1e752c374636e3a8916f956dfcd597f17829d736883f34d92367f809a18
F75L,nominal,2072,-0.038506776208738436,False,False,80ec961cd96068688a11d849ec6d26d564bfdc7529e9564475eb57c912faa2ad,95da4aeaa973cd8e36bb01cf03f2ebd05b27a2e2750ced20a2f33080863bb697
F75L,nominal,2073,0.009046177294750768,True,True,e01f9a8cc065e5bc3d19012d331aaed5a4d73e1d9385a110a7a22b1082fb5592,8331352ce88d838a30c32fb92fd4141c0f14b6d185b07e358220535b44d664a6
F75L,nominal,2074,-0.022378477582894518,True,True,574a82af6e06df70a4ff36887ff454876be744f6113e71a58f075f14f09c69b3,e8f8c293fca5c4ba8cc0607a420b0eb54705d98707f65f31a07a0fe87676730a
F75L,nominal,2075,-0.0007344251502604537,True,True,1bac4a01847395e11b147650798fbe9168d0d2e3be3506d0c313dff08016e129,5e7bf5bd72505494cb615f03103d66247dc27a8e6f786e5684870c0576f03993
F75L,nominal,2076,0.05703212566986793,False,False,b2e26df95c499e0ab1b3be73da33ebfeaec92e0acfdee58d980e81e4cae8ef2d,f1b023c387496d9cf98490f5b6e4a9f7fa7f522fa3888754afba568f6a0bc8ce
F75L,nominal,2077,-0.04675032711834104,False,False,322b30f075cadb5eb39a60e7194d1e3cba5f2ff77ff5d862b7090f5aaa23ad9b,1e45a14e0f24424689f5fd5e07b655c7f12d66fa47d4ff2aab2a9a4cd7822e48
F75L,nominal,2078,-0.02327660934331821,True,True,242a28496b235048074c3feaa339fa51b161adf709e02defc7b0ef080d66e57d,169d9f434a461bb8612bebf005635e022fe63d457998c2081f6a318d93e8d251
F75L,nominal,2079,0.017239445668877362,True,True,5ce069bd077f3ed0985db56d4c043c0dfd9a42d28fab15beb0a1bcbc1750095d,a2a5751636d1d960411da9abe89d00d23b000c82b88d3cf2a220ef2b8f5742d1
F75L,nominal,2080,0.005792274177408352,True,True,557e40df6c4e265bf25a3f3adac10072b74f096ec16ee509fd89b99e10e64725,bb7a44292350cfe8c88523f46eaee6150e234afd05025e188527f557b9323138
F75L,nominal,2081,0.045504996037833756,False,False,6b2134f241a6cbd4739bcf56ba4aeb7147da914cf786eeff0aaf60200f7b83cc,c54512ec94169365b643d64aeab43194f765fb1faf7a126b599e85a25e30d885
F75L,nominal,2082,0.0012100937293045844,True,True,35534b29075c5ce6f09ce7a7dea2568c49e994f909a760ae18e0183dd90dea4d,37f6a91aa6bdb10e5173242fc119d796f667ca12724e7f36785d640ec1934293
F75L,nominal,2083,0.013207220532190478,True,True,f113741d3ea83cecf5b5b00ddf9ad2f77eae51cc56f2bee2459903d32f00a4bc,d03cc424e1f581fe4b68185684438c1f314c225c9dccdc5cd660fa37356f02fd
F75L,nominal,2084,0.036244507415827854,False,False,21d6fa853cc10b5bceea9d0b9cc267e2f24033738e5186150ac5c7196347f343,5868e10d97c44da4cabddcc7c0388cfcb1891499da9765d5340dcc2f5025be6a
F75L,nominal,2085,-0.026817295962032972,False,False,bcef6e8c6bc98fa56085b90b647205113f33040a4905c4a14060f5655ae564e0,f928cb3c46d1ae3c8c2c6f79976c5da8a787e7199946b2124ddbc53ea16848ef
F75L,nominal,2086,-0.0008450197810896953,True,True,36285636bcf476a0a0bd06715126e40d5323df794b254d952b2da56c16a58631,7f6958ab5ea28728405da71cd5724329a873821cee569c306267af72bb7f5b86
F75L,nominal,2087,0.030070469729027494,False,False,dfa2d706c5b9db831826c23d58c160bb46215e26cfde23e6e69d37f3d54aa6da,9ece6a99826efa6f795a8b8d8de4fa906f8cb1d4e31adb19af387fb9dc0fffa5
F75L,nominal,2088,0.002249680588364833,True,True,4c514f373623437749f8050d78b5b9fb60c1ec4ea1d5fa892690e4350b34d2a9,3b35f67d03ce97ac338ffd5d4c785a44a4be7869eb9247b1f8f6c352cfedd9e9
F75L,nominal,2089,-0.05086753504968228,False,False,fc1b7a2b0aa501427cafe5c1e0ee838efaa7732cbed998a08a0a6c685aebe2f6,35aae75a6bb86743c2c78ece334678486cf2a92c707e895cc5fef89a86e84525
F75L,nominal,2090,0.039612582512677186,False,False,2dec4d63e269b76b67b2dfa2bc56b616aed3729b6b1dcbe9b46ff90be937ed81,00bb762929379ab96eeb14ad4d57735d4bb0f0ae79a4ce7f5c85775f88eed2cf
F75L,nominal,2091,0.014508156669766015,True,True,02cf102631f88b26ef05f0f035847a29763480b8a54b16973e7e3639fc9d9c30,64e4ae4e6792003b6e54bba87e8cbded0718bfdf36ba6391a055e3e4ce5230f2
F75L,nominal,2092,-0.017431898136853863,True,True,e31667623a2eef372e3430d2b7548d1bb82b1d6f801c0cd568eebc5b2cfc8810,846091e7aebb792ae573980cdd10bce39b0383e2f0276eb05e169bcca2d09044
F75L,nominal,2093,-0.018011466288589406,True,True,013fd625229b774e92c28ba602c42e0f586a099133c386dea6d9a13a4ad4bebd,6fe72857cd75cb6edb3f19e2608354c3e4518949adaea4fede90d75acf2af265
F75L,nominal,2094,-0.033790147820785044,False,False,941f9df9e3a9278b9df423c06c18013d5820577f3c5bc7cd0542203583adec25,42e187fe1e7d49dce16bbe09fcf5dec33ce1b405135daf107c69ef4099fa2e6c
F75L,nominal,2095,-0.01004244370726387,True,True,8e2d9a1f27a3aeb94f70d24bfb856da1f06578325119899857f6e3b9e1d48f7e,49163cf8518cb2b9a0494e1516ef331b77d48db4c19746daee053c957a66d3e6
F75L,nominal,2096,-0.02422722131668953,True,True,24f9d47459cdd1bef1b4211be9e1f443bafba64453761ff1a9a9e5b419e5cff6,a3e8d0d3cb0c1119c4a7ba93c93a75976daffe984da69723ef3a7e09eac83aeb
F75L,nominal,2097,0.0017178877099651713,True,True,0ecfefc8d5d4094a154709373788b86e07b060cbe160ce778423a015bf117973,f738924f01895ff3350d7fd1464cf07341d1f3e297a94b73fb55334f007911e3
F75L,nominal,2098,-0.032087248076111796,False,False,3dc8dd65438d347f2f9345487e59df604c1295dc6d72a6d29702855f37a6a77f,f4f30e516ec03144ac4cea94299e7fd2eeedea99d28913fc42ae877f4db5d591
F75L,nominal,2099,0.03894782993566759,False,False,0f4271a9fd5262195f94df98c4c40fc894652531133b4b241cd65d567560c981,67d7626bf8b690fd11706c656e2a8a78eb34f90f3dbd151dcb557d043248fdc8
F75L,nominal,2100,0.02724079519056477,False,False,e380029dbfd04701458ab9da014dbe0b33812a8af9b680adea3c14a3db9fc4af,f83845f536c9dedcaf1b92f58780d80f448b5035d5d3fd83f517dcff2a6ad62a
F75L,nominal,2101,-0.040580205555965476,False,False,a1a805bde7cf1e17116bdf79385d81bd5f86adc22dbed120617ee723b3b523b9,ee12d2a57c1b312d5c6effbcc79b26296eaf878e8047df0a40c14d604b025f9b
F75L,nominal,2102,0.0029031560885283136,True,True,52066b1f764a2f4bdc2eb0a8e6c1ecfd5286d7b88e09f369f10878e8800ddb47,8979e5987758869da74a39d4ed8b5eaf771ef6230aef7372d4e370cabd022e1f
F75L,nominal,2103,-0.008918618414228807,True,True,5871ecfb2d11a36d581f33b683ceb088f7603110e971f7d6ed5f1354a583bb25,d0968a5e578042372e5637cce684cdc3427f966e0a438de7184114f60774aac3
F75L,nominal,2104,-0.018558736147788357,True,True,ece609f9eb3addade921d950165284e91995e6b00701b5634d85d321f732e348,a9f00dc2b007193471e11ec7817d9f82e9725021092f7d5baa3e7edfe57239ac
F75L,nominal,2105,0.04432872537043531,False,False,8f44f9feff9aa441eeaca3194b3263104839e69046038068908e47d6edace02d,0dd447fad5340ba0b7e8a94d261ea54d2739ab8ea676a106f006bb9f53d25e92
F75L,nominal,2106,0.016579158473693956,True,True,456e7f71810fdf4b2718e58dfaff59e266d36ceb8ca72c27ef56f5daa569ccd4,4706609a4350cd06f6aa5e4ba275ef0beea4578a461dfad780fbab965f71b48a
F75L,nominal,2107,0.005730175571200036,True,True,f93d0256a40d99137f5173d39b990bb9dd56dc0f42986a2797e63857a8464565,f1548102344cc870e7d5789a6a663583a0ab10da42622994470d0525417d74f9
F75L,nominal,2108,0.0035255340837347937,True,True,6f8e6438861fc5e73b78be3bc17f9460e095538a8d138c686dc5b3cb2d34380b,c1927791fb0bb4dd32652db98551b842ae60efa4af6b32ea5a03b3da2f55abf6
F75L,nominal,2109,-0.01644720432568869,True,True,594d2270f0c3d3f049d8f316f9ac5c63b934c41a0c9e00fa4ff640009a2abc3a,70f28211bde7896a80cdc2c6a7a214ec2f937e9099aac6a54eedc0b0e1eead59
F75L,nominal,2110,0.004972312661707168,True,True,84fe862e8c14b0dcd569fa8674f44a88f1f94582aa2bf2eb62c3b49e80585a2d,0e34703f0ea98a51318763afae900b21da6e35aa1478952ae22faf53b33db960
F75L,nominal,2111,-0.010508908549725637,True,True,65506d8fadd10e85b86dbec72181fa3da2e25dfd0b577bd35ad2edc99970a58d,d2ceb8a57fa8621f6fd78cabfb7fbb5b34d0a130d4282259c522be96e80afede
F75L,nominal,2112,0.04812805203461856,False,False,ec49ca727e6fe3d230da10d39be92992c64d16ae974147feca04462043f1f5b1,6c89806b7977f81470cc1094e8be92fe0dee64ab235dc6549a375b60f9c2fcbb
F75L,nominal,2113,-0.0005973928829770547,True,True,b80ddeef1ce5481d404dc5010c80d1f6be1511d0716f47f666e96d0a459b19a6,60abf6239461c39d638fe36ff4854b580e35c85fda3a8959b303776830b53b57
F75L,nominal,2114,0.028255291480387412,False,False,9f745e03449c20329fa4b017538a38a75a4adbf8a36c76496ec089b89a12bbe0,4d12838e9a87ca22d6edaa357f5fad3a3e8f80b6f868846fe1348922c93892f0
F75L,nominal,2115,-0.002217928513612244,True,True,24de27b5b439ec2906b5e980603550c55f739bdcea09c8f691e03c9f60712edc,4f12bec7a06c2ac7d489969533e12006ca033087581fcf323f3eb39802f416d5
F75L,nominal,2116,0.01595530917482013,True,True,e571361bdc5ae64eecb3eccc9e1c3e79cc53ba89637346d25d62f56bf46b6b7d,a7dcdfee1342882cc6b067d9029ce5fa7aa3e2b20dc584131c0d46f2e43dd859
F75L,nominal,2117,0.004822874562796953,True,True,0cb90dbe967e7429c2d23c6f3209cce01b8f0c325cfddb3073583031d09f9cd0,e1afeff6aa2924fda4c9cef6f91d171ccb9c1820ae6c925985bfe07251e1ea55
F75L,nominal,2118,0.016133795119888994,True,True,cf58f032b1e39787568d5e8a2c9dab5b3913005c8d3d8a0e60ef09650a32d175,b9515096dd630cae3d0daffe11d54e4ed323e335353ebb09978f97349929a041
F75L,nominal,2119,-0.0051813763018487835,True,True,427edc4254d57186bf49e5cd7c430783b10a7b46e546446c637690c4c9f1b211,085e645c18f8741380b500579386918ba058a0c73493257af02359f3f932bbfa
F75L,nominal,2120,0.024091290129826137,True,True,37962755f5e1e661dc8ba0221733d92465ecb39224b51073c3d57e10ec902287,869cb6ef0674f757923db878b81f39ab470c18a3fa373e3222587d94690d5c72
F75L,nominal,2121,0.05010277486440429,False,False,33edd977a8e743cfa0a1203df185c587d55155286d62566ac2d313fabdec0672,512409d95015cb7ab573d1f6d38581826c1268ee05413d2e81daf412629cfa6e
F75L,nominal,2122,0.03596002288990796,False,False,03ae6a9985cdcaa7ab49a6b007065590ce8133a0dd30fa641829546d7d3fd931,5b915ee7bf5644e6473e29b14d7c35bc15387fcd6b5b5413292515d703986357
F75L,nominal,2123,0.005677034403849368,True,True,f067a678da686f0a7ff0ad5773f9d99339b9518682888f02115491608905fa87,a92c908d6a1c757afd11fd15eb07b76da83e40d3a5b6ac063276f2556b3b194b
F75L,nominal,2124,-0.003928059790919147,True,True,64cf3ed851ad98d0c7a67fe9abfe7a0280add1669eebd808eda2c70625ac0472,9c3f47ba70fee02e53d00ba4b9016c6a73f533fc86c708e1f5607ad8f180ba62
F75L,nominal,2125,-0.021817501955808616,True,True,7dc622a901ac0019a78892ed2510d975f07d4cbe3b4626fe76c84e206ca47670,f5a13763143634374dc1fdf6e67462fdfc43375a7736ef9d02e6f00241556b79
F75L,nominal,2126,0.021034366233644297,True,True,7cd4b9d4bd2091dfecd991122eb2a0c010b00f5865f3105b91a183071ed1f54f,4ed21dd10d9f0198c28cbc4e2aa30cc1526711c50211c9d4d85388cff1dd9b49
F75L,nominal,2127,0.010910168272376897,True,True,9edd588f712549dfd342f5b3c21b73e8d7048e7b919564025abcdc1453f2057b,5331ebd18abbf0e7691d04699ffe2ddcc671244e5bb5f72acc202df942b515d3
F75L,nominal,2128,-0.049013637822143186,False,False,4214efb2c537e55605a0f6d14373490e6f3e7f1a5238efbf445dac6e2737700f,acd329f1bcecd1488789134f1804be95b892985c819d562ac7e26f96cfb33d85
F75L,nominal,2129,0.008388835614449586,True,True,2434a25806de2ad4ed7d6ac66ba5e0227f4ab2cba9a36192f2ecc122bc62dec7,f289a8cc7afca009e40b449d1e653df51f6360173c853b24aa5b0bdc89c633b0
F75L,nominal,2130,-0.05581385383912063,False,False,9f83fbfc898ba251557748aa1fc1a2366c3fd0199cd1351406d4b71cdd8f5ff8,d4bdab1eb2803962ca7dc1617caa6becba26980149411d7667ebf100454b5497
F75L,nominal,2131,0.02817447288640018,False,False,7ec2c44493ef7d6d4b6a5032611f5278b902167498cae07e190e4cfb7999c24c,e849afd096a7d6b44975792b0798c0c1adca51565091bc3758c9224204e5a2cf
F75L,nominal,2132,-0.049432892023445196,False,False,343d8de02c0a8489c0333ea269b0c9a1a47145d267de4890d6a25d324f3b2964,3fbbd15ce45932f42cb39332233334f83d326cc0fc84feb36bab51c2b0658979
F75L,nominal,2133,0.017611619315893168,True,True,46472c213e1ea0821665013b504c63125b9896060be2d9a86ec3906f4c2a299b,a4dafd4126b05ed3cf6cb980ff4e91af0ce0395c91db03877bd74e88789de16a
F75L,nominal,2134,-0.0032188321790658225,True,True,db4c6f4ce888b3eacf7e299e422fdece0312493040b02abb8fac0061d3fba8af,be2b3623d07428fc2def2a03e832cab9f0d49847cf1294c6c03b73f7f5c629db
F75L,nominal,2135,0.014320133325055218,True,True,9a90b549283017314ca94e60576168297b5c7e751b6ae4bf02359f42110f1e8c,c7aada61ae310f46a9e67db31e7795cf9f7085aca9785aa2463a054862e2e376
F75L,nominal,2136,0.016135142192622687,True,True,2675185ad5f76863dfd28e84a4834d22f24eaa65170b01c6653cedd931552900,b773ce1963d3b23e143d0d7262f4871326cba148eee947a578387e4d4d2fff22
F75L,nominal,2137,0.010445739201756843,True,True,6854d29e663f3494e15bd237bd89b46e9a1b248d1ff5eac813193ca650e0fae2,48750deaec4fe714764c95449fb2b583c099718253300d3f96ebc83ffb455fc7
F75L,nominal,2138,-0.02357964955962788,True,True,445a471436cfafa2256cf86307b838cfc140951f3ae408a4af2cd8660a8c4f27,3b9a814832eb4310944560fa27ad64dfc91df7f7331e63c81e099f2e9a9773ee
F75L,nominal,2139,0.018312054935114452,True,True,ae8ec49fd8bca1d71ac877d061f99292eaa5e7aeb50097e437e744b4bbd74e0f,98014089d4948c724991d8228ae936cc737f8b41a4879207a67172429ebb86d2
F75L,nominal,2140,-0.011247861231048817,True,True,e2d5c192d4c6deb3c1b51f69e24d9883ebcf1ab72fabd6dcc83f82e4df126694,b0f2e118e40fc4d4566c2a9143b1bc0c4fb7b037f16c37ec0935b6939dd63c4f
F75L,nominal,2141,-0.055924079980220975,False,False,3eaad1d65cab9a4ad940731a8acb1b839c250e52bdd00c934791b203b23c906e,5bd4f92e5b19fa1c0073cf3f4b1aff5dac85cb2fa5d30509bc997f1aeba96114
F75L,nominal,2142,0.008377895463693052,True,True,b210ffa071ea7091718251a6afe9f0557fdbfedd8f02fb56e66d7c376d8aa6b5,df099dfe1e5d25de90807a8d1e03b38097df0342b39fff16794319a8a6dff3af
F75L,nominal,2143,-0.04182756948326555,False,False,32cf534a6f0a760d30d1cf412b71ebd7696f81c268b6d608e8c43018a2761d17,2497a7d50ecced11937875dc5b9a63cbd7e0f39e248c3b01226f39b2d128f48e
F75L,nominal,2144,0.023365150814819602,True,True,d2ef2a335e08bef72e28fcc10d9e2ec36c76b7348c50e411cc9a9bbc42b43994,088395b19deab21564893527134819593f431bbf6d429b5dfc8422fe30006d7a
F75L,nominal,2145,-0.0377454516927328,False,False,2f0959db71700ef347782d34f7ea63d64d8b62c0073f3ea2c579a1eb727c9829,7f35910996018540dbcaf31b318d006ddb7440ccbb888c4e187fb492652d1850
F75L,nominal,2146,-0.028282141441582198,False,False,5a958294679fbb5316f0c2b2de76dc0b472509da20aab4f4ccdbb9e9694988d8,3ee3b6868eff79ef6a07685b9e9875cda73f80b0345c5be10d50c8a7aaf540a7
F75L,nominal,2147,-0.06555026144432408,False,False,4c757643e1f66d826b0304cd82b5f2372a9df730a46ddc97496ad012f40188d0,4761f0290cf93577733e61db688d6912cfccda33dbaf5d68792607360af7554c
F75L,nominal,2148,-0.003830012696233287,True,True,d66a86ac887502edb0cecf7c460837bb5a33ebaddbefa7da4e97b92bfd44fc32,7d757d320eb860d0f961b1e5d65b88f1fca815ac65f7ca4553a94b877f31f773
F75L,nominal,2149,-0.005195455727632081,True,True,1623908776013deaa01769b7645e848c0ddd29127f59b35cec3779b5cb18e53c,d2ef79457790bfd8fab3225c0dcb0352e63d775eaa02989ad897377fce6aa8c6
F75L,nominal,2150,-0.017720012575052513,True,True,69f53c28a891b6540843c40453e92366552233251bfb0544b20de9983869e974,bde2465892e0faec857347c143724df2cb6ebf6f847bcff96b606db9a30192a4
F75L,nominal,2151,0.027253148568625818,False,False,2683e4af8232a351bfc23f3b97d3938006cd3e26144c24f283e0ffc3c0fdbd01,2b3e62659360de0cfe197fb805d386f18f62c4b045a8942968894ce2bd2f4058
F75L,nominal,2152,0.015480202804329934,True,True,5b53038a005bcf7fd28da57c24ff55b453659bc2952a82b85aacc15ca64a1b98,ac3bfc33d0d15373e63c40d78801025bfa77694f9e2003991302011e31597384
F75L,nominal,2153,-0.015473404444758532,True,True,e291e000a460643144b792230d09ccb40f4a7082d38fcaca3c078887a37110fb,9349838a0e8d44c4dd04de87ee67da8352828a2e6214cf7732444786b9020cde
F75L,nominal,2154,0.024674631786348433,True,True,185193907446ed394118a039ef61655f5a56b3c6b0aa8d9bf4fdff5764532104,8fb66282576415f22a454a1b3d81e68047a83d617ed3c0ac3d3333b8f2ba232d
F75L,nominal,2155,-0.022559811169799993,True,True,f1cf49c173b7483bd9e84b8365287de18bccf348150eab10e9cd70e6a88f6995,e55ee205a34724ddc3895487589fdaefebcaf56a2fe7b93d8a1c6f9343c2b35b
F75L,nominal,2156,-0.032807133534170196,False,False,f02bf50f2d97bb08ed98de770706dd2721bdb2eb5cba910ba244efeee4b2aebf,5a27a80b13240e0130044468f4ca2cc54e688ab377581b7df5ad462a0c41faf1
F75L,nominal,2157,-0.010678908634766171,True,True,fcdc48748eeff0e896f417cf471aa46c89240babc012ce32e68c84489e3cbc6c,78c996c856fb4e6ccc965fd46922dedf2fdfa412d90f451f84399bb47b7b60fc
F75L,nominal,2158,0.004062215978910988,True,True,8a053c0b257c0f3f36340dc88476edac58f4c4dd12bcff554e3953436366921d,b9cb2dd830ade9996be9860b26a94b11a3dac0b370a8a116e4bcb4ae7e72cd49
F75L,nominal,2159,-0.026043029790048244,False,False,2f261412537633b79ccbd8fc951e7345c76a331883a83f8fee30d005be1f18b5,147fc1320c783895368e0ccda9beb613c9bab21a7721da07bdd54f4a319c6edd
F75L,nominal,2160,0.029297211171841253,False,False,ef83217b7d5d21520a4b2af6ecb3abb55d94e246a9093068d1057b624671ddfd,4c815185ebde4479db0cdaf7f5b098ed751dc923c80953b0e3a736fc76db4217
F75L,nominal,2161,0.016746680196887853,True,True,592d94a63fdb589dfb2d2d608b8a4a7201e65daf66f0fab721621bc279e6b2ca,accb6bf0d4abce4721122ae947684803d7e46099d435bc6fe70dab516cf6a147
F75L,nominal,2162,0.037458858301421705,False,False,58e94b8d408d6f0998347ac170f90998459e9becdbdf99314fea38fa93ce4149,d72ea7d41ae8976399c075c2badbb2cbfd0a1b5089e59b254e3b3fb3a2437283
F75L,nominal,2163,-0.0005818734998676578,True,True,effdf8b89954680617ba0c07a2c30a3f989dc65e18294cacd168ec846ad9e00e,f3e73f7422fdf44ec59a84d8d740ba12f259f2667c6321cb64046dea84036c3e
F75L,nominal,2164,-0.056813036515452886,False,False,d2abf251cc6fec35c3ca0a4017f511b852529f58459915917f043cc82327623f,189e12b75c6f810bfb875ef152411fce46f97254e9712d928dbfc49e55b2dba0
F75L,nominal,2165,-0.008254280331683905,True,True,a6b71808fb19e2562011a6cbbe4998c3255464ed6d70b848c1cd6a31866e9aee,6ecec7fb3e57d14a7fd4dc3edfe43d4d0b0b4cdf1144d97dea96555ec4d39dbd
F75L,nominal,2166,-0.011733917366462232,True,True,04ea93f9f35391e8a8577106f1a0d8417d08e7ca022e52b364585494d67e21b7,14c700f4fd6d347fea3efd58cba10023262c75d18de87e541c1a41ca958b1ada
F75L,nominal,2167,-0.05723646874850702,False,False,69bdb74935ef3fc953cc6fc7db01c7dee93f31e218e872e2efdc5ee349da1aeb,90f4425abf2f925c36caa99bb16694c574fb11da0907676adeb1689b5d35f2ba
F75L,nominal,2168,-0.026738643641144866,False,False,a1937baf665f69a7d0074dfac2d10248c31494fcb2bc92eaeb00b4680ec48d8a,ab3d836f6ce885de62b0ab63a43e5b9bdef83c4d2e7c55db6c77395a29c8871b
F75L,nominal,2169,0.026314426386865986,False,False,5cb23513456b4ba7320df7cd0b799abe5a73867e4c76f430a599de2f143bdaf5,fe2bcff51d0c49cd016e5f410c2e6ee5b11f157a19b0190411ef59950c0725af
F75L,nominal,2170,-0.011545181677019345,True,True,acfd144f674659a2c9aa1b2fc50c7fa2b096c77e383c82b131d33bb89a0cc16a,162fbbccbfcee374673eb5e1e6b8af03ae24ca6f201584e34bd381cf96007d4f
F75L,nominal,2171,0.026331918760516215,False,False,5876b51bb115ee9ae52e8a58f03ae03b688e3fb588e62edfd7ff840ae07cc3ba,0af8f17a893779482ae5062e3a3261fe913b628fb8ad080fa4a7b8fc50651735
F75L,nominal,2172,0.022385795373451534,True,True,bd59c73febab18393af3c61150984d106192889c35e2a48ec6dba8459fe7d77c,687e26ed3a207bde4886c8ca01e824566d123f8bb31d2739d722cb6579843ce7
F75L,nominal,2173,0.021747311585676554,True,True,61b5a6b685eeeadb5d3515290d2675f12f5dece0ed20ef03509d1edb4a404fa3,57d72155c484901908b56ff472765f588ec4bac3de63dfb1a79b1827fb43cd17
F75L,nominal,2174,0.005914927420208049,True,True,36f758217d67513e2b2dd8b2c91ae97c2d7b6056121d80cf645acb2b05f5e635,c3989e5b1e336c92027c83ea0a6d724a024f40a57217a80e68e49092573cf027
F75L,nominal,2175,-0.02479409260199028,True,True,ef8b33a2d984ed06df651524aab62c46c8e771b6972f0d65bac76d8701abb992,f6d1327e67c6c0a89f46ae2eedd295a08858454566fc69e3878865f697f790f7
F75L,nominal,2176,0.012878924012911241,True,True,b76841b86a2432bb3048c71b9e18552182ace0820600e55154cb788706a5989a,2a2c94765704117a1835b7bfcbd16c530787cdba8eb5611ae44239b7e5e48192
F75L,nominal,2177,0.013334870224850914,True,True,a9a1b66f26301a2d8e76a9b47991945a5bc0a09faf291f26779ab9478219e91c,2b6a17d0d39b64f2695dfcfdfbe4649a8025e166f05df90f12d53473cf7a37fb
F75L,nominal,2178,-0.0038746895099583956,True,True,eb2e5f112b72b21389ba253ea5171fdb1a802d118e6a4ab9b073812f13800719,a62f57aa63c61dfa3951c0de5fd4c153653e2375294aa503b034f85c3a5d45d3
F75L,nominal,2179,-0.006962952277314416,True,True,3b67e863aee82f263262a0602bd2e6e531f1b616f6ab412acf193e0fecc1b52d,13ffceb76a5b125bf6ec9fd4903a9abd1d03056e78071a6d8dcf6cd1dd6e0cf1
F75L,nominal,2180,-0.01613954440462817,True,True,79fe0022661b12f83169680a6da1243bc49f97304ee9e4addafe114ef2d511be,799f30ce29a03af3ad6481c4b7f65254d066b3e00ae2ca8b2f2865ad232bb3bf
F75L,nominal,2181,0.021158563170488254,True,True,a54e41ce0119d38a3ead3251c009d80cd81a535ca1cc7d4050126fcb810a69cb,9aceaec71ed217e25b77d7f6884ca000f612f748e2705b5a0dbc938e4728ce13
F75L,nominal,2182,-0.009930044995067888,True,True,d4173ebbdb97655e6daf3d1ff890eb56482ff388b80838820c97b7afea80e47d,251400bfac4fa6a6f378f629131a7911b6aa78f51e03c5c68be5cf47ce995f73
F75L,nominal,2183,-0.036000275926219016,False,False,13da0924d62e5dd48ad18e8b24e6c9b0eeee9b46def66d52b7e2d3b24b62d89a,fdc5b9f4ae334bb6a29eb1391f8b17883f2c80572db52ba9ccec019d8cfa361b
F75L,nominal,2184,0.024366989167415642,True,True,0a8f60a339f0a002e7bf24f8ece5d2b3fe1c1a284ae7fb66b97d19a57e1ee51f,7e52960e75b4ab6a3a190342d5ca9998b007899a3a058c17abafe0262281939a
F75L,nominal,2185,0.004417921238937472,True,True,3efb379e56f0f6200555c02c2cec896a2a7b7bc0e73032cd44dd5e71f0aab60c,ef9f720e6e496b05d91afb1b5f68076b0ecbc7964116a27404cd3710aa7555a2
F75L,nominal,2186,0.004219192049414011,True,True,2e0cb0f8871366793d32a9148c0abc4dae7119f2a1003a29de034032a8091a18,f93bf3fcbdb347f03f06eed72154a108ca03d71f41993fe11104dcaf65bd83ca
F75L,nominal,2187,0.010837625020881148,True,True,effb7c1684584bf4bdfb63ed67baa029b84e84e45d6cae0dac92708c6eee9589,9af442e0d254de85012882cb89eb3a90f36cd07e41e5f3045537e4c720de1939
F75L,nominal,2188,0.012073129094296697,True,True,8f72cca258e45219ecb82c281bfde6e87913108556525cbf56d8cbcc21d03728,d0fa3439fe8f42dbde78df918f88d19038687c732fca3a6d4dca70440c67cf55
F75L,nominal,2189,0.032738802595633776,False,False,bd1fdcb4ea96da32ec193155741752abf053aed951777e7a052a5d0c4bcfb53d,2f2552bc551238295ab3690c9435d701447d6084697a4eacc93971260e51f97e
F75L,nominal,2190,0.015013184735905849,True,True,2da8c37f1d8ebf97066fa163432b882a8fc618191e9699301aaed7d73e5e0701,d10f13fe5d385036c66ca55c62f4edbf883b3f3611b7fe9b93ad57f8c1bafaae
F75L,nominal,2191,0.024055032977321256,True,True,75d1afb600ca610da517d9107be837bcdd3406e5901b79497bc5f22b67d0bf28,f9d43165d2dc3d49de45137488389cbd71102b0c1ad23717dc21757176612c52
F75L,nominal,2192,-0.0034905822472707237,True,True,0a44a65ba7b158a82bd9dd69c3580836151fda3b0c2bc58e4b21bdffc3c3c0a8,0ebdfea0cd7ed25f244a46d9e5aba00f6f147e68116f9d307ae4c7ae327a08ee
F75L,nominal,2193,0.010547845754309448,True,True,2fba9ed07c39749650d4c795951420664a1e19f8c3d4d62b873cb55b69186e98,027e1fc38031c0f257696483ca134735beb46e11707760de8314329f3d776884
F75L,nominal,2194,0.019381715901964913,True,True,e6885a12f84fdc19ddba3987f8a339a50c8d90db1379cd25e156d28b13aef7fe,01caec47c30fe19bb4f9d3ec0d52429cad97340df5d738cc92cd00325a6b4828
F75L,nominal,2195,-0.010206464092529677,True,True,54898a261658096bb1006277a44ddde3fd8e585aaa86d1e34a47124201f1b245,68b3da38540b089e4a011384b76a9ebd81fa6f7fd189ac3687ae80950e1e31be
F75L,nominal,2196,-0.02681221636181519,False,False,ff82b6f9f9ad6d0f1f3c6e0587e1481fb33f1ca9c009a6b521cbf9002598d7ec,83ef4f61bef721a7e9bbd5833395b76c3b8f08a794120b3207332b65d04ef91d
F75L,nominal,2197,-0.015058779834405123,True,True,b6d4c81446d812a87de1bd2e5fde3c7e0ccdfe4af742785dd6d00b4b343ce837,9e2c597a647909e77f4a3569a34095e786ed94ee02530d54219e3f5c441ed023
F75L,nominal,2198,-0.03435180048292047,False,False,8af055444f4f9ca2aa9905e241326d5eaed427ccfc42cbbab1144d2f69e0d76a,81356a8122262b76251dfec113f8a81785fe8327448a108750654d1e601ad736
F75L,nominal,2199,-0.021604943632161144,True,True,b1667d9b69c6bdcf84b76be98fa6ee161b535fb656fa1dc91629bafd3d17fd30,70fa0a8b5185d518f41332c20ffbea7a6b8074b4b02b43c889e7bdaf8ab79be4
F75L,nominal,2200,0.02747410054652155,False,False,9a111a47c258bd2d83b0339c28e87ab99c137e84b5feef2636787e57049c258e,71a491635efd87945890e7c83d5043a250e2f38b2581817ec902d90127470e64
F75L,nominal,2201,0.022201737499840113,True,True,090dce05319e43be8e0da571f7b93fb975d560ec38a6878265305ade05324221,028a61a731fc076be197b8c6c643cc1a607c276ee23252b6f05c4d9619a4fcbc
F75L,nominal,2202,-0.02356338061970198,True,True,d9c1f74924843f2af3890976667e90de24f47045fa63227c62d72ea68d1e96b1,31ab6ef0a3723a03c050f1a15f14448133b61b6dd465140451bca03c0d87edc2
F75L,nominal,2203,0.06007400776499272,False,False,b695476076fb16fa19f521d3ca2df68485e7914f72f7adc24e8e590ce9c44e82,0e7d0d09a7c3347f26e32ca6721a020eb16c2543488d826ae29db48dc27670d8
F75L,nominal,2204,-0.02780678364294925,False,False,6bfeeeefecf5411bb1ff94c810db3c67056f44e2374f437c2a2bb1aac3de1832,5b14477aa8518b2a35e05472db3eca8b8010f581a4a84d69f0e10f87d6bbe6ec
F75L,nominal,2205,0.032662616677342604,False,False,f7d8f0d21a5535196619331a0ff3c4a6c06aa824bf68865a8d2a3775a763d21a,100461dd488d61c793c8a9856af88acd39959a12caf8b3e09045c4e3a040e1ab
F75L,nominal,2206,-0.02483143422626588,True,True,6d3945d49fc4bb0a1965ba1f375516a025eddf1a37d816ebfd51344a378a0264,3a4f26194c3730e73b735d151eceed570c8f86b14dede938414f0e9b3fad37cb
F75L,nominal,2207,-0.06113377500371331,False,False,93836192d92abfd0c5ba29f08cf34fd760e90b8cb5a0d4cd1abfa5206a8ad86c,4c9fcc87c55dcaaa9c8d2b76ca84427cf9c835ec20092c4a3d035e5b74c03eb4
F75L,nominal,2208,0.05615358329437237,False,False,81fa5a54115db36774438f33ccc744d977a592084ba334de4cae027f6d380f27,260cd649a8adfa6b7fb373ed16b2e272d8338aa8d2be48c7254b64bfbcce84e1
F75L,nominal,2209,0.0326290209717246,False,False,cd372b0786d0f8b8c48dc7fc2e1ba59cf2bba1a1fafec5ca8821c4efe6ee922b,fd0e33f9e47a318aa2b1d142961b83f16e44ca7111164514c4fb586dad146d75
F75L,nominal,2210,0.05087120897349773,False,False,1fde7e050c25c890062ed37183aaee79ccc17cc2f89c20ead48c071a5ea55ec6,80d0b0856e9a3ffc088f611fb25d211f2d4df75714554021486f5e98caadd44b
F75L,nominal,2211,0.01768134019405132,True,True,6e5224ccae4904f06e88c27b75983d19d1d2a1468866c04349c79bc3cc02e047,eff980eb0dc97d04832e3eba395054f908e96e51b19ba27c46cbf3f2d1338dc3
F75L,nominal,2212,0.015181187121692252,True,True,89393cf86b3673e3d9d5ff4ecbe38997b699d254e6f2360712fad0b28e724632,fe056e5a601c179e8448a88bb163259405ba05998500b16a6591cf1eaf298ddd
F75L,nominal,2213,-0.00477902653133655,True,True,e6e7fa3af92354c51850b01b635da1c6badb65b275cf3a431a8daaa0789be984,4e5c06a8230352fd08db838644090b53824a025ee1c3aa49d0fd0b14090315af
F75L,nominal,2214,0.0072000971469317054,True,True,629565a3c0fc2de64b82d68788d1f68e7016e8642c17ace18074828ad15e4f3f,09605b5b73eb8920cc9fe99859480a6d8d29cccf6884c3276c189857b05d7904
F75L,nominal,2215,0.009486836384998254,True,True,cb0127bf1b5b78a66b0e5c228019eaf19b3b4fead7dd2813006d5cc7244c2c95,68d0e9ab2ce4b721177dbe86a8a17775bb694011fa11cb9e4539ded8ac32c32f
F75L,nominal,2216,0.003619132301502348,True,True,23dd6ecf2bfe348e7e6723ea98523885bdfc7cb8242a413f82d0148acd4c059a,e8a6e47473e0ed6f449b0d42c3b2a8eda3179b38728b1f8aeb0b404e27f25588
F75L,nominal,2217,0.05407795705602392,False,False,296363bff46120ab153d38b5fb4de130d2794287af56ad3c4cef0021a74fd0a9,5afe28fcff520c1b95f01ea04d488226556e31eb4f7742654e0028db77d116b3
F75L,nominal,2218,-0.008597865379445568,True,True,0b87f2b8c7f05a9fb50017d8f926b0d03a5347c7a143e8df5f07870a2245f4a7,3089484f924dd6012b652a63bd30e08f2e956d08969fc02f8d948e2de3d36bbb
F75L,nominal,2219,-0.006803284640435003,True,True,cd5127a731944b09a8b25d02599b061d744b1e64c4b694f3aa7b186df2529fef,b3ac457ade0369d39adf01a6ec5951baec20a8d658a5a8d33947bdb04919ba1d
F75L,nominal,2220,-0.03492367701117255,False,False,592df74b6fe91aa8b61146914c7f3056df76f5fb197dbe4adf3ef3912c75547c,469183dce8ebe182c82c41f68c3920cc2367d38fa0d9ab02e37af8d66d88f670
F75L,nominal,2221,1.8013416391848835e-05,True,True,dd9166e55663a408f780de2564f59cf703197bb1c4f95a1c14a68a331dd84349,30170f428512a37a9c0e02aeef35b148d78a21139762815bd131dae7a9f8e363
F75L,nominal,2222,0.0025090841662374075,True,True,8ce4fcc68c4ebd646b522f8c902c04be58e9ff93fbbe513a1928d67546b8ad1f,d2d1a367dd5ddc85e25aba63dab686f75ec17728b921f178033b1f8aa874d297
F75L,nominal,2223,0.0030137542461642353,True,True,dbd6f6b42a49e988cf353d2071d0ba7296107d3cb853fa9d4f5d50362921999d,0fead87f1976a063b05a50e77ede348af895547b3bf505f3f719d1acbb18904d
F75L,nominal,2224,-0.0022856887447836316,True,True,828faa18d2f93fecd4b4e5b93df4e1b93fa94d88d5ffeb5e57dd5c4b5794190f,561dcaad252db8180aabe6788ce8e76af85f6bbdea27ba7d589d424961fddc02
F75L,nominal,2225,-0.017791425650646286,True,True,0d6cbbe6b49f7f1f3a8da182ef907204f230cd055c18059db46203fc5750cf17,ab45f7dd29379e1fb52b0d26b6d3a7e9a9177a93b52610e3a0fe5358807e8c92
F75L,nominal,2226,0.0126251971324014,True,True,c1e724db61f95156bde8953a8b409fc90d01aad114e2827deaa8183bebe5680b,91615106ee3198e0607cfd87e449191cb93625f86de037528983e409b1871b8f
F75L,nominal,2227,-0.038880098256503515,False,False,5d166394ff5f388b7c8946a88c49a7735aaa1cb34f01200e0ee6549f7c8003ed,a9c5ecb5d18bb184e4e6e4f6b9798a98725cf80db40e4b0a5eb29b88b29a19c2
F75L,nominal,2228,0.008764709034660756,True,True,f876c1e4221be12409d936529a4b5ca0cae90fde94a4ba9b9d7784b649e7fa13,a85071ab8cfee0ba9a05a41279fb0d482cf5c53b6dc7bfbd6a9538d48e314b5f
F75L,nominal,2229,-0.015582007291549127,True,True,6918e1719247bade9d2f00e34b72a05469427c22773be7e22ed5cf8a56fa0ba7,b990668a14c7966508963034359c5b860b0a06f1f5e1c2842e46375e6e61def9
F75L,nominal,2230,-0.008780926381665943,True,True,7f4d570e0e2c0790f88b100bbad547f0b0a1512e3b6408c5ca5c7cfba55c3f3a,9907a1a6737f8440c7242ffd37404076f97612936e1309fa16b843572a7c9871
F75L,nominal,2231,-0.013193904930293487,True,True,e49d40893d5d3388cc6f178567b2d441af2b0ab6283a0087fe88f5fc44998868,cf82c9f44e2f12e5837198d32d8778949ce600bb0e107a4d5205b5e884ab998e
F75L,nominal,2232,0.003437875690389336,True,True,c061b6f3febb312d31af5b9cfc37edee39bf3161d177c321017dffd68f0d9970,790007b2ef003deb481bafba0c7f0a069075d423d549dbd19be9a0acbe9a8dc4
F75L,nominal,2233,-0.003695663629289525,True,True,a9a52221086be1ee1308ca0cce6557ea95031a76c54f0c445265f1757c5c0361,e327d004065261e4a943ce5449770688422072be949285779accfe216f2dc4d1
F75L,nominal,2234,-0.026983722998330684,False,False,0e0c305bfb8f941b41430ec6c64b0098b9b0653c7a6f65b625d745ad149e8282,13b148c2678643cb4a2671c075ff5c13c7ca1e89b529d217e41c60804dd5fc94
F75L,nominal,2235,-0.0007360101183042644,True,True,3695e8e7799ff94563364de4bfc0e221d6b341ca803a032c22683f44e331a11e,1e18b58ba738c375b5252f42d6a4d360c20fc0e646b1af7ce05647b373790ca7
F75L,nominal,2236,-0.018552102419151395,True,True,96c0d0f44cf2899eecdbe8ef7e88776317ab6ba83dcbb4ce3abdc432e5b94068,4b6e587e81eafe73c96c3523abebbb8b9be0cb483cfdfa6a1e2c769d976dc015
F75L,nominal,2237,0.015723558400880355,True,True,62ff7218cc13e0d970343780a9d0ce09e9b42a8231c15b588628d8f47428a14a,81faf942e52926450cc3d4b21915289732fc84eba4ffe13bb86298b3dc3a3528
F75L,nominal,2238,-0.03166963927187888,False,False,6287a6980137138ffc8878baa240ed1a32b1e5fd000981e14cb9fbba14581363,46ab7f0d12c5c7a134dc44155646f9ac20fcefafd85f384b952de072a125cb2c
F75L,nominal,2239,-0.04050914772943326,False,False,bc7918c1b83da371e1bedbdb46c971984aee208e8c49948917256f989c831ccc,02cefd25aaa6cee2a5c895c0fb04e53cf709ee939bace51ddabd26faa71b6319
F75L,nominal,2240,0.009562950322442365,True,True,1766871671dc90db7ad0864a4a6c5a7e1b052d06f947328a81441e524c9886ba,b88c33b924c28d97131b88800b632124c69fb3d737258d4d1470d77f63b57eb0
F75L,nominal,2241,-0.0324003597922764,False,False,886a58ac578af20523c991f839bb1139d603ee68973afffc48bde543869b2fd2,b0282ba8b0a34aa9a5def5a98eae7cb099a9d0c0139e27d7c013d2684b1f64c3
F75L,nominal,2242,-0.004377252696258049,True,True,7952b9387963eab7e05df5c38f897015650ad7c112c2ec95c96fbde7ac6ef82b,032a9eb9891366615f4f97671b068906ce442ec631d49bafabe295f33a8e6e55
F75L,nominal,2243,0.005163260499277289,True,True,9dbdab861542f957f143cd07db8fd6ab183b3bbbab5b5620e2d2b46ed8c88bf4,371fa1f802714116c2720301a8de212fd34d83771354f13cf83116cfca7b3c3e
F75L,nominal,2244,0.0017954606726875433,True,True,dad0a7f80eb0b5e734b5f45a91eb6ea7793013967dc6b43bcb15772ab6b5d686,05c8a04259d80a70eb4d10cc12b1adb5da70b56d42bb080ce4520b9686bfbf7f
F75L,nominal,2245,0.01028900359599727,True,True,b5644517d9782edd34609a6f1e44393ea433977eda8144f72bc8b0607f5a1a6c,b6770bc20b9a3cbeaa401fabb23007156663d5afffd2bded4c0eee36b9b1bc6f
F75L,nominal,2246,-0.02655811248355855,False,False,23803594cdd39fe9da9141c1e6ae20977d4b30e8ef60444f71048c709e0fd1f1,8f36bf06479c22b3822fcf9187ab18afc47f897c4e729b81dde7974573a5ff68
F75L,nominal,2247,0.0011872006918085543,True,True,79c5051239f711d00a2b24cab884709e77c4b587bee784d1741b6a519d17fd76,1821eca1a3730196ba3127d4fbe025c53212b63c152e462e651e6c00c63ec1a7
F75L,nominal,2248,-0.008123497300238536,True,True,8a21b661c039a4ebf08f172e1e810c0be87f58676eaa248c36a8a36cc7e261ed,e354e5fad3963508127bc3b47355377d4dbabde782586ee65e28052ae2232977
F75L,nominal,2249,0.03795402803927017,False,False,c71cca0319099afc65ecc7966bdd6ae44cea8ecbe425f6ae8ff9788e7203f75a,2da7d3230f83928d421155f9131ef7071ce072470bb9fd4260f4d472280d1b0f
F75L,nominal,2250,0.012883854222814461,True,True,c4b9bc47cd24bedfed3be41e9bff48f2dd93d7e3056d08e5200a7168bceec8e7,f1aa1308aba505e48c9d3de43c2c021a2f1da6dd3124ad29f8f62c5531232926
F75L,nominal,2251,-0.04492994622402802,False,False,781aec6e195a177740bc3f148243a3a1ea996a5c79a452f55a36cfd07ad3bafa,5c9b2dde6e4726ad8e1beb660a88a63da498a29aed04ec250c3b8765846bab67
F75L,nominal,2252,0.017494254039942536,True,True,b2bb1d2b6a456eb06713bfac885c7b41c12e26ba4149014dae424197c4cf06d8,7fe73103b5c69a34aabab4940379d66c0a63ed5fcda1584d600873abb92dd34a
F75L,nominal,2253,-0.013125715638238,True,True,c9a01293daebce49ef9a68b502378c7d64a38cd809902d4abe1752f4e97b8dbb,8b054c7a26cdc06d995b18ef7a8315a539cd09863ed110fbeceeac86111a1bbb
F75L,nominal,2254,-0.000741473024168493,True,True,47e0198a3462418245c7284e7f4b26e1ba4834f9d7cc6e903ccc830debb4e8a3,7c6afe8da4d64cf6246bf0dfb08ea2da482f27af3d0dbb4ac48b182d32cc96fe
F75L,nominal,2255,-0.06861786982232726,False,False,487f4e3e035cbbc2795548bec91a1492a4d8fd5d8ac0b9f203370c35b1a840a6,fb7169dd8f34f081944dd5b997848cefced85ee24a61fcdaebc681a74161ad34
F75L,nominal,2256,-0.03124474447016201,False,False,f4d0d4e337120686cc1817166f0447cb562de6a51458084806381f2f2546dd13,fefb6242cdf0a088b6945a1e57d9a7d240a9549500121240b4dac0794a0446fb
F75L,nominal,2257,0.01868305687621019,True,True,79cb242c89172a12a9a12d68fee12c0f5141d0e65982cd37518dc9d6175dd6bc,5b20148842282caa96d1c7837f5784efbc799c8fa4fda3547f3abec572f62b30
F75L,nominal,2258,-0.053705098682784946,False,False,0b65ffe979f10a73edf444a9c2a87de8e9ad72efdd44d4b50dd65985fbb0e93d,947799e929257d9098d21c38502fd5ecec4c1652e7df0d907f73889c9c88b1a2
F75L,nominal,2259,0.001450271905331757,True,True,ddd282741d64494a678b2b69f27adbfe4dca678961c0712cfb6bb1ae5b3e6454,5de7b228cd4b5194976dad5882144cdae541225b6fbe563906f4df43d7fafb26
F75L,nominal,2260,0.008648721369095003,True,True,4b64937dcb0c4b0ab6077acf5f6ee293b54c2acd77143f377e426aac22c1bb86,bc2f53e83386f7a1e836c8e5213600c8aa9be84e5ffae1dfd2ad50e1fb6b0ff8
F75L,nominal,2261,0.019942522701410614,True,True,2aaf13e72f7386f1f19c4970452cb19877bfb77e756d35d14b803af8c7ac1773,05481d57178ab2f8fb968fef752d8d9eb3863927a1678bf7f638a26b4d8c5808
F75L,nominal,2262,0.05610858219340775,False,False,29294632d54287e01909dc828c173c0d2214ad3a61ea309e3668cc288b5a313c,f26d70fb0a66c2eea516be3da58095c3a931fdd1bafe7b0d4fa5a5bf053cc866
F75L,nominal,2263,0.020821118189403687,True,True,69760ee2d6839fe9e2583c1834722e55184787e8214ee8929961213c0ff3a8e7,f4357f8e01260cfe750d6621ab97bef27eefc851d924d041e6f032d88083a6e6
F75L,nominal,2264,-0.07151623835614651,False,False,26aadf9564770f7a1cc20fb79cefbfad17e1a3de5304156d188d73a40ec20663,2b1f06fb75ba8d9692c51125d6b8334bc4cd5a7f3acad65905514ed147ad51a8
F75L,nominal,2265,0.002348054223968332,True,True,2ebd8c40e33b1168d244fb5e25429dc0c92b97227d72bea4f67104b5aab42ed1,5ee93aa1a1dec58d4ae6a70259d162783d01e727ab5ed0660a6d27525db61359
F75L,nominal,2266,-0.010946009769014498,True,True,9b6d4be280f8073e80fb0adf580e85385fa552ce08daab06f8386f5fa113d7dd,8ac6db0982718c8061300632e84af647a387bce7632dc77ae6e105123137e575
F75L,nominal,2267,0.026466771800604638,False,False,9405f0e0e7914ada4e48ee24f27b2b1509d99093b839238eb17b594fb64df7a5,a02507fab93673756ac38c07af9b38409e7b2243103c0161ea73fa039dbb95eb
F75L,nominal,2268,0.019506271182159085,True,True,f0652b6eef04c4b2433221cf21acd9ede7fc3de13635d227eb695177c2977a84,b5f4338dc05659904179e827a5ca8d65297b29e6e2effdebee91342b96b647d8
F75L,nominal,2269,-0.03073628281741292,False,False,2898450471bc9a228be8b730fc34938a49e3a0cf4e3b772529c00028ac9854d6,09852c8e9b4a47580f2c677ecdf8817c8ca34c9d32f1e81b158b2e8534be6805
F75L,nominal,2270,-0.024552557453550117,True,True,aafb244acc4d03ef936636f02e1afec60986446853ebe84c74e79f53d4aadd41,cf59b90918c95bfc2a403a34a05506c67eed28f8276357901cabdeaafad2adef
F75L,nominal,2271,-0.045137980858435345,False,False,215892ab54c8cbfb53f61eb73409b3c5f2e3779cec95bdb06bb2b6beaccc69e2,92bbf507489a991466da8acba06057323d97473251eb3e9095f86a5658893dc8
F75L,nominal,2272,0.0015796434402810533,True,True,302f6be8912f1c84da37c38bff35357ee0f086fb8a618a6f96ba78b84ab13def,bbc50badc626f70f790363ffd686343510f5fec1a7966cc6938ff2cb60ab6e71
F75L,nominal,2273,0.021947036137627718,True,True,4ef35d4a69952627080481eeb8f7a41f89e463b60b6edb326620009610a5aa79,07d8643e20ca37a3e19a853c900b5fce15a272111ec81bf84ac2a2fbbcf98b7d
F75L,nominal,2274,-0.02623920182057282,False,False,6ff511d05c29ba6af10c5391f75924c6229e998d2d84ed60ddb2f78d15379a00,2cb38f20e2543b1ad1c2a61e57588cbfa711ae23cb86a3ed7bb6ca89392da638
F75L,nominal,2275,0.001314784616400333,True,True,cbc21841fe49e0d407c25b5d73c0b1ef022d19c890d740a60a2a3ff510daea73,425980ecf3b73b9c1dc740f43ad9731edf289797566bdf7c520ddcccbe0addd7
F75L,nominal,2276,0.013505377389994466,True,True,74f9af5093c13065ff6063282af81e5dde7bb330e78f6ba1e35f4ebf4f30bcb8,1770e66a69d5b1f211ce5f00047e0ec1c56b35d03ae82c9810818126aa6af1b1
F75L,nominal,2277,-0.019590390485418274,True,True,9a602612122d78965452978244f5579b7267b474f43991c963e998929dce9535,ee3e86086a7aea3d206d2459ee7f1551b301a51dd23e4ecc224f5471103af439
F75L,nominal,2278,0.00746170791716505,True,True,52a294dcc5aead216f06d4193dde396701ffa3ec1c831259f785a3bfdceeda0a,46b7a0bf709658606e9aba947eafd54e4ce0ec647b033c1b1ff9742dae0c035c
F75L,nominal,2279,0.0215684885354559,True,True,b7bf69ebc505d1df0efac725438a4ba201fb02360cd955dddd29d84a35bdaf35,a234578408de089c04c41fc9822042139412819839d2edaf3efc7fc6f9fed46f
F75L,nominal,2280,0.011152779505494537,True,True,6a22bf742b9fdd431e1b02b35ec0f738af3310df90e914c7f1e5df5f88f05beb,c1305796732e7089c4f47c89e8bce8ddb16d9c1c9757e0e9c00a9c047b639fd3
F75L,nominal,2281,0.022783132664135675,True,True,b157a3f7e0fb144b5822f9cd2f4fd90e145ad61e9828f62f45a96e1eaa14f9c8,fe1dad4ac5b1ac4ee07df1f11d0c0ed86f287025be0e3501e11b63913e0f5a55
F75L,nominal,2282,0.0049960184902217986,True,True,6b42f4dcc5bf8908c620a6e9de0ef54117a2cb7c13af5e5d098106c3a6450fb1,7782ce8aff368736a8071891f4f1cb3ff26bdcfaa4c91be103a47776bc0e9191
F75L,nominal,2283,0.005388191202487014,True,True,7c378b79cb112e023c7936fbc2450d34c1e25f1031e80959d9d2032fbe9f7eb6,0a10291c8f340e89eb56345d2b553090261876585734287cd1a4942263e5fac5
F75L,nominal,2284,0.015279345979828829,True,True,d4732e8b8514649bdcc8f86397172c65d2eb986c848de70797eb17d6fa3229da,253d4aabc5117ffac161d9770021cc54793498981b041d987328acea31e226f3
F75L,nominal,2285,0.026457501757041757,False,False,2d50cdf93a4dc6d8027bf29d77880a467cd72c2bc87d38f29379d45e059c845c,1da1f3b9c90ea2a5d7626adc2a3fb48f1dc523cc8537f00d6ec1875d23e12d56
F75L,nominal,2286,-0.03240676006951332,False,False,f61d96994ab4c23aafc04c16d00e484a5d2dde51b738ae0094b59f3718252e3a,9f9149d14286f0515a04ec80dfb522af14bc4833cf96a5ec8bdaf237027c252f
F75L,nominal,2287,-0.023968392066973987,True,True,04158b7d100b996fe3723e6847d2702164b9b08550bc9c9c66a000395054b171,a32597078e759d491cd53eb68da5e4462db4b151b0d633bf0a8891c480f40455
F75L,nominal,2288,-0.0045722557982295076,True,True,d181bccf369f2df9666cf676cea518a8e4c393d7a5e3592fe4f4e3380fc7c730,da5fe2a229b079ef0686598f7618050d40e4bf2028c74fb1236e682c064b4266
F75L,nominal,2289,-0.04389048911947896,False,False,630adf09e2f62c1a06e106dd3c9d27b2d82c52d9030c983c4a0f2ce1b0cac153,2bd584c555000e749ad8297b0a16ff4e5f4a0bbd19f7f9e42dc966e1fd1cf448
F75L,nominal,2290,0.03400027236137004,False,False,305d9c3fc939ca32475bab8476fbfe62c1fa31ace96506e86987b6a8252f55a5,ed40b0238d6aef5c399fe57ff70c168fa9ce0fc71acba73449157b346ed9b663
F75L,nominal,2291,-0.02189125853626589,True,True,2c54c0e2c36846587c6ef6ffa3bf4fcc414267e3137af350556c80f69067b9b5,4830b1be150b9ce8dc16a81fe6addf332b72833e0cb7e768e26fab174bce1769
F75L,nominal,2292,0.03937956632014061,False,False,aca6c97bcd1b30c9552e070d84189361a8ec8f3d4ab70169cde13028bf799664,40a487150f7bf2c4a783cbc21779d5342aedc6eb8909b3515f93d8a62c3e7d2e
F75L,nominal,2293,-0.017558657764420116,True,True,7a9883cc317b8391deb74e53b97d12541ca02cf53c8ba7e2bc91c0607f620987,2f9f443d5094c279c63f99148e7de63465dcd7bac240a15bf5ab0529646eab62
F75L,nominal,2294,0.011576801418729632,True,True,2591c54005571f38d025cd4775d21268bce10ebc2224b11d2fbddf679032c621,96e9c8f75ab7e6fc41eaa51c89cf544460d47d3c5dcf0b4851845b48bb21470a
F75L,nominal,2295,-0.009985272460352634,True,True,e1fcd88aa3faefe2c694a1dbaf91f2e82a3013738b8ac3565c99f6aecb509b6b,98d5c100efbe837538e20582a558cc1ffb75c9880acfdfec026f77ba7686410c
F75L,nominal,2296,0.005597673942771886,True,True,faa8577825e31be84be49213f62c67632f42a14255df35130c7b692d39f050bd,2cc2c213ab1643e17dbd940f5b31799532f39af372dea447faea113a8e972bc5
F75L,nominal,2297,0.010303978293694116,True,True,a97d4dd54ae9e62cbb8df0f3584af42b5b059f3c5f2efcf46f5bee201b8438e0,e55d4521dfdde7cd8aa8cfa863e70d7e13db2adac59df428d1f5bc2ced382c24
F75L,nominal,2298,-0.019983938890450248,True,True,cc5764287ae99129469ec58d57df17ebd0b8c12cae2a566b7f1b491fffb4b841,2475605b53cd6e3df2ad5900d830b64f6da9cf7f3417549f28eec852bb4bbc66
F75L,nominal,2299,-0.009513574070971087,True,True,71f62a5e650c1b1daf09fede24d8d74de794f8a16ef7d6a0d563f1f6257af3c7,9326f82f09be05d72b18d56e45609a21108ba3214b4de9a57cd7b7e428c1bf98
F75L,nominal,2300,-0.00028561961573703165,True,True,0addd7182c5885f61df821a7b6c3066f487d77476692eca796d0af9d9efc6be4,ce9ec71fa89260dee017fd480131ea5cc96273fb4913668071d8373ce1b575fc
F75L,nominal,2301,0.01221694840617793,True,True,6d55af616df56f5090779b5740ffef3aeab421fc102c7aaf125565094e925b89,af07d37db6ccf1c9038ed9dff335a35e634525e3da5175769771397dddb849d4
F75L,nominal,2302,-0.015158565168878146,True,True,467cb08674c5f3940e24e04764c8914f9cb580b3ad72fd96779d5ee4d21f00de,774ab2dfdd01068b6c83ac241b0a9b337ac2cfef6a019e62d25ff16c1ca6b20d
F75L,nominal,2303,0.02733836487544994,False,False,d2c517ba0b5372d2d6c935204698b4bf0c6c2b05c8b1a556a9c10a432f77878d,c1779c52f471f98f514dd01839fe1a360c1bc3e3be874f2e51dc7bd74aaa1a9c
F75L,nominal,2304,-0.03903988118660445,False,False,e258090b6264ef30e1438c6a38a4c3a3453b875813ed63a5562e3ae79c2af978,272d821609d99901754694c6f785229b649e841771dc6be4a596591a748ac378
F75L,nominal,2305,0.014555551846817005,True,True,b5a7013ceb27f0d8448d91aae70665a181f378a89539761f73c9b82424afaddf,a2551af37daeb14194753247a58ae3b8985b3bff2575251c35b082f5014e329c
F75L,nominal,2306,0.019763664811146997,True,True,5328b96e68121a03f9a3bdccd4a9644b55252c741e9b246bbd169f9f82f30479,82e0a31616f55e23338c3991338f945f7ce7785f7342db37f87b9d30924fa269
F75L,nominal,2307,0.010767781794070785,True,True,1050be31cc03cc70108a929179d8adee10533a2ac4ee3b98c858533f92c9a415,ef04825135b66ebf60e443a5e9d53252007dc48f481c6ebc1a4ad8e6581f38bc
F75L,nominal,2308,0.0028332013923648702,True,True,0c7f2fac1ddb1ac38e35f5e8d1179cb47873ee08c377f21ab5de86516a0b4ef4,f516a677155df68f30d632bee64b3a6a2592fd288b139c5ad1f28ed77881e4d5
F75L,nominal,2309,0.02996416224384968,False,False,7be93c33966e7f46d450890bfbef6dc5b2ace0fbafd7614abbab6e4da8246865,863be8075d130a0420855d053d92a13c82d0b073ae5c1c09f8c13d35af09e244
F75L,nominal,2310,-0.04811411909861085,False,False,007defb6c25e8b15fc70a690b62ac888de0fb63c8a16c1de2d2d6777018dc71a,9e1b85bcfc67bf0f2ea5a6ac2f105f737ada61ddc56eba69f19e99079c54f0b2
F75L,nominal,2311,-0.010083978402905092,True,True,d50fabc8f7b0c24ef1ce3f2d2415f7da83b2343b8f20ea70ab842f0d136d07f9,44b02d6df8e4b4b53505322eca18875072fbb0568e485f97d72f06c136e9bccc
F75L,nominal,2312,-0.01750188020776805,True,True,35c941260047a7ae4b21a4f4f6ed4545c483ef3cdce46ab73214a594b572e355,76f44ffa20c1a240f6dfed104efe67bb29494aee4243c6f01995715150ebc54a
F75L,nominal,2313,-0.011560282054737914,True,True,3399242a24fca488d99b09f30d275c7fad69936a6ce97a671ccc3385f25ab7d2,540b7a53e9f7f2a8701371906a89047dce5683e7c625f79f0dd55a8b25483c68
F75L,nominal,2314,-0.002886638718807677,True,True,3b1f6161cf77801487c4b127ae1ad31c4911c01ae7276ad75cb19b4909fc3554,cc98c2acb84cba41387ae316ee3db3581e39eb0d6395feb7c2ee0beb916b3bbd
F75L,nominal,2315,0.020399695613440016,True,True,0d69e2d1ce340bbeb98d4bc941bd7c50dcf579a8d1ddd32ca2f2e4bf76c2e0b3,595fdff974a22a5a5f1084a0baff450f13f945e580021d00cfa818f0f62a785f
F75L,nominal,2316,0.02538344455638264,False,False,afa6f5cde9663ccfda161ab77148302f8e7296649aa560a8bbad17742a9f92f0,b78c77b30cdd2ecb971b1f82b1f2bcbd1b869b29f8327aef1eaf68a5246c0daf
F75L,nominal,2317,-0.004375776672752241,True,True,535e568f027fb6b5c4330bcbd7bae3e9bd7413695b39f02fab344cc8b9d44d65,aed00c0db95db4bab07e5d7322558c9ddb97c351d79ea9af4b2126cc0ee6a387
F75L,nominal,2318,-0.015225735420295983,True,True,6f1809b8ae61852a7cb67cb8263d4aef675003c1fe13f78043716852f863adc8,294196f6b17d78765c784af2870ffcc1ade0ef61de8d2f91de15ac629a9c5bc6
F75L,nominal,2319,0.013442224776370804,True,True,851caf53ee3e18e09ddffc49d3dec741171f271dbbad18578015520e14b0f2bb,e2c4e92ab056a8d2ba19ea9dc58063e574e044494fc7bfb8e7d7c8bfcddb9313
F75L,nominal,2320,0.005528280945096942,True,True,d9f862b1de12c7bf71f0dfd46fe05b3f81bafe876dec4c858d7fea130a41b870,37efcb0c163bae9b11c9b836d87fa07a7d517dfe79a46f4826b1c7e793973e45
F75L,nominal,2321,-0.010185349209800021,True,True,d4e01583e371a802d4f3eca31b1bce1b5792528e8c8a20335d5fac6502c929b3,142ab928f0e3f498c160db2337b36ccef9f0ea7cef8a7c2a228cfa269c2651ef
F75L,nominal,2322,0.01614833936503912,True,True,eba76508940da70002ba6dd826f7ae1e2d9e009ca304f4269cafe671774c869b,32bc91fc51049c6b37d524d75d6446c866d816f04b4d805201b496a4cf8a53f7
F75L,nominal,2323,-0.026641827407288488,False,False,183ea0195ce92492d1e920ed67a896533e5debb7216775c600bb9613334011ad,02513ded8e51d11ac2b8c52ecee3e8fb5dfa4b2c030ef46943603ed38ae9a4c1
F75L,nominal,2324,-0.000796984522582922,True,True,1075182e043744c59f2d00c150f0904db6e984e6eaa1addd2e1f1cb414a9d8c2,52c3ece122fa923a75bb6617839f0057c0c32e2fe932da0d320f096fc223fdd5
F75L,nominal,2325,0.02035361049069362,True,True,dda323e19aba7c60a673a41ec182f50128061444be226f1afad65d55b491ea3f,86b229069df27f3f2735696836d97e76641defaeaedda62a8185b81859598d77
F75L,nominal,2326,-0.01377565514703849,True,True,bc7a371916e83d7630f9ec6c2abe092e0ce6e2c1c17daa9b3ca6d7fb2fee850b,d9bf3b14c96f7d3e43d8c48cc1583b52ee02110a439543747957697f5868955e
F75L,nominal,2327,-0.044149159003232574,False,False,f0af1da6e425ee312993d7175a9a155c4c2d4d4c5047953b307fcea9ed4971b4,3d128aaa361039978d7a22279a79c4506f3b49162fd1a9a10a4faadca321f315
F75L,nominal,2328,0.000976506887248707,True,True,7eb40d1a381de3c8b45af7a4063c6344a04da40bd5b6c11557a1b69409731b4c,a2288b5ba5f618f5e3a36adbfac8525313f75ec17e30033aac0e22ed7f90f6f8
F75L,nominal,2329,0.016220644706696374,True,True,db70f87f1574bfd1ab48f1620af0166c6223316ae7bb11e6e9b438839b0d59e5,2dddbb73b8b85b74beef0d7a4b7cd4d9ee2e65986cab0c1e0d6e940015b2ba85
F75L,nominal,2330,-0.011284743590596169,True,True,a91c00f833cda47d320469d652e8820461af16e1f4cd899d2e4f1c57017001f7,c371330d45408da658608763f22c397ea3be9b208f5c404a61adce394a0c19f8
F75L,nominal,2331,-0.029785240661242218,False,False,3ec315dafd0b71216b00c063aa8074c617bef9bb1255f3f302d859ebae935d33,e7958d574a064f86fcc8cf5fc5c153dbdc5fdfe57a6f2403f5ff9e5c2ea8a64b
F75L,nominal,2332,-0.003805859646624943,True,True,cb518d31adab1ff219f09f5fbe1088603996e9dd7f03e5225a6387f863330f93,54015076a1666d5f88cea5db0372800e7a21dfa212cff7fef18bb4218e92941c
F75L,nominal,2333,0.009468891356927966,True,True,3333ef4de3818646235f162e06c1cd7a1c49ad8229f33b8fe20773ab8c92e02f,90a5cd4fc6ce225df51e54a3c7c7142a38ee44675641a7404c5ec12904346192
F75L,nominal,2334,-0.020227952244638303,True,True,fbad0fa85f85a5caad52951c62dbfdb59862e2c3dd53709a553167bbb8ff212f,7ea93926fe5615be222928151f2c0261b8bebd2e42ec8ca0a6f1e20cf0a2fee9
F75L,nominal,2335,0.016538338694122134,True,True,10fde928cc2c17d368edd979ce3c66e78ec73ceb0ab06f574a68b65ceadefeb4,2fd172042ffa6c1a8ff70dc7cb02c17076d152930575d9c335fbdd8c10ac1af6
F75L,nominal,2336,-0.04586856286959107,False,False,71370db3583397777855050d51839575df4af439f0d70836d81915774179fdef,c59a1dd152536ac8cc421f773c6c95fd2178fa82b7315e199daf7c8db7806f7a
F75L,nominal,2337,0.016608157811000335,True,True,d0669105ce5034e1197d8374e63b16883e5406aaf51225fba79b6e66c172b42c,f14d44123304c5fa8660a1bddea348cd52f1258ce8713e29bd739780410bb65d
F75L,nominal,2338,-0.04534870921702294,False,False,bf0a2f1a3c6daac20f69d204c25ef19a9067a8fba2e86368d7dc494c65314608,2533478d41717d8eba504b0e755cc6cbf9ac79b420d8547366043a7cf951e8e1
F75L,nominal,2339,-0.004260443720912721,True,True,89daa5e70a0387f0ee041ae250c0c8c88499679771d085798f24ff166503096b,d8ecd4e37b4101e949cc228f2b2d19864b8eb1e97baf8c85db5a80be4c6fa893
F75L,nominal,2340,0.025683441151454933,False,False,acec0e04056f6b046bec986d18eeabdbe52b8d2fee4ca6380f7124a9698b5ad9,9e8eeb8943bf83e88f279452ed28ccf17d483516685d25e1a48b1c9cbcc912cc
F75L,nominal,2341,-0.03654709628301256,False,False,947d2471f77e88022fafdd6e5612da27ac31439b0ae14385107f9df3ba060fd6,7b0c187210a189c1911372a33216c9feedac4775decfa390b6268c156d119b3b
F75L,nominal,2342,0.002220643537626632,True,True,02df85592e4e83279d61bf2e800d0847945c0e8678723f82760ac912a0ae78b8,abc2926156bc34009a09bf9a92059a7a981744154db452134809068719503ef6
F75L,nominal,2343,-0.00608268302198911,True,True,be62361ea7236d44c700ca76d47c692537d798e8c6c8ed6fbb4334c1c473abb0,8d0f0fe2279409428ed41481b5d964752c016f7b7e3ee57393c6172b0fe71520
F75L,nominal,2344,0.0036875147525414764,True,True,3a9ab4c64eb0ffa28b3d2ea55f1d5222f6cd0353bf94883aa806a42b2eec5661,ab6898ff8f774aae1ecfdadf85e1f16d12802438e84e28cff65cbadd72c5afa6
F75L,nominal,2345,0.005712633602318107,True,True,5faea8cddb4fbf09e68f70536fd56cd630cb195bee7b6579130b0cb4a5c31cb1,6f9638e6a9316c19946e3aa17dccde19173183e56b626063079607adb4274513
F75L,nominal,2346,0.008296980003093646,True,True,b0743bb55318627f4f38bcef66ebc308ea9b15772c485512fa940723cec25336,58f65b9150f15f0ca54c737d4c1d4dd9fddbae61095efd9ecdae27382d4de948
F75L,nominal,2347,-0.0031553039473759537,True,True,c563ca6cf4971a9f15b411c505235f3ea628f193181b5fa415c71263c6b3c06a,c3b3e686b1ba4d3a0d636234edbf58cbeeda9967645e5d3dca87f065d8ac1a7c
F75L,nominal,2348,0.034235544566479925,False,False,6ad0621c93a0356dd1c039d8b142d3e010f928e24559d30c17c82f36957b7565,5e98247e89350fd98129b45b5c542411795a0ad6ff38ba6cc1ad2965ddf71e46
F75L,nominal,2349,0.04805730108565831,False,False,01bfbf606480c7d6e0d02573af5646e501ff3a3cabd1a459e0c4940b2df8f994,7ddb6f49af34dc58eca5365b3e3422350b8446dacf9c6301149b07059fd34742
F75L,nominal,2350,0.013855274297696174,True,True,5057e01b269dffc9961124f7ea87ffa00d1c5ccf64113badc60261c4048ab6c3,d4dfb8248e02d9ddcf541f3e6f6c1e694739ef519bcdab4548ce772800057c69
F75L,nominal,2351,0.0029816641491529072,True,True,efeb6f182edc91e6a3aa0608f15a650f3d31867ef4572cb48180c088bdb5f8c2,10d5e98d9a3f75c6892898ae4b2e46d56a899593a9807df9fd4f7fc567db2dc2
F75L,nominal,2352,0.022077417602293314,True,True,64e7d5c7fe7d5510da994a2e4b4e1def73c4b0b67d105b96558332a644893ffd,ecca84806cbbc22c2a4948c11e2e8e3932fbfbec4325832fd6ab39b5274f4ab8
F75L,nominal,2353,-0.0312351473312536,False,False,a98004431839e10923343f694b1f49cdf000d3ff8682890e7bf230ae8bb7b102,555052bbd9a8201f57132e7dc7916c179da543cd593186db76c981aaac0f8690
F75L,nominal,2354,-0.026965380307954145,False,False,af977b79268d6254c18a3a73c8482484c351a8a4cece903290de285be23b3830,35e8b36f66c7636fb08d3bbd79e9ebd51fb0506d38da93307305412e106bed22
F75L,nominal,2355,0.0015577245917627325,True,True,6b5424919d20b6cf2a4d4b357fc23f73cb2f41bcb32055c29c7e4d57f53a0929,faf6b424597661531167ef980b5821989aba4798ebbbd6794408b306938b55f7
F75L,nominal,2356,-0.001890915439900831,True,True,e3b3c2c8ee877b02375eff9a21a23446d91a1e858960d0266f5b74afae02f4f2,2b35b7d8ae17a7ae63066e9a66d22fa46b50401f7ac580625299d2de1df9ef06
F75L,nominal,2357,0.010443241775785705,True,True,fe0070e152ea8efc87560d9f1c205542e95929228f5f0623c13c4b6d194bb44f,7b7843a5f93c4b83b10b5b6535d2640dc6f12300dd010d9a7e5960f63cf6df16
F75L,nominal,2358,-0.007753576436759224,True,True,c58445f599c0c29cc44f6ee77cc0623a636aa970b0f98e88ca39686dcae58b86,1e20b6f924a074b253556c456f5ac573fd646911d535b308cbe0b0b67bc887a0
F75L,nominal,2359,-0.004770748069560682,True,True,eb51b91a75783320c496a62d72aaf5f18a832627115115c157623431916fe9f2,4d16a94c4ca4b11965bc863d84812eb5fdd7f2d289ce85bbea44da20cbe44366
F75L,nominal,2360,-0.018752088664902522,True,True,931213a9bec7fc0c0fc16914f258baebce6baae406bb661a7e49b5c1def104e8,8d842f77390b66d08bc1544b08b168513a5882f1f6e7efe21a3599072bf15351
F75L,nominal,2361,0.022820435191603927,True,True,67e4db93160c48921675848bfa08bfda0ba2c245d42333d7b6568fe0ceb45b48,6524da86b5a0f858ec37e8b44b4d38860980b5420116657186244daf11d320be
F75L,nominal,2362,-0.007906702926605336,True,True,79f7b676be026c5f5690068f89b38641923d05b8798b07991a71308b951adb3b,447da5df3ee4287f1e77f05d026005e2e5309d23501bc0b189dce42fde697928
F75L,nominal,2363,-0.022741931331528353,True,True,5850fb5a74befed48298164b8754b89d73d0c7317bab154e99212809b11dee6f,caca562e97b06149fe44b6fb2baf7ca28b74e87f988551a272c5eced35ec6726
F75L,nominal,2364,0.01690628729279975,True,True,d6a3451abfa76c53fc16514cd669871bc86c2f59d0c4270365e4ddd2c53ce6d1,0d050e7360d7e2325eb0cc84875ad0c4adad88ac1212e273d10694d8d9b57dea
F75L,nominal,2365,-0.018909268068883156,True,True,b7c3ae5fc9fa923a24b1f3586c4d1de43920ca0bec8a961c22fe9fdf6d88f39b,341ce4553b1603eaca933a19e6984c0b5448422339e496940d5479b6ed737235
F75L,nominal,2366,0.017076441661183606,True,True,000b958994f48ff39d10202fa207d704bb0e32de2d17e87e38a371f65d54836c,3285d70b3a7d2968399643c0b3d631f9c7c24dcf6b683b35c4a0eac4f20fb976
F75L,nominal,2367,-0.03593888609743279,False,False,f41dc55f63aedc8f38f3776a4699973fad2bf4b493dac208813de5fffb76e411,cd3dd987ffc36d84e21f76dbbea73def99b273a594522211a7f093052e47b29a
F75L,nominal,2368,0.02899443980246308,False,False,f2f0d93a404048f6c67dba9c529610fb6941e8ccae71fb2b2877610a5329e6de,da27a66cb8fd9216553efee81266086cdcf7bc236dad24da28134d8674212df9
F75L,nominal,2369,-0.003863681667127361,True,True,e65997759107451bc7de384ff4e039d95d6f83a4889be3e436fc0a67a3d11ed6,0b2fe7d76e0b0c026b4e4cc1895a13c84aeb39ead1b78c3796fc8ae56d6a269f
F75L,nominal,2370,0.0010115538066651775,True,True,b59be62a53dd61e1d108a0ad73ec263fca71e7a61266b1bae656298a61e4f7e8,32c3b0ff432fa6c4328625364cfc6bc2f353997ff04cf823f58f3955fb4212dd
F75L,nominal,2371,0.026093496153823392,False,False,cfad0ad4795127ac830a1f446575f9bd99db28f276b3a7d2680161234680f7e4,d698913ca54c5b96489be170d1de509c12d8b391afd1145ac9d4cf4a404d34e4
F75L,nominal,2372,-0.06916815459890097,False,False,c26e1254f07373b2f99638f38026e6918460d7780ff0f2b06700dfc28c542139,bcd65e98bc19814f1a2ed1188f7cd63b217406c8ee23e8b237bf642d6ed0cb67
F75L,nominal,2373,-0.021469530205284804,True,True,aa76e2d24abb93d8baf2e2dfdda1ce76349478992748fc893f458c63ebd225f8,f69ec29f22864de5e3c9bf5f0e88387e1772e28d4a3e7d57918a8bbc5a470d37
F75L,nominal,2374,-0.00039478525191483094,True,True,aac1024641667152a03b03d98a546b87d788737059611f6f5c8446c958c23900,93402957dafaa4c3ea59572d2eb5a0141f0f0b85e06c017a29ba558894f1a585
F75L,nominal,2375,0.0019832157576215037,True,True,43cad6957fd1300b06d1cacdaa9d26a8ddb16105f547c270b4ea3e4b914e2fa6,e7e06816df7c9d407b0ab27a91a8d96ac19f55b0e8519cc436aa079069891acd
F75L,nominal,2376,-0.013552028164597107,True,True,5aa9f3d8ca592a077fe3df3700fcd54e256b4f51d98e03b78a8ea6910c4b0388,f06aefcdb8543aab8635a0b730a7e9920fdd173ec4d765a97b28084a2fb2ae42
F75L,nominal,2377,-0.007789532343866978,True,True,b689779e0e23b8c8414ba77ba39bdd22e4ab0501ed7d90362f32c3f9e30f3bef,6fd4d64cc88cc67acd5b90addb708fe28220e19b294266e385400f1e76c0405d
F75L,nominal,2378,0.017444822418916428,True,True,4891203e52dffce07471e8a3ca0bd422cec127ddf93a1825c3ffbd971b94c444,38ed583e28110afc21a1e7bce20599d0c4cba6191c84f5510b365cd9f9f57a57
F75L,nominal,2379,-0.03113680969788679,False,False,c4b46864376f9c1ea3b734da19945e7a128f713907ea60d3db26498ccd10d7bd,052999d1ee7c5222bfd17470db5d03ceab682abf1eba81c04776c00845f7318c
F75L,nominal,2380,-0.013136289554511127,True,True,6f4b7a6b4c00b42450dff09b604ec24d382b1039a2c88c4b513bc484f44a3ec6,203f43ddba6a43f609c58d41f746351b026a0b591e2e87a397f29b05392d4b34
F75L,nominal,2381,-0.034698398250177676,False,False,64c5def3328729bf0457bcf17f1d5823eb087687d637a187747855c07727d072,397820899a5f3c64123f3657210455ffd4bc78379b59c90380da6eebc8abb6f2
F75L,nominal,2382,0.01403591918124425,True,True,b8d63e55791c80c1d60ea203737f4d1211f0caf1e8225e8cd4c60884121b74ee,90378930b52e78fa3975ddf5c65765f5e070d4c0666ab58f59b5b45be7842016
F75L,nominal,2383,-0.0179483489122797,True,True,7171976be9b5a270df47edd8cb6e9369e96126287214caae193dd3db173b250e,ec55a1a69bc354a1e3bfd53bdbc0faa657f4a9d0a2c7a02bfa12ba417c5c045c
F75L,nominal,2384,-0.024567545626470066,True,True,947946f3b2b475697ad2a7a4f7d1d3d39b6a453df5bd66efa2f0e31bcd95e135,7928617406ed25e4d1b46cad23d17901e4ae208240a69909fb9ba75b4130c7e7
F75L,nominal,2385,0.002209341740902482,True,True,69b23f790cc991dca3c4b721727444ec9f6435908b59c62ac357bb4ca6d9a0ee,39a4ba79caf01748e2fdcde787f8cc0c5b6af05b5c93e7610f52dcb8fd6bf999
F75L,nominal,2386,-0.02072973014379975,True,True,c3d6df3a8b6ad0e012f8fb175d59b6a1e0256ab6584dda559bcfbc51a48a188a,2d4f6ab83596af167b747b79ca5c4b1420a3333dc8b589c11e0d0298290403ce
F75L,nominal,2387,-0.03822218216195272,False,False,86954da9234f2ddd9254512a4c11c43124b71c8037f2a7e0d34fc0ec993926f3,5f2f2acc71eb5f10b982acd42f092343757ef601aa95bc9cfef0a673de0dcc3b
F75L,nominal,2388,0.006506888051609927,True,True,e79c0b65f59db790529e3d0c4a6a1295c60976f47b98d141a8e51e2bc0cc3049,db6146a36e61e41db1cf095edef472f6234518884f89622f97686d1a23df39b3
F75L,nominal,2389,0.0016711883038201814,True,True,98c9c354b82937e1f6482e8415210a2ed285717e05ed0f84ce9d2aee9e26efbd,53cf5af77e63bfaf5dd4096c96e79a461d2341253207b05194be2892abf61845
F75L,nominal,2390,0.03338791689522369,False,False,7f44852e84fbf2df7282df136e34059b155f8474de007e6c5eba1bfa2b36b6c0,b222536b8059644e7b3f30263067f7922abce63dbb48b02e3a9fe7b6af0ff33b
F75L,nominal,2391,0.02566366863338332,False,False,100c7aedcfa836f1992edf0e223f9585bd1d1a4d61da8071e3e3ea199a4661ef,79ae28daf65ab1e99a19773ddb3982b6c437d0497773509c9be951ae49d8b35b
F75L,nominal,2392,0.01890426303213477,True,True,4592bfb217e5196ff3ab3c969fcee6f76d4968f5105bb0113ef4ca8f5e786e2d,3e799e18730ead11f8027ec21bb2d21d4d2896f3f227c083bf10811cb7f1c1da
F75L,nominal,2393,-0.02040651699804097,True,True,b3f2d763cb55b369b68c8e35363d9d95be532b2e79d24d879f2d1171a5b7eb51,d8aa532c87a9e05f2fe93f89bdc316637272647e9ff45a18e8058ae8239246c8
F75L,nominal,2394,-0.022661132578968957,True,True,5dc268723af71fa3483a99f2ed980a318261448872342b33da1a28f6b439e352,a56fe171a6fefe9f9ed4b3a6f1a64a3ea6ef3410f36f8dd8af7a452220871bfd
F75L,nominal,2395,-0.029777672112507925,False,False,7e57f8416c7bbb084c055cc090856908e905f5a94f18860d41cd55c856230cf7,6c1e0823bae147d10ce265ce834d645c85c5b27d4134b78a7de235d83a24cadf
F75L,nominal,2396,-0.0013896115331049064,True,True,bdfffadca96af562ae05897a6d863d3fdb915962f344fc5553961b64507ba877,37dfa2ea8d23057d88fe86a9de8ceceda4fd9f1f66715f1b824d6e87e4194891
F75L,nominal,2397,0.05253313650604374,False,False,1db8c3dd36f843a4df6f6a745c0eafd96717248b938ebbcf9ccf04527ac05b6a,1ba0c393f57e1a4c314f5ece070ccfc6238c50473c31804948ccfac63d18be26
F75L,nominal,2398,-0.013134821529732443,True,True,e113d6b6311cebb78756b40478cddc4c0b54c8687bb65953f3c6925f6a77591c,35b57e8ff4d669c35a9cadbfcdf76efd044760af8fa02ab8ffebe8a40c5a6085
F75L,nominal,2399,-0.05433182692886346,False,False,7bbba240109ca582fe3645b4bcab86f5b86e19838057a4786ca9b45aa7285fef,95a12bbf8314e0364e77923045c7603eca9df7c02b2c9a84da347326c24c5f3c
F75L,nominal,2400,0.0009012654645460527,True,True,f9b153bc181125cf9e59d2b281852187636ccd7ada6aab998a82a92cf2102806,e19c3b6a39f7b2f36a66ed613f356665519ab8da9da305bb6b3a72f2f034198b
F75L,nominal,2401,0.022892976648862695,True,True,3387e06759324c67f2e5920678aeec60bf345834878c48b3894faf0c5bc2740c,6a961e3d94133444f1c0aefdf4e5a2d3f50b238a2af7045d45435e917de32e4b
F75L,nominal,2402,-0.004458770867542927,True,True,1dda1240d9005f59d60d948839cab15d382749b9153e54adb53ae868933cf79b,53404ca1b13b88ec32c91a9ab86385aaaed961fd00e0dfb61a4f90b2988586cc
F75L,nominal,2403,-0.004022673138547872,True,True,3d1820db433e31f6baad39184a132e69fcbb343ddd5ed4f1d9c85d12d8c9e825,51c8abe5feccf93b665ddfd6e4799b380e66d5755508aa5c1709d3c3ea8188f4
F75L,nominal,2404,-0.0029955094694212314,True,True,11ab235b756ffe03afb0d14e66e3c7d127ee696d56a3ae53dad74e0d5cbecb85,430bda91483fcd3fab08c4bb5aafb53a9600690e8713de7cfc2d21156da9b3ce
F75L,nominal,2405,0.003000795351494223,True,True,5a35c523dcc7e1dc022873b7a2161bc5ed49c9020feb7dfe94529b1a87c09501,b6eec902ac46623a79e031424701fe918a8987f5f2c17efc2be35e571ecfe940
F75L,nominal,2406,0.02331348086340157,True,True,1f989c7af30e84a09277075a72ebaa4dfe6677e873a6c8fd0c5c90b1e843e558,3f8f998b39fd228fff193b70d4ea12ff3996ce14ce0590a9389af61e81b408cb
F75L,nominal,2407,0.0012059929604253394,True,True,7442c28cd2f8e93a3d27421acc80f6152970eddd74f339ecb237cbc3830ce4a8,ae1960e1d5c0b41a01d45592210dc850f5157e765e398bee4e0ff7faddc1cdba
F75L,nominal,2408,-0.010211374301838938,True,True,a7b3dd2967d95b140c4b3ea4a772f2aed3b58486bfece2f694c7720028612613,5b7aa4bbc9e3788be4a87a0f1952af95d6b30ec31f9d667cf082ac5cf5a226cc
F75L,nominal,2409,-0.0020722697392357436,True,True,29a2f630662f31786ad848a76f3b39a444bbeb00ae5a0a311269131bfcb33ac5,93751932d896414c9e80e2cacd3fce4c0c3636faeb4266a203dd68b941d5ca59
F75L,nominal,2410,0.004649180903728789,True,True,41e1f8ad7ae327d684bcf317a862fbf2f6e0c651eb8076266aa94ee31d49fa21,e89d260ee47fc5f3f5ac17c77b288dd56309b235aa9bb81fb4d4d39028fb288e
F75L,nominal,2411,0.007704792335194721,True,True,448189d2b7ab60459f26e0c0a489a6c1a796a0cff85f3bb40114865a545df520,a145859a002515a8b8071bd1798a8adc96e35f844c2f4e98ee669dd16c478cb9
F75L,nominal,2412,-0.008091659965729692,True,True,b6d2aea07dba1c70c1e24393b0051eaf4fdc493f17aa82dc96edcf0195cd9185,1f1de950ddd31ddb6c4b305c7df3c698ba9180ef43d5bf34f512ce34800f97f0
F75L,nominal,2413,0.01352372854377093,True,True,e7ebf8fb88b4e65519da122c33e35d30936ebccb9e9b0d7a6d28a00e6c2d2418,7de45974c370ac35d929f3e53b7b2e836394a44cb64bb576e6f38d3950eab0f7
F75L,nominal,2414,0.010307533717461625,True,True,08bd7237e6b620d9ca733f53560d008ea4bef55ea6f655a49fa41e169e705c4e,332bc49be3235c3d627e0b3103abe3a6adc94e1b7a4c1b8be1aadbb0c4500985
F75L,nominal,2415,-0.017221929490692567,True,True,ab659d8d67da6bcb7c16471093549cc332b262db7c0c3001456701a63e13a51e,2fb9605d23b6a493661c1630c2324058a49952b559f3c625de86caf60ce2456d
F75L,nominal,2416,-0.015603191126213334,True,True,e9ec81ee7ca74e5f668b5030a423a6408f5d71495dc3fa58447ed84937931406,4dc678f343093b7b11f561c50dd12b0690d736a8102778c5fba14f2ace94aa0b
F75L,nominal,2417,0.04060876843097505,False,False,ad7b48df027daf41ff7592fb0c4a1790a22d5aca0a492b87e85b24c7c9480a4d,03f1f081e749f71d65ab35d32322e177d06e8b58090df70c8e6da531d0b4e0a1
F75L,nominal,2418,0.014512946319433673,True,True,291a9854719b3e734a5731f5d1f5fdc4689104f0410ce076b41c11a5a2824174,e2d60a5d382596cf2a85ab05edd33584f11e6af96f1528e747b1a31dfbdc58bf
F75L,nominal,2419,0.01127813320394011,True,True,116769c37ce6a1eae8b9303368aa0c94048e239351c1714abfa4d59b910db1fb,767d020c56dd84a7a0de1e1016ae0e907c61d3dbc22a3cb46ba46bacee451dbe
F75L,nominal,2420,0.01801342594076316,True,True,f6449cbdea6fe57752c3e27c124c910bc34f9a4fda656df4bb5eee2ce77ecc5c,ce913474ac3f600ce5432caf8d93c4a833a2c541a5528971ea2d2fb0838c1633
F75L,nominal,2421,0.008523967782598785,True,True,c331fae1aaf667e0b6298f5070a60a6a048e18de4489a6f2f91c88593ade04e4,63c9c82572d4914ef89e18e3be4765405b08a3cf203573826dcd49263a6842d1
F75L,nominal,2422,0.044934474507212,False,False,8a70857679b4cbc51c09a9deb225913065dfba79d8e391642b16ba9c8ddaf451,0ddf4b7007998f870197b2a280b7e98484f38adb307ad37277da81442e4be9ee
F75L,nominal,2423,0.008484199770749212,True,True,98f272f36338ba2b6d963499144b225da02dcb04da3ccf3e317175d039520ba8,6a13480edd33a18ae7fa297d388ab8b14318d2f67d9eb94d77dde01e3179fb52
F75L,nominal,2424,0.007535713560926416,True,True,b4e0d61beb77168dbf98d0dd27b5ee5c1143e6654ff140779bd2794b5903849d,a90b84ac51876d42c6a45d9fd822f3362c000c6c34fb4f0e4317b94ee0a2f79b
F75L,nominal,2425,0.007508971738940051,True,True,3b2f99475633e5a83799e689cc37460b86fe578f81af1feacd096262d907b854,daa9ed43dbed3dfa5e936d3824211492bee1c921463495cf7b9e7aa4a69475f8
F75L,nominal,2426,-0.02703954207423709,False,False,a6b745a38b0e8aa38fa4d309609f6b2a3192e9f94713d1fcd6633f41f352a46a,1b87d00edf249b70ca0a62c9e1cc40a63279863e6a0124f94bcd452ac8ee8f45
F75L,nominal,2427,-0.008904557584053008,True,True,64a44b2a241c0d965e17468312a2c4ecc939dbea6001d486dce4674532ad8a6f,aeaef651f8c561789859d7244fa6fc39237f1b2901732933b66272d5d544e17d
F75L,nominal,2428,-0.02144776095336176,True,True,480494b5207bf1c7b1dcf60f9d8879a0be8b141628abef195703b1d6deac6c6e,d7ec358e5b35df51aedb70dd6f2eec44d357df2437d7f3b54623c24269bf3df9
F75L,nominal,2429,-0.002457582263637903,True,True,204262ee2d31e7b9eba39834ae92bfadb4425e169f9e748ca0c4c5d9bf8abb5a,1761c50acf775900e6773d86d1d0fd99018db302c4ec813091ab155f092832ca
F75L,nominal,2430,-0.025036314514859104,False,False,6712b861721adf74d434377097b18b3b9d7565e3cde3bec81dce8b2cab23564b,54d9201d75f99f5f61f5a49f87949100305cf09eba0d899cee92770caac8e929
F75L,nominal,2431,0.005714065191380402,True,True,3d62d12273a5336c4de9a902d271b3abcf3c40296909a830cebca438d32f2b0b,55b146d728c4e4f8265718cf750d68b32d96e2073ad6ffe246f4641f942af46e
F75L,nominal,2432,-0.0003420268260651005,True,True,bb4bcbbedb282f81d807e480fe49169948bd96d3d191397f22a349540aa639f5,1e43d677f3d616db8892227e18a99544123636fbd28d7312d8e5d8f818419560
F75L,nominal,2433,-0.014723233951856707,True,True,24d185c5130c2766b99314c335ac32e327f99fb73e19f4dbfb0deeb73616aea6,6ecc2e5cb9135f0600fa44c53ed78410dbf6291aca7ef88949899a22092c1091
F75L,nominal,2434,0.0008898916067433538,True,True,be8580ef3c7de515759efe715917fe5e7d3f669640d08cb30fe09325b3f9ebde,e44a4a67a2d125c39f231faee7bc4954e577a27fa00bfd8c03d34109cdf87f04
F75L,nominal,2435,0.0017335489648967473,True,True,a950ad236391eb2cb2b010f8535f735d01a4441d72fc0315e69df3d067a7adcf,7d965566f2f55ba0a0a82c5404a4ae0cd1f36f68a04fde159105bad3968022cb
F75L,nominal,2436,-0.003149733140684119,True,True,dbc98b556f12914993bfff676a9a9909084dcdc2c2b8d79c5869a128737a2234,8c9f1ca0bb41596fc7be0d9ce5c4161738977ffe7dd832ca9c0b4445fb6ccc6f
F75L,nominal,2437,-0.07525712772156123,False,False,9965ac71b62ce7ffc355856d3f9a3caa4f35dec8be36ac8e3cd15d38ec876756,9c51af63501add7e5de04d9bef772b21e897157e36cf61aa5e0147660963ce06
F75L,nominal,2438,-0.02553570738150973,False,False,737fe34cb4648905e6dc8c5bb152b93d84b80f1d50fe708535ba0d8a868b89d2,e4e0550abcea7c3417212230d3788865044e3499ece6a3392d64fe7688bd0941
F75L,nominal,2439,0.02189866390352313,True,True,c6deaf5bce83df8811aafc201096eee9a3cb64e13e642270823b2c254037167d,5c98cd4e2895e9f024a9161aa251b82772ad247a50ce18ea45dea8875c49d337
F75L,nominal,2440,-0.02951116454024194,False,False,a899ccb56edead4850aed283f832ad80575d69e65c9920bbff1d219bf735c197,29f2254992c1304bc9318ed84b4275e6445913ab29ba39ba25070bc86d8486d4
F75L,nominal,2441,0.007008273380179286,True,True,027933223ca442c1c338b7937f54e8cf8f808a2d4113081c37617c84607a18fc,e839bd63daa09b29a72fab578d88b37e84e59098798b6495b27657c6dcc723e4
F75L,nominal,2442,-0.024684909075026518,True,True,f1d0a0564131098f35c8d1f19a3df61876efd37fc7bc35dc5f56830e9b5e2704,e8dbb9bd20c4789ada9e230303a5d07c6bde5921941f027d156982e4bb383419
F75L,nominal,2443,0.015173209847319624,True,True,87cb84a7677ba9ad61f0f732c65b56a41d4db99e8cd0efb871199f3cb0edca04,c7f2a35524502f9dcff63b81a92c38163352c04800c1949f5335648ef95d3085
F75L,nominal,2444,0.023570028024469503,True,True,f3142f81c3ed99a1dbd17a5ed45dcaba485c6b228a533f82b58c264298d383a6,41e64754849ac2007a2f07f4198ad6af6fdcd6b0da43d948ddfcc8c52eb54b61
F75L,nominal,2445,-0.017920063453242596,True,True,51108022fea5763bd4dc185be60ad3215a022ceb6314f54c183b96290236ccc5,baaf0b4d84879f870c2112a24c7c97d25d1f1a05f2bf709f7b1ed0a3f5b2ea8b
F75L,nominal,2446,-0.004330293425547693,True,True,bea2b10ac64247d85946197495f2f4041c9a32e43e5e5d45ebc6b498220320da,8f9a7314b6a2fe9e1184a4bbb6be94c71f063c14ba5b89283f7abd4486f167f2
F75L,nominal,2447,0.024006782159522566,True,True,d94a3f905b75ad39173178776ef690232d3a734b219de87bdb23d5e7b46fedeb,0439f29f8e446a0da7b9c33b3e11ded3ed1837ef78d03b84182bedd265126466
F75L,nominal,2448,0.0024836931508287474,True,True,1eda4851b8a9a31134b24cc7083754d0ab49c7c74ea3ba78a00484587a085ba7,c9c54717db5443b04dcb4582e562ff786bb8454524e3168d5ce2f0ad1e84886a
F75L,nominal,2449,0.012276202076418552,True,True,ba8d60423d21b98c3e5390490e09bff3c1c3081e6c9ec7e584dc4bd38f0b6c06,3494d3a24c5de2e2fb0164c7a1b09a4fe9a5c521dc3db74a2eea25d81465168c
F75L,nominal,2450,-0.04557960360082702,False,False,9496d55c5ec12788609edc9484b4de82efc6543acea550a28c81db3e5b5869d3,100079ec6bffff2598bb3caeefe7185250c786136206fe8cbdbb12273df90161
F75L,nominal,2451,-0.009508947750951124,True,True,9fba79c574391e56ca9e001eae98682eca883a5cc3671187f93f4261d6094782,1c8f00535f0338b45b57f89c9bea2efef34d5eecbc7bb77630604f8ecc7be6b8
F75L,nominal,2452,-0.02196548566164075,True,True,74985c672a1852f13d8565243bfbeba7a98e6b9082c5d56d089e942825b27f54,d11c152b6c7eb71304e8fcf47382b90ce13b247e359a650d5b1cca45f794ea8a
F75L,nominal,2453,-0.009509857925188325,True,True,9f05c564fd55954c98a9795d1ff4a6904ca7f7c2b3b1b00cb11805aeb3a632b1,38441fd6ee17d7f8899281ace2563984b8ca86dc52d3935d7ecf396ab3a1dfc2
F75L,nominal,2454,-0.026454903289192144,False,False,78d7b3769671095e6ffb0690c8d8b9e5a2f849cbef311449896b50482685fb53,865bca5696269dbee61b27171f2695d704a0f8619d1901be78964002a58745b9
F75L,nominal,2455,0.03397462437879306,False,False,11696bc92be2200e01651bff3e5180837cb7f3c47b37e4e20757805a3da70433,ef7569299e0418ea090f5e64652952ffc934f2233297440daf5202404a679cbf
F75L,nominal,2456,-0.009336619998564388,True,True,f0ad947e9a7afcd62d3c25720ec85dff46f34dc8b7ab5101d51c3ef4b4fca140,9ee32fe4ccbec3b76cacca471cdfdf85c07094937307dda05cc3b56e07b03cea
F75L,nominal,2457,-0.046482763091717005,False,False,d47ef6cd836960a5fa2a0e732aa5e761d1cac1a985dc49cb5363c0f2a6bfce11,92e70a1dee5858c6130292d91df871ddd987880c9a48e9f7bd52275667abc778
F75L,nominal,2458,-0.01818224057337564,True,True,39adfacb78e3a76b26fef08b440c34a635d2971ac191da225a012ea29f6146e8,c3c18ea4580471926a45f7776bc1f5e0adbfbb05be35bdd11a6a49585b3b11b7
F75L,nominal,2459,0.0021720966976317424,True,True,e6a7d6f35defa8c09e3b78720d1a1bea463d84529b8b03fe65cdf64b6c171ece,ee33d4c3ca7006bce585daa068722e9730f7b267499697fa5a27c61507ad98da
F75L,nominal,2460,-0.017845700742567694,True,True,c65238ac0f5526ce3d2827071fe0fb609fb0806aa2037e3e5d2deee8fa446fd4,dc3e4fd70bc727dcfa9f72d1c19850e0323d4cb87220b63b0d59ae9a17130627
F75L,nominal,2461,-0.007513211598882741,True,True,65d5409d2bd2cfd9ba622794cba1072e92c38adb3923a0624312cfb1c0800e5d,31710a956b80486a7768f4a286ee7d056207cbf64808722c7e480ed706450f06
F75L,nominal,2462,0.01878721183244436,True,True,d680e033e35d1d3cf767fb154f325614586eca6428704ceb21d14872e12eb1ac,2b6d876cf42af3d6425de0fa1017b0245f3c6f21d8dc46c924c8ae5362854e8e
F75L,nominal,2463,0.006370389935454801,True,True,20f04d5563dd895b7eb85335b71184ba427e2eec22c4cb276321d6e965b54c06,3c7ef38d73c0011ba036d5095a395c9134d716effaa27a0b00b28343287d1c3d
F75L,nominal,2464,-0.017058696189553135,True,True,631f02ece12cc576fe8ddab0ed3de7e940496f08276a6c68f7bdec303a3ca591,5bf9a3392c906546fcd3daecc532dfd75d43e01b3b307a42774408cfcdf70ac6
F75L,nominal,2465,0.012973987516644914,True,True,b4c772dbbca06e56ef3f3442239f4768753c41ddbfbc4ff1883ceb556573555f,eca2062c52e25924e823b7c8ec8db0c97e0e085b1d99f2900366574df7e2e300
F75L,nominal,2466,-0.035697181136835565,False,False,3ed1f76ec963f18b672942d4e7c50c9c0acbbea8bf7f961e698b69b16b9b5fbb,f3f8093a9360a865a06a4e8340ed2a11e609048cd554ebaf1adb8821df025066
F75L,nominal,2467,-0.04712530287818051,False,False,a2bf263409d98f8843530376f470cbb07c94a668fb7a30b27fdcb93f6c56b886,160fe5b056f000efd9692f50f7ef7d2cc5c74afea30bf6ab3e5a09e239db7a1b
F75L,nominal,2468,0.00431674272556537,True,True,1cce77eb2ac1d29cd19d919c2adf84250d671bb8093fda4a40752975fba9d599,5c86ffcdcad96e173eb40604f881e4a4ba39936a6c84fc968d88acc7c6bb6897
F75L,nominal,2469,0.02385680499898135,True,True,fb64a912c38a44ad1393a91320245b79cd4922384ce59b2c24782a5f4560b495,0c2d838ece5ed6e1fe56841c5c464546e078bdc50611bd991d1df43f947cb7f6
F75L,nominal,2470,-0.0025700284560918885,True,True,a5cda35b37f6e0f72748cae91839615d494a40a2acf92c6fbded8b38bb9316f5,b578221048f3e6d26a87f728763649e7c982fa52ad566935368d383817596e09
F75L,nominal,2471,-0.014348919650703396,True,True,7eff60d3b4c74a6835f245e1d4353b744563223801771ddcd8ecc06f4791cc2d,739c95aaf74f1ebab02b4f6a55306922d8d51c836f2e9de1f7b4693a0632d8b6
F75L,nominal,2472,0.046066233618463515,False,False,b1a54b928520bceccd96aaa6aefb8b14a9d837a674a5180a45831916d5dda8c4,8e5aa81fc3bbae7e8d186f7dca0cdc787d8d07f1338f87a6f1c89e741719730b
F75L,nominal,2473,-0.026494664043837823,False,False,b82b9b9e599fb9a3cae27c42f7b8c4a1a0c5fe617b789c13d6084394da9b96ba,7a9bebdfc9229d7d4aeb7b192ae1d58d139922ea80d45e23a671c24efce9c871
F75L,nominal,2474,-0.024724051717895545,True,True,ab61ee0fef547125962a0dfbab6c7d08a994627dbcfe4eeab42d11add815d8a5,3d0c8a2bfba36a13d188bcc832e88ac83291e9d8490aace2353c63eb294adeae
F75L,nominal,2475,0.0012401244277517876,True,True,b7192e520d0f1941386b146ff35bff63cc90e573a607576dfe9569917ce4e406,12d4ddb67d39a77b00f5e567a8441346919fe5142b896ab1aac34ee31a87f3f4
F75L,nominal,2476,-0.01575009031673258,True,True,0de4153221c0fb1199564e324931c935ef788997e7cb082cb913e1a23633d778,f392d6484557cfc7cd41dd594155fe8e53d0f25645f9a218da848af4e2f85a7f
F75L,nominal,2477,0.0028371643138862535,True,True,93b2ea07c6d0959f7675b1b8d42f96bc898bc2f34c07a874f5b97e8acb9f3688,a27c62421f9c86fa631e1014bff08fc02c8d4583975ee2c44f54148c1364ff70
F75L,nominal,2478,0.032466842746533775,False,False,15f1b15c0d172de3bfeaa5bb956ad14405301cbb34a646b096624438abea3ffa,97ddf663be1e211733e3d85fb07aa4b2d62502908943de84bb1d1273bd9c3b69
F75L,nominal,2479,0.009252350487545469,True,True,c6c21cda392ba448851f335205df0a402062342a5ec8275f3fd77386ae3b4685,791f97da3c4fa1212b8758d77400e35502bb67dd8bb6114bc615b70c2141ea36
F75L,nominal,2480,-0.012538264445215164,True,True,ff8f5183011c97c4848048e4f44fb40dd197dd1d23769a7b875ce44488ed734f,1798a5ff3575d757d0dd1db03d6f5ec7995ebd4ec9c90560deadb75715262275
F75L,nominal,2481,-0.004157446784220253,True,True,ca3142053c5da73789511619c048cc4b99d85a890f6e1f10ccd2ceddadb00b33,72a2c42e4b7e364fb254fab3f912777841a1a834efd5af9a4abafe1428b51a3e
F75L,nominal,2482,-0.033613393868030916,False,False,add408da82562b0a4c19031357c499ba57de8ccfacce0566bcbab3d193fd5bc9,f8a5a55e9689ea5f8c7cbce0d246dfa61f60240f225e4d4202b08ea55bcd8b9d
F75L,nominal,2483,-0.024558165673935983,True,True,8f7ba3a6c7d4fa8f2b2b3bc5670adcc7552d337a943f6ab8d51775d33c0c6e87,2d82b0e31beed209ade6853fd66a658895ae6eabfd5e081ae57b9b26bc418e20
F75L,nominal,2484,-0.02746396146705188,False,False,28a982f19f072f787d3c93b856e7efa4431b7ff4178d9c3e1fc2cb1f4f1978b9,9e076f8bd55894ecbe634d0be66a2e65cae5bbc3125417f4d7d82968cd815124
F75L,nominal,2485,-0.030712195708513024,False,False,9ebe3ee0fe2e0c3c0b7021061c7f0d8fa71477396e5d6a67b7031ae475da81cf,1838f905836e999e0b904d850217af9f22dd3109de0d6f29c593f5b5af6df906
F75L,nominal,2486,-0.021897997300427963,True,True,42077ee583dbd3d2999020ab569a95bb735ecac5eff2a9ed95d782f647be9a95,8eebddc7480d216f1eb01dd2cfb30270fc5bf1aeaa5126bbc295aaf1e89a0cb4
F75L,nominal,2487,-0.009702567251885896,True,True,4b07b8a5eb9d4d003fd39f0dfe6e2b7dea5de241fc44404e089b854ffae82a9d,b9841e279830942e524e2de6dbd6ae65bc3d0b38269fb9321ce6c5dd169e8091
F75L,nominal,2488,0.04082167773840739,False,False,c732ba4ecb97516ec31f4d4877b4bf614e3f5f01e71572c3f3041ce6b2f474ec,dba2a3a920a2c2db373e7faa8310801b85e714b262cc069f840bf28df38b9887
F75L,nominal,2489,-0.06593456999682268,False,False,f1ce82e337de48655af56e07ac9d07f5a7a6296b55a735fffda6abcbcaaf47be,a36719b2d3e7a6e325f0b2f4d7292a3e4565c8e6d4ca9af980793845f5dacb65
F75L,nominal,2490,0.04326979868511949,False,False,b1fe8acf5f3900fa6739fbc162d4a94bd2f3cee4771dfb59d366fae37dd92970,f6641089a657e3920210a877e3d4853f46c56f7c8601e70c2cf8fe2c71293756
F75L,nominal,2491,0.004576809931981618,True,True,c8f101584c517dc1a6ddaf4a484126560566406107324a482556072f56e0d8ae,7cd35f88c2c1af7da19aa2cd508daa9c713de5eff3c909ed239accd385e0d86c
F75L,nominal,2492,0.02132647889844652,True,True,4971b692f79cfa6f66ec5fa5a9255503327f24fdd0993f9ab32f855f0b385d5a,d33db562163fa235f76300521da6f0c2c2654dbca5fbbba3fae004b0bbc3cb31
F75L,nominal,2493,0.0010179262937749511,True,True,b893236af36b1413fd4c52f7939f85db84bc584db12fb45c11b8eac16f2d1abf,958ac6cf8c67900a2b1c237eee7129204b0e9c8e18d0077a1edcecb134bbcfe7
F75L,nominal,2494,0.031920107505466366,False,False,e977fceb8aa91eeb8fc868f8de618ecc553a78af72fb86df0f730e5fc82871d1,512a49ea29445b3b970ee55a513ec7bf60f6edd392f5c6250767790e857eacfb
F75L,nominal,2495,0.021744114520298785,True,True,42e3626f386066c4f0dddb769417a14c05a87970550c0b11688023c943d496d1,365ab725a6aa81ffa4f897c35c3dc2c8c27ad37cd356fc9b3fc005a5cd1485a1
F75L,nominal,2496,0.010769089857311287,True,True,deb81a58576089efebe1402735240d29d3238db1f6d388ea6df05e632ed6ffb9,2359efd371d081ab007495f5cc97e6d5503443d5258e9afcea0c2c8cb812fb96
F75L,nominal,2497,0.012460222122316122,True,True,0aa452ab4c5304de28d4202149624b8b93b16d90b06ebd3e050eaf899064c3c1,c6ec41046c04b05f5d04cce08db3afcec1ce3c80c2a5736118ff0e9a77ef48d3
F75L,nominal,2498,0.01567939372807592,True,True,d3fd50e2c29faa5b90e5a47c25c09a0f9c711f88a294291977cd29129e43ad97,bb48f33dfc8e18f1bec42e48bc4fc6e933d2ed00a5ff47e500aa2ca8a09863a1
F75L,nominal,2499,0.007719613239640877,True,True,cfda6f83d0676b5726527b4ddbeed5cc53985af82bfa6c1b7ad933652871b830,63a99bae05f8e5f07555f3ba12c2610454d8a4f6cb8ca9d8bbfa3c203ec5eaed
F75L,nominal,2500,0.019778083516961642,True,True,6d2ed88b9720775d6e9279cb4af11ac3b5714c792304aad288ed6d7523c45ccb,15da8f06fdfacaecf2c76c2a68d3cf64fcd9f1cb04e7da30c1d45bc3f23e84fd
F75L,nominal,2501,-0.01759289662533786,True,True,7fbf951b8fd9fdc8571eb962ab16d93098ab1d7ac665fddf2bb31605991b3dbd,e1b31447de5b5543814de1c73c8564d3564081020fb83b896d483daabe904d99
F75L,nominal,2502,0.0015940525026552077,True,True,87b2b01f2985e7ccca76d72fac3ef6195d80bccdd414515ab657ea5e8288e990,e181445f63932b9a444004ae0f0c42c6f00b8aa2f96827a8419d01cfa41fb553
F75L,nominal,2503,0.04124039015553449,False,False,d2bedaed35f20ef595dba0562c2c0a701a905694e966cc3cb02a6441abd38e46,0bacda223073adce21e5baf27f21710ac74e4e98f2ef77fd25e7df458ce02f1f
F75L,nominal,2504,-0.006680718457784118,True,True,a65d7f26de3902aee30f2be0acd07ddede44973c2b394cfcb7684c9f78693e4c,99f5538849b999fa92ab2568bff9106d753101110a3cec30800873a8453d87d7
F75L,nominal,2505,-0.0014753335190057504,True,True,4ab5491696fcc2dc006366c8d73a8e78c270cdd700110838416e30a81e4c8e1b,1b8b7633dd04d964c4763eb44c548a17ba3430191d6e1ee694eebb0c0cbfe9e3
F75L,nominal,2506,-0.029177002878512603,False,False,a966dc445e6512247ade50a87d60b08d5d77d445a87df260f2b340fa19e5a809,9f648d248e6ec248fabc6b35e43991437df1c03eb51d91f70baef898a2e908d0
F75L,nominal,2507,-0.0047322276222198645,True,True,bd4c45678d950a9bac07d44fb883dba9421ff1d6bb1ee1d0fe070cc7881fdac5,4e6e4095e6ecd2089682aec473ddf2e3c3579f904193ccdccf1412d4e7a0f76e
F75L,nominal,2508,0.022472236997539197,True,True,5487928979e651ac7ac1ade733a3ea2756aff2d603b7cda101af34d1fe2a31c0,f612cb1ce81a6b20cdf40cc083e66e6e7c2c07ae5a3b9ef5035cb8d98dba8cb5
F75L,nominal,2509,0.020089361071881084,True,True,ce57acc7d5039d6039e63bef51005274776a8f2e42d5f492579c83181d4c8b67,4f2fe9a446119cc1515fcf207537691407769cbda17ca0415f3f3886cee01bad
F75L,nominal,2510,-0.03961651882533512,False,False,6dca4300f5518bed56e63a08ae25fd921f461665781a4c379f721dee85bff533,f6e3b3c65579be9982041b961ccde838fe522af26b9718526bdea2952612178a
F75L,nominal,2511,-0.022952508802581373,True,True,60734f8567a20ffdd4c73fda0c2979d72aa5880fc5737912082f53a95d433981,ccbe9b8b2977d7db8e1b695395b391a6472b63fa55bb6a56c40d96e1b8dfe814
F75L,nominal,2512,0.03242305152616176,False,False,6436a6751236861113154ae81a05db4c5ce569dc207c0df62c64e9a1c3251632,215e8842f4cc829aa99f4bfeb13b0373ef2ff3407c8b585ecf0e4579ba0b366e
F75L,nominal,2513,0.02336956762434428,True,True,e627601a829c783a8186198df9210e0a930e350d3a2363b36f1778fae7241284,4e4f178d2555f16d4d5fb5d3a9a25839107500b8417473353d8abddd3a9bd368
F75L,nominal,2514,0.005807444937814155,True,True,8664cb328e94ef6ea79e6c61490cb750432558e49068165b427bfc6102e0048c,7e0c8641ce377c1022912cf3c4716180facf58dc3f55e1e9a1c1f38670f9b33e
F75L,nominal,2515,-0.0067908286497897485,True,True,c0375e769aa3ca8aee8314845376677293e64aa0b0663bfc6fd5794ce344f7ec,6b3e1444e2ebc0cacd5d8dd3b623d58161ce3b71bc8e1a12c0b5a8a125af8e8b
F75L,nominal,2516,0.015572657275839896,True,True,29aa3de8030042f6220f79a6dd1c56f5ca155abbbc98691e4f221f422d0b18a0,ae673caf01935203eab6b54f02d0ff99ed9f230874ce86c731ee1f509218a487
F75L,nominal,2517,-0.03707166195687611,False,False,dbede1cb6ec74b3d8b9964b0ec69f1316727d8889204e4e5315287458c721a79,98b61dc5b9252c824fb9303a9f0bb8333c4f409f36a3485da6116b5281c9596f
F75L,nominal,2518,-0.019486333048302718,True,True,d5b84129a4d47245aa6b98ea62dfca7c84213055acb44f64d12122aa18480ba2,188a6bc1edc105407c9dc9a246afd076786378388d6b0360d49efc7cf0f6481d
F75L,nominal,2519,0.05681900360045289,False,False,804883afbe3c7057e7ef2b077118d6021d22436b8618487a64aad98ba226df6f,a6f38cbc375d251558bc46d208e684c456173987818fc0833a87f229127f06f0
F75L,nominal,2520,0.006235200807061192,True,True,ad0a7be7a45e81a4a5d856710186e53d2e9803438c3641803dbfd8a5220ee74c,d0104a47209f6c320df2230413891527a5c7a231d7bbd3e4cb2243cbfe5ee8f0
F75L,supply_097,2000,-0.015440266986336493,True,True,f521c64b38e59fe741fb5d030ece15f32bfdfd655103820cac412eb95c3f89fe,cf0d510fd703527c0750be48de9059e81df2a5b2cabd2ecf77e575db259e778f
F75L,supply_097,2001,-0.05918540441731324,False,False,51dfc9add819efecb0a27a33d1c5f3b1c4b22e811b0a3c69ee558651094138b4,9f71addacec2fd9b7aab183eaf66e21eab86fe28b7ce7560f506a24feab92b4c
F75L,supply_097,2002,-0.011981006720485965,True,True,e2631e632336e196c80af182c08f318d01949ac64145a77c122324cf355da381,9b8908ee431df1ee4e54bfd370baba73d6bec839907a2538ba07660e9ddd52b9
F75L,supply_097,2003,-0.02217394214812546,True,True,04e09b6e73cda68436132a2d093f734cdb79f3cf9488277e3a582e878183d5db,6c1a94cb58964140cc7e21e80d842f8f1144848e041f140e55facdcfb99abccb
F75L,supply_097,2004,-0.05068743021122235,False,False,566979dfafc12f503761b763f5d9662c6446ca4856331e08a686ba24863fa5fd,e3be50a40f2ab2d13f5e4df24d9d9de215db66340eda6aa0c078b2b916c2ce85
F75L,supply_097,2005,-0.03171682634220219,False,False,b101d74a7eb43e89c788b06fc5ad77105d048ddfbfefd9383441b122477b39e7,98ce8002efd2609df19ea92113bee4b780be9e1d0e423dc2d8b08b851f610484
F75L,supply_097,2006,-0.010830699884696648,True,True,b0fc9d2015c366b07440c69c1ca21023125fc1f1292a8ca9ce86117ebff287de,0ec3a2f293c549cc30b9d63ea1d0e4549cd09e08580b68995880f730f893575a
F75L,supply_097,2007,-0.049073764900898875,False,False,5fe3c2ab5b3c4851d4710ab3f8ae45e3233c1033433019969bcc16ad884307f6,b2e8a3da7d00484c3acbcabae1e68c30cd618c1d89101a42cb42c74aaf88c377
F75L,supply_097,2008,-0.03471671118786612,False,False,ec87d4609b6cd33997a15f847c880a881c624927d3ba0a69c76114ecab1c0cb5,af5afc8496a19bf7916f99311806699554f6a96ff304d0b21f3ea6e6534b589b
F75L,supply_097,2009,-0.04960914814950118,False,False,935ed98cc3f53bcae45f2f6502d462ef835f42b64c4730a8bb54b94506ce594f,b23a915ecd730c499b740c4f2e3e3abaa0056893138eb88b4e578cceb4478adf
F75L,supply_097,2010,-0.03581247198035692,False,False,61870274c67ca637d476bb8f6db3477432ab17b1bcbb43cee8f110d1aebf1c9a,f05acc1e8a2ea79dfc85bf69745744e8f2f30eb5d138bd819784ac873c062b53
F75L,supply_097,2011,-0.007792569158399043,True,True,912b1341c613bb762a9087f627b1e75b2564a24cfbf8b7461a1377aa17e4e561,14f4f08d86cbe081cbb3aa35fb813c81a9e04fdeb80e7dededa964779938c5e0
F75L,supply_097,2012,-0.02810381567304776,False,False,1d129eb1c386732a02ed31c3351266ddbbe992ba553c7232cb35c6af4d71c392,2f60767a7ce651f98e2dc0546bd876742758e2a62619198786d6893f41a2378e
F75L,supply_097,2013,-0.034309817273869614,False,False,03b1159b8d2a5757646d22d5de71484a469db500b8b5645efd919c725b0da599,25e8d125d3afc0f29ff79385f6b9a8ffe9e5aa443634d79e517ae38c69895a19
F75L,supply_097,2014,-0.030854895096050217,False,False,4039ede5f363288a0d198fc74b65d8e82a7425e648c86509525aaba2341301a9,97e4c24811c8f4b17140ba76347e437c6049567f4a15df667fba1e95daf0fd60
F75L,supply_097,2015,-0.05578874700366854,False,False,1c62b3723df96135b87a8204bb6414c9eabf35900b876c634c9c07ba1f1df8a7,5b1744307dc9c4beac192c81a49bace5eafd2dd177c0bcf25c040a558cc09676
F75L,supply_097,2016,0.0015829123056700922,True,True,a0beabefd554303e914436cbca464c695586f49ab8fc1ca9e149c1eff3b78721,59efee0ddd6bfc0d75426b9e18448119bb0398c21ebf6420a38bf6abc49b127c
F75L,supply_097,2017,-0.03693582562368669,False,False,7a187fe2fe56046a7a4ac988bb293309c18e76b342626b82dc2416d04386192c,96c51b85911a4aa2b256fdaa9043022246ca21397e5e6bd80ab0e29e9eac14bb
F75L,supply_097,2018,-0.02257963523755835,True,True,689dd2239c7f6c5b975d32f9539a786cf3dedf5adc1b223b9cd6574623c21344,4c3514eeac91ad5085a650393659accb0657fb9d94af339c2db14dc1b3239cbd
F75L,supply_097,2019,-0.044070145822346474,False,False,741559c69407137120a30f213ec4fe816b57f4b2408e8ba4f1336c9ba4329240,cd9c7ef64eb6a5d13fee3ee05cc9d6920541cd86360bdedbbe973c323aa7b810
F75L,supply_097,2020,-0.05721934198949119,False,False,0f4750acf8d7b37f38c91e2c80bb6ea68f325722e08f4ccfb6a4d58729070f0f,475ec03ff70a2ff7838e95f715249386bd06a67874ebf1142100b133037b5fae
F75L,supply_097,2021,-0.04050154147209756,False,False,3dee94298e7afe55f919e21d6c2d4417576d16b25b45b6555a748672dbc3ead2,72134f4a910a8edebd8690ff73e053ac6cb38121a645f5029708bfa825a60321
F75L,supply_097,2022,-0.05268745532940644,False,False,38576d0760f14f91385ba74865137a69956be990602cae933e7e00c9796878d7,c55a3f211fb92d8df83750823a29eb37ba217dd913b7a44bbe8808d4d6d56a2f
F75L,supply_097,2023,-0.048616350873445624,False,False,1480c8a16f2f55b1febb35c00b46becd2f7ac5e8c33e3d5fb24e4300479febae,6b9922e9c1b46a08f06a9621d38ea6878d3705c05d1db8749d9a556c4382efbd
F75L,supply_097,2024,-0.06697718469011138,False,False,27ca1575e5759bd7b7b67445ab4828f4c34a20d84f976c6874d7d754ab166621,6a9e5053b3cbb2d3029e465a0df2fa63d1e489c4781865241a852fbf6fe0994a
F75L,supply_097,2025,0.0032167645624021635,True,True,194ca284fc94211837512692e2ce916b7d7c1125d5ea7e362825a5b3a0d06e8b,163eac4ebd807ff0b739c8a74755a9ade4d3e9ba3ee587044e6b8f0b2acd1110
F75L,supply_097,2026,-0.010160890420528312,True,True,6761b5ec287f0f79ed9e162f8c1cc30d4a38a880b9f19e7f4af8aa863fdbdafd,251640ed31915e6ab483608e783c9901e3c8d45300cf33a89010bda8b35c4c40
F75L,supply_097,2027,-0.018332180971791956,True,True,4096920aa66cc00f395941a20d0f4fe0b4ac0c6798ac97ca82dd6c984db911a3,ee8c41f7564d943e455b35bf9478c102aa90b8ca639ca0ccaf5b54e610677073
F75L,supply_097,2028,-0.05410153473903473,False,False,60a0cac9590d0dd74277d7cf494af648dff6ddf50dff6535b3762c5efaf099a9,57e688a6f0b5624560f40200001a3fabf45a6881de3cd9bebb1da7d02ee29f08
F75L,supply_097,2029,-0.03127964595864441,False,False,05cdd8b4dd3bd22919b6f526a6f9deff69448cc591d7fa4dc2eeda8def9d57f5,49ba0b4a0acc12a7ccb0319a3b059a5a9dd2e074badbccf1507093b203f1c37c
F75L,supply_097,2030,-0.029099697890570153,False,False,ca247366028c4c6ca4b677a766a85876bd10003d0e3555a3d1d66a37bf785129,8a573ba16e82bea73fe9669edf9ddf848ecdd0cd07f7ae039a741b3d9492c388
F75L,supply_097,2031,0.010257785145328602,True,True,607c55ead709ac5862c6cf83f01d53022914a12ee8fd11a9c2564f73c2853567,57806b5fc794010aad0b9776902e96f389535c673eb0a9d3284933370a1d3e14
F75L,supply_097,2032,-0.05469786560730716,False,False,9f3ab2877f229f53760364bfbf35104e78be7767414a681b39502f2de984a1de,239ea3b2093b87b6cfc21cd0e85aa4afd76f7730a5f4fd584f58bf70672c5ec2
F75L,supply_097,2033,-0.08035466366518063,False,False,4bad1b9ce40f8faa76db9a1a6a42bab82a99457eb6c10098a618341f45b904e2,d1973fdfb03636a5086b020f0086071d8c0705ccf032dc0871c0e8ddb585033e
F75L,supply_097,2034,-0.06566252107746884,False,False,40e239c4be1b8fce30fd04091697de52e055721bf3f30ff4ffdeccd670996c1e,79a35ded850fd40cd077114b8809f4e7343e1afd5c1b14669d69913b6597605f
F75L,supply_097,2035,-0.052549143452243874,False,False,49596b771c0b91043a77c272acf32a3adcf80cce63b134fb20505d50cab86bee,29c8322c46b279ff9d19657526fb36293c5dcd52078e7f86facbc7bb8052ac2f
F75L,supply_097,2036,-0.010008938188596161,True,True,25b459bd2053d1da2b94c0a88ae5359026c4f91490e4f22ba59315f92e42b3a7,2dabb8cb1691e1d4a183247c6da7623aaad77b4eba913e7e72c49c31d005488c
F75L,supply_097,2037,-0.053128323224203244,False,False,e8d46f3796abeca63d6da22316240be166ea1dfadf59f1fa513ef9d1d1f9e549,78d04d6617538228936e5269a6ff582c1e3e735422acc05840e14967264e6f66
F75L,supply_097,2038,-0.06323003971736768,False,False,d508f2d990b06bb51ba9c52e53d7d324702bd679ee69238a35e12d2be2b8ba13,be1957c2671ae9f679ab113ba2f9f8827505e8a39c6b027064b798349ef48832
F75L,supply_097,2039,-0.028287783029763536,False,False,1aaf2f4310e612983a634061a78d8e6740febc6944f05c3f933ecb7353e5de65,e1d4d5e14cfc16dff142124b8e835ef117670c738297545f80ffa7d1d87c89e2
F75L,supply_097,2040,0.010028304451159986,True,True,57fc8f58f007c82d3599bbce44d8858aaa5dde08b22f2e3ec992c52488307f94,bac21bc914a7c02b5102c1b6e181d583db980fa7c9b00a7136ff7bc20a74bf42
F75L,supply_097,2041,-0.057541103549761274,False,False,68609721db1bd5b31b6ed40915716dc58c7c05d728158710671cbd7a560342e1,9f27c466b6794026dafa3723fdc40e413118dc39aba0fb1f53d19647e50d6726
F75L,supply_097,2042,-0.027580781758669737,False,False,f9b5fb1dc17b6b8fcb14b3d4266c4ba15c0c9546312d411e9e3690c717b86672,1144b908e6db1369d73760096241c2992eb36d123550aa357cf60fc0738c78a6
F75L,supply_097,2043,-0.06758870430377079,False,False,54ffc7da8264a6154968fcaae698a108f7be1611d4a48afa0b6867f93ff30798,01d89d3d67d153ba9884e4fc135f789d61c1be12b6bacccaba1b63bdc44ea64f
F75L,supply_097,2044,-0.07503745396589206,False,False,cc5a7f7bea33167fd47677d14eb2305acaffff9f78554ecc86baebd03dd26b0e,a0f531ba74616d8caa6ab25fab4f2df7632349e3615c0b76b09701b12edf4203
F75L,supply_097,2045,-0.031982188997164485,False,False,ed73d3ab558e2752e639453c2ad135d8f3fd5c49e7b0bb3421ee1891a7182c90,6f3afa1d28b9f46e7f78c15c6a64f5580b1b5eb8946c8ce965603c54b813f29f
F75L,supply_097,2046,-0.014958610455989452,True,True,33f5c8cd2be39d0b02640428d4a2f6ce819f0b7d72b06df9bf80cf58b0fb7d8e,7a070191907fe8b7e52ab372cfc55225cc4e1f74f3241216e89ddb1e0080fa25
F75L,supply_097,2047,-0.04027903442159719,False,False,4bd06b3f630216ed1106820ab2c208e49b66434283d879f898ed0745e7ed8152,68d5697114e59aac9e85b31057f5c7e9fbbe1c21d0607ad73840c47d6fa69f33
F75L,supply_097,2048,-0.029689587300661624,False,False,ad0e1187d289ed8602f58ad4d0a8202ef409998a8f1ef6ca3730d6ec5a1bf397,a2c1902faf719e298f0d15b7f982e2abe3b5c03a611a4c379fb888c0464081ba
F75L,supply_097,2049,-0.06421148232231066,False,False,61cfe830e58b19ed048d1a2bfe5c9c57a7303efd0a464f2f4ed6bdc8197ce39a,309c9b2898fe97267ff61e732d3f85dedc52d228aac2aeb237cdbdfe461327fa
F75L,supply_097,2050,-0.03699630661469233,False,False,dc15dc94359d8e2d335293e02b32c3c44a399e7ee6a737f89612b97e1f012e17,1cee45604877748b085f28a5aa130a6516bc9ee7a7bfa9a191d1801fc65c6cfc
F75L,supply_097,2051,-0.006826534976591914,True,True,9f892f9c54eddf1e3110a99808a09cf7aa4f9a0bc034f71930e7c3be72adafac,afce28531f6b58f7c1df473a73892d018ce91079afba376a8c2dce21c808c404
F75L,supply_097,2052,-0.06360123375388793,False,False,738d7fee2c646585f18341a043d033676b2c9e5945c55eef692e6104df6111b3,96d72cf8c479e23cc08b268dc3ad5f81b4c86a1b4dfdd3f7f6f1207a873fba7e
F75L,supply_097,2053,-0.05268066923554926,False,False,d3dce482ccb2613679296538d209ce373d95eee88eeb03bfdead909a37d33492,1c17f033379f08c541ee93795f0c45b4a4a8b094f05adf95f955b12ef603bb2e
F75L,supply_097,2054,-0.011623953616754557,True,True,7ca30393493be727452e0215f200e5e94eeeb9891133cf60506c93309300ceb0,39a3d22feb55098a75e7b16412d700de527b7da5842534f72cfe79aaa17617d4
F75L,supply_097,2055,-0.03246489855268875,False,False,5670495f0ce073809b1217ab57f7f67a4f5439792260842690c4a71dd0267b1c,3f5e2a7b5fd8168a3d8f377264ce74f4b41564d76948a58191ebb491bbff703f
F75L,supply_097,2056,-0.0462481618294911,False,False,22ea7884216ee0ee45e238e2d23c622a0583c7573d87326bd44bd420768a2964,aca44c930bb458067cbf501a9834718b7371f8cc95b9a211402fb43a44602c71
F75L,supply_097,2057,-0.03944262718939606,False,False,8baf24337aa6ddb1d797524fa799e1e9813322375a8990235c8e9584f1796907,9ed9b575b9ae7784d6f49dd114dc12a672661aeba7785e6fb3f8a581e8efb6fe
F75L,supply_097,2058,-0.06243262730352439,False,False,4dfa7c4c4ba31b48295dd9a075fe8ef74aa6ab29686a5a61a127492d878665cf,f1feebed8c2400cca337ead3245571d5146c9b0b4418c2aa89508f5253d70182
F75L,supply_097,2059,-0.04034193186056334,False,False,102447638f90a79b79391b3f9a91724689cde3218a5be98b1284b50fe4779f01,2a2d0be17ed7d4fa3b7d223d4d1bc81b51cab18b884489e98f8c9620e1b2c519
F75L,supply_097,2060,-0.06248969318851405,False,False,65aaaaa71c8b5fd7cc07019132343c0a9f22449ee5c5580ab27e20bec03fa02b,fa15a561c7d4f7f409e5acf93be26fa769327c1008f8db91e6f449f12af5062b
F75L,supply_097,2061,-0.03703390659542838,False,False,5f874701bc6323b82eb34c0225fdcc9df16348a2c9e488f77bb1a30e090b88fc,94b0ad77bacf42681300b5d224d06ec1fa7001f6eb9e5944ce2f350ba5b29e32
F75L,supply_097,2062,-0.06494420986340943,False,False,dd933c6bccd5513c4ba802ca3681e06e77bff49bade4a471773da9e13bf1f883,44e687ca7d1b07dbda23a031cc506d34960a9fde2f0dde9f0824719b33d2da4e
F75L,supply_097,2063,-0.07529723471808802,False,False,3423e86e44b7f0cd877b1df0a59cc7e5950ea6a1ff28f042d91049458c10ebb2,9e0bde4a1b28116cc95442df192318b5ba7000554436783f7977449c59272f7c
F75L,supply_097,2064,-0.023850562548368592,True,True,64fd5adeaa0424f1f45518465c043ca110c0fd161c6f2359ce8b275b65fca214,472f8e2e1526e32e28533ec309ef20731be8b359ccb94ac265754aee32857dd0
F75L,supply_097,2065,-0.01664186767313841,True,True,4eb9323008f627aef8af2d1ae16bb995a5c0be356f4e0b06b89fd0a99c30ccc1,9468ba9f08ac9cf5249c7592409ef5d0ee1dac2538ea01d199c499aed23290dc
F75L,supply_097,2066,-0.032719351595177804,False,False,a8c1a3abe90e0206d0d1f39d290277837fdca38bb369425854ff4e1df65dc88e,b53e95bdad3f04e48c74d44dbe2dc11dabc95b6537fd7ae9df8c0ef1dee8e5ac
F75L,supply_097,2067,-0.06067415054767389,False,False,b5f716a88465cfd29be0340abb4d5aad20b9fd9da8af955ccfdaaa273a4ff60e,86b98609fdc552967f2772d4217b755bc05a4181aa9870ec23b176c6d00682e7
F75L,supply_097,2068,-0.04723987490987103,False,False,6c31939c15ea08d43bcca2af460cfdfd45f2b840e80d990ce331a82e6015f8a1,182a35efd7d42d8ccc04531cf7f6eba5310bb71ce25f124e565e658ac1a32993
F75L,supply_097,2069,-0.051441051914166924,False,False,0f14bd2f3b0b87c42381ed7924fe67fe3a7908ad59f8f417faa78252ec7303b3,fd214c618a34a9399fd9a55dc529f679f5cfafcc8dd218eb0b939c7e8b45f9a1
F75L,supply_097,2070,-0.05666972467744247,False,False,2d6f38dbe75a24a82a0047e33095a4943dfd445855fe7acbcc9968a87724232a,455c06ffa49c3da9e348bc2ab09340c9253f1054948352ece8a7e234a08301d6
F75L,supply_097,2071,-0.033025222194688564,False,False,f87f94ad64dc3c54b683a4a103825df57d7dbd6d3e1cf40eaaebc0e26b79644f,f4c6415e779fc11e0c6c9d68265f561895b7a1bcb227c743a1b5a6335c30d244
F75L,supply_097,2072,-0.0761117583324582,False,False,80ec961cd96068688a11d849ec6d26d564bfdc7529e9564475eb57c912faa2ad,463bb6f18afc2372ad4891d27af66dec50e62fa4f8859020742ae1b771df6192
F75L,supply_097,2073,-0.02887137334467421,False,False,e01f9a8cc065e5bc3d19012d331aaed5a4d73e1d9385a110a7a22b1082fb5592,8ef4fd4adc61d007b3012cfdba05fe103603a10976ea0ef525dee22a3d7aec9c
F75L,supply_097,2074,-0.060264782657745375,False,False,574a82af6e06df70a4ff36887ff454876be744f6113e71a58f075f14f09c69b3,a2ae850ba666a6244c197bc3f795ec975029f47b6f151140fb234f9bb8b69a29
F75L,supply_097,2075,-0.038665665671017646,False,False,1bac4a01847395e11b147650798fbe9168d0d2e3be3506d0c313dff08016e129,8fe8c36e33d0186ed42746b3306fdfd950e36a9fd890abb40f394a9acf4076ef
F75L,supply_097,2076,0.01829670306445874,True,True,b2e26df95c499e0ab1b3be73da33ebfeaec92e0acfdee58d980e81e4cae8ef2d,6557412e50e0448fd32665fce0e4b24aa8623a97f8afd4b1bc5c5648c54c8b07
F75L,supply_097,2077,-0.08408766488618458,False,False,322b30f075cadb5eb39a60e7194d1e3cba5f2ff77ff5d862b7090f5aaa23ad9b,9b700a177b210f3750f9bd5236a0fdac7bfea219e602bde0f94518f84577bcad
F75L,supply_097,2078,-0.06081818535767175,False,False,242a28496b235048074c3feaa339fa51b161adf709e02defc7b0ef080d66e57d,9ed83d864859b50d871a864478ca9615cdb45b9e6b83209ff4e929c6bfe8d47c
F75L,supply_097,2079,-0.020717857392795858,True,True,5ce069bd077f3ed0985db56d4c043c0dfd9a42d28fab15beb0a1bcbc1750095d,4e26dd77b43fae8563713595ebe76ae23b4aa86d07b0f64baa8bfc492a5fef7b
F75L,supply_097,2080,-0.03197529575541713,False,False,557e40df6c4e265bf25a3f3adac10072b74f096ec16ee509fd89b99e10e64725,ffcdc750dfec720b0c9fd717d0d998f56ad6917cb540df2e6c164061cee4c99f
F75L,supply_097,2081,0.007372129840417463,True,True,6b2134f241a6cbd4739bcf56ba4aeb7147da914cf786eeff0aaf60200f7b83cc,448c7da471aa86819a61e83c9c86f71c27a22d3cb2c4c1981c5388ee751b5ea5
F75L,supply_097,2082,-0.03656289943295665,False,False,35534b29075c5ce6f09ce7a7dea2568c49e994f909a760ae18e0183dd90dea4d,b30b1b737ea8701392643c128801901f7db82be4967d5250d6be970cf07a244f
F75L,supply_097,2083,-0.024810607720102684,True,True,f113741d3ea83cecf5b5b00ddf9ad2f77eae51cc56f2bee2459903d32f00a4bc,7dc2f241cc5437cc5d634347054c72229e0fe97a67dfde16497a249a3184782f
F75L,supply_097,2084,-0.0018712221016034536,True,True,21d6fa853cc10b5bceea9d0b9cc267e2f24033738e5186150ac5c7196347f343,80fa67c7a6de461faa15db51daf8acd79a975ec0538b46dc2c53b056f6b458be
F75L,supply_097,2085,-0.06460948106047448,False,False,bcef6e8c6bc98fa56085b90b647205113f33040a4905c4a14060f5655ae564e0,e12122d7e384580e49c8f7fdd1c8f7f74888fae47e79d25136e51b2d661af491
F75L,supply_097,2086,-0.03878433355774191,False,False,36285636bcf476a0a0bd06715126e40d5323df794b254d952b2da56c16a58631,c59ced50fd7ef0cd6d1c8f15537c5597f222ee57cda0cde8fb79945b7ee40609
F75L,supply_097,2087,-0.00831957384589721,True,True,dfa2d706c5b9db831826c23d58c160bb46215e26cfde23e6e69d37f3d54aa6da,23189f8d04bd47e4fa5568d5bccb65fa314135b5fed9cdb25bf8d053c1b63126
F75L,supply_097,2088,-0.03582018462512793,False,False,4c514f373623437749f8050d78b5b9fb60c1ec4ea1d5fa892690e4350b34d2a9,cbd41183362ffbf506a1953346ba87048407b838d39178552f9ed92367f62124
F75L,supply_097,2089,-0.08823364679304169,False,False,fc1b7a2b0aa501427cafe5c1e0ee838efaa7732cbed998a08a0a6c685aebe2f6,28b2807b758002aa28d123bd1b9239a41aaaad8c3abdda300d5a91e1f22367c7
F75L,supply_097,2090,0.0012161848656356833,True,True,2dec4d63e269b76b67b2dfa2bc56b616aed3729b6b1dcbe9b46ff90be937ed81,8af18dbecf0191da32ecb24b55cb29f1f3dd6cd34518593ee93d5d62ded5d5fe
F75L,supply_097,2091,-0.023670601977006378,True,True,02cf102631f88b26ef05f0f035847a29763480b8a54b16973e7e3639fc9d9c30,f4831edc2f469a0c958c7ae468ca1b40461b6717f7aca9f6851a5ace156b935d
F75L,supply_097,2092,-0.05513531461454646,False,False,e31667623a2eef372e3430d2b7548d1bb82b1d6f801c0cd568eebc5b2cfc8810,5fc8b1ed7aa408f3ba42e5eeab80d6c69c28682ceb018871f28b7a9b8149e37d
F75L,supply_097,2093,-0.055837504951586237,False,False,013fd625229b774e92c28ba602c42e0f586a099133c386dea6d9a13a4ad4bebd,3c6132254a2f0ab4c0c0e1af3c3c8fe27e388c13de310f589cc3ca9261677883
F75L,supply_097,2094,-0.07137991420580159,False,False,941f9df9e3a9278b9df423c06c18013d5820577f3c5bc7cd0542203583adec25,1e6866ad039008d908278e11dc6dd984531038acf4bce99bef0e03c53ae55ced
F75L,supply_097,2095,-0.048075363452205644,False,False,8e2d9a1f27a3aeb94f70d24bfb856da1f06578325119899857f6e3b9e1d48f7e,5b8674af377e6c1156208272b2bc76b792b36b1cd20ab02f0115e4bda3b59554
F75L,supply_097,2096,-0.06197163320114324,False,False,24f9d47459cdd1bef1b4211be9e1f443bafba64453761ff1a9a9e5b419e5cff6,ab228dca616d7c8a370b9d1528063bd85256d8a1f87759619b9d213660f84285
F75L,supply_097,2097,-0.03638187429393691,False,False,0ecfefc8d5d4094a154709373788b86e07b060cbe160ce778423a015bf117973,d49d145b351203aa30e544bb8f9d6ba8d97f214578731c732e957df5e9a2ac7d
F75L,supply_097,2098,-0.06955613677589634,False,False,3dc8dd65438d347f2f9345487e59df604c1295dc6d72a6d29702855f37a6a77f,cd715ec7f0bdf713ba044d2db928b55a35f6fad875a356b761a3a1e309ed7f96
F75L,supply_097,2099,0.00044084454656379,True,True,0f4271a9fd5262195f94df98c4c40fc894652531133b4b241cd65d567560c981,2422a85de04782343cedec620028664ab2e51374117c879fa0ddbfe318531f6c
F75L,supply_097,2100,-0.011214469456410803,True,True,e380029dbfd04701458ab9da014dbe0b33812a8af9b680adea3c14a3db9fc4af,71e17bb14b5dcc18f2de0fcb323e1f72a7b97fab1bbd9c0fde61a4fc075e07af
F75L,supply_097,2101,-0.07839295800246815,False,False,a1a805bde7cf1e17116bdf79385d81bd5f86adc22dbed120617ee723b3b523b9,d8bf54d8766a32785b652ccaf63488939cee518b504324e5cea41556eb6b0d27
F75L,supply_097,2102,-0.034998303768190575,False,False,52066b1f764a2f4bdc2eb0a8e6c1ecfd5286d7b88e09f369f10878e8800ddb47,70336f3135ded7bfda504f3490693a2c165edc2760be5debaa975d94d39c8dbe
F75L,supply_097,2103,-0.046736199560518554,False,False,5871ecfb2d11a36d581f33b683ceb088f7603110e971f7d6ed5f1354a583bb25,62213ffe10311c9d08ca0d670b15f64882df78e4537a09394ce67f2b09ace16b
F75L,supply_097,2104,-0.056362930030229186,False,False,ece609f9eb3addade921d950165284e91995e6b00701b5634d85d321f732e348,76424b2171d27308604bf863eb2bd663444c489ecf2be4cbf48dc1260c6013df
F75L,supply_097,2105,0.005838512378175231,True,True,8f44f9feff9aa441eeaca3194b3263104839e69046038068908e47d6edace02d,e1143b005b81fa83560f98956f3d20c7d22ff8bbe13ee26125629fd2d417f5a3
F75L,supply_097,2106,-0.021542462335015056,True,True,456e7f71810fdf4b2718e58dfaff59e266d36ceb8ca72c27ef56f5daa569ccd4,b62eb067c8c1d6822a65476a42ac1598696ccf76000fcbfb61ef4f2bdd23e2f9
F75L,supply_097,2107,-0.03211767773148433,False,False,f93d0256a40d99137f5173d39b990bb9dd56dc0f42986a2797e63857a8464565,7e3410f9f2650272dd1553ba48c6c29135102118d1e09ba1e16e47b25e1764c3
F75L,supply_097,2108,-0.03442377053645529,False,False,6f8e6438861fc5e73b78be3bc17f9460e095538a8d138c686dc5b3cb2d34380b,33557e531e209a30a767b90e415f2429b0ff15c2d4a9b18ec842965ae9b836d3
F75L,supply_097,2109,-0.054187729327510537,False,False,594d2270f0c3d3f049d8f316f9ac5c63b934c41a0c9e00fa4ff640009a2abc3a,a572e76491ff9c4c6aba48c7633dfa5f28cd0672d623132921068ed6b247928c
F75L,supply_097,2110,-0.03304875455451889,False,False,84fe862e8c14b0dcd569fa8674f44a88f1f94582aa2bf2eb62c3b49e80585a2d,d225f419ae964571e749a21d22be0c39c17cff308dde79d95a25cfa2e4ada1d4
F75L,supply_097,2111,-0.04854576103942737,False,False,65506d8fadd10e85b86dbec72181fa3da2e25dfd0b577bd35ad2edc99970a58d,42d6fda8bf4a0492c2e68fe153bafae1e1feb50ef00564cc9d2c0695df28936f
F75L,supply_097,2112,0.009646505491496815,True,True,ec49ca727e6fe3d230da10d39be92992c64d16ae974147feca04462043f1f5b1,7c63128be870060407cbdc5ae7118ec5413b3a937943e24e5c892f9c633cfc5e
F75L,supply_097,2113,-0.038632802069634375,False,False,b80ddeef1ce5481d404dc5010c80d1f6be1511d0716f47f666e96d0a459b19a6,b07509f72872f58fce610255ca5d11929d5b1d00e4bb7c47dd16e621e01df986
F75L,supply_097,2114,-0.010101554950779024,True,True,9f745e03449c20329fa4b017538a38a75a4adbf8a36c76496ec089b89a12bbe0,d2f8d91513356a1e283cdf817c3e3483074c991d34312f22bedfe780ecfd88ab
F75L,supply_097,2115,-0.04003619851291779,False,False,24de27b5b439ec2906b5e980603550c55f739bdcea09c8f691e03c9f60712edc,1bd675f90a7332a4f813a4b454e207ab68f5b11107524bd90627da3ee7e4e3aa
F75L,supply_097,2116,-0.022379460172864962,True,True,e571361bdc5ae64eecb3eccc9e1c3e79cc53ba89637346d25d62f56bf46b6b7d,73799b504b3abb58f2df61870ba3e07ed3dfb04c9051d8a56de9be4ce574ad14
F75L,supply_097,2117,-0.03291234506359042,False,False,0cb90dbe967e7429c2d23c6f3209cce01b8f0c325cfddb3073583031d09f9cd0,0f20bf4d4edb976340403941d4a6f40658d551a11c2028a62893cd22425243b9
F75L,supply_097,2118,-0.021879816742673586,True,True,cf58f032b1e39787568d5e8a2c9dab5b3913005c8d3d8a0e60ef09650a32d175,60ab8da3ee19cfa6cba2cc4aff70a81347f7aca23ed73da8f052040cce38cadb
F75L,supply_097,2119,-0.04316268509498922,False,False,427edc4254d57186bf49e5cd7c430783b10a7b46e546446c637690c4c9f1b211,ef3ca3aa3f443b0e50e5ef796206976f45082853ba63bab7026042959c1dcbef
F75L,supply_097,2120,-0.014111390556961756,True,True,37962755f5e1e661dc8ba0221733d92465ecb39224b51073c3d57e10ec902287,8900cf84e7ddbbf56372c164b753e6d2391a6550c3739c7fe57abac8d5e0bbd9
F75L,supply_097,2121,0.011707335165230037,True,True,33edd977a8e743cfa0a1203df185c587d55155286d62566ac2d313fabdec0672,316bbf6b875400103bc4bf0feb3b621203a90a9a0d2a92eb3eee5f60c4a5e20e
F75L,supply_097,2122,-0.0022437927687288806,True,True,03ae6a9985cdcaa7ab49a6b007065590ce8133a0dd30fa641829546d7d3fd931,620f5187cdb52882ee6e7e5f022e7c1a8db17afb3ce2b5061f80c5bf6a96ddcd
F75L,supply_097,2123,-0.03228712731341421,False,False,f067a678da686f0a7ff0ad5773f9d99339b9518682888f02115491608905fa87,4e9c8197ff1601a54ae9556003fa4674d42379fcd1eb9d7f9f9ecb3ca181a0a3
F75L,supply_097,2124,-0.04172918595921904,False,False,64cf3ed851ad98d0c7a67fe9abfe7a0280add1669eebd808eda2c70625ac0472,b8997c0764fd6dda734a173e0dd77c655cf920916e02cf22a27c0686f3f9b4df
F75L,supply_097,2125,-0.059576364323006004,False,False,7dc622a901ac0019a78892ed2510d975f07d4cbe3b4626fe76c84e206ca47670,f0e199c1b9ce2e59f50b08e6a9d686d0556916ed68ef8c47959eb5d16c2be04c
F75L,supply_097,2126,-0.01704926833545084,True,True,7cd4b9d4bd2091dfecd991122eb2a0c010b00f5865f3105b91a183071ed1f54f,c135719ffee1c3c4f0b154b6a1b2a037b702d87a1aa4271dfc7a251441452537
F75L,supply_097,2127,-0.0270560132539856,False,False,9edd588f712549dfd342f5b3c21b73e8d7048e7b919564025abcdc1453f2057b,3dd356fdaceeb726c8f1eeb5375a176c5acf96ec7697dd8cd7d91c70a8186a69
F75L,supply_097,2128,-0.086143990811823,False,False,4214efb2c537e55605a0f6d14373490e6f3e7f1a5238efbf445dac6e2737700f,a27b5f62ba05c0e220d83885bda1113122f5a2c15426f7324785605b31fda954
F75L,supply_097,2129,-0.02979813751050525,False,False,2434a25806de2ad4ed7d6ac66ba5e0227f4ab2cba9a36192f2ecc122bc62dec7,02f9b1b89be05a6ce42a29848ffdecb9e6b220db5e47fbbe2b77a9ed6ddfb23c
F75L,supply_097,2130,-0.09329599638115726,False,False,9f83fbfc898ba251557748aa1fc1a2366c3fd0199cd1351406d4b71cdd8f5ff8,9e4a78cc93914c092116c0ddb19579737769bfd788200bf288a09fa33d26ec87
F75L,supply_097,2131,-0.010216521989717342,True,True,7ec2c44493ef7d6d4b6a5032611f5278b902167498cae07e190e4cfb7999c24c,ba8b4dc53dca0737c907dfa6c234775c7da93c0c3d3cd988234ca08390485202
F75L,supply_097,2132,-0.08676165248069695,False,False,343d8de02c0a8489c0333ea269b0c9a1a47145d267de4890d6a25d324f3b2964,d0ab1f44628fb0d6ac34aafc7e4920d03475ce38a565e68d170d5b2da79eba42
F75L,supply_097,2133,-0.020661654430846055,True,True,46472c213e1ea0821665013b504c63125b9896060be2d9a86ec3906f4c2a299b,d5ba3b5df102628b677387746a2aff929bc5d08795c5694e51768446e1921330
F75L,supply_097,2134,-0.04116800826242689,False,False,db4c6f4ce888b3eacf7e299e422fdece0312493040b02abb8fac0061d3fba8af,6e619e352d9b855debef46560ad2d73c95ff4a768c1b9d4bdceae79d640f9761
F75L,supply_097,2135,-0.023619055043924475,True,True,9a90b549283017314ca94e60576168297b5c7e751b6ae4bf02359f42110f1e8c,3d93d89ff36756063d453b3b7b6fef9e9a91bfe91b48752022e12ecbdda63eed
F75L,supply_097,2136,-0.02195253579220513,True,True,2675185ad5f76863dfd28e84a4834d22f24eaa65170b01c6653cedd931552900,2f79375730ebbffa1316640398aa553d97d7c591363f577035af824589d95ff6
F75L,supply_097,2137,-0.027752051125738864,False,False,6854d29e663f3494e15bd237bd89b46e9a1b248d1ff5eac813193ca650e0fae2,d08e2cc6e3d112c68cd32e479bf11e45c4c4f4874c233aaeb9acc1eed5297b48
F75L,supply_097,2138,-0.06116908750237182,False,False,445a471436cfafa2256cf86307b838cfc140951f3ae408a4af2cd8660a8c4f27,d5239772de7ed0dc68d68fa8536c419902f841362d3d12e6b39f08c65c6589c2
F75L,supply_097,2139,-0.019745936725559576,True,True,ae8ec49fd8bca1d71ac877d061f99292eaa5e7aeb50097e437e744b4bbd74e0f,092cd751175cf2d66635ceb7941bac71977b1945d85e76da6d4b25dfc8a856a8
F75L,supply_097,2140,-0.04931400808906167,False,False,e2d5c192d4c6deb3c1b51f69e24d9883ebcf1ab72fabd6dcc83f82e4df126694,93cfa06a1a89e58fc48b5d6ee8a734da89a229a29e3ba79fc747b67a555e6dec
F75L,supply_097,2141,-0.09336284479235923,False,False,3eaad1d65cab9a4ad940731a8acb1b839c250e52bdd00c934791b203b23c906e,c27ca88fb0cc492105e3a0313ffbd1eb15874b565a74170d74948051979f65a1
F75L,supply_097,2142,-0.029840511311006734,False,False,b210ffa071ea7091718251a6afe9f0557fdbfedd8f02fb56e66d7c376d8aa6b5,f71ddce42a6791f47c4eccae9748ac2c7a5d385559da34bbf427dcbc37b396ac
F75L,supply_097,2143,-0.07945814530867501,False,False,32cf534a6f0a760d30d1cf412b71ebd7696f81c268b6d608e8c43018a2761d17,f7be3fc012b6397edce818327f240fdae85afdc1268b534171b1eea7ce7308d2
F75L,supply_097,2144,-0.01474536155734607,True,True,d2ef2a335e08bef72e28fcc10d9e2ec36c76b7348c50e411cc9a9bbc42b43994,aea296b04ba321e6d7ef3abf94bb34081b341420bac2cb7a3387898889f7663c
F75L,supply_097,2145,-0.07517956375826873,False,False,2f0959db71700ef347782d34f7ea63d64d8b62c0073f3ea2c579a1eb727c9829,91b4a2c3f1777da2c1cb1dbdde18fdb2d5600508e76aa3468e743e72dbb90a9b
F75L,supply_097,2146,-0.0658868237709595,False,False,5a958294679fbb5316f0c2b2de76dc0b472509da20aab4f4ccdbb9e9694988d8,f8b6ce361be2d56bda2fe938e7d4f311fe9c30b91ac414f6c4f38ccd3c0b00e2
F75L,supply_097,2147,-0.1029311393969008,False,False,4c757643e1f66d826b0304cd82b5f2372a9df730a46ddc97496ad012f40188d0,8ebaa47f17a7201ef5753919b7b824f7140f7dd5a056c165a829e94def8ecd13
F75L,supply_097,2148,-0.041730021647958415,False,False,d66a86ac887502edb0cecf7c460837bb5a33ebaddbefa7da4e97b92bfd44fc32,557afa96c100f6a5ed2b89a53b08551e562fdcb89b24b647c3f536a05474b3b6
F75L,supply_097,2149,-0.04318165364551596,False,False,1623908776013deaa01769b7645e848c0ddd29127f59b35cec3779b5cb18e53c,afcdee94bf0d07dbfced3a24262c1241ca8a93ef595326b2ed1ec3f9ea027cc5
F75L,supply_097,2150,-0.05566191429954698,False,False,69f53c28a891b6540843c40453e92366552233251bfb0544b20de9983869e974,3b920d08da8fbb8a70c8d8db2250d33bcd2665e55bbdd317561ee768349ceff0
F75L,supply_097,2151,-0.010973329906427465,True,True,2683e4af8232a351bfc23f3b97d3938006cd3e26144c24f283e0ffc3c0fdbd01,fe53ac7e910b3be68315fa9234fa29f84eb2bbac9b2bc1831daf6687e8e317eb
F75L,supply_097,2152,-0.022538112400661392,True,True,5b53038a005bcf7fd28da57c24ff55b453659bc2952a82b85aacc15ca64a1b98,a4c46457fa287024e5c9868af7839115f5697cd3981dffc9c04c83ac082004d0
F75L,supply_097,2153,-0.05326528940161851,False,False,e291e000a460643144b792230d09ccb40f4a7082d38fcaca3c078887a37110fb,0c6be4d729f94ef748faf4a585fa9462031849088c64ed73566f24cb4ed59b04
F75L,supply_097,2154,-0.013568040680421056,True,True,185193907446ed394118a039ef61655f5a56b3c6b0aa8d9bf4fdff5764532104,b89a0c1a2fd5f4dba4bdb4c7ba28fa323ee299d8be7dea6dc9e201b55a42a0c9
F75L,supply_097,2155,-0.06027747400895023,False,False,f1cf49c173b7483bd9e84b8365287de18bccf348150eab10e9cd70e6a88f6995,bd317e29520394a08b0b0d3e9562f52b02f64c525d214e143676dfb534749f4d
F75L,supply_097,2156,-0.07049088267196846,False,False,f02bf50f2d97bb08ed98de770706dd2721bdb2eb5cba910ba244efeee4b2aebf,0fb9427ad67b7eaba5fb9c84e31d1ac37ccf832c1443b7d9ef7d7bb897a94b85
F75L,supply_097,2157,-0.048645381799223286,False,False,fcdc48748eeff0e896f417cf471aa46c89240babc012ce32e68c84489e3cbc6c,3383b80d60d4573cf3de6d2b43ec11432041d03f94b173602cddacc083852e86
F75L,supply_097,2158,-0.03384636684154957,False,False,8a053c0b257c0f3f36340dc88476edac58f4c4dd12bcff554e3953436366921d,5570efaa4e416806e2a9b2c4f8707ed1eb54dfc109a2a43c4ebfe3ea37cfeafa
F75L,supply_097,2159,-0.06392924298828023,False,False,2f261412537633b79ccbd8fc951e7345c76a331883a83f8fee30d005be1f18b5,423cd34cf595d019946aa583ddaf2ca272343def5acd53c51918b98c38aeafb9
F75L,supply_097,2160,-0.008976962618016893,True,True,ef83217b7d5d21520a4b2af6ecb3abb55d94e246a9093068d1057b624671ddfd,76e06e851a25ae31c0b84246bbcbeee108201169e7a402b3805249f319b92b0a
F75L,supply_097,2161,-0.02123918742355624,True,True,592d94a63fdb589dfb2d2d608b8a4a7201e65daf66f0fab721621bc279e6b2ca,23c23fd1166a33d446072c2ef1dff1b4fed9c4ceb58db0ba6cd3d6e3dd7ef12b
F75L,supply_097,2162,-0.0009216056167277165,True,True,58e94b8d408d6f0998347ac170f90998459e9becdbdf99314fea38fa93ce4149,cb93e7ac6b9ffe6cb3c812a4d6ed2f52064d48f0017801f0061844b54e53cff2
F75L,supply_097,2163,-0.03843768947937792,False,False,effdf8b89954680617ba0c07a2c30a3f989dc65e18294cacd168ec846ad9e00e,9b7064c1c0ced1c9df2453007864caa870ef8093320c7102ed7ae8e6a5b931db
F75L,supply_097,2164,-0.09442207990184115,False,False,d2abf251cc6fec35c3ca0a4017f511b852529f58459915917f043cc82327623f,f2be0268b808b2092e42784fd370a9261199029fe15e8dd218f7d1c29c2d46c7
F75L,supply_097,2165,-0.04619696145290819,False,False,a6b71808fb19e2562011a6cbbe4998c3255464ed6d70b848c1cd6a31866e9aee,88430898874d53df63e469adc13545688d391107d437481e796fe3a244caeb9d
F75L,supply_097,2166,-0.04969175229810574,False,False,04ea93f9f35391e8a8577106f1a0d8417d08e7ca022e52b364585494d67e21b7,559c8cda4f0518ec6801d272b4005a7b98691b1964f305a6471e8db5dc4112a7
F75L,supply_097,2167,-0.09479634306338447,False,False,69bdb74935ef3fc953cc6fc7db01c7dee93f31e218e872e2efdc5ee349da1aeb,b857b8fe9a16e352af5ea5c1c340662c3bebb594c50cfcb79d03b3059cda5272
F75L,supply_097,2168,-0.06443686714929558,False,False,a1937baf665f69a7d0074dfac2d10248c31494fcb2bc92eaeb00b4680ec48d8a,c5a726e2e1f3c8d9f5aa24ab4a02f2dc30483b5145a72266e2cadb712009ff33
F75L,supply_097,2169,-0.011802398195453867,True,True,5cb23513456b4ba7320df7cd0b799abe5a73867e4c76f430a599de2f143bdaf5,b9b70d45c1863d723d67ec3144351a27e6fe59dfd2468266af0210491b555b8f
F75L,supply_097,2170,-0.04933057916108241,False,False,acfd144f674659a2c9aa1b2fc50c7fa2b096c77e383c82b131d33bb89a0cc16a,800f4841a2cdbf68d674de9ddd3189da50c4605b7dc359282a978f316dc7ecbf
F75L,supply_097,2171,-0.011923153942972331,True,True,5876b51bb115ee9ae52e8a58f03ae03b688e3fb588e62edfd7ff840ae07cc3ba,a8224cb8461f53c57881ef378c9587036829b9854e66b20515003fab6be0bf40
F75L,supply_097,2172,-0.015909505994036566,True,True,bd59c73febab18393af3c61150984d106192889c35e2a48ec6dba8459fe7d77c,ec682985c8fbba362a78bcc3c9ec86600638df9e5fde0ca7acde96763079e366
F75L,supply_097,2173,-0.016486498502049363,True,True,61b5a6b685eeeadb5d3515290d2675f12f5dece0ed20ef03509d1edb4a404fa3,c9540636e2717189680de6d0852893fe3cd392f2c2e944f14af505a685047a19
F75L,supply_097,2174,-0.032241199345089844,False,False,36f758217d67513e2b2dd8b2c91ae97c2d7b6056121d80cf645acb2b05f5e635,5550156e6a7566c7a435f6e7d34c2522bd3c6c40618be2b4c85b61b2dcc441a5
F75L,supply_097,2175,-0.06251690608127464,False,False,ef8b33a2d984ed06df651524aab62c46c8e771b6972f0d65bac76d8701abb992,901245084638751376c3f8b7754c3af504196f6baf0d7f343a3251b29c4cb549
F75L,supply_097,2176,-0.0251181921712621,False,False,b76841b86a2432bb3048c71b9e18552182ace0820600e55154cb788706a5989a,5a521d1daa7220811448bb424dbb8ada82ddc18ce67fb03fd98d20bf3524128a
F75L,supply_097,2177,-0.024522620376984494,True,True,a9a1b66f26301a2d8e76a9b47991945a5bc0a09faf291f26779ab9478219e91c,f3c57e0b71db40417fb82f2f7cd19c311dda834dbb53a104afc1629ba1ab5540
F75L,supply_097,2178,-0.041849222732951274,False,False,eb2e5f112b72b21389ba253ea5171fdb1a802d118e6a4ab9b073812f13800719,12bdbf049e089f3b1e5c17ae96fc7de676f7d596dc0678ec9d722081dddc0b8c
F75L,supply_097,2179,-0.04486201397446843,False,False,3b67e863aee82f263262a0602bd2e6e531f1b616f6ab412acf193e0fecc1b52d,5ec6442f31d30af8a27a3e272af08e07aea9684b52596388f0682f7461da6dfe
F75L,supply_097,2180,-0.05406760642657127,False,False,79fe0022661b12f83169680a6da1243bc49f97304ee9e4addafe114ef2d511be,078966434d091965bdf4039f94fdc8bb257262db4c71e730560515bacafb220d
F75L,supply_097,2181,-0.016967515363567165,True,True,a54e41ce0119d38a3ead3251c009d80cd81a535ca1cc7d4050126fcb810a69cb,0da1c727862891e30f9c8ae3a410a48fa2e2ef9ec3ae7dd717d24f9676bf8f3e
F75L,supply_097,2182,-0.04777689771553473,False,False,d4173ebbdb97655e6daf3d1ff890eb56482ff388b80838820c97b7afea80e47d,3a2729b45116c44b22df987873b800d5c19b27e1c8c284c23d5b86c9f57ab0a2
F75L,supply_097,2183,-0.0737094025564291,False,False,13da0924d62e5dd48ad18e8b24e6c9b0eeee9b46def66d52b7e2d3b24b62d89a,91afa6e59d8489725f388aac996490d69037a96e1358abbc3417dbda4e778687
F75L,supply_097,2184,-0.013652010678417259,True,True,0a8f60a339f0a002e7bf24f8ece5d2b3fe1c1a284ae7fb66b97d19a57e1ee51f,ea814043e028bc3428dc0955549cbe9bc80ca0b1e058d30fda2646e71f4af034
F75L,supply_097,2185,-0.033446718809315934,False,False,3efb379e56f0f6200555c02c2cec896a2a7b7bc0e73032cd44dd5e71f0aab60c,6fcb682e440410e5444979aa8235f979f622d70b3544735d2adb7599e29c3800
F75L,supply_097,2186,-0.033825558174480075,False,False,2e0cb0f8871366793d32a9148c0abc4dae7119f2a1003a29de034032a8091a18,9aa3763235b3dc02d9e2b8dc74a05fa20171746264430d9b483237333b4368af
F75L,supply_097,2187,-0.027328527393099433,False,False,effb7c1684584bf4bdfb63ed67baa029b84e84e45d6cae0dac92708c6eee9589,94224f55631e29395cdac4932da549e2a7f62256798d4b0ffe82e5e50d98cddc
F75L,supply_097,2188,-0.026065683981517873,False,False,8f72cca258e45219ecb82c281bfde6e87913108556525cbf56d8cbcc21d03728,e52247e52aca036f10cf9fb0c99e80df84319628cc0581cfdd04c0465a3cfafe
F75L,supply_097,2189,-0.0052416209093145705,True,True,bd1fdcb4ea96da32ec193155741752abf053aed951777e7a052a5d0c4bcfb53d,c99b8c41fbb9e5fda776ef4071821316f298f287d519d907745390dfd2962637
F75L,supply_097,2190,-0.022906264109333718,True,True,2da8c37f1d8ebf97066fa163432b882a8fc618191e9699301aaed7d73e5e0701,50b60da48578f2e9d8973df516bd54f7e50577cb3b31208be8facf11473ef0d6
F75L,supply_097,2191,-0.01410902060537439,True,True,75d1afb600ca610da517d9107be837bcdd3406e5901b79497bc5f22b67d0bf28,d60d9572217bec31c24404e007e9b461051f7b3742928b055cfdb96fe41a1ef7
F75L,supply_097,2192,-0.041332969558182275,False,False,0a44a65ba7b158a82bd9dd69c3580836151fda3b0c2bc58e4b21bdffc3c3c0a8,c5c3bdf2e23bc84bc257edabae31cbc19a2bcb32dd7481285987bc4cfbf654a6
F75L,supply_097,2193,-0.02752080618386976,False,False,2fba9ed07c39749650d4c795951420664a1e19f8c3d4d62b873cb55b69186e98,2148024f068bee7912b3ac491e7bb197a696bc11dcce4d379d1a7442f7ee411a
F75L,supply_097,2194,-0.01863546140327954,True,True,e6885a12f84fdc19ddba3987f8a339a50c8d90db1379cd25e156d28b13aef7fe,ba49087b4d152d253940d8e15bf97d11b275e28941a4e96c14d6041fff41b104
F75L,supply_097,2195,-0.04820887762230375,False,False,54898a261658096bb1006277a44ddde3fd8e585aaa86d1e34a47124201f1b245,01c57b3cd34d40dbd6e30dd75f18b8e381fb42fa8690a81f745eafeefe1ccb90
F75L,supply_097,2196,-0.06454751490389465,False,False,ff82b6f9f9ad6d0f1f3c6e0587e1481fb33f1ca9c009a6b521cbf9002598d7ec,d7f1850c387efcb1ae3e5c843598a21384f551f3a9d14047c2a42bcec64cb63e
F75L,supply_097,2197,-0.052773665725379004,False,False,b6d4c81446d812a87de1bd2e5fde3c7e0ccdfe4af742785dd6d00b4b343ce837,762a094c10a5456b611098dc1492899e9e9c9fe66791afd71420c766e09868b9
F75L,supply_097,2198,-0.07206611385589146,False,False,8af055444f4f9ca2aa9905e241326d5eaed427ccfc42cbbab1144d2f69e0d76a,555a76849496c09feba61af15d90bb85def0e5118af266579882bd59be12a791
F75L,supply_097,2199,-0.059376966811091725,False,False,b1667d9b69c6bdcf84b76be98fa6ee161b535fb656fa1dc91629bafd3d17fd30,604c85bd276706459aa9301fb5ff7b9d062108f029676c7abb4b5650094c020e
F75L,supply_097,2200,-0.01081673606204886,True,True,9a111a47c258bd2d83b0339c28e87ab99c137e84b5feef2636787e57049c258e,edc40aa24efd63ef895c99b19c75d30aff300ce2cb975d3d5f8f82fd70e4aeef
F75L,supply_097,2201,-0.015928291327291455,True,True,090dce05319e43be8e0da571f7b93fb975d560ec38a6878265305ade05324221,20f08e2a8b51ef50bcc4e54953b58b73f57fe18bd55d5b29346b9e2caef1767c
F75L,supply_097,2202,-0.061418708193495375,False,False,d9c1f74924843f2af3890976667e90de24f47045fa63227c62d72ea68d1e96b1,d3bb73bfe84a8a2533c51ce5892d981b99cf8e9922c77066f4b8fde636e328f9
F75L,supply_097,2203,0.021559878557797174,True,True,b695476076fb16fa19f521d3ca2df68485e7914f72f7adc24e8e590ce9c44e82,d2be670b0f05b473b7a055ba3009ca8937e12da102d60e166f67dab4794a8e4c
F75L,supply_097,2204,-0.06559649981819837,False,False,6bfeeeefecf5411bb1ff94c810db3c67056f44e2374f437c2a2bb1aac3de1832,dbe74e3ae2f82cff09b8beafae6b99635262933575997967f060cffb120ed457
F75L,supply_097,2205,-0.0057811737125557094,True,True,f7d8f0d21a5535196619331a0ff3c4a6c06aa824bf68865a8d2a3775a763d21a,743fd1dc12c99bae78dbd21ac719803e74651754f6665ed74c19302406c5526f
F75L,supply_097,2206,-0.06256979747371494,False,False,6d3945d49fc4bb0a1965ba1f375516a025eddf1a37d816ebfd51344a378a0264,eff6b485e97000185bf74e0ac6525c4b034a6c03a920b2d1ac519758fce1f8fe
F75L,supply_097,2207,-0.09836488785854058,False,False,93836192d92abfd0c5ba29f08cf34fd760e90b8cb5a0d4cd1abfa5206a8ad86c,ac47de87381716a8cae7784713c483591db335b0426cd273ecc1bd038fa04c5f
F75L,supply_097,2208,0.017774115729858875,True,True,81fa5a54115db36774438f33ccc744d977a592084ba334de4cae027f6d380f27,d7eb0a9347c7542caf9117384b4a8a07fb047dddc2830590ba9d4126321ad0ba
F75L,supply_097,2209,-0.0056011560163974905,True,True,cd372b0786d0f8b8c48dc7fc2e1ba59cf2bba1a1fafec5ca8821c4efe6ee922b,afb29127444b1a6a8369385bbcc0dbf403bfce7bc20bcfd47272d9ec4dacb7c9
F75L,supply_097,2210,0.012349537864049687,True,True,1fde7e050c25c890062ed37183aaee79ccc17cc2f89c20ead48c071a5ea55ec6,5d27c188a3c8a67d0e97cd3a8862a81146f0f7621f3e9f4f60d42ec86b1cdb33
F75L,supply_097,2211,-0.02040409720720343,True,True,6e5224ccae4904f06e88c27b75983d19d1d2a1468866c04349c79bc3cc02e047,27ea730a9c8317853667cc8f4153e229e4e210f49761131f504bdd385a17437e
F75L,supply_097,2212,-0.022679351538202552,True,True,89393cf86b3673e3d9d5ff4ecbe38997b699d254e6f2360712fad0b28e724632,619ea4160115c9ac5620719237e6d75a334cd76807414b26905aa60f57ba7c84
F75L,supply_097,2213,-0.0426689471061249,False,False,e6e7fa3af92354c51850b01b635da1c6badb65b275cf3a431a8daaa0789be984,2ee16abdd0579969efade47aaf591774eb95f5763e30498ae727f97e8effbb85
F75L,supply_097,2214,-0.030769296894055442,False,False,629565a3c0fc2de64b82d68788d1f68e7016e8642c17ace18074828ad15e4f3f,f9134a87a92fa16ea6bf18ebd286dcc7930ce1a0a173a664e7de172486f8977a
F75L,supply_097,2215,-0.028674401947611283,False,False,cb0127bf1b5b78a66b0e5c228019eaf19b3b4fead7dd2813006d5cc7244c2c95,859ccf3042d61b06b4aa5615f9b6973b5ecea9b0fbd4e34dc93ad9109d11753e
F75L,supply_097,2216,-0.03457306449854436,False,False,23dd6ecf2bfe348e7e6723ea98523885bdfc7cb8242a413f82d0148acd4c059a,5b1a637fabea5e345bf976114269d160c95e05afb6c9909e72de56d9d58ef67c
F75L,supply_097,2217,0.015588238971855906,True,True,296363bff46120ab153d38b5fb4de130d2794287af56ad3c4cef0021a74fd0a9,b9500c165a710662c362f06f3eedf7be470254307346c430963ef1cc4e685445
F75L,supply_097,2218,-0.0463101666653446,False,False,0b87f2b8c7f05a9fb50017d8f926b0d03a5347c7a143e8df5f07870a2245f4a7,76f689cbf70bf6ac98bb8df9f0bfcae3e9bb817fa5bc7b16524ace6a6a25f8d3
F75L,supply_097,2219,-0.044586071730757904,False,False,cd5127a731944b09a8b25d02599b061d744b1e64c4b694f3aa7b186df2529fef,4ccc29fe4dd156673c8879f85f900408e02ad36416c7fa4315014d65e3a68728
F75L,supply_097,2220,-0.07243304769464176,False,False,592df74b6fe91aa8b61146914c7f3056df76f5fb197dbe4adf3ef3912c75547c,220037ec373b8eebee845c936bcf8ece11a01534c436d7de4f09ab4cb32e588a
F75L,supply_097,2221,-0.03805332095688824,False,False,dd9166e55663a408f780de2564f59cf703197bb1c4f95a1c14a68a331dd84349,30ab396032b3994e1c92db009fb9fb692e6303bc305fcd3aabf3808038889b97
F75L,supply_097,2222,-0.035417953878796093,False,False,8ce4fcc68c4ebd646b522f8c902c04be58e9ff93fbbe513a1928d67546b8ad1f,c050d31511a3369badfa0622c5e4d66d763f46f1842d94f65849627a1dde69e0
F75L,supply_097,2223,-0.03493818427859796,False,False,dbd6f6b42a49e988cf353d2071d0ba7296107d3cb853fa9d4f5d50362921999d,f2d6a7e97e9e484b8bc77a72c227cd8a7a4e08ff28b4dade57704aba1dcc7145
F75L,supply_097,2224,-0.04001978910659987,False,False,828faa18d2f93fecd4b4e5b93df4e1b93fa94d88d5ffeb5e57dd5c4b5794190f,63394707e7be373effc3ad584a118f962a47c480f4bb314fc6a0bb65adeb26b5
F75L,supply_097,2225,-0.055921738194692816,False,False,0d6cbbe6b49f7f1f3a8da182ef907204f230cd055c18059db46203fc5750cf17,092c8a0eb43701c801ea1d95cfd388d4f48874c514c4378b11f584e6e5703bb2
F75L,supply_097,2226,-0.025534286479243606,False,False,c1e724db61f95156bde8953a8b409fc90d01aad114e2827deaa8183bebe5680b,3fb0e01831360e907765803a0d5af080851e37d67746e5366a28cb189f7da9c8
F75L,supply_097,2227,-0.07657584572213227,False,False,5d166394ff5f388b7c8946a88c49a7735aaa1cb34f01200e0ee6549f7c8003ed,d913c86a57e8f4ae4fc1b385c5a216821d733d14443a2628cc7799de56a0fdb3
F75L,supply_097,2228,-0.029202555183443002,False,False,f876c1e4221be12409d936529a4b5ca0cae90fde94a4ba9b9d7784b649e7fa13,c43869344980480c5f98fcc738ff5dff0a7a9040c5391070936a7e82246f2fcd
F75L,supply_097,2229,-0.053430234549370625,False,False,6918e1719247bade9d2f00e34b72a05469427c22773be7e22ed5cf8a56fa0ba7,8ede1b1c328b1728948f686d110b2749321e9721535eb46df7bbf118ab195327
F75L,supply_097,2230,-0.04656321470906871,False,False,7f4d570e0e2c0790f88b100bbad547f0b0a1512e3b6408c5ca5c7cfba55c3f3a,2924cc5811cfb373cb3dfacace0c1798dfec2d8b35895f0568001a8aa8e633d5
F75L,supply_097,2231,-0.05122459616018904,False,False,e49d40893d5d3388cc6f178567b2d441af2b0ab6283a0087fe88f5fc44998868,9473d79a6aaa051522f09fe11856f35e95402f3631dfdcf5125a444ca3021a90
F75L,supply_097,2232,-0.03438826084407376,False,False,c061b6f3febb312d31af5b9cfc37edee39bf3161d177c321017dffd68f0d9970,dc3638b5540f910bd783c3a81fd37d40c435b6fd9fe453e2981bec97e2ebb417
F75L,supply_097,2233,-0.04156585141361152,False,False,a9a52221086be1ee1308ca0cce6557ea95031a76c54f0c445265f1757c5c0361,980e992abdec00374022906652fbf98d858fcde0443d140a4f381bf8ac96ead5
F75L,supply_097,2234,-0.06485825909110987,False,False,0e0c305bfb8f941b41430ec6c64b0098b9b0653c7a6f65b625d745ad149e8282,fcd2b409de5fa415b83da29dff7d65a1d2b5bf88b5edb5787d4f54d7e1350eb2
F75L,supply_097,2235,-0.03866810602516513,False,False,3695e8e7799ff94563364de4bfc0e221d6b341ca803a032c22683f44e331a11e,a418eb89825eee3d79b4d211cbe01dbaeed0809bf7d37b1d783c2691cf4fdd21
F75L,supply_097,2236,-0.056280930804920415,False,False,96c0d0f44cf2899eecdbe8ef7e88776317ab6ba83dcbb4ce3abdc432e5b94068,2c4fc3fcb211627052dc02a0dce90c715c41cd8a3bf54749dc94923a5d393be0
F75L,supply_097,2237,-0.0220689585285454,True,True,62ff7218cc13e0d970343780a9d0ce09e9b42a8231c15b588628d8f47428a14a,6fa58bae47b9c3b5cd3729362eeea4c449db13babe5a66374a7258328f9489de
F75L,supply_097,2238,-0.0693438519157209,False,False,6287a6980137138ffc8878baa240ed1a32b1e5fd000981e14cb9fbba14581363,a841c021e2c01aaabb10ab3f0cb010ab4928784905ecc41cf11ca48890722087
F75L,supply_097,2239,-0.07795973005906875,False,False,bc7918c1b83da371e1bedbdb46c971984aee208e8c49948917256f989c831ccc,ef56f23622ec41c9199d75b9527a30da4b02addda4f4fdf9a2d7628ae1f54349
F75L,supply_097,2240,-0.028805090439770753,False,False,1766871671dc90db7ad0864a4a6c5a7e1b052d06f947328a81441e524c9886ba,66a4a6bcab4143c6ca9b0411d01fd9dd4bb59523d3a5dc30ed17f093d8f9c52c
F75L,supply_097,2241,-0.07028298230257723,False,False,886a58ac578af20523c991f839bb1139d603ee68973afffc48bde543869b2fd2,d78bd1745f01ed0d3173a8d17e0d619d00113b5aa8e1f8750e0f7b65ec005664
F75L,supply_097,2242,-0.042179868681277655,False,False,7952b9387963eab7e05df5c38f897015650ad7c112c2ec95c96fbde7ac6ef82b,5f232fe06f8b31a029dded066ad95234bf9768c3de372ada10fc7b3383f4b2ac
F75L,supply_097,2243,-0.03293095403984492,False,False,9dbdab861542f957f143cd07db8fd6ab183b3bbbab5b5620e2d2b46ed8c88bf4,9dff4b8ec0012921ef3b1fc49229372da1aaa999f27665313c281122053198e3
F75L,supply_097,2244,-0.03651457904110822,False,False,dad0a7f80eb0b5e734b5f45a91eb6ea7793013967dc6b43bcb15772ab6b5d686,378bfe048376a969128ee7c1d207868e0e8249da118857ee980f6634c8a9e75c
F75L,supply_097,2245,-0.02784259634757763,False,False,b5644517d9782edd34609a6f1e44393ea433977eda8144f72bc8b0607f5a1a6c,c580ad2bba55213e75367c7e546d5c5207e61fbff84d287e7360d164123f3850
F75L,supply_097,2246,-0.0642449542275001,False,False,23803594cdd39fe9da9141c1e6ae20977d4b30e8ef60444f71048c709e0fd1f1,68e1f134e9150cda0d6eba32b5a9049d9d0e52cfbfef79cb420228f3261e12a3
F75L,supply_097,2247,-0.03675980925069361,False,False,79c5051239f711d00a2b24cab884709e77c4b587bee784d1741b6a519d17fd76,466a086890b950793bfcc77ff8b7939d0a22db5c589061ac540d77fc0040cefe
F75L,supply_097,2248,-0.04599425181680744,False,False,8a21b661c039a4ebf08f172e1e810c0be87f58676eaa248c36a8a36cc7e261ed,05f52474107278e548dd3513f1144dbdd3394b16726af835dc0e6bc6e75180a1
F75L,supply_097,2249,-0.000305239139374025,True,True,c71cca0319099afc65ecc7966bdd6ae44cea8ecbe425f6ae8ff9788e7203f75a,4cebb6956d21de749832c75fde34fcc77beb693cab0e1d7e4cb1fb64a1712f2a
F75L,supply_097,2250,-0.024976546381537457,True,True,c4b9bc47cd24bedfed3be41e9bff48f2dd93d7e3056d08e5200a7168bceec8e7,886995ca97fd5c39210ae393357830b8be934cda4bad5120d7faf2650048f097
F75L,supply_097,2251,-0.08252857912996425,False,False,781aec6e195a177740bc3f148243a3a1ea996a5c79a452f55a36cfd07ad3bafa,e937520739b1086736346fb78c1e0f54919f340a01d761b77726ef9f737e1f69
F75L,supply_097,2252,-0.02086415688589549,True,True,b2bb1d2b6a456eb06713bfac885c7b41c12e26ba4149014dae424197c4cf06d8,c6c77686617efef448bedc76b91a1e508fc79236e8c41212e10176df65ece38e
F75L,supply_097,2253,-0.051276121724085355,False,False,c9a01293daebce49ef9a68b502378c7d64a38cd809902d4abe1752f4e97b8dbb,bcf6476dd79e4fe7fe6e2d74ab63f5d8f048d1867b28469a76abd12934fdc2e1
F75L,supply_097,2254,-0.03896048916561767,False,False,47e0198a3462418245c7284e7f4b26e1ba4834f9d7cc6e903ccc830debb4e8a3,d5ec5e000dfa2ddd7741a37e1d06e861ebae7f5905b1a9d1e8c77d5bdcf5b970
F75L,supply_097,2255,-0.1057536519825315,False,False,487f4e3e035cbbc2795548bec91a1492a4d8fd5d8ac0b9f203370c35b1a840a6,09d1e654db4a591d4d21b37093051d5034b9b467cfba49355f7a410cad001926
F75L,supply_097,2256,-0.06884973523298932,False,False,f4d0d4e337120686cc1817166f0447cb562de6a51458084806381f2f2546dd13,7a80a117565cda4b7a4a359a75d66d359154f082c926e8018b09e9a9ad09339d
F75L,supply_097,2257,-0.01926480355665955,True,True,79cb242c89172a12a9a12d68fee12c0f5141d0e65982cd37518dc9d6175dd6bc,af5361cc7be4579783869d6d8528f648f7c76dcd79e8450be7058602c3fb9058
F75L,supply_097,2258,-0.0912410734162884,False,False,0b65ffe979f10a73edf444a9c2a87de8e9ad72efdd44d4b50dd65985fbb0e93d,e6dc40627417b391af91ba2c92904965e93792f5e0c74a34b4ba2a2070bf0a5f
F75L,supply_097,2259,-0.03663478224492617,False,False,ddd282741d64494a678b2b69f27adbfe4dca678961c0712cfb6bb1ae5b3e6454,f2afb279e7544b542422f53aaf3831dc21260c4703db78c84035935327e06e46
F75L,supply_097,2260,-0.02950264926968843,False,False,4b64937dcb0c4b0ab6077acf5f6ee293b54c2acd77143f377e426aac22c1bb86,9577873bad0698d9998d26c6d6f2fdd5bf176013e15e651a6bee79c180e5d8b6
F75L,supply_097,2261,-0.018220704811205857,True,True,2aaf13e72f7386f1f19c4970452cb19877bfb77e756d35d14b803af8c7ac1773,a1c21e8f856616e229a65f4886077e38e1a74fdfd3c8e94547843672b43d3ae2
F75L,supply_097,2262,0.01764558026434737,True,True,29294632d54287e01909dc828c173c0d2214ad3a61ea309e3668cc288b5a313c,8c621071b2d3d9abf1572f1755884c9c2ec41f5bbc855bff6e77eae15d4e5712
F75L,supply_097,2263,-0.017197157625787385,True,True,69760ee2d6839fe9e2583c1834722e55184787e8214ee8929961213c0ff3a8e7,c9427c73ab352a59d0c37691ebdcf8a6824c3fa06be6c9ab9eaca1e062b17485
F75L,supply_097,2264,-0.10867188313265519,False,False,26aadf9564770f7a1cc20fb79cefbfad17e1a3de5304156d188d73a40ec20663,b13b37613aff5d9e9fefd23bffa68a2a35a953e325964b36b9ebf536c018a51e
F75L,supply_097,2265,-0.035678006821574515,False,False,2ebd8c40e33b1168d244fb5e25429dc0c92b97227d72bea4f67104b5aab42ed1,26a0c39253efc2a2b98a461b764041e0903bf993ad8b9bc76637052d9df10e89
F75L,supply_097,2266,-0.04877218618966339,False,False,9b6d4be280f8073e80fb0adf580e85385fa552ce08daab06f8386f5fa113d7dd,fd1390ae9f18ed5fc19e34e90c643ebd4cc1d92ab684356c32dc54fdd34d482e
F75L,supply_097,2267,-0.011751667952333678,True,True,9405f0e0e7914ada4e48ee24f27b2b1509d99093b839238eb17b594fb64df7a5,cd357ea590da1c42d0b60be82e7caa330fe7318e7d14ad6b916bb00c218b2133
F75L,supply_097,2268,-0.018673484009608332,True,True,f0652b6eef04c4b2433221cf21acd9ede7fc3de13635d227eb695177c2977a84,b3ea874f46d6a43fdcc6623b6f97dd8ad4818c67c7503d63d4de84986a3027d8
F75L,supply_097,2269,-0.0683914197578096,False,False,2898450471bc9a228be8b730fc34938a49e3a0cf4e3b772529c00028ac9854d6,b385958dba921502b5eb20e6f57250ae229be42bfc928d184cf3dd26864dff42
F75L,supply_097,2270,-0.062343631845361513,False,False,aafb244acc4d03ef936636f02e1afec60986446853ebe84c74e79f53d4aadd41,6cf5d119700dfcf562de8db1a1e16f1411673d2c8476999bbe32bc04b798c542
F75L,supply_097,2271,-0.08255908219089947,False,False,215892ab54c8cbfb53f61eb73409b3c5f2e3779cec95bdb06bb2b6beaccc69e2,879c4606eb5bdf8770d04555285f4d45c5f33e4e3e0553278a50a12a7579aeda
F75L,supply_097,2272,-0.036582571913164996,False,False,302f6be8912f1c84da37c38bff35357ee0f086fb8a618a6f96ba78b84ab13def,02e9e96f2d141e1f76125530d5fe9d3d7e7ff16108791be14bfdb66900e09da9
F75L,supply_097,2273,-0.015944210608935694,True,True,4ef35d4a69952627080481eeb8f7a41f89e463b60b6edb326620009610a5aa79,56ce137a5e730d4a6f56f11a6470d6b2939405bcd83a61441bbe983e98c74d68
F75L,supply_097,2274,-0.06415224693833654,False,False,6ff511d05c29ba6af10c5391f75924c6229e998d2d84ed60ddb2f78d15379a00,345e203c58d9318e93f5ee8839d7038c31638d7af31a1af575f6c52654bb9a77
F75L,supply_097,2275,-0.0368433113173961,False,False,cbc21841fe49e0d407c25b5d73c0b1ef022d19c890d740a60a2a3ff510daea73,a5aa28845e0b784fc7d136c66f49e346cd96b3bf0d27ade04c89698e05a0c71c
F75L,supply_097,2276,-0.02470231610949092,True,True,74f9af5093c13065ff6063282af81e5dde7bb330e78f6ba1e35f4ebf4f30bcb8,79a403d07374671dbaee52b046c27c3ac5e4d856ae7725254d10919f6af95caa
F75L,supply_097,2277,-0.05718343644720236,False,False,9a602612122d78965452978244f5579b7267b474f43991c963e998929dce9535,71529dba8f2ac20d9dd8dfbafe85ab2e15147d344586249a83949a8fdf482210
F75L,supply_097,2278,-0.030484120191443642,False,False,52a294dcc5aead216f06d4193dde396701ffa3ec1c831259f785a3bfdceeda0a,8a245e998b53d8c48b83889d380b2e2822ec1ffab23e67cc1fa4a58b20f11021
F75L,supply_097,2279,-0.016795783846909385,True,True,b7bf69ebc505d1df0efac725438a4ba201fb02360cd955dddd29d84a35bdaf35,ecdac487c475338814bbcf5de799df797e360d7a9a673d73f59949ed8b686792
F75L,supply_097,2280,-0.027054782413819978,False,False,6a22bf742b9fdd431e1b02b35ec0f738af3310df90e914c7f1e5df5f88f05beb,f919c066ef8ab1684ec0566d6798cd6a7a44c11814db6747e2314e7e5946065a
F75L,supply_097,2281,-0.015284666586316775,True,True,b157a3f7e0fb144b5822f9cd2f4fd90e145ad61e9828f62f45a96e1eaa14f9c8,fd8662399c516a07043529a6a696544e70d0d76abf2ff5591e82d14302795e09
F75L,supply_097,2282,-0.0330653610940409,False,False,6b42f4dcc5bf8908c620a6e9de0ef54117a2cb7c13af5e5d098106c3a6450fb1,38eae8ca9055cb0f845062e2a58fda93de4672dcbd898fc1d576aced5ea2cf5b
F75L,supply_097,2283,-0.03241918317927572,False,False,7c378b79cb112e023c7936fbc2450d34c1e25f1031e80959d9d2032fbe9f7eb6,c19fa4465725627556e3d221d4a6299a6dcd61b669d63e4e2d5b5de388e9fc31
F75L,supply_097,2284,-0.02268668054882461,True,True,d4732e8b8514649bdcc8f86397172c65d2eb986c848de70797eb17d6fa3229da,6228e9d9f2a9fdd013eed9b1de398325e4070881e13e936ae3a22fa7f74fdf6a
F75L,supply_097,2285,-0.011564339053005357,True,True,2d50cdf93a4dc6d8027bf29d77880a467cd72c2bc87d38f29379d45e059c845c,be0370bd92ad7077b5900dfaa8d96ecec61807828f237b328f1351e1eaa6e408
F75L,supply_097,2286,-0.07029936233864587,False,False,f61d96994ab4c23aafc04c16d00e484a5d2dde51b738ae0094b59f3718252e3a,35dce87403945231322de38e370add41ae6de6c16a051ccc0f265b424c5ade30
F75L,supply_097,2287,-0.06175581752061432,False,False,04158b7d100b996fe3723e6847d2702164b9b08550bc9c9c66a000395054b171,47f61736ec964da78f91edb8f24ae57de653ccd0d28bee01843fc97be965fb0b
F75L,supply_097,2288,-0.04245195457627937,False,False,d181bccf369f2df9666cf676cea518a8e4c393d7a5e3592fe4f4e3380fc7c730,25484658381096b1993c7a13883cb2750f2e326566e9ebdca4a5f25aa968610c
F75L,supply_097,2289,-0.08115880580138063,False,False,630adf09e2f62c1a06e106dd3c9d27b2d82c52d9030c983c4a0f2ce1b0cac153,8d4fb4370f8eb238b1f8722b5a2e194a8dfdc519a9f42ec6588187e02453df6c
F75L,supply_097,2290,-0.004116866045191736,True,True,305d9c3fc939ca32475bab8476fbfe62c1fa31ace96506e86987b6a8252f55a5,7bfe1b911f03d2b8ad7e8cedf32a2c12b31f33836ec253ea6a9dc6852bd50ec0
F75L,supply_097,2291,-0.05991341744715667,False,False,2c54c0e2c36846587c6ef6ffa3bf4fcc414267e3137af350556c80f69067b9b5,4ae6b777a7e253c65f495c65df05bd866ecf46c384aa761df30bf61859a50f9b
F75L,supply_097,2292,0.0012834895915170286,True,True,aca6c97bcd1b30c9552e070d84189361a8ec8f3d4ab70169cde13028bf799664,bff0d792fc8e75fac00eca44eab397e0797eab8dc69f26e391500460e961fdee
F75L,supply_097,2293,-0.055523282796728746,False,False,7a9883cc317b8391deb74e53b97d12541ca02cf53c8ba7e2bc91c0607f620987,87770e1f3a309396fd4cbebe1e7bf9703087799aecd10380315ec9cd1352b92e
F75L,supply_097,2294,-0.026546136922393604,False,False,2591c54005571f38d025cd4775d21268bce10ebc2224b11d2fbddf679032c621,9c22105e37d78ef6ec2ac4fd082a32f205a45426f4daa32722c4398f6c0df6d1
F75L,supply_097,2295,-0.04798824230856796,False,False,e1fcd88aa3faefe2c694a1dbaf91f2e82a3013738b8ac3565c99f6aecb509b6b,182e3cb15033c9b4248e8060fd184013e9b87e9226d7dcc096a8773a2627df27
F75L,supply_097,2296,-0.032435136661684405,False,False,faa8577825e31be84be49213f62c67632f42a14255df35130c7b692d39f050bd,b6033380e5b31620fc4c47872ac60b63d140d64dbe249f169f4bb587a7ccb718
F75L,supply_097,2297,-0.027776554163820966,False,False,a97d4dd54ae9e62cbb8df0f3584af42b5b059f3c5f2efcf46f5bee201b8438e0,3c6bb52f1e25230485643468484900fe9606e7dfcc57822d68949ac3483367bd
F75L,supply_097,2298,-0.0580910869686137,False,False,cc5764287ae99129469ec58d57df17ebd0b8c12cae2a566b7f1b491fffb4b841,bfa4cabd7db3003783d3bbce322674961fd1c246b162c5dfdc6daea36215b167
F75L,supply_097,2299,-0.047234628217741104,False,False,71f62a5e650c1b1daf09fede24d8d74de794f8a16ef7d6a0d563f1f6257af3c7,b8312a0910456f67a378d829dde3889861d57bedd7ce406d631d29a47b4ac214
F75L,supply_097,2300,-0.03826003875627082,False,False,0addd7182c5885f61df821a7b6c3066f487d77476692eca796d0af9d9efc6be4,23d775fa7d1bd2d7968ada7a46c543d70fd127cd0c9a8793c1160226bb2aa6e3
F75L,supply_097,2301,-0.025870578256290855,False,False,6d55af616df56f5090779b5740ffef3aeab421fc102c7aaf125565094e925b89,0a110a6b663e6311e33ae46efe28c7675bb25a53a842fb5e5e548c5d91cfa11c
F75L,supply_097,2302,-0.05304324757804646,False,False,467cb08674c5f3940e24e04764c8914f9cb580b3ad72fd96779d5ee4d21f00de,1840f4f308e850abdd5c03587822f9af25f4d8700bc9b71528e3fe89f8d6cc1e
F75L,supply_097,2303,-0.01091160169058003,True,True,d2c517ba0b5372d2d6c935204698b4bf0c6c2b05c8b1a556a9c10a432f77878d,7c9fa896d8cfb7084f052b40adc9532c4ead1bebcbbebc454415eea94df55daa
F75L,supply_097,2304,-0.07666633431267339,False,False,e258090b6264ef30e1438c6a38a4c3a3453b875813ed63a5562e3ae79c2af978,f04ef4a22c85580ba9680c7d645bb19203f21be6e58ba48613f50bbb08e9ae62
F75L,supply_097,2305,-0.02367047439545622,True,True,b5a7013ceb27f0d8448d91aae70665a181f378a89539761f73c9b82424afaddf,399e0a12a5cecceedec98273939f18f12de2388c692ab2483fb4f424ebf00091
F75L,supply_097,2306,-0.018382632501871277,True,True,5328b96e68121a03f9a3bdccd4a9644b55252c741e9b246bbd169f9f82f30479,e19a5690806edbcff3a4ff1f4c866ce5e45524bb97a84fa85eb6d8a3dca0c1fc
F75L,supply_097,2307,-0.027252287042419665,False,False,1050be31cc03cc70108a929179d8adee10533a2ac4ee3b98c858533f92c9a415,80ced22109aa24e7e9a6366ebb93d66a02ec3f672a34103eec5eb85e6466dce6
F75L,supply_097,2308,-0.03538021104942313,False,False,0c7f2fac1ddb1ac38e35f5e8d1179cb47873ee08c377f21ab5de86516a0b4ef4,291bbbc3c55343a36767a9dc781a2d6915a3d9b0c254afcc647af8f276baa006
F75L,supply_097,2309,-0.008424645755087057,True,True,7be93c33966e7f46d450890bfbef6dc5b2ace0fbafd7614abbab6e4da8246865,50a77081898462c305af58b659881dcf23aac2bfc6f6b4456841964081e60ce1
F75L,supply_097,2310,-0.0856415558068575,False,False,007defb6c25e8b15fc70a690b62ac888de0fb63c8a16c1de2d2d6777018dc71a,86ba84949da6aeb56c977d872de83de98cfabbf5a450419c9317d72f37118a2e
F75L,supply_097,2311,-0.047843050752760075,False,False,d50fabc8f7b0c24ef1ce3f2d2415f7da83b2343b8f20ea70ab842f0d136d07f9,9abd22e793b75e0a02f5fad3c2f8e60061efcd4a7117b322ed2ad5be2e739714
F75L,supply_097,2312,-0.055447135600774355,False,False,35c941260047a7ae4b21a4f4f6ed4545c483ef3cdce46ab73214a594b572e355,aa2a629fcc001ef1563117de7561ff35902bdbb9024381683ed3932ad75bcf60
F75L,supply_097,2313,-0.049377716086481005,False,False,3399242a24fca488d99b09f30d275c7fad69936a6ce97a671ccc3385f25ab7d2,0cd095c93aca5e3af1a452caab11b38a94f1b504c15ce0af8dc9dc9c6eaab211
F75L,supply_097,2314,-0.040954797893114625,False,False,3b1f6161cf77801487c4b127ae1ad31c4911c01ae7276ad75cb19b4909fc3554,84b60fca07a6b51f70dc4c8d516a462ffabc238e405dd8b9f6a4555c157700a5
F75L,supply_097,2315,-0.017715297183684142,True,True,0d69e2d1ce340bbeb98d4bc941bd7c50dcf579a8d1ddd32ca2f2e4bf76c2e0b3,03e1aa2a0e3cd6417532d94cfd7ffe6ea946f3690236f51b1bbd06f95e6c753f
F75L,supply_097,2316,-0.012802398582996533,True,True,afa6f5cde9663ccfda161ab77148302f8e7296649aa560a8bbad17742a9f92f0,d7e3a48e384406e98084dedfe6522abac2d732b62f99ebd6d7f7669cb4343453
F75L,supply_097,2317,-0.042275685570448085,False,False,535e568f027fb6b5c4330bcbd7bae3e9bd7413695b39f02fab344cc8b9d44d65,f6d54463d80c98fcbb4294d59dd2107cc2b49c4634a31c9cb2df13be71e56875
F75L,supply_097,2318,-0.05316579406910937,False,False,6f1809b8ae61852a7cb67cb8263d4aef675003c1fe13f78043716852f863adc8,1c3c698e9afdead924419cc23fbef63830f9167702fd91824be89b3bea4efcd8
F75L,supply_097,2319,-0.02486699544690285,True,True,851caf53ee3e18e09ddffc49d3dec741171f271dbbad18578015520e14b0f2bb,868402aa9b835a089b78c4cc43d34ac65f54da9764aaab02825fa2f8fae0fed3
F75L,supply_097,2320,-0.032788763530255616,False,False,d9f862b1de12c7bf71f0dfd46fe05b3f81bafe876dec4c858d7fea130a41b870,e90a53bc00ad92d945064c600babb84783840545718410ac4d982f4fb988a617
F75L,supply_097,2321,-0.047961452960904594,False,False,d4e01583e371a802d4f3eca31b1bce1b5792528e8c8a20335d5fac6502c929b3,1067144c9962c28ba6ee46f9a06404235782d227b17bcf2a5c95f5175e93e037
F75L,supply_097,2322,-0.02219238920881561,True,True,eba76508940da70002ba6dd826f7ae1e2d9e009ca304f4269cafe671774c869b,25a72b54c580cd20f04faa375ef72d05f3698a92aca341dee98d1e99ed7578be
F75L,supply_097,2323,-0.06443073383705211,False,False,183ea0195ce92492d1e920ed67a896533e5debb7216775c600bb9613334011ad,a2817895deeed29c6102d943ec62f4829397a7215f03d889c417a907789b533f
F75L,supply_097,2324,-0.038975167201994065,False,False,1075182e043744c59f2d00c150f0904db6e984e6eaa1addd2e1f1cb414a9d8c2,70c3138d66be2a72bd508f22a6e41a81312d38a18efff174321aafa947a1ecc8
F75L,supply_097,2325,-0.017731115306167555,True,True,dda323e19aba7c60a673a41ec182f50128061444be226f1afad65d55b491ea3f,1e0fb4e5bbfa99b8c360a5f0791040c0b65234c015b16c38b80f8ec903ccc88e
F75L,supply_097,2326,-0.05167150183791036,False,False,bc7a371916e83d7630f9ec6c2abe092e0ce6e2c1c17daa9b3ca6d7fb2fee850b,cf8725ba85f90fa20ce806d1b2b9e4478cf721ed7c28781ddd326287e87d6d97
F75L,supply_097,2327,-0.08178125603127007,False,False,f0af1da6e425ee312993d7175a9a155c4c2d4d4c5047953b307fcea9ed4971b4,b87ceaacd47df968d735f8b6231dab593c4b0174b602af63e28640c157b5e1bd
F75L,supply_097,2328,-0.03708114059555556,False,False,7eb40d1a381de3c8b45af7a4063c6344a04da40bd5b6c11557a1b69409731b4c,73d4153cc92e59d5e68407565f76ca41307d0be4ab1414409ef729bad8cb52ac
F75L,supply_097,2329,-0.021889636789251654,True,True,db70f87f1574bfd1ab48f1620af0166c6223316ae7bb11e6e9b438839b0d59e5,665b1b8fb5d17b502e7b97c1eaf43bddb76f737485204f43401209910efe9c8f
F75L,supply_097,2330,-0.04916399491455209,False,False,a91c00f833cda47d320469d652e8820461af16e1f4cd899d2e4f1c57017001f7,2db95059c1724ac0b64e41dae0e416704208ad230a88c725153433d81a7b2999
F75L,supply_097,2331,-0.06740797554088462,False,False,3ec315dafd0b71216b00c063aa8074c617bef9bb1255f3f302d859ebae935d33,e2f2045f9cf66bafe4d07226741e33a91843d2a2ce869738fde3010f9cfc3b91
F75L,supply_097,2332,-0.04193516061883645,False,False,cb518d31adab1ff219f09f5fbe1088603996e9dd7f03e5225a6387f863330f93,ad19f53d04935122cefe590099e9472f889ab2ef7cb81529eeb3aecf93171188
F75L,supply_097,2333,-0.028530097463385695,False,False,3333ef4de3818646235f162e06c1cd7a1c49ad8229f33b8fe20773ab8c92e02f,4e8e50dfb7a339aed5f1e8db46441eaacd8154346438cbbc393ba8642d2be41b
F75L,supply_097,2334,-0.05786431623887367,False,False,fbad0fa85f85a5caad52951c62dbfdb59862e2c3dd53709a553167bbb8ff212f,b83b903c888300122e811855e188596abf61252230b2dc3083b33379101eb218
F75L,supply_097,2335,-0.021487817891003347,True,True,10fde928cc2c17d368edd979ce3c66e78ec73ceb0ab06f574a68b65ceadefeb4,7f2fa6125f80409024fbc2562a096dffa6eeecc12f475b646b8574de63f09044
F75L,supply_097,2336,-0.08300602856888267,False,False,71370db3583397777855050d51839575df4af439f0d70836d81915774179fdef,0511f9fa727fac43b5e206cf067f99d83394e68998b64d83bf4120116586058e
F75L,supply_097,2337,-0.02149762739626626,True,True,d0669105ce5034e1197d8374e63b16883e5406aaf51225fba79b6e66c172b42c,3bbbbf5a8299ec19ae0b493a798961a83c5f3bf530d2762d11db1811398b5116
F75L,supply_097,2338,-0.08280773580490985,False,False,bf0a2f1a3c6daac20f69d204c25ef19a9067a8fba2e86368d7dc494c65314608,55ce303d3e11271fae6394c5bf4c14a1b10decc0164aa52329d9d188edab5ed2
F75L,supply_097,2339,-0.042170180998825746,False,False,89daa5e70a0387f0ee041ae250c0c8c88499679771d085798f24ff166503096b,22d14404925e131b8a27b2d35ba6f902bbc93e6abcdcf67ea98094ec4c8f4e0d
F75L,supply_097,2340,-0.012439745034559802,True,True,acec0e04056f6b046bec986d18eeabdbe52b8d2fee4ca6380f7124a9698b5ad9,c0a216f346474a3a393387c9a6e2903d5fce69f121aff5beb5709625f064c18f
F75L,supply_097,2341,-0.07420572539204062,False,False,947d2471f77e88022fafdd6e5612da27ac31439b0ae14385107f9df3ba060fd6,9dc1fec805c9017e240a8b8e8e8acd702d7e32d802e805b40fdf5f73b3eb4248
F75L,supply_097,2342,-0.035865718894244614,False,False,02df85592e4e83279d61bf2e800d0847945c0e8678723f82760ac912a0ae78b8,20b53f105813f0369c660058838f48fa384cec03509aacc4ea649c9d11dc2e6e
F75L,supply_097,2343,-0.0440813158657658,False,False,be62361ea7236d44c700ca76d47c692537d798e8c6c8ed6fbb4334c1c473abb0,a401fd2255925ba0d92cd9102699150f52d91974df4d15c11096109fad893f8f
F75L,supply_097,2344,-0.03424944354704512,False,False,3a9ab4c64eb0ffa28b3d2ea55f1d5222f6cd0353bf94883aa806a42b2eec5661,eae42642267e6bc1c17954b09b94b8aa7bb693cdf0ac79d6b545b6c83ac54718
F75L,supply_097,2345,-0.032268274907173655,False,False,5faea8cddb4fbf09e68f70536fd56cd630cb195bee7b6579130b0cb4a5c31cb1,ec574988971eca156581ded3bb47761dbc491554a8be591a8d1e30fe0492489c
F75L,supply_097,2346,-0.029602248420170896,False,False,b0743bb55318627f4f38bcef66ebc308ea9b15772c485512fa940723cec25336,e556cd146cf03a9e1ae7e131417d11376b90f062a399798ca77825e99fe400c2
F75L,supply_097,2347,-0.04112808927609718,False,False,c563ca6cf4971a9f15b411c505235f3ea628f193181b5fa415c71263c6b3c06a,1c60bca44a83270ae7055d8973a5c64374be93f7fd3f41806995e7e9c8edc185
F75L,supply_097,2348,-0.004109829581935287,True,True,6ad0621c93a0356dd1c039d8b142d3e010f928e24559d30c17c82f36957b7565,fd8f050821dc55c2cf02a382f60520f640c5a332899ef005f4a6502d8321b6bb
F75L,supply_097,2349,0.009697149217667511,True,True,01bfbf606480c7d6e0d02573af5646e501ff3a3cabd1a459e0c4940b2df8f994,eca49e3baec87aad185ebe02dbceb29585c451fb7a23a05eff7dd8969756fd8b
F75L,supply_097,2350,-0.024381794614536267,True,True,5057e01b269dffc9961124f7ea87ffa00d1c5ccf64113badc60261c4048ab6c3,440b49d0bde000ccc91c13e92cd2e6f7a131d8ffb7fd91e9d4a4188be003ae29
F75L,supply_097,2351,-0.03508422450741078,False,False,efeb6f182edc91e6a3aa0608f15a650f3d31867ef4572cb48180c088bdb5f8c2,318816028217aa9941bae32dfb01528089ff99a400cc2954168e8cda9b2f7d8d
F75L,supply_097,2352,-0.016032864703583893,True,True,64e7d5c7fe7d5510da994a2e4b4e1def73c4b0b67d105b96558332a644893ffd,bc4d53f02850a9be7656b92a8051a2a456fab7b6a8a4f7de6671bf1e7eb91b7a
F75L,supply_097,2353,-0.06892422658575525,False,False,a98004431839e10923343f694b1f49cdf000d3ff8682890e7bf230ae8bb7b102,7b772fa03c99ab07f8a206203fcb907eb9dc53fce91458ca0cc043e6760e58d0
F75L,supply_097,2354,-0.0649662060820651,False,False,af977b79268d6254c18a3a73c8482484c351a8a4cece903290de285be23b3830,143c1aad2f5a647a1b38817d4449608fca61928092a7ef5f581206a82cc306f7
F75L,supply_097,2355,-0.03646997557770648,False,False,6b5424919d20b6cf2a4d4b357fc23f73cb2f41bcb32055c29c7e4d57f53a0929,ca2889d24351c596bf9456e48259c09087bf381ea3120515a3f0bd21fe7986ef
F75L,supply_097,2356,-0.03949545191006998,False,False,e3b3c2c8ee877b02375eff9a21a23446d91a1e858960d0266f5b74afae02f4f2,732d84fbfbb91e0bfa3f6a59f0ba3f6fcb2d44b4c2ba4867f82238f36b341d67
F75L,supply_097,2357,-0.02761806125827182,False,False,fe0070e152ea8efc87560d9f1c205542e95929228f5f0623c13c4b6d194bb44f,399d2d2e6d3b6cfb8506542eca35b1306f567c8f1ca82f7abff95a124ea14dc2
F75L,supply_097,2358,-0.045562859527950694,False,False,c58445f599c0c29cc44f6ee77cc0623a636aa970b0f98e88ca39686dcae58b86,164f6c3d31a5ff63fef1c11cc8494d87f100ae58af6d4af1a390dbee2912fdcb
F75L,supply_097,2359,-0.04292941148462476,False,False,eb51b91a75783320c496a62d72aaf5f18a832627115115c157623431916fe9f2,68ecec64a06e7597edbb6853451512c9f06f71bf2a6b9cd69f61dc9d2601d5a7
F75L,supply_097,2360,-0.05649522254551076,False,False,931213a9bec7fc0c0fc16914f258baebce6baae406bb661a7e49b5c1def104e8,61f870ab3540156442b3ac4ef27e224a20aa03364cf296e87c50aa8188b7b1ef
F75L,supply_097,2361,-0.015580740302544749,True,True,67e4db93160c48921675848bfa08bfda0ba2c245d42333d7b6568fe0ceb45b48,c8988247fcc56277217e32b69faed710f0c538bfd3d1a72397fc745e7643ac52
F75L,supply_097,2362,-0.04594881719256749,False,False,79f7b676be026c5f5690068f89b38641923d05b8798b07991a71308b951adb3b,4af12d7938c1d2aa99060dd6c51eaf9ce38337348042d36181190d5413c8dc9d
F75L,supply_097,2363,-0.060595931535443126,False,False,5850fb5a74befed48298164b8754b89d73d0c7317bab154e99212809b11dee6f,a17bf9603baa55dba8d1418f865729dc9ba0e1cd70fb6a65c180238c917769dc
F75L,supply_097,2364,-0.021373900749963426,True,True,d6a3451abfa76c53fc16514cd669871bc86c2f59d0c4270365e4ddd2c53ce6d1,4ad1dda0ded40fc3c101bacd725b8464ec7253825a89202be0c83bb31abfc2bb
F75L,supply_097,2365,-0.05666683131408379,False,False,b7c3ae5fc9fa923a24b1f3586c4d1de43920ca0bec8a961c22fe9fdf6d88f39b,668a3bba5dc456295ebdd14373969e41d0159ac2ea2b5eaffa9b8d0a713202a0
F75L,supply_097,2366,-0.02126578673414048,True,True,000b958994f48ff39d10202fa207d704bb0e32de2d17e87e38a371f65d54836c,3d7bcddc9c428d9a7a266ff2f6bc854b71ddbb949ebbff4ddbd59384383d63b7
F75L,supply_097,2367,-0.07361629133023295,False,False,f41dc55f63aedc8f38f3776a4699973fad2bf4b493dac208813de5fffb76e411,42df072c47838b8050c8c5f28bc538ae64a8b156ec73b9800438f17e623bb56a
F75L,supply_097,2368,-0.009345072955515954,True,True,f2f0d93a404048f6c67dba9c529610fb6941e8ccae71fb2b2877610a5329e6de,1a462fc2015daf5d769a03b7c3573475e504c8764632e8a5abccfdea77a1d23a
F75L,supply_097,2369,-0.04161538073651194,False,False,e65997759107451bc7de384ff4e039d95d6f83a4889be3e436fc0a67a3d11ed6,6b69d4aaaccb2f2d80dd49327742b4dc701356a9f099d910f1ea75c318bd7c81
F75L,supply_097,2370,-0.037223568962761355,False,False,b59be62a53dd61e1d108a0ad73ec263fca71e7a61266b1bae656298a61e4f7e8,48c740acd3219df4c40ff54d42e1d81d00f98cdc87961cfda657611310c74d44
F75L,supply_097,2371,-0.012215030648402125,True,True,cfad0ad4795127ac830a1f446575f9bd99db28f276b3a7d2680161234680f7e4,3bdc4a2745617cdb7e0df2b357b10023031c69163919007329581fc43492f56a
F75L,supply_097,2372,-0.10631853919578449,False,False,c26e1254f07373b2f99638f38026e6918460d7780ff0f2b06700dfc28c542139,ae9c7ef62dab7fd0351dd19b4e89503746068bb67c8fe4a7c7090ea44e77cac1
F75L,supply_097,2373,-0.059164794077767424,False,False,aa76e2d24abb93d8baf2e2dfdda1ce76349478992748fc893f458c63ebd225f8,32049a7fecdd57e72bd75bdc9c6973754c3acdf825665a48c31c1e3b7a68f372
F75L,supply_097,2374,-0.03855034693069348,False,False,aac1024641667152a03b03d98a546b87d788737059611f6f5c8446c958c23900,63f9dffc7e01f1e748c3efc9a336e303d0b52ad0f04c29eee7c81b6e5a81cb91
F75L,supply_097,2375,-0.03585494307692827,False,False,43cad6957fd1300b06d1cacdaa9d26a8ddb16105f547c270b4ea3e4b914e2fa6,a7777cff4f1e1816f63fdd228cf2f6a14cf007e1d2fc15c7d6f77bb1dc6df43d
F75L,supply_097,2376,-0.05108846087603014,False,False,5aa9f3d8ca592a077fe3df3700fcd54e256b4f51d98e03b78a8ea6910c4b0388,e76114b1b2c851c6932fcffe66734260e77bcb81b39eb4031db70eb7aeb9791d
F75L,supply_097,2377,-0.045730383458172374,False,False,b689779e0e23b8c8414ba77ba39bdd22e4ab0501ed7d90362f32c3f9e30f3bef,e93a731bbd35cf4ca26570039eabb369ff0c7441ffa7f7881fe8030fca9d761c
F75L,supply_097,2378,-0.020634386080839173,True,True,4891203e52dffce07471e8a3ca0bd422cec127ddf93a1825c3ffbd971b94c444,c854aacd116b0a4a73c2e3021e1d1486d38ffee6c8712fece51488efe3bd8c8f
F75L,supply_097,2379,-0.0687292541807969,False,False,c4b46864376f9c1ea3b734da19945e7a128f713907ea60d3db26498ccd10d7bd,033bb96c8cb55c46bfe17d0f1ef913d2a086ba475ab0eea39035b92d24ed3a9c
F75L,supply_097,2380,-0.05084725431633691,False,False,6f4b7a6b4c00b42450dff09b604ec24d382b1039a2c88c4b513bc484f44a3ec6,39c62ddfa381449a0a076823d99ba7ba218684af820ef62fe9e2c3816a755990
F75L,supply_097,2381,-0.07226842650702925,False,False,64c5def3328729bf0457bcf17f1d5823eb087687d637a187747855c07727d072,fd830c40d8f279019310eb6fdc3302374f09513b8802ffb2e13f47dc14199bb4
F75L,supply_097,2382,-0.024454288707676797,True,True,b8d63e55791c80c1d60ea203737f4d1211f0caf1e8225e8cd4c60884121b74ee,1280d37dac4e4afc97236ffdf52baa12c00dbabfce6b3678475c16e0a02a1c11
F75L,supply_097,2383,-0.055795775767776834,False,False,7171976be9b5a270df47edd8cb6e9369e96126287214caae193dd3db173b250e,0d4cade5ada4568dab94b5c84d4e7fc8bb91c02fc6a8336cd837513f2ff89c2e
F75L,supply_097,2384,-0.06215110240679417,False,False,947946f3b2b475697ad2a7a4f7d1d3d39b6a453df5bd66efa2f0e31bcd95e135,d097b161155b902964da7b99512119228d6e358bac3c1870808ede5685804446
F75L,supply_097,2385,-0.035982877415801195,False,False,69b23f790cc991dca3c4b721727444ec9f6435908b59c62ac357bb4ca6d9a0ee,2a1028a28a960b9049393ed93d485652d183561d7411fde4224ca0c1930fb19d
F75L,supply_097,2386,-0.05842162058256184,False,False,c3d6df3a8b6ad0e012f8fb175d59b6a1e0256ab6584dda559bcfbc51a48a188a,4bffa21d5764b082276eac22939fbc6e5df79815d29156d0ab91c2c635b5d667
F75L,supply_097,2387,-0.07585588729518655,False,False,86954da9234f2ddd9254512a4c11c43124b71c8037f2a7e0d34fc0ec993926f3,2dbf67ed48b68fd39a4c6cd49d074c6f35589ae247777c60508dd65c8bca1236
F75L,supply_097,2388,-0.031512730305543024,False,False,e79c0b65f59db790529e3d0c4a6a1295c60976f47b98d141a8e51e2bc0cc3049,a1db9a8167fb8899bf326f492710e3efb3f92a30ec6b4f12616900fe2194b46c
F75L,supply_097,2389,-0.03634197011984441,False,False,98c9c354b82937e1f6482e8415210a2ed285717e05ed0f84ce9d2aee9e26efbd,d59080cfb1257a84fc42a9a139ac5f417263706521122a0ec6c6be2cd723c82a
F75L,supply_097,2390,-0.004714437964990048,True,True,7f44852e84fbf2df7282df136e34059b155f8474de007e6c5eba1bfa2b36b6c0,efb70d3f549e2808454a4333213f772f13a5f68a2d086b282080a5b82cf99168
F75L,supply_097,2391,-0.012548787125203797,True,True,100c7aedcfa836f1992edf0e223f9585bd1d1a4d61da8071e3e3ea199a4661ef,97e66d0d7ba009c53f514234a50cb3999c7cd7c4df7f5b59f4c8474a888113c3
F75L,supply_097,2392,-0.019224762254193006,True,True,4592bfb217e5196ff3ab3c969fcee6f76d4968f5105bb0113ef4ca8f5e786e2d,643c2d9833d99c79f34a5dc16035155877d01f697e153f9495d4486e71795e5e
F75L,supply_097,2393,-0.05819963952050805,False,False,b3f2d763cb55b369b68c8e35363d9d95be532b2e79d24d879f2d1171a5b7eb51,fd06e46a373721700958cb64204a4267818d21c1a5891f2e9de03b969ea902a3
F75L,supply_097,2394,-0.06021432548099803,False,False,5dc268723af71fa3483a99f2ed980a318261448872342b33da1a28f6b439e352,1fac05485e8b376421f5f584e21d721cf04849efbd85243beea30bbf36b24fcf
F75L,supply_097,2395,-0.06756595282263056,False,False,7e57f8416c7bbb084c055cc090856908e905f5a94f18860d41cd55c856230cf7,e77710e78bd898488c3fd2b540b56ad543e10bc99ec9f1b5a89d44f3caed95ef
F75L,supply_097,2396,-0.03936811602862228,False,False,bdfffadca96af562ae05897a6d863d3fdb915962f344fc5553961b64507ba877,e8be59f91ce5516cd9124d6ded8070b3ae5944dd9824ae09a2956dba52d90c4c
F75L,supply_097,2397,0.014072606527987808,True,True,1db8c3dd36f843a4df6f6a745c0eafd96717248b938ebbcf9ccf04527ac05b6a,62e777065dac61c4af1ca4357c9aeea410678aca0ac215082f1a3ce6f67c4a83
F75L,supply_097,2398,-0.051042613146231375,False,False,e113d6b6311cebb78756b40478cddc4c0b54c8687bb65953f3c6925f6a77591c,f24d1324c57247b82ad497d8770549207f4535c7f07150e99bdbffb7b00e1fa2
F75L,supply_097,2399,-0.09170295749540047,False,False,7bbba240109ca582fe3645b4bcab86f5b86e19838057a4786ca9b45aa7285fef,0e275ed3d75421fca2aefe52cebe3380836828cbf9a41a5039ac8fd9385f17a0
F75L,supply_097,2400,-0.03696084720322601,False,False,f9b153bc181125cf9e59d2b281852187636ccd7ada6aab998a82a92cf2102806,fe02ceebb11b5615839e599e2154db8d8f446a744819ec75b1e2c4b332659e95
F75L,supply_097,2401,-0.01535168885274546,True,True,3387e06759324c67f2e5920678aeec60bf345834878c48b3894faf0c5bc2740c,62dd150fc6f0e3622294eb2cb3ed1b716c967c2cafb34f1facd3358821388f91
F75L,supply_097,2402,-0.04240501186518186,False,False,1dda1240d9005f59d60d948839cab15d382749b9153e54adb53ae868933cf79b,f653f1676ae011ec9ef6da3ca1ee1e4207b7f3f1e5ad6200c6a86829da9daac7
F75L,supply_097,2403,-0.041660800349753724,False,False,3d1820db433e31f6baad39184a132e69fcbb343ddd5ed4f1d9c85d12d8c9e825,e1ad3492d7dc8bee57f4d1a1735e10030ff5a4d85b033f4e9962a7065f65ccb6
F75L,supply_097,2404,-0.040953411368419124,False,False,11ab235b756ffe03afb0d14e66e3c7d127ee696d56a3ae53dad74e0d5cbecb85,bbfeb38372073ade7cd71b838947053fab80167bd6c6ce05dae028ceed6daa15
F75L,supply_097,2405,-0.03488463758469007,False,False,5a35c523dcc7e1dc022873b7a2161bc5ed49c9020feb7dfe94529b1a87c09501,5a6809dd94344053a30ac7bf78f06ed8608f506fe4adc370d6fdb3fc899c4334
F75L,supply_097,2406,-0.014822094005256414,True,True,1f989c7af30e84a09277075a72ebaa4dfe6677e873a6c8fd0c5c90b1e843e558,e2aac0a5e9f2f847f72f020891c6fcbe339aca7a95a994f50599b72244cf93e5
F75L,supply_097,2407,-0.036556006865029356,False,False,7442c28cd2f8e93a3d27421acc80f6152970eddd74f339ecb237cbc3830ce4a8,80e6b0c2f9f77ec9806e6bb06054cbcb44906d48d92691e63d0c7dc2b562f153
F75L,supply_097,2408,-0.04806146230361785,False,False,a7b3dd2967d95b140c4b3ea4a772f2aed3b58486bfece2f694c7720028612613,f9f3f2bee142209a35fc4d19f574ec9362c73551f033b5cff978edf7c6746ac8
F75L,supply_097,2409,-0.040061867184447264,False,False,29a2f630662f31786ad848a76f3b39a444bbeb00ae5a0a311269131bfcb33ac5,1fd8a9571d458c6b9789e07e00cf76a7b73f48cdb43785e0af6c2295bb56e77a
F75L,supply_097,2410,-0.033424116890848676,False,False,41e1f8ad7ae327d684bcf317a862fbf2f6e0c651eb8076266aa94ee31d49fa21,22ef7f8daf6ebf8de6a0d13b172717fe2951f63b5ac1d80fb8f544e9fa43c149
F75L,supply_097,2411,-0.03022625212262997,False,False,448189d2b7ab60459f26e0c0a489a6c1a796a0cff85f3bb40114865a545df520,025020b2749b6ee7acc385c0c6a1cde6d68e7db79e4716a65926da33a861c543
F75L,supply_097,2412,-0.046046985902558624,False,False,b6d2aea07dba1c70c1e24393b0051eaf4fdc493f17aa82dc96edcf0195cd9185,e0875b0afaea2a50054c7cbcf464b37a1738f518a81f618e57cfe35ff543cc20
F75L,supply_097,2413,-0.02452947454339871,True,True,e7ebf8fb88b4e65519da122c33e35d30936ebccb9e9b0d7a6d28a00e6c2d2418,2b13916ec39aa6ec5b5c6cf8e7de3f3d81f403f7286a79c0d95ea4699e76bb4a
F75L,supply_097,2414,-0.027986077643326057,False,False,08bd7237e6b620d9ca733f53560d008ea4bef55ea6f655a49fa41e169e705c4e,abe6161fd7a360703833d7e123a394c580969a488318669d4cd293c845704d16
F75L,supply_097,2415,-0.05524457876428507,False,False,ab659d8d67da6bcb7c16471093549cc332b262db7c0c3001456701a63e13a51e,84a143fed32e519b6677823f3b5d8f5295f1e9c512cbf18b629a03e3007023bc
F75L,supply_097,2416,-0.053345466883473136,False,False,e9ec81ee7ca74e5f668b5030a423a6408f5d71495dc3fa58447ed84937931406,01bb655266245e26edd00a90a8a760ba89608a6d94490fc5ec5b492898ce1748
F75L,supply_097,2417,0.0021085894365745483,True,True,ad7b48df027daf41ff7592fb0c4a1790a22d5aca0a492b87e85b24c7c9480a4d,34291ab47f135f0e2cc9d4076b9803096da0f6f0d71e9c28c3bb17f4d8c95d98
F75L,supply_097,2418,-0.023480819226133764,True,True,291a9854719b3e734a5731f5d1f5fdc4689104f0410ce076b41c11a5a2824174,2aedc3d24040383763ea6d03ebb00b4854623f29d2212689c0bd949435f07793
F75L,supply_097,2419,-0.027149633018623276,False,False,116769c37ce6a1eae8b9303368aa0c94048e239351c1714abfa4d59b910db1fb,b8a1a20bd14b364983088fdcc4f63274b1d8c83f80ec9dc13673365d7fed7923
F75L,supply_097,2420,-0.020133675962733966,True,True,f6449cbdea6fe57752c3e27c124c910bc34f9a4fda656df4bb5eee2ce77ecc5c,05702b56a73b1125e002dc8eeedf986ea810f548078462549295c48b90c31a9b
F75L,supply_097,2421,-0.029513493468133034,False,False,c331fae1aaf667e0b6298f5070a60a6a048e18de4489a6f2f91c88593ade04e4,1bbfb1c0820a8e0070227d369341d204ebfa63c06231698b61019ddba9ef6fa1
F75L,supply_097,2422,0.00665107838069845,True,True,8a70857679b4cbc51c09a9deb225913065dfba79d8e391642b16ba9c8ddaf451,85643cc681c840ebd1193c90e5acd309ff68033f5e51316fde35b42b957945df
F75L,supply_097,2423,-0.029438829753252516,False,False,98f272f36338ba2b6d963499144b225da02dcb04da3ccf3e317175d039520ba8,f072ca57b22f17b38fc8ffc715fffa87d607d8fb98b223d8d28b04af5e72cc50
F75L,supply_097,2424,-0.030325487290709496,False,False,b4e0d61beb77168dbf98d0dd27b5ee5c1143e6654ff140779bd2794b5903849d,33d55a1f1422cb3b1bea3633d2574e26660862e269e23e390da287f92adb6fb4
F75L,supply_097,2425,-0.030665178839115792,False,False,3b2f99475633e5a83799e689cc37460b86fe578f81af1feacd096262d907b854,e2bd5b15779de525dca6ef8657c7cf04e5573840f03cf7a4d53bc27f2e7c9e98
F75L,supply_097,2426,-0.06433001511698566,False,False,a6b745a38b0e8aa38fa4d309609f6b2a3192e9f94713d1fcd6633f41f352a46a,cf202be053f9aa97a2121b3b56520a74cad70e7f2cb772d96c48e6efc8dab808
F75L,supply_097,2427,-0.046591258669587465,False,False,64a44b2a241c0d965e17468312a2c4ecc939dbea6001d486dce4674532ad8a6f,3b25f58c2245131ac16ce75b631e395380c9be0f983c964abcc35429df4dd5b0
F75L,supply_097,2428,-0.05939037126827068,False,False,480494b5207bf1c7b1dcf60f9d8879a0be8b141628abef195703b1d6deac6c6e,6e49cc5e695ed65ef946468504b86bc79c06e58d843afcecd5d03d3f1b798583
F75L,supply_097,2429,-0.04039265406857184,False,False,204262ee2d31e7b9eba39834ae92bfadb4425e169f9e748ca0c4c5d9bf8abb5a,cb636298ae1aed87f574fcb6d06cb47ea25d9939ff5ea530e5d60a16e03f5e35
F75L,supply_097,2430,-0.06278646092080714,False,False,6712b861721adf74d434377097b18b3b9d7565e3cde3bec81dce8b2cab23564b,0500e6d020d796ee86229af6df2f5a65e4d74ce23f6ebb44fcf80727989904fc
F75L,supply_097,2431,-0.03220312338601178,False,False,3d62d12273a5336c4de9a902d271b3abcf3c40296909a830cebca438d32f2b0b,79fa8dc05e74432b964293f3cc5a335943c9e03583b3f44eb44f93aee2236c9f
F75L,supply_097,2432,-0.03797568482741703,False,False,bb4bcbbedb282f81d807e480fe49169948bd96d3d191397f22a349540aa639f5,07b85e994cdf56f04e070d060f1a3f4d577b0687912ef4c464a2ca6cd8071762
F75L,supply_097,2433,-0.05278609396592637,False,False,24d185c5130c2766b99314c335ac32e327f99fb73e19f4dbfb0deeb73616aea6,6358174162d45efdca17116326b64e28d5fa6c51131f1e7d1d477987291835e4
F75L,supply_097,2434,-0.03717289945678759,False,False,be8580ef3c7de515759efe715917fe5e7d3f669640d08cb30fe09325b3f9ebde,04e0716008b7e32acae3c06aa2cc129941adbe89107aafb436667b5f6deee4d9
F75L,supply_097,2435,-0.03643788093238043,False,False,a950ad236391eb2cb2b010f8535f735d01a4441d72fc0315e69df3d067a7adcf,c3f08f51fbf80e345db37d8cee3844418335abc10993a08817b960fe6711b900
F75L,supply_097,2436,-0.041176893843561935,False,False,dbc98b556f12914993bfff676a9a9909084dcdc2c2b8d79c5869a128737a2234,058afaae564cf91a753c6f91286a6c9326f3d732c4e3ac6ea5c66640dd2243b9
F75L,supply_097,2437,-0.1125798285199493,False,False,9965ac71b62ce7ffc355856d3f9a3caa4f35dec8be36ac8e3cd15d38ec876756,c17185e46f71aecadaa7e27ae6709c563b6c4465bbd4ab2abe58a3140eeaa677
F75L,supply_097,2438,-0.06334241227173965,False,False,737fe34cb4648905e6dc8c5bb152b93d84b80f1d50fe708535ba0d8a868b89d2,2868e2e39841581dac32f28b5a8995806749db0855ac96b3599b64f39bd1fe56
F75L,supply_097,2439,-0.016274250240621513,True,True,c6deaf5bce83df8811aafc201096eee9a3cb64e13e642270823b2c254037167d,947229913f65696523f3e09710082cc09114cb1bd82dbbce80b5d223a4bbc5a1
F75L,supply_097,2440,-0.06732423584818459,False,False,a899ccb56edead4850aed283f832ad80575d69e65c9920bbff1d219bf735c197,ae6678a2afbe7dc34478f85773f7cfe689d8c2345c2507ac75ff77fecb2cf46f
F75L,supply_097,2441,-0.031244599851372956,False,False,027933223ca442c1c338b7937f54e8cf8f808a2d4113081c37617c84607a18fc,adfa5c75d1c89fbd2fbafb6fef11eaf62215753fa065972fe43bb816d50d6c5e
F75L,supply_097,2442,-0.062383751894096506,False,False,f1d0a0564131098f35c8d1f19a3df61876efd37fc7bc35dc5f56830e9b5e2704,48cdc19a4ea19597799d4de557065ff36c278fe0a173e8f56df7cd34954d5557
F75L,supply_097,2443,-0.0230080870080277,True,True,87cb84a7677ba9ad61f0f732c65b56a41d4db99e8cd0efb871199f3cb0edca04,05b825320dd3d7f96ddf94593c8298207cf45ba7f53f9f9b92afba230b3a65f0
F75L,supply_097,2444,-0.014397432278978939,True,True,f3142f81c3ed99a1dbd17a5ed45dcaba485c6b228a533f82b58c264298d383a6,a0c6478c9142df7069710dca92184d86800579d0457543f5a3af80db4393da66
F75L,supply_097,2445,-0.055861160806022436,False,False,51108022fea5763bd4dc185be60ad3215a022ceb6314f54c183b96290236ccc5,59edb9dd9997f4690f25c3d56642b464481a507deb437f558556b076d4142c67
F75L,supply_097,2446,-0.04233324769200936,False,False,bea2b10ac64247d85946197495f2f4041c9a32e43e5e5d45ebc6b498220320da,31f2a00826ad1df9db95e4012c72d12a8f7d7254e7736b4d30066c1a55ba364a
F75L,supply_097,2447,-0.014256269241265884,True,True,d94a3f905b75ad39173178776ef690232d3a734b219de87bdb23d5e7b46fedeb,52888c38f89ab9c621f096f622eb6070f71731c9e7afac11129cfa80fe480eb1
F75L,supply_097,2448,-0.035621287167838966,False,False,1eda4851b8a9a31134b24cc7083754d0ab49c7c74ea3ba78a00484587a085ba7,7069d78933be04685b8b05d4f59fb680cc9e396fcdbfb55070cf4b26aa50556c
F75L,supply_097,2449,-0.025970420973594255,False,False,ba8d60423d21b98c3e5390490e09bff3c1c3081e6c9ec7e584dc4bd38f0b6c06,5c8d940fc0bd6d18230c5d444b669cec39b6a732538e34e894dc26787c8d2684
F75L,supply_097,2450,-0.08300203363229125,False,False,9496d55c5ec12788609edc9484b4de82efc6543acea550a28c81db3e5b5869d3,51a3d8854559af6931e963241c10bebc584c9429e50e07a1937848d0b318ba4f
F75L,supply_097,2451,-0.04761841750110085,False,False,9fba79c574391e56ca9e001eae98682eca883a5cc3671187f93f4261d6094782,630973c2b3fe17b7039048a250fdf0714dca4573fd8a9550b7ae06315075df08
F75L,supply_097,2452,-0.05973853067564522,False,False,74985c672a1852f13d8565243bfbeba7a98e6b9082c5d56d089e942825b27f54,4a4306cbca97728ef7b6d0a6568911d0086aca9341d983488770aa04e28e3eea
F75L,supply_097,2453,-0.0476559931508429,False,False,9f05c564fd55954c98a9795d1ff4a6904ca7f7c2b3b1b00cb11805aeb3a632b1,ffd82e4c185b480088578622b09ca1bbebf5282d8b5d4635a45a2acb2a4679e3
F75L,supply_097,2454,-0.0640102912099833,False,False,78d7b3769671095e6ffb0690c8d8b9e5a2f849cbef311449896b50482685fb53,b303b213ec210488cf5eb8eb15604b34cad0c8be37547eb206d629af5a332adc
F75L,supply_097,2455,-0.004668502852512468,True,True,11696bc92be2200e01651bff3e5180837cb7f3c47b37e4e20757805a3da70433,33cec279b54d6f248d287e5fe74656a4291364b11b2dbf0b894e08fbffce334c
F75L,supply_097,2456,-0.047212624729110475,False,False,f0ad947e9a7afcd62d3c25720ec85dff46f34dc8b7ab5101d51c3ef4b4fca140,5904c4e9d255e1f02b9c548e5ba3a645e14945593b80d4805c1719180867aab3
F75L,supply_097,2457,-0.0838909689836227,False,False,d47ef6cd836960a5fa2a0e732aa5e761d1cac1a985dc49cb5363c0f2a6bfce11,d8103daad243fc448e25ece83e40e204e526fa01dba04f2d0a508b2477657393
F75L,supply_097,2458,-0.05587304487463235,False,False,39adfacb78e3a76b26fef08b440c34a635d2971ac191da225a012ea29f6146e8,04cfaa9030eb7b352929c2ef927ce1f07468800ec2b66c508f0f695d13a6d0d5
F75L,supply_097,2459,-0.03588587359631712,False,False,e6a7d6f35defa8c09e3b78720d1a1bea463d84529b8b03fe65cdf64b6c171ece,10b1a0a60773538659cc993cba8e9ec71efb35c7bfe7b4dc41501a141ee92772
F75L,supply_097,2460,-0.055685345493241556,False,False,c65238ac0f5526ce3d2827071fe0fb609fb0806aa2037e3e5d2deee8fa446fd4,48100e87855f49c1c2f3f4ef355059ed2ebf94d21af080a0b43347a8ed807de5
F75L,supply_097,2461,-0.045432786652113866,False,False,65d5409d2bd2cfd9ba622794cba1072e92c38adb3923a0624312cfb1c0800e5d,b40fafb30ed9a77f3b99f5708f45b3c943980e1ac93b3e6d6e290e2476b711bf
F75L,supply_097,2462,-0.019411056910814573,True,True,d680e033e35d1d3cf767fb154f325614586eca6428704ceb21d14872e12eb1ac,8cbbba40605768fd0ff1bd2055f8fa5ad946c71efd323cf6112b89bd3defc8bf
F75L,supply_097,2463,-0.03192793923297388,False,False,20f04d5563dd895b7eb85335b71184ba427e2eec22c4cb276321d6e965b54c06,4d19b60c44c2df63fca6bfc467308ceb2ee0b91983495537a992cfd29637b7b7
F75L,supply_097,2464,-0.05490012979244985,False,False,631f02ece12cc576fe8ddab0ed3de7e940496f08276a6c68f7bdec303a3ca591,62af4b140a9c73172c15c8d7fe1bad894ac3098e032f65aa8abaf6845039bba7
F75L,supply_097,2465,-0.025048480627820724,False,False,b4c772dbbca06e56ef3f3442239f4768753c41ddbfbc4ff1883ceb556573555f,07d1ed78a9edcc835571ec82a1e6f799a734baa369294cd2b484c96776400b03
F75L,supply_097,2466,-0.07329282704216311,False,False,3ed1f76ec963f18b672942d4e7c50c9c0acbbea8bf7f961e698b69b16b9b5fbb,86ad5cf641400c3cfd35c70b83d2f4558ad98024d12ce126b984cfabae5787f0
F75L,supply_097,2467,-0.0847794490806868,False,False,a2bf263409d98f8843530376f470cbb07c94a668fb7a30b27fdcb93f6c56b886,56f8bea20a81a276cf03305fc3b78c8cafab512a832f6370875fa5f5682032fd
F75L,supply_097,2468,-0.03384323723908811,False,False,1cce77eb2ac1d29cd19d919c2adf84250d671bb8093fda4a40752975fba9d599,76b3cce32d6d42238f38d39863a7d81bdd34dde388b803134f2480b21e5f1d77
F75L,supply_097,2469,-0.014327212001880807,True,True,fb64a912c38a44ad1393a91320245b79cd4922384ce59b2c24782a5f4560b495,73b0ef5e11a440067acfbb5e1a3641e1cd2f8619a5a1253b65fa19ce12697408
F75L,supply_097,2470,-0.040672054342215214,False,False,a5cda35b37f6e0f72748cae91839615d494a40a2acf92c6fbded8b38bb9316f5,9afdfc5fc3a2573e7af3421b35bdf90d1a0f6b94ddae5b3b6ffae21f183e01fa
F75L,supply_097,2471,-0.05211582083330013,False,False,7eff60d3b4c74a6835f245e1d4353b744563223801771ddcd8ecc06f4791cc2d,a4104918f0554547ba3dbf2152bd50ef311c376c152dc2bf5ae9a94b3b29dac7
F75L,supply_097,2472,0.007602294680682409,True,True,b1a54b928520bceccd96aaa6aefb8b14a9d837a674a5180a45831916d5dda8c4,1764695c1eda77ddc316a0b735b4a5d70608ed575fa958914a99a29b8bab05e7
F75L,supply_097,2473,-0.06449723773198829,False,False,b82b9b9e599fb9a3cae27c42f7b8c4a1a0c5fe617b789c13d6084394da9b96ba,f46d0a2a6f239904cc3d06e9e87555a9ced8742837dc012072ce6a16dd757235
F75L,supply_097,2474,-0.06258047788963017,False,False,ab61ee0fef547125962a0dfbab6c7d08a994627dbcfe4eeab42d11add815d8a5,a90b2004625df4a80e1f04e90f2c3176a43c770bf60fc369a003551b1313a10e
F75L,supply_097,2475,-0.036690191340170375,False,False,b7192e520d0f1941386b146ff35bff63cc90e573a607576dfe9569917ce4e406,d8bab01534a1903ff99064f7bb0292aae3c5735c61e216cbac80f7248ebcfe31
F75L,supply_097,2476,-0.053703459882674054,False,False,0de4153221c0fb1199564e324931c935ef788997e7cb082cb913e1a23633d778,09cce162106ad35270d873e50b21c2f5dc92457a20cd050dbd2f839d804c264b
F75L,supply_097,2477,-0.03513138761473533,False,False,93b2ea07c6d0959f7675b1b8d42f96bc898bc2f34c07a874f5b97e8acb9f3688,456822f9cbad12670f4c751c11187afd2cc5afd9962a86186edaec1865a21ae8
F75L,supply_097,2478,-0.005717433859561749,True,True,15f1b15c0d172de3bfeaa5bb956ad14405301cbb34a646b096624438abea3ffa,202e547086f04a5893b65575f7f7ed9d659302c7c3168627bfa56e17e88e8062
F75L,supply_097,2479,-0.0287455561116432,False,False,c6c21cda392ba448851f335205df0a402062342a5ec8275f3fd77386ae3b4685,cf0c83954003190cfa366c9a847416cb6c19c26f6b09e4c0df113b2d9fe2afdd
F75L,supply_097,2480,-0.05049921870225904,False,False,ff8f5183011c97c4848048e4f44fb40dd197dd1d23769a7b875ce44488ed734f,5239b8a5b7d40cf3e1efa0838d35d468e2ac35b81330aaf6622f3314a96ce3d6
F75L,supply_097,2481,-0.04201376814730423,False,False,ca3142053c5da73789511619c048cc4b99d85a890f6e1f10ccd2ceddadb00b33,e31b6b18b81cbfaca75a13bd73f54d199426632d3ea8b6387660b3826a6e32e0
F75L,supply_097,2482,-0.0714054261908974,False,False,add408da82562b0a4c19031357c499ba57de8ccfacce0566bcbab3d193fd5bc9,de1dcd3ab4b10398cdbc402a8ea33a3566f07daf07ea3eb82353c6b154b5df96
F75L,supply_097,2483,-0.06227253050415282,False,False,8f7ba3a6c7d4fa8f2b2b3bc5670adcc7552d337a943f6ab8d51775d33c0c6e87,5a6d6b0d4b74ad61a9b7caa3cb8183ce43508992d808bbd8f75b8b5a9b110889
F75L,supply_097,2484,-0.06518433188830075,False,False,28a982f19f072f787d3c93b856e7efa4431b7ff4178d9c3e1fc2cb1f4f1978b9,c89c630fb5a1402c1e673b769a77f8a9e2fafe793988480afa16fbb1764ba915
F75L,supply_097,2485,-0.06837046882435416,False,False,9ebe3ee0fe2e0c3c0b7021061c7f0d8fa71477396e5d6a67b7031ae475da81cf,529893f4ab3c14dcee92a4ad2b1e592ed6d5368a16de8b5dde9874f53d546e75
F75L,supply_097,2486,-0.05960246743873454,False,False,42077ee583dbd3d2999020ab569a95bb735ecac5eff2a9ed95d782f647be9a95,a01ac37896722d63fcfb1e11b8193191cdd652a732fa8109beef161449121444
F75L,supply_097,2487,-0.047608396034444056,False,False,4b07b8a5eb9d4d003fd39f0dfe6e2b7dea5de241fc44404e089b854ffae82a9d,746914beb7038fab7ded9b873219633f563d788b45a3f8c99a0c65f7a73b50ee
F75L,supply_097,2488,0.0022560053702315175,True,True,c732ba4ecb97516ec31f4d4877b4bf614e3f5f01e71572c3f3041ce6b2f474ec,96f72aae8c93c83020a76e4e0cb34f31342f3637b746144412dbb20243dd6af6
F75L,supply_097,2489,-0.10315053889632375,False,False,f1ce82e337de48655af56e07ac9d07f5a7a6296b55a735fffda6abcbcaaf47be,c7cd093df48e68fa2f6634d17b1aeb1555e0d982465813aecd534dfefb64c65d
F75L,supply_097,2490,0.0048874121542669124,True,True,b1fe8acf5f3900fa6739fbc162d4a94bd2f3cee4771dfb59d366fae37dd92970,79167a2c18c1eba50fa278de9f431deaaf31b3447515184e6f5eb633aa112a86
F75L,supply_097,2491,-0.03336355143282377,False,False,c8f101584c517dc1a6ddaf4a484126560566406107324a482556072f56e0d8ae,de861e56ed87d6f01d379718f0789f9f65fcc78282dc703aba645354c90c0698
F75L,supply_097,2492,-0.016835367924491806,True,True,4971b692f79cfa6f66ec5fa5a9255503327f24fdd0993f9ab32f855f0b385d5a,db634129d3d35b3be6459c7fd87b0ec59cfa42aaee90229df66f6c6001c62fad
F75L,supply_097,2493,-0.037062000451854094,False,False,b893236af36b1413fd4c52f7939f85db84bc584db12fb45c11b8eac16f2d1abf,556e5bc8dd5ab9bd8e12da0e9afcdc62bde6481347136f50ee2314f03ed4f398
F75L,supply_097,2494,-0.006094355657801309,True,True,e977fceb8aa91eeb8fc868f8de618ecc553a78af72fb86df0f730e5fc82871d1,dac455cf5a7c026af57b23717b975f97da4082745aa4d487522547da573dec57
F75L,supply_097,2495,-0.016649090862325355,True,True,42e3626f386066c4f0dddb769417a14c05a87970550c0b11688023c943d496d1,849b9f12b48190869c1acacce013707aa89f1dbd1b281ca4de17b905fdf2db55
F75L,supply_097,2496,-0.027090252131267922,False,False,deb81a58576089efebe1402735240d29d3238db1f6d388ea6df05e632ed6ffb9,e2be51f2e30e009204791ad719b30a528ac23fd58eec4b40817c1d7ce8603b93
F75L,supply_097,2497,-0.025577487376910957,False,False,0aa452ab4c5304de28d4202149624b8b93b16d90b06ebd3e050eaf899064c3c1,1f5a52e5a9f1ec71c6d9a6f0e35a7b2a2148ac24cef230ea6858841cc1d12d81
F75L,supply_097,2498,-0.02241060196956013,True,True,d3fd50e2c29faa5b90e5a47c25c09a0f9c711f88a294291977cd29129e43ad97,eb3c3f6ea96f0aab232e36d91e5b2580f8838b66b227afeccd5a53e082f17e42
F75L,supply_097,2499,-0.03058945950615627,False,False,cfda6f83d0676b5726527b4ddbeed5cc53985af82bfa6c1b7ad933652871b830,808a674a6303537546925521f2189e326e39f7356900c2889727128830dfd6fd
F75L,supply_097,2500,-0.018576187412696732,True,True,6d2ed88b9720775d6e9279cb4af11ac3b5714c792304aad288ed6d7523c45ccb,588c192977211c09de9b3d79164714a26e2bc30ed571dd488fd4c2bef02a84a3
F75L,supply_097,2501,-0.05524494696829069,False,False,7fbf951b8fd9fdc8571eb962ab16d93098ab1d7ac665fddf2bb31605991b3dbd,ad51f1f675bf1091f0c0bf9fa295502d694b07f21f9c8557ddcaf5e98efe2f11
F75L,supply_097,2502,-0.03620201788101818,False,False,87b2b01f2985e7ccca76d72fac3ef6195d80bccdd414515ab657ea5e8288e990,2188a0db7ce310a79790a102349faeef7c0ebfd0926684e1845f33858d4bfa3b
F75L,supply_097,2503,0.0030534521197869147,True,True,d2bedaed35f20ef595dba0562c2c0a701a905694e966cc3cb02a6441abd38e46,7b8a93f18bfd6aa82e86af99c8342a4fd5882f60adbf0a5cefa45fb00849409e
F75L,supply_097,2504,-0.044436880858997996,False,False,a65d7f26de3902aee30f2be0acd07ddede44973c2b394cfcb7684c9f78693e4c,a1784110c532d3c3568e902902287bac9edf1f46c980ce2ac7aded7ef37612df
F75L,supply_097,2505,-0.0394078396237742,False,False,4ab5491696fcc2dc006366c8d73a8e78c270cdd700110838416e30a81e4c8e1b,aa541481c1b8b60de810a8dfec25f04c997ab207ed7eda487569d6837e256346
F75L,supply_097,2506,-0.06682801252032622,False,False,a966dc445e6512247ade50a87d60b08d5d77d445a87df260f2b340fa19e5a809,c8aad72af3525b59809443eda990e8e0809ea12e10ad3d4eecf583ecf0b32307
F75L,supply_097,2507,-0.04248522653629505,False,False,bd4c45678d950a9bac07d44fb883dba9421ff1d6bb1ee1d0fe070cc7881fdac5,4e085301946c9dbac511aad71bad0c9550551b86e2202f5232a89bb10627ef73
F75L,supply_097,2508,-0.015384734409101819,True,True,5487928979e651ac7ac1ade733a3ea2756aff2d603b7cda101af34d1fe2a31c0,9f88e738a42832f27e9f09aa391fe9d131c985debbaf87a59f023ec0be52dc67
F75L,supply_097,2509,-0.018230942378935078,True,True,ce57acc7d5039d6039e63bef51005274776a8f2e42d5f492579c83181d4c8b67,f6d56a02678fc11720eb25b45a9b497e560ea7de3222c56cc69a05f02ed113d1
F75L,supply_097,2510,-0.07703858530756269,False,False,6dca4300f5518bed56e63a08ae25fd921f461665781a4c379f721dee85bff533,0ee4ebb0427a73685eb606a9fa0c551fe46edf3ce7cdfe79d9e5be2bf2491a5b
F75L,supply_097,2511,-0.06048237282054353,False,False,60734f8567a20ffdd4c73fda0c2979d72aa5880fc5737912082f53a95d433981,d0c0d033b28ac730e7c6eee07c12ced0f9731fb9a0f7bd068d70615e2e4533e4
F75L,supply_097,2512,-0.005583133914985494,True,True,6436a6751236861113154ae81a05db4c5ce569dc207c0df62c64e9a1c3251632,9ef4b9b63328bc06f62fe0c78f5b8914b5fc06e6a422143a0bb8825022d6d5c0
F75L,supply_097,2513,-0.014812463779133811,True,True,e627601a829c783a8186198df9210e0a930e350d3a2363b36f1778fae7241284,709f885ab315ceb4c29c460da6350486d0ed81384d411a2209a03fcd71a4b8a2
F75L,supply_097,2514,-0.03232499039871173,False,False,8664cb328e94ef6ea79e6c61490cb750432558e49068165b427bfc6102e0048c,2cf69174bcf8bac1c7dac439bdf44a006d752a65d730eb85973b46c5d8312b83
F75L,supply_097,2515,-0.04487977252995323,False,False,c0375e769aa3ca8aee8314845376677293e64aa0b0663bfc6fd5794ce344f7ec,b936a40a1e25f56581f14eed8a31f18cf02a767e9d7aaff2b60b637959a1e8a8
F75L,supply_097,2516,-0.022363184489069377,True,True,29aa3de8030042f6220f79a6dd1c56f5ca155abbbc98691e4f221f422d0b18a0,0fb9d51dd85319d032b621339e494cdcf1d83c27524eca1b5e31ceb310b340d8
F75L,supply_097,2517,-0.07460177343441005,False,False,dbede1cb6ec74b3d8b9964b0ec69f1316727d8889204e4e5315287458c721a79,d787ee37a4c952c768a79432c0af220da1215366f514cdf939479fcc2841f636
F75L,supply_097,2518,-0.05727585299377902,False,False,d5b84129a4d47245aa6b98ea62dfca7c84213055acb44f64d12122aa18480ba2,e0099913d055c8469030fff4f463d4c57e3e8483ed0a29e92ae504f490249148
F75L,supply_097,2519,0.018175560702147653,True,True,804883afbe3c7057e7ef2b077118d6021d22436b8618487a64aad98ba226df6f,97513d10e3cf78385706a7a3a0642111e9e774f4e0a8cb61953135dc56463d61
F75L,supply_097,2520,-0.031684371809447776,False,False,ad0a7be7a45e81a4a5d856710186e53d2e9803438c3641803dbfd8a5220ee74c,55a0600f71c7ce773c3d56c00ad84e92758b46b40a044d41d0a1f634524ef005
