candidate,frequency_hz,gain_real,gain_imag
A37,1000.0,-5.999999999994579,0.0034361157899387125
A37,1029.2005271944283,-5.9999998834645805,0.0035364521138636744
A37,1059.2537251772892,-5.999999760029753,0.003639718305153524
A37,1090.1844923851281,-5.999999629280959,0.0037459999169216418
A37,1122.018454301964,-5.999999490784815,0.003855385000427076
A37,1154.781984689459,-5.999999344082267,0.003967964178017162
A37,1188.5022274370194,-5.999999188687055,0.0040838307181997185
A37,1223.2071190499325,-5.999999024084102,0.0042030806129069315
A37,1258.9254117941682,-5.999998849727824,0.004325812657014894
A37,1295.6866975170205,-5.999998665040301,0.004452128530184626
A37,1333.5214321633252,-5.999998469409359,0.004582132881092325
A37,1372.4609610075634,-5.999998262186576,0.0047159334141185765
A37,1412.5375446227558,-5.999998042685086,0.0048536409785681755
A37,1453.7843856076636,-5.999997810177331,0.004995369660494555
A37,1496.2356560944354,-5.9999975638926495,0.005141236877204661
A37,1539.926526059494,-5.9999973030146965,0.005291363474522521
A37,1584.8931924611159,-5.999997026678785,0.005445873826892061
A37,1631.1729092278408,-5.9999967339689615,0.005604895940401816
A37,1678.804018122563,-5.9999964239150305,0.005768561558816963
A37,1727.8259805078665,-5.999996095489278,0.0059370062727061995
A37,1778.279410038926,-5.999995747603117,0.0061103696317538776
A37,1830.2061063110596,-5.999995379103447,0.0062887952603501865
A37,1883.6490894898043,-5.99999498876885,0.006472430976555013
A37,1938.6526359522113,-5.999994575305536,0.00666142891453381
A37,1995.2623149688839,-5.999994137343031,0.00685594565056671
A37,2053.5250264571505,-5.9999936734296915,0.007056142332735153
A37,2113.4890398366515,-5.999993182027835,0.007262184814392992
A37,2175.2040340195276,-5.999992661508678,0.007474243791532609
A37,2238.721138568345,-5.999992110146919,0.007692494944159417
A37,2304.092976055851,-5.999991526115035,0.007917119081791624
A37,2371.373705661661,-5.999990907477204,0.008148302293205364
A37,2440.6190680419863,-5.999990252182914,0.008386236100548962
A37,2511.8864315095866,-5.999989558060168,0.00863111761795355
A37,2585.2348395621975,-5.999988822808227,0.00888314971477092
A37,2660.725059798817,-5.999988043990064,0.009142541183573494
A37,2738.4196342643686,-5.9999872190242485,0.00940950691305495
A37,2818.3829312644616,-5.9999863451763815,0.009684268065974173
A37,2900.681198693162,-5.9999854195500575,0.009967052262289245
A37,2985.3826189179686,-5.999984439077222,0.010258093767632656
A37,3072.557365267456,-5.999983400508077,0.010557633687283016
A37,3162.277660168389,-5.999982300400233,0.010865920165793
A37,3254.617834980469,-5.999981135107341,0.011183208592438286
A37,3349.6543915782872,-5.999979900766993,0.01150976181265641
A37,3447.466065731505,-5.999978593287945,0.01184585034564989
A37,3548.133892335766,-5.9999772083364995,0.012191752608332428
A37,3651.741272548389,-5.999975741322228,0.012547755145802714
A37,3758.3740428844544,-5.999974187382675,0.012914152868535152
A37,3868.120546330535,-5.999972541367292,0.013291249296482628
A37,3981.0717055349864,-5.999970797820353,0.01367935681029175
A37,4097.32109813543,-5.999968950962869,0.014078796909837016
A37,4216.965034285838,-5.999966994673436,0.014489900480285919
A37,4340.102636447455,-5.999964922467957,0.01491300806591345
A37,4466.835921509648,-5.999962727478146,0.01534847015189035
A37,4597.2698853087395,-5.99996040242876,0.01579664745427603
A37,4731.512589614823,-5.999957939613504,0.016257911218453665
A37,4869.67525165865,-5.999955330869471,0.01673264352625139
A37,5011.872336272742,-5.999952567550104,0.017221237612001176
A37,5158.221650723077,-5.999949640496551,0.017724098187793167
A37,5308.8444423099045,-5.999946540007282,0.018241641778191032
A37,5463.865498818564,-5.999943255805971,0.01877429706468166
A37,5623.413251903514,-5.999939777007413,0.01932250524013933
A37,5787.61988349123,-5.99993609208148,0.01988672037359333
A37,5956.62143529013,-5.999932188814885,0.0204674097855953
A37,6130.557921498234,-5.999928054270746,0.02106505443449162
A37,6309.57344480196,-5.999923674745674,0.021680149313913308
A37,6493.816315762142,-5.9999190357244,0.022313203861806772
A37,6683.439175686176,-5.99991412183165,0.022964742381335057
A37,6878.599123088107,-5.999908916781223,0.023635304473990787
A37,7079.457843841412,-5.9999034033220076,0.02432544548526924
A37,7286.181745132311,-5.999897563180848,0.025035736963261418
A37,7498.942093324594,-5.999891377001957,0.025766767130535134
A37,7717.915155850161,-5.9998848242828275,0.026519141369683343
A37,7943.282347242854,-5.99987788330627,0.027293482722928565
A37,8175.23037943654,-5.9998705310685105,0.02809043240618283
A37,8413.951416451991,-5.99986274320291,0.028910650337972868
A37,8659.643233600696,-5.999854493899304,0.029754815683652548
A37,8912.5093813375,-5.999845755818453,0.030623627415333275
A37,9172.759353897844,-5.999836500001505,0.03151780488797715
A37,9440.608762859283,-5.999826695774046,0.03243808843210674
A37,9716.279515771113,-5.999816310644516,0.033385239963599204
A37,10000.000000000055,-5.999805310196556,0.03436004361104227
A37,10292.00527194434,-5.999793657975043,0.03536330636114449
A37,10592.537251772948,-5.999781315365331,0.03639585872270145
A37,10901.844923851339,-5.999768241465368,0.03745855540963459
A37,11220.184543019699,-5.9997543929502335,0.03855227604363094
A37,11547.819846894648,-5.999739723928672,0.03967792587692516
A37,11885.022274370254,-5.999724185791118,0.04083643653577756
A37,12232.071190499388,-5.999707727048755,0.042028766785216935
A37,12589.254117941748,-5.999690293163028,0.04325590331562749
A37,12956.866975170273,-5.999671826365057,0.04451886155177456
A37,13335.21432163332,-5.999652265464423,0.0458186864848775
A37,13724.609610075704,-5.999631545646585,0.04715645352834846
A37,14125.37544622763,-5.9996095982583375,0.04853326939783374
A37,14537.843856076708,-5.9995863505806035,0.04995027301620415
A37,14962.356560944427,-5.999561725587732,0.05140863644415544
A37,15399.265260595015,-5.999535641692633,0.05290956583709408
A37,15848.931924611234,-5.999508012476798,0.05445430242899506
A37,16311.729092278485,-5.999478746404373,0.056044123543932
A37,16788.040181225708,-5.999447746519356,0.05768034363599306
A37,17278.259805078742,-5.99941491012484,0.05936431535830666
A37,17782.79410038934,-5.999380128443419,0.06109743066191632
A37,18302.061063110676,-5.999343286257385,0.06288112192524908
A37,18836.490894898125,-5.999304261527793,0.06471686311494095
A37,19386.5263595222,-5.999262924990967,0.06660617097878525
A37,19952.623149688927,-5.9992191397312435,0.06855060627158469
A37,20535.250264571598,-5.999172760728403,0.07055177501469169
A37,21134.89039836661,-5.999123634378479,0.07261132979003326
A37,21752.040340195374,-5.999071597986285,0.07473097106942098
A37,22387.21138568355,-5.99901647922795,0.07691244857994793
A37,23040.929760558614,-5.998958095581833,0.07915756270628665
A37,23713.737056616716,-5.998896253725838,0.08146816593069202
A37,24406.19068041997,-5.998830748899232,0.08384616431152432
A37,25118.864315095976,-5.998761364226896,0.08629351900109654
A37,25852.348395622088,-5.9986878700037005,0.08881224780364828
A37,26607.250597988284,-5.998610022936856,0.09140442677424306
A37,27384.19634264381,-5.9985275653435846,0.0940721918593714
A37,28183.829312644742,-5.998440224301606,0.09681774058002902
A37,29006.81198693175,-5.998347710749789,0.09964333375802813
A37,29853.826189179817,-5.9982497185357735,0.10255129728626362
A37,30725.573652674695,-5.998145923407776,0.10554402394364792
A37,31622.77660168403,-5.998035981947116,0.10862397525538225
A37,32546.17834980483,-5.997919530438196,0.11179368339920367
A37,33496.54391578302,-5.997796183672136,0.11505575315820099
A37,34474.6606573152,-5.997665533680281,0.11841286392074213
A37,35481.33892335782,-5.997527148393622,0.12186777172800578
A37,36517.41272548406,-5.997380570223621,0.12542331136953158
A37,37583.740428844714,-5.997225314560142,0.12908239852714565
A37,38681.20546330552,-5.997060868181558,0.1328480319675198
A37,39810.71705535004,-5.996886687571988,0.13672329578353837
A37,40973.210981354474,-5.9967021971404195,0.14071136168453408
A37,42169.650342858564,-5.996506787335959,0.14481549133534033
A37,43401.02636447473,-5.996299812653387,0.14903903874396723
A37,44668.35921509667,-5.996080589522689,0.1533854526975709
A37,45972.69885308759,-5.995848394075953,0.15785827924620371
A37,47315.125896148435,-5.9956024597846405,0.1624611642336667
A37,48696.75251658671,-5.995341974959961,0.16719785587456706
A37,50118.723362727644,-5.995066080108518,0.1720722073764653
A37,51582.216507230994,-5.994773865135132,0.17708817960574325
A37,53088.44442309928,-5.994464366384188,0.18224984379554557
A37,54638.65498818588,-5.994136563510539,0.18756138429384772
A37,56234.13251903538,-5.993789376170345,0.1930271013493592
A37,57876.19883491255,-5.993421660522017,0.1986514139326098
A37,59566.21435290155,-5.993032205526435,0.20443886258914593
A37,61305.579214982594,-5.992619729035779,0.2103941123213356
A37,63095.734448019866,-5.992182873658946,0.21652195549476538
A37,64938.16315762169,-5.991720202391734,0.22282731476470136
A37,66834.39175686204,-5.991230193998704,0.22931524601746744
A37,68785.99123088135,-5.990711238133481,0.2359909413209738
A37,70794.5784384144,-5.990161630183411,0.24285973187790516
A37,72861.81745132341,-5.989579565823761,0.24992709097430832
A37,74989.42093324625,-5.988963135266325,0.2571986369154858
A37,77179.15155850194,-5.988310317186026,0.26468013594016493
A37,79432.82347242888,-5.987618972309048,0.27237750510292535
A37,81752.30379436575,-5.986886836644669,0.28029681511374865
A37,84139.5141645203,-5.9861115143429915,0.28844429312240755
A37,86596.43233600735,-5.985290470158999,0.29682632543404885
A37,89125.0938133754,-5.98442102150378,0.3054494601409865
A37,91727.59353897884,-5.983500330062114,0.3143204096541372
A37,94406.08762859325,-5.982525392955277,0.3234460531158913
A37,97162.79515771156,-5.981493033427224,0.33283343867440723
A37,100000.00000000097,-5.980399891031358,0.3424897855973557
A37,102920.05271944383,-5.979242411294737,0.3524224862010335
A37,105925.37251772993,-5.9780168348355645,0.36263910756846207
A37,109018.44923851384,-5.976719185909578,0.37314739302762573
A37,112201.84543019746,-5.975345260360041,0.383955263358316
A37,115478.19846894697,-5.973890612945984,0.3950708176931761
A37,118850.22274370304,-5.972350544022524,0.4065023340754169
A37,122320.71190499439,-5.970720085547166,0.41825826963233104
A37,125892.541179418,-5.968993986385712,0.4303472603201438
A37,129568.66975170327,-5.967166696891375,0.44277812019184526
A37,133352.1432163338,-5.9652323527309115,0.45555984013552686
A37,137246.09610075763,-5.963184757931968,0.4687015860262759
A37,141253.7544622769,-5.961017367126494,0.48221269622995433
A37,145378.4385607677,-5.958723266965855,0.49610267839208255
A37,149623.56560944492,-5.956295156684574,0.5103812054396661
A37,153992.65260595083,-5.953725327788558,0.5250581107177913
A37,158489.31924611304,-5.95100564286401,0.540143382178344
A37,163117.29092278559,-5.948127513450252,0.5556471555268594
A37,167880.40181225786,-5.945081877015069,0.5715797062347415
A37,172782.59805078822,-5.9418591729823085,0.5879514403088448
A37,177827.94100389423,-5.938449317820934,0.6047728837076193
A37,183020.61063110761,-5.934841679191358,0.6220546702835024
A37,188364.90894898213,-5.931025049152516,0.6398075281231108
A37,193865.26359522287,-5.926987616444353,0.6580422641486604
A37,199526.23149689016,-5.9227169378542515,0.6767697468336685
A37,205352.5026457169,-5.91819990870785,0.6960008868792913
A37,211348.90398366703,-5.91342273251148,0.7157466156858224
A37,217520.4034019547,-5.908370889798843,0.7360178614458507
A37,223872.11385683648,-5.903029106242547,0.7568255226754742
A37,230409.29760558717,-5.897381320106722,0.7781804389905805
A37,237137.37056616822,-5.891410649132501,0.8000933589256947
A37,244061.90680420081,-5.885099356967014,0.8225749045839033
A37,251188.64315096088,-5.878428819266285,0.8456355328976424
A37,258523.48395622204,-5.871379489625182,0.869285493272179
A37,266072.505979884,-5.863930865512045,0.8935347813764272
A37,273841.96342643927,-5.856061454413396,0.91839308883981
A37,281838.29312644864,-5.847748740423689,0.9438697486092393
A37,290068.11986931873,-5.8389691515481505,0.9699736757175215
A37,298538.26189179946,-5.829698028022258,0.9967133032138378
A37,307255.7365267483,-5.8199095919900765,1.0240965130088717
A37,316227.7660168417,-5.809576918925453,1.0521305613922138
A37,325461.7834980498,-5.79867191122466,1.0808219989882475
A37,334965.4391578317,-5.787165274446998,1.1101765849296477
A37,344746.6065731536,-5.775026496728408,1.140199195044835
A37,354813.3892335798,-5.762223831960298,1.1708937238818167
A37,365174.1272548422,-5.7487242873409325,1.202262980412371
A37,375837.4042884488,-5.7344936160325135,1.234308577310593
A37,386812.054633057,-5.719496315648986,1.2670308137313964
A37,398107.1705535022,-5.703695633401001,1.300428551576114
A37,409732.10981354665,-5.687053578770319,1.3344990852928638
A37,421696.5034285876,-5.669530944655901,1.3692380053357318
A37,434010.26364474936,-5.651087337974008,1.4046390554884947
A37,446683.59215096885,-5.631681220767627,1.4406939843608508
A37,459726.9885308781,-5.611269962929709,1.4773923914768272
A37,473151.2589614866,-5.589809907674404,1.5147215684971012
A37,486967.5251658694,-5.56725645092936,1.5526663362577295
A37,501187.23362727877,-5.5435641358581185,1.5912088784657785
A37,515822.16507231235,-5.518686763716295,1.630328573058052
A37,530884.4442309953,-5.492577522237327,1.6700018224124715
A37,546386.5498818613,-5.465189132715037,1.7102018837985282
A37,562341.3251903565,-5.436474016918984,1.750898701668997
A37,578761.9883491283,-5.406384484869428,1.792058743606407
A37,595662.1435290184,-5.3748729443917,1.8336448419657065
A37,613055.7921498289,-5.341892133265199,1.875616043500496
A37,630957.3444802017,-5.307395374533689,1.917927469471986
A37,649381.63157622,-5.271336855386141,1.9605301889907811
A37,668343.9175686237,-5.233671929711466,2.003371108548443
A37,687859.9123088169,-5.194357444109117,2.0463928808945324
A37,707945.7843841475,-5.153352086824687,2.089533836610818
A37,728618.1745132377,-5.110616758618265,2.1327279418602902
A37,749894.2093324661,-5.066114964138413,2.1759047858982665
A37,771791.5155850231,-5.019813221900948,2.218989601994809
A37,794328.2347242925,-4.971681490382692,2.261903325385674
A37,817523.0379436614,-4.921693607199655,2.3045626917966726
A37,841395.141645207,-4.869827737756978,2.346880379926759
A37,865964.3233600776,-4.816066829100397,2.388765200994189
A37,891250.9381337581,-4.7603990641301825,2.4301223381084305
A37,917275.9353897927,-4.702818310723013,2.4708536377542663
A37,944060.8762859369,-4.643324559757162,2.510857955101608
A37,971627.9515771201,-4.581924345507664,2.550031554152886
A37,1000000.0000000144,-4.518631141473417,2.588268562953171
A37,1029200.527194443,-4.453465724330444,2.625461483165819
A37,1059253.7251773044,-4.386456498521446,2.661501752334895
A37,1090184.4923851436,-4.317639773870037,2.6962803560513704
A37,1122018.4543019799,-4.24705998875522,2.7296884861398065
A37,1154781.984689475,-4.174769871596369,2.7616182397852165
A37,1188502.2274370359,-4.1008305338526245,2.791963353343479
A37,1223207.1190499496,-4.025311488457624,2.8206199634755076
A37,1258925.4117941859,-3.948290588388848,2.847487387117706
A37,1295686.6975170388,-3.869853881180096,2.872468910862062
A37,1333521.432163344,-3.790095376406888,2.8954725794767224
A37,1372460.9610075825,-3.709116724597914,2.916411972660195
A37,1412537.5446227754,-3.6270268075227428,2.935206958651536
A37,1453784.3856076836,-3.5439412415079348,2.951784413167821
A37,1496235.6560944559,-3.4599817970829383,2.966078892171642
A37,1539926.526059515,-3.3752757400028512,2.9780332473468674
A37,1584893.1924611374,-3.2899551003444403,2.9875991737771748
A37,1631172.909227863,-3.204155877961374,2.994737680243535
A37,1678804.0181225857,-3.1180171940211947,2.999419473735823
A37,1727825.9805078898,-3.0316803995807784,3.001625251181831
A37,1778279.41003895,-2.9452881531712736,3.001345893020937
A37,1830206.106311084,-2.858983480096923,2.998582555023976
A37,1883649.0894898295,-2.7729088265923414,2.9933466566464757
A37,1938652.6359522373,-2.687205122094145,2.9856597661239923
A37,1995262.3149689105,-2.602010862703216,2.9755533844609348
A37,2053525.026457178,-2.517461228407185,2.9630686323285933
A37,2113489.0398366796,-2.433687245815555,2.9482558456124157
A37,2175204.0340195564,-2.350815007117511,2.931174086947055
A37,2238721.1385683743,-2.268964954676496,2.9118905819369543
A37,2304092.9760558815,-2.18825123918642,2.8904800898581806
A37,2371373.705661692,-2.1087811577488353,2.8670242195370097
A37,2440619.0680420185,-2.03065467649661,2.8416107016093646
A37,2511886.4315096196,-1.9539640407210825,2.814332628707174
A37,2585234.8395622317,-1.8787934737385061,2.785287675087859
A37,2660725.059798852,-1.8052189641188008,2.754577306982746
A37,2738419.6342644054,-1.7333081393973404,2.7223059944694175
A37,2818382.931264499,-1.6631202229954933,2.688580434942358
A37,2900681.1986932005,-1.5947060698934643,2.653508797416383
A37,2985382.618918008,-1.5281082755920474,2.617199995908471
A37,3072557.365267497,-1.4633613520616169,2.57976299900858
A37,3162277.6601684312,-1.4004919637882298,2.54130618163213
A37,3254617.8349805125,-1.339519216610805,2.501936723768142
A37,3349654.391578332,-1.2804549918113706,2.461760059856718
A37,3447466.065731551,-1.2233043178785903,2.4208793813140095
A37,3548133.8923358135,-1.1680657724821457,2.379395193676998
A37,3651741.272548438,-1.1147319074186945,2.3374049288166043
A37,3758374.042884505,-1.063289689683813,2.295002611848916
A37,3868120.546330587,-1.0137209522392883,2.252278581522525
A37,3981071.70553504,-0.9660028486041685,2.2093192622682047
A37,4097321.0981354844,-0.9201083059356967,2.1662069854740937
A37,4216965.034285894,-0.8760064718972447,2.123019857172587
A37,4340102.636447512,-0.8336631511936266,2.07983166892428
A37,4466835.921509706,-0.7930412282894774,2.0367118485068754
A37,4597269.885308799,-0.754101073395596,1.9937254468155898
A37,4731512.589614885,-0.7168009293912287,1.9509331573562507
A37,4869675.251658713,-0.6810972778687582,1.9083913646864015
A37,5011872.336272808,-0.6469451829845173,1.8661522182418038
A37,5158221.650723144,-0.6142986122407621,1.824263728090635
A37,5308844.442309974,-0.5831107337206044,1.7827698793071765
A37,5463865.498818635,-0.5533341896528485,1.7417107618560927
A37,5623413.251903587,-0.5249213464806026,1.7011227130684525
A37,5787619.883491306,-0.49782452186699166,1.661038470018604
A37,5956621.435290207,-0.4719961892889951,1.6214873293545389
A37,6130557.921498313,-0.4473891610345897,1.5824953123380592
A37,6309573.444802041,-0.42395675056670157,1.544085333122154
A37,6493816.315762226,-0.401652915309065,1.5062773684826256
A37,6683439.175686263,-0.3804323809887131,1.4690886274610822
A37,6878599.123088196,-0.36025074871580987,1.4325337195829728
A37,7079457.843841503,-0.3410645859997007,1.3966248204873577
A37,7286181.745132405,-0.3228315029128119,1.361371834017948
A37,7498942.093324691,-0.30551021459379046,1.3267825499600037
A37,7717915.155850261,-0.28906059126161043,1.2928627967819695
A37,7943282.347242957,-0.27344369687142395,1.2596165888586717
A37,8175230.379436647,-0.25862181750261576,1.2270462677944503
A37,8413951.416452102,-0.24455848051360368,1.1951526375526684
A37,8659643.23360081,-0.2312184654461345,1.1639350932108712
A37,8912509.381337617,-0.21856780760056843,1.1333917432328682
A37,9172759.353897963,-0.20657379514461077,1.1035195252269057
A37,9440608.762859406,-0.1952049605561385,1.0743143152158903
A37,9716279.51577124,-0.1844310671409582,1.0457710305005714
A37,10000000.000000184,-0.17422309130651853,1.017883726237035
A37,10292005.271944473,-0.16455320121547543,0.990645685887442
A37,10592537.251773085,-0.15539473238715898,0.9640495057284193
A37,10901844.923851479,-0.14672216076269037,0.9380871736265122
A37,11220184.543019842,-0.13851107369874271,0.9127501423022522
A37,11547819.846894797,-0.1307381393085415,0.8880293973202118
A37,11885022.274370406,-0.12338107452473912,0.8639155200512427
A37,12232071.190499544,-0.1164186122166882,0.8403987458498507
A37,12589254.117941909,-0.10983046765818447,0.817469017701071
A37,12956866.97517044,-0.10359730460554759,0.7951160355821125
A37,13335214.321633492,-0.09770070121433008,0.7733293017844882
A37,13724609.61007588,-0.09212311599369413,0.7520981624386934
A37,14125375.446227811,-0.08684785396989039,0.7314118454704989
A37,14537843.856076894,-0.08185903320734045,0.711259495221052
A37,14962356.560944619,-0.07714155181266517,0.691630203945315
A37,15399265.260595214,-0.07268105552771571,0.6725130403978895
A37,15848931.924611438,-0.06846390600060862,0.6538970757124615
A37,16311729.092278697,-0.06447714980611667,0.6357714067551863
A37,16788040.181225926,-0.0607084882750841,0.6181251771448427
A37,17278259.80507897,-0.057146248177959574,0.6009475961042693
A37,17782794.100389574,-0.05377935329742019,0.5842279553062879
A37,18302061.063110918,-0.05059729691547968,0.5679556438699854
A37,18836490.894898374,-0.04759011523144492,0.5521201616488257
A37,19386526.359522454,-0.04474836171992776,0.5367111309457714
A37,19952623.14968919,-0.042063082431743344,0.5217183067828005
A37,20535250.264571868,-0.03952579223485751,0.5071315858425623
A37,21134890.398366887,-0.03712845198783825,0.4929410141923436
A37,21752040.34019566,-0.03486344663435265,0.4791367938944914
A37,22387211.385683842,-0.03272356420358661,0.46570928859659744
A37,23040929.760558918,-0.03070197569910324,0.45264902819409725
A37,23713737.05661703,-0.028792215855809204,0.4399467126442649
A37,24406190.680420294,-0.026988164743289043,0.4275932150108057
A37,25118864.315096308,-0.025284030191974054,0.4155795838079822
A37,25852348.39562243,-0.023674331017791976,0.4038970447125926
A37,26607250.597988635,-0.022153881019718838,0.3925370017007027
A37,27384196.34264417,-0.020717773724544336,0.3814910376686951
A37,28183829.31264511,-0.0193613678524478,0.370750914587541
A37,29006811.98693213,-0.018080273477105745,0.36030857323956245
A37,29853826.189180207,-0.016870338853849448,0.3501561325787274
A37,30725573.652675096,-0.01572763788992668,0.3402858887591717
A37,31622776.601684444,-0.014648458230703026,0.33069031386284414
A37,32546178.34980526,-0.01362928993658643,0.3213620543653983
A37,33496543.915783457,-0.012666814725522911,0.3122939293678733
A37,34474660.65731565,-0.01175789575667702,0.30347892862342085
A37,35481338.92335828,-0.010899567931487098,0.2949102103853991
A37,36517412.72548453,-0.010089028688904603,0.2865810991000357
A37,37583740.4288452,-0.009323629272312381,0.2784850829645218
A37,38681205.463306025,-0.008600866446414182,0.2706158113720902
A37,39810717.05535056,-0.007918374642951928,0.2629670922587934
A37,40973210.98135501,-0.007273918515059178,0.2555328893716946
A37,42169650.34285911,-0.006665385880603572,0.24830731947032675
A37,43401026.3644753,-0.006090781035750075,0.24128464947624712
A37,44668359.21509726,-0.00554821842065854,0.2344592935824712
A37,45972698.8530882,-0.005035916619956664,0.22782581033305244
A37,47315125.89614906,-0.004552192681380731,0.22137889968338975
A37,48696752.516587354,-0.004095456736654705,0.21511340004977708
A37,50118723.362728305,-0.0036642069093691127,0.20902428535558293
A37,51582216.507231675,-0.003257024495320629,0.20310666208226902
A37,53088444.42309998,-0.0028725694013884886,0.19735576633040636
A37,54638654.988186605,-0.0025095758296871254,0.19176696089670878
A37,56234132.51903613,-0.0021668481943479994,0.18633573237301662
A37,57876198.83491332,-0.0018432572588480836,0.18105768826967217
A37,59566214.352902345,-0.0015377364824179273,0.17592855416936612
A37,61305579.21498341,-0.0012492785645745429,0.17094417091277145
A37,63095734.44802071,-0.0009769321773858385,0.16610049182117337
A37,64938163.15762256,-0.0007197988755568239,0.16139357995623932
A37,66834391.75686294,-0.0004770301749373951,0.1568196054214941
A37,68785991.23088229,-0.00024782479050611565,0.152374842705286
A37,70794578.43841536,-3.142602533998335e-05,0.14805566806849105
A37,72861817.45132439,0.00017288069749429999,0.14385855697726668
A37,74989420.93324725,0.0003657701677797164,0.13978008158217917
A37,77179151.55850297,0.0005478795929822837,0.1358169082446938
A37,79432823.47242993,0.0007198106819686278,0.13196579511173553
A37,81752303.79436684,0.0008821316141320004,0.12822358973797252
A37,84139514.1645214,0.0010353789001355078,0.12458722675769707
A37,86596432.33600849,0.0011800591401253154,0.1210537256047404
A37,89125093.81337658,0.0013166506849890602,0.11762018828166848
A37,91727593.53898005,0.0014456052059251565,0.1142837971777051
A37,94406087.6285945,0.0015673491773056593,0.11104181293479254
A37,97162795.15771285,0.0016822852775831257,0.10789157236274877
A37,100000000.0000023,0.0017907937126856884,0.10483048640148482
R37,1000.0,-5.999999999999938,0.00044267399214934004
R37,1029.2005271944283,-5.999999998077135,0.0004556003059502829
R37,1059.2537251772892,-5.999999996040598,0.0004689040749158254
R37,1090.1844923851281,-5.999999993883584,0.00048259632093458827
R37,1122.018454301964,-5.999999991597626,0.000496688387739933
R37,1154.781984689459,-5.999999989177159,0.0005111919503083754
R37,1188.5022274370194,-5.999999986612172,0.0005261190245314369
R37,1223.2071190499325,-5.999999983894854,0.000541481977171095
R37,1258.9254117941682,-5.999999981018877,0.0005572935361053384
R37,1295.6866975170205,-5.999999977970726,0.0005735668008721196
R37,1333.5214321633252,-5.99999997474298,0.0005903152535232546
R37,1372.4609610075634,-5.999999971322963,0.0006075527697929317
R37,1412.5375446227558,-5.99999996770136,0.000625293630594284
R37,1453.7843856076636,-5.999999963863516,0.0006435525338499186
R37,1496.2356560944354,-5.99999995980074,0.0006623446066699956
R37,1539.926526059494,-5.999999955493587,0.000681685417882888
R37,1584.8931924611159,-5.999999950933812,0.0007015909909360168
R37,1631.1729092278408,-5.99999994610299,0.0007220778171685194
R37,1678.804018122563,-5.999999940986483,0.0007431628694755223
R37,1727.8259805078665,-5.9999999355666835,0.0007648636163690055
R37,1778.279410038926,-5.9999999298263385,0.0007871980364504563
R37,1830.2061063110596,-5.999999923745113,0.0008101846333052757
R37,1883.6490894898043,-5.99999991730356,0.0008338424508330765
R37,1938.6526359522113,-5.999999910479697,0.0008581910890246465
R37,1995.2623149688839,-5.999999903252951,0.0008832507202006265
R37,2053.5250264571505,-5.9999998955974085,0.0009090421057228204
R37,2113.4890398366515,-5.999999887488415,0.0009355866131954232
R37,2175.2040340195276,-5.999999878898466,0.000962906234166956
R37,2238.721138568345,-5.99999986979981,0.0009910236023501196
R37,2304.092976055851,-5.999999860161682,0.0010199620123728188
R37,2371.373705661661,-5.999999849952189,0.0010497454390774772
R37,2440.6190680419863,-5.999999839138894,0.0010803985573837067
R37,2511.8864315095866,-5.999999827683349,0.0011119467627298601
R37,2585.2348395621975,-5.99999981554966,0.0011444161921140331
R37,2660.725059798817,-5.999999802697676,0.0011778337457466648
R37,2738.4196342643686,-5.999999789082884,0.001212227109336569
R37,2818.3829312644616,-5.9999997746642375,0.0012476247770293895
R37,2900.681198693162,-5.999999759387362,0.0012840560750107836
R37,2985.3826189179686,-5.9999997432083845,0.0013215511858073188
R37,3072.557365267456,-5.999999726069108,0.0013601411732866119
R37,3162.277660168389,-5.999999707914163,0.0013998580083965264
R37,3254.617834980469,-5.999999688684815,0.001440734595650892
R37,3349.6543915782872,-5.999999668314116,0.0014828048003887326
R37,3447.466065731505,-5.999999646738663,0.0015261034768335386
R37,3548.133892335766,-5.999999623882413,0.0015706664969649558
R37,3651.741272548389,-5.9999995996730755,0.0016165307802417403
R37,3758.3740428844544,-5.999999574029893,0.0016637343241852765
R37,3868.120546330535,-5.999999546866022,0.0017123162358598525
R37,3981.0717055349864,-5.999999518092927,0.0017623167642728391
R37,4097.32109813543,-5.999999487614746,0.0018137773337180891
R37,4216.965034285838,-5.999999455331974,0.0018667405780956427
R37,4340.102636447455,-5.999999421135142,0.001921250376230496
R37,4466.835921509648,-5.9999993849117725,0.0019773518882267908
R37,4597.2698853087395,-5.999999346542689,0.002035091592880225
R37,4731.512589614823,-5.999999305899613,0.002094517326183183
R37,4869.67525165865,-5.999999262848752,0.002155678320956242
R37,5011.872336272742,-5.999999217245669,0.0022186252476338515
R37,5158.221650723077,-5.9999991689421535,0.002283410256245253
R37,5308.8444423099045,-5.999999117775064,0.0023500870196145004
R37,5463.865498818564,-5.9999990635777865,0.0024187107778304577
R37,5623.413251903514,-5.999999006167668,0.0024893383840059154
R37,5787.61988349123,-5.999998945356774,0.0025620283513821092
R37,5956.62143529013,-5.9999988809419165,0.0026368409018001785
R37,6130.557921498234,-5.9999988127106425,0.002713838015594567
R37,6309.57344480196,-5.999998740435213,0.002793083482938043
R37,6493.816315762142,-5.999998663879843,0.00287464295669193
R37,6683.439175686176,-5.99999858278658,0.002958584006789425
R37,6878.599123088107,-5.9999984968871285,0.003044976176219097
R37,7079.457843841412,-5.999998405899296,0.0031338910386357875
R37,7286.181745132311,-5.999998309520054,0.0032254022576516236
R37,7498.942093324594,-5.999998207431202,0.0033195856478647114
R37,7717.915155850161,-5.999998099290309,0.003416519237661765
R37,7943.282347242854,-5.9999979847442635,0.0035162833338670953
R37,8175.23037943654,-5.999997863409429,0.0036189605882600874
R37,8413.951416451991,-5.999997734885701,0.0037246360660543416
R37,8659.643233600696,-5.999997598745869,0.0038333973163616067
R37,8912.5093813375,-5.999997454540182,0.003945334444722244
R37,9172.759353897844,-5.99999730178954,0.004060540187746046
R37,9440.608762859283,-5.9999971399865695,0.004179109989937281
R37,9716.279515771113,-5.999996968596624,0.004301142082762843
R37,10000.000000000055,-5.999996787053333,0.004426737566025053
R37,10292.00527194434,-5.999996594750062,0.004556000491606684
R37,10592.537251772948,-5.999996391053252,0.00468903794967733
R37,10901.844923851339,-5.99999617528698,0.004825960157394917
R37,11220.184543019699,-5.999995946735394,0.004966880550210086
R37,11547.819846894648,-5.999995704643007,0.005111915875834689
R37,11885.022274370254,-5.999995448202856,0.005261186290943198
R37,12232.071190499388,-5.999995176567863,0.005414815460716805
R37,12589.254117941748,-5.999994888839998,0.005572930661274551
R37,12956.866975170273,-5.999994584061329,0.005735662885095238
R37,13335.21432163332,-5.999994261224172,0.005903146949534792
R37,13724.609610075704,-5.999993919256438,0.006075521608487792
R37,14125.37544622763,-5.999993557028742,0.006252929667329567
R37,14537.843856076708,-5.999993173336002,0.006435518101187384
R37,14962.356560944427,-5.999992766908128,0.006623438176693691
R37,15399.265260595015,-5.999992336397792,0.006816845577269245
R37,15848.931924611234,-5.999991880378688,0.007015900532073797
R37,16311.729092278485,-5.999991397338088,0.007220767948713816
R37,16788.040181225708,-5.999990885676553,0.007431617549831767
R37,17278.259805078742,-5.99999034369527,0.007648624013666503
R37,17782.79410038934,-5.9999897696018065,0.007871967118738596
R37,18302.061063110676,-5.999989161491468,0.008101831892726865
R37,18836.490894898125,-5.999988517347018,0.008338408765712391
R37,19386.5263595222,-5.999987835035351,0.008581893727891024
R37,19952.623149688927,-5.9999871122944155,0.008832488491873772
R37,20535.250264571598,-5.999986346728406,0.009090400659734117
R37,21134.89039836661,-5.9999855358005,0.009355843894925676
R37,21752.040340195374,-5.9999846768218035,0.009629038099209427
R37,22387.21138568355,-5.9999837669457765,0.009910209594750863
R37,23040.929760558614,-5.9999828031568345,0.010199591311519962
R37,23713.737056616716,-5.999981782259696,0.01049742298015814
R37,24406.19068041997,-5.99998070087014,0.010803951330473143
R37,25118.864315095976,-5.999979555405817,0.011119430295723407
R37,25852.348395622088,-5.9999783420684,0.011444121222843995
R37,26607.250597988284,-5.999977056837678,0.011778293088824894
R37,27384.19634264381,-5.999975695452257,0.01212222272337319
R37,28183.829312644742,-5.9999742534008025,0.012476195038087546
R37,29006.81198693175,-5.999972725901776,0.01284050326229079
R37,29853.826189179817,-5.9999711078956235,0.013215449185763062
R37,30725.573652674695,-5.9999693940153564,0.013601343408503424
R37,31622.77660168403,-5.999967578583483,0.013998505597828378
R37,32546.17834980483,-5.999965655581223,0.014407264752900505
R37,33496.54391578302,-5.999963618637245,0.014827959477009326
R37,34474.6606573152,-5.999961460996612,0.015260938257737298
R37,35481.33892335782,-5.999959175509092,0.015706559755334328
R37,36517.41272548406,-5.9999567545994985,0.0161651930994468
R37,37583.740428844714,-5.999954190244663,0.016637218194504092
R37,38681.20546330552,-5.999951473946194,0.01712302603398557
R37,39810.71705535004,-5.999948596697698,0.017623019023819957
R37,40973.210981354474,-5.999945548965022,0.01813761131523535
R37,42169.650342858564,-5.999942320645353,0.01866722914723364
R37,43401.02636447473,-5.999938901041133,0.019212311199072962
R37,44668.35921509667,-5.999935278815367,0.019773308952945035
R37,45972.69885308759,-5.999931441964769,0.02035068706725658
R37,47315.125896148435,-5.999927377770717,0.020944923760691077
R37,48696.75251658671,-5.999923072765883,0.021556511207486504
R37,50118.723362727644,-5.9999185126796615,0.022185955944125334
R37,51582.216507230994,-5.999913682396979,0.022833779287885506
R37,53088.44442309928,-5.999908565911639,0.023500517767528865
R37,54638.65498818588,-5.99990314626605,0.024186723566440756
R37,56234.13251903538,-5.9998974054964656,0.024892964978649793
R37,57876.19883491255,-5.999891324576248,0.025619826878070302
R37,59566.21435290155,-5.999884883352283,0.026367911201324933
R37,61305.579214982594,-5.999878060475648,0.027137837444537863
R37,63095.734448019866,-5.999870833337701,0.02793024317454723
R37,64938.16315762169,-5.999863177979964,0.028745784554802655
R37,66834.39175686204,-5.999855069039564,0.02958513688665337
R37,68785.99123088135,-5.999846479634046,0.030448995166006382
R37,70794.5784384144,-5.999837381302473,0.031338074656356026
R37,72861.81745132341,-5.999827743891984,0.03225311147810255
R37,74989.42093324625,-5.999817535461435,0.03319486321497399
R37,77179.15155850194,-5.999806722180448,0.03416410953792864
R37,79432.82347242888,-5.999795268214929,0.03516165284697914
R37,81752.30379436575,-5.999783135606561,0.03618831893147815
R37,84139.5141645203,-5.99977028414868,0.03724495764939747
R37,86596.43233600735,-5.999756671254683,0.03833244362610936
R37,89125.0938133754,-5.999742251812591,0.039451676973170056
R37,91727.59353897884,-5.999726978040613,0.04060358402775355
R37,94406.08762859325,-5.999710799324545,0.041789118113183886
R37,97162.79515771156,-5.999693662052488,0.04300926032124649
R37,100000.00000000097,-5.999675509441031,0.04426502031684098
R37,102920.05271944383,-5.999656281338229,0.045557437165475764
R37,105925.37251772993,-5.9996359140328845,0.046887580184441335
R37,109018.44923851384,-5.999614340038686,0.04825654981807199
R37,112201.84543019746,-5.999591487871248,0.04966547853787771
R37,115478.19846894697,-5.999567281816638,0.05111553176820817
R37,118850.22274370304,-5.999541641677259,0.05260790883801245
R37,122320.71190499439,-5.999514482499635,0.054143843959414566
R37,125892.541179418,-5.999485714305853,0.05572460723400852
R37,129568.66975170327,-5.999455241786425,0.05735150568722423
R37,133352.1432163338,-5.999422963994917,0.059025884331855266
R37,137246.09610075763,-5.999388774001346,0.06074912726109668
R37,141253.7544622769,-5.9993525585451835,0.06252265877223447
R37,145378.4385607677,-5.999314197661542,0.06434794452151243
R37,149623.56560944492,-5.999273564282589,0.06622649271097104
R37,153992.65260595083,-5.999230523824936,0.06815985530816915
R37,158489.31924611304,-5.999184933726284,0.07014962929918298
R37,163117.29092278559,-5.999136642996499,0.07219745797642349
R37,167880.40181225786,-5.9990854917003285,0.07430503226116003
R37,172782.59805078822,-5.999031310448666,0.07647409206246666
R37,177827.94100389423,-5.998973919813468,0.07870642767240088
R37,183020.61063110761,-5.998913129762999,0.08100388119944985
R37,188364.90894898213,-5.998848739008293,0.08336834803970286
R37,193865.26359522287,-5.998780534361316,0.08580177838789096
R37,199526.23149689016,-5.998708290014134,0.08830617878792785
R37,205352.5026457169,-5.998631766806006,0.09088361372469667
R37,211348.90398366703,-5.998550711430107,0.09353620725724109
R37,217520.4034019547,-5.998464855593886,0.09626614469436036
R37,223872.11385683648,-5.998373915140409,0.09907567431353836
R37,230409.29760558717,-5.99827758911719,0.10196710912380286
R37,237137.37056616822,-5.9981755587707,0.10494282867290242
R37,244061.90680420081,-5.998067486507532,0.10800528090022624
R37,251188.64315096088,-5.997953014781343,0.11115698403550878
R37,258523.48395622204,-5.997831764913445,0.11440052854411197
R37,266072.505979884,-5.9977033358505505,0.1177385791195889
R37,273841.96342643927,-5.99756730284304,0.12117387672381319
R37,281838.29312644864,-5.9974232160641785,0.12470924067561175
R37,290068.11986931873,-5.997270599111891,0.12834757078720022
R37,298538.26189179946,-5.997108947452968,0.13209184954999972
R37,307255.7365267483,-5.996937726772165,0.13594514436942387
R37,316227.7660168417,-5.996756371226182,0.13991060984885512
R37,325461.7834980498,-5.996564281574491,0.1439914901222664
R37,334965.4391578317,-5.99636082322961,0.1481911212364589
R37,344746.6065731536,-5.996145324179537,0.1525129335817167
R37,354813.3892335798,-5.99591707279507,0.15696045437088207
R37,365174.1272548422,-5.995675315499858,0.16153731016585038
R37,375837.4042884488,-5.9954192543059435,0.16624722945089776
R37,386812.054633057,-5.9951480442331855,0.17109404525255714
R37,398107.1705535022,-5.9948607905472215,0.1760816978032258
R37,409732.10981354665,-5.9945565458368835,0.1812142372476826
R37,421696.5034285876,-5.99423430695936,0.18649582639182288
R37,434010.26364474936,-5.9938930117666525,0.1919307434891927
R37,446683.59215096885,-5.993531535681861,0.1975233850651359
R37,459726.9885308781,-5.9931486880352045,0.20327826877316207
R37,473151.2589614866,-5.992743208237351,0.2092000362830025
R37,486967.5251658694,-5.992313761710726,0.21529345619439433
R37,501187.23362727877,-5.991858935571483,0.2215634269722639
R37,515822.16507231235,-5.991377234104739,0.22801497990037567
R37,530884.4442309953,-5.990867073959343,0.23465328204579738
R37,546386.5498818613,-5.990326779066246,0.2414836392285053
R37,562341.3251903565,-5.9897545752866375,0.24851149898997238
R37,578761.9883491283,-5.989148584752089,0.25574245355209113
R37,595662.1435290184,-5.988506819891336,0.26318224275815605
R37,613055.7921498289,-5.987827177097435,0.2708367569849093
R37,630957.3444802017,-5.987107430092936,0.2787120400181975
R37,649381.63157622,-5.986345222888072,0.28681429187659935
R37,668343.9175686237,-5.985538062349062,0.2951498715713099
R37,687859.9123088169,-5.9846833103823105,0.30372529978901125
R37,707945.7843841475,-5.983778175696257,0.3125472614810092
R37,728618.1745132377,-5.982819705056774,0.32162260833765827
R37,749894.2093324661,-5.981804774157943,0.33095836113605404
R37,771791.5155850231,-5.980730077913588,0.34056171193077917
R37,794328.2347242925,-5.979592120313281,0.35044002607321856
R37,817523.0379436614,-5.978387203666777,0.3606008440255507
R37,841395.141645207,-5.97711141733675,0.37105188294833225
R37,865964.3233600776,-5.9757606258477765,0.3818010380261114
R37,891250.9381337581,-5.974330456407184,0.3928563835012545
R37,917275.9353897927,-5.972816285748097,0.40422617337554245
R37,944060.8762859369,-5.971213226356762,0.4159188417454923
R37,971627.9515771201,-5.969516111958786,0.42794300272172847
R37,1000000.0000000144,-5.967719482305522,0.4403074498897398
R37,1029200.527194443,-5.965817567220931,0.453021155260203
R37,1059253.7251773044,-5.963804269847026,0.4660932676507298
R37,1090184.4923851436,-5.961673149129287,0.4795331104439168
R37,1122018.4543019799,-5.959417401450949,0.4933501786517114
R37,1154781.984689475,-5.95702984142768,0.5075541352182944
R37,1188502.2274370359,-5.954502881830929,0.5221548064847332
R37,1223207.1190499496,-5.951828512626855,0.5371621767340184
R37,1258925.4117941859,-5.9489982791105,0.5525863817279801
R37,1295686.6975170388,-5.946003259081408,0.5684377011373463
R37,1333521.432163344,-5.942834039153478,0.5847265497724196
R37,1372460.9610075825,-5.939480690044781,0.6014634674911592
R37,1412537.5446227754,-5.935932740951326,0.6186591076768919
R37,1453784.3856076836,-5.932179153000481,0.6363242241598652
R37,1496235.6560944559,-5.928208291715621,0.6544696564404363
R37,1539926.526059515,-5.924007898596331,0.6731063130798381
R37,1584893.1924611374,-5.919565061770548,0.6922451530991984
R37,1631172.909227863,-5.914866185825587,0.7118971652334889
R37,1678804.0181225857,-5.909896960742395,0.7320733448554335
R37,1727825.9805078898,-5.904642330154399,0.752784668407968
R37,1778279.41003895,-5.899086458827695,0.7740420651342451
R37,1830206.106311084,-5.8932126995941605,0.7958563859229514
R37,1883649.0894898295,-5.887003559748246,0.8182383690484476
R37,1938652.6359522373,-5.880440667057757,0.841198602590802
R37,1995262.3149689105,-5.873504735566926,0.8647474833141824
R37,2053525.026457178,-5.866175531279169,0.8888951717581918
R37,2113489.0398366796,-5.858431838021872,0.9136515433169579
R37,2175204.0340195564,-5.850251423621152,0.9390261350465059
R37,2238721.1385683743,-5.841611006696197,0.9650280879588129
R37,2304092.9760558815,-5.8324862243464946,0.9916660845491911
R37,2371373.705661692,-5.822851601075243,1.0189482813095396
R37,2440619.0680420185,-5.81268051929013,1.04688223597659
R37,2511886.4315096196,-5.801945191815761,1.0754748292795386
R37,2585234.8395622317,-5.790616636887383,1.1047321809612123
R37,2660725.059798852,-5.778664656081101,1.1346595598505438
R37,2738419.6342644054,-5.766057815854344,1.1652612878164548
R37,2818382.931264499,-5.752763433144411,1.196540637406721
R37,2900681.1986932005,-5.738747565882685,1.2284997230773014
R37,2985382.618918008,-5.723975009042467,1.2611393859017332
R37,3072557.365267497,-5.708409297012053,1.2944590717207083
R37,3162277.6601684312,-5.692012713254059,1.328456702776751
R37,3254617.8349805125,-5.6747463080412395,1.3631285428987234
R37,3349654.391578332,-5.65656992532516,1.3984690564270492
R37,3447466.065731551,-5.637442239740203,1.4344707611402605
R37,3548133.8923358135,-5.617320804847517,1.4711240755616555
R37,3651741.272548438,-5.5961621137334845,1.5084171611365829
R37,3758374.042884505,-5.573921673141693,1.5463357599119292
R37,3868120.546330587,-5.550554092326057,1.5848630284939094
R37,3981071.70553504,-5.526013187871821,1.623979369236937
R37,4097321.0981354844,-5.500252105643465,1.6636622597711888
R37,4216965.034285894,-5.473223461087203,1.7038860821936015
R37,4340102.636447512,-5.444879499046596,1.7446219534467668
R37,4466835.921509706,-5.415172274137353,1.7858375586135287
R37,4597269.885308799,-5.3840538526943655,1.8274969891010673
R37,4731512.589614885,-5.3514765370936725,1.8695605878951314
R37,4869675.251658713,-5.317393113247446,1.911984804355226
R37,5011872.336272808,-5.281757121590221,1.95472206116244
R37,5158221.650723144,-5.244523151912227,1.9977206363544264
R37,5308844.442309974,-5.205647161913006,2.0409245635308295
R37,5463865.498818635,-5.165086819043461,2.0842735535134107
R37,5623413.251903587,-5.1228018649091505,2.127702940944072
R37,5787619.883491306,-5.078754500857346,2.1711436593423183
R37,5956621.435290207,-5.032909793173982,2.214522248332049
R37,6130557.921498313,-4.9852360954962,2.2577608966437284
R37,6309573.444802041,-4.935705485711531,2.300777524537004
R37,6493816.315762226,-4.884294213877304,2.3434859090939257
R37,6683439.175686263,-4.830983157165144,2.3857958556446004
R37,6878599.123088196,-4.775758277188818,2.4276134182532045
R37,7079457.843841503,-4.718611074462014,2.4688411717630907
R37,7286181.745132405,-4.659539034167786,2.509378537370357
R37,7498942.093324691,-4.598546056867086,2.5491221630354364
R37,7717915.155850261,-4.535642867324782,2.587966359289742
R37,7943282.347242957,-4.470847394242396,2.6258035901197303
R37,8175230.379436647,-4.404185113411867,2.662525017637731
R37,8413951.416452102,-4.335689346688175,2.6980210982050226
R37,8659643.23360081,-4.265401509151405,2.7321822265225113
R37,8912509.381337617,-4.193371297103986,2.7648994230887403
R37,9172759.353897963,-4.119656809835025,2.7960650591861302
R37,9440608.762859406,-4.0443245987212215,2.825573612425221
R37,9716279.51577124,-3.9674496380350095,2.8533224447781897
R37,10000000.000000184,-3.8891152127144073,2.879212593939162
R37,10292005.271944473,-3.8094127196737197,2.9031495680549195
R37,10592537.251773085,-3.7284413804152696,2.925044133018736
R37,10901844.923851479,-3.646307864381119,2.9448130811205413
R37,11220184.543019842,-3.563125823938031,2.962379969431084
R37,11547819.846894797,-3.479015343678139,2.977675816329741
R37,11885022.274370406,-3.3941023084288213,2.99063974481815
R37,12232071.190499544,-3.308517696020327,3.0012195617440245
R37,12589254.117941909,-3.222396802555457,3.0093722629210125
R37,12956866.97517044,-3.1358784093766463,3.015064455163422
R37,13335214.321633492,-3.0491039023190174,3.0182726876417973
R37,13724609.61007588,-2.9622163548639433,3.0189836864358313
R37,14125375.446227811,-2.875359587761864,3.017194487985684
R37,14537843.856076894,-2.7886772181666877,3.0129124689160793
R37,14962356.560944619,-2.7023117116305535,3.0061552716919273
R37,15399265.260595214,-2.616403450227592,2.9969506275039723
R37,15848931.924611438,-2.5310898296533213,2.985336079648462
R37,16311729.092278697,-2.446504397521161,2.971358612544217
R37,16788040.181225926,-2.3627760440576715,2.9550741931320132
R37,17278259.80507897,-2.280028255202549,2.9365472328791
R37,17782794.100389574,-2.198378436708585,2.915849979842148
R37,18302061.063110918,-2.1179373162867816,2.893061851231546
R37,18836490.894898374,-2.0388084291305204,2.8682687175517643
R37,19386526.359522454,-1.9610876904668806,2.8415621498323125
R37,19952623.14968919,-1.8848630570845448,2.813038641609575
R37,20535250.264571868,-1.8102142780539916,2.7827988170692346
R37,21134890.398366887,-1.7372127333765142,2.7509466364898483
R37,21752040.34019566,-1.665921357777493,2.717588609389849
R37,22387211.385683842,-1.5963946456391511,2.682833025059555
R37,23040929.760558918,-1.5286787319376742,2.6467892091508167
R37,23713737.05661703,-1.4628115431640274,2.609566813947922
R37,24406190.680420294,-1.3988230115215707,2.5712751488202183
R37,25118864.315096308,-1.3367353451769781,2.5320225561398235
R37,25852348.39562243,-1.2765633470647286,2.491915836807358
R37,26607250.597988635,-1.2183147746212228,2.4510597283658386
R37,27384196.34264417,-1.1619907328632668,2.4095564375648086
R37,28183829.31264511,-1.107586093443354,2.3675052282602076
R37,29006811.98693213,-1.055089932614816,2.3250020645712386
R37,29853826.189180207,-1.004485981464792,2.2821393083960286
R37,30725573.652675096,-0.9557530822837734,2.239005469697534
R37,31622776.601684444,-0.9088656454766617,2.1956850073217713
R37,32546178.34980526,-0.8637941020432958,2.1522581776869307
R37,33496543.915783457,-0.820505347238802,2.1088009282304943
R37,34474660.65731565,-0.778963171661228,2.0653848322737947
R37,35481338.92335828,-0.7391286766132572,2.0220770617723223
R37,36517412.72548453,-0.7009606711510699,1.9789403942819863
R37,37583740.4288452,-0.6644160488062253,1.9360332505131088
R37,38681205.463306025,-0.629450142453898,1.8934097588261327
R37,39810717.05535056,-0.5960170562785942,1.8511198431500717
R37,40973210.98135501,-0.564069974205589,1.8092093309399075
R37,42169650.34285911,-0.5335614445314756,1.7677200779432019
R37,43401026.3644753,-0.5044436408242731,1.7266901067906395
R37,44668359.21509726,-0.47666859942300754,1.6861537565876805
R37,45972698.8530882,-0.45018843411049714,1.646141840950409
R37,47315125.89614906,-0.42495552872246767,1.6066818121627156
R37,48696752.516587354,-0.4009227086012544,1.5677979293423734
R37,50118723.362728305,-0.37804339192666747,1.5295114287633638
R37,51582216.507231675,-0.35627172203582447,1.4918406946843283
R37,53088444.42309998,-0.3355626819000195,1.4548014292408573
R37,54638654.988186605,-0.3158721919674691,1.4184068201963378
R37,56234132.51903613,-0.2971571925795991,1.3826677054772447
R37,57876198.83491332,-0.27937571217615575,1.3475927336528661
R37,59566214.352902345,-0.2624869224693857,1.3131885196095716
R37,61305579.21498341,-0.2464511817507296,1.2794597948902504
R37,63095734.44802071,-0.23123006743660207,1.2464095522239773
R37,64938163.15762256,-0.2167863989203162,1.2140391839334577
R37,66834391.75686294,-0.20308425174027311,1.1823486139984758
R37,68785991.23088229,-0.1900889640142746,1.151336423628412
R37,70794578.43841536,-0.17776713603165167,1.1209999702842974
R37,72861817.45132439,-0.16608662383482467,1.0913355001656255
R37,74989420.93324725,-0.15501652755718193,1.062338254208042
R37,77179151.55850297,-0.1445271752275888,1.034002567709008
R37,79432823.47242993,-0.13459010269072236,1.0063219637197738
R37,81752303.79436684,-0.12517803023785257,0.9792892403891138
R37,84139514.1645214,-0.1162648364860036,0.9528965524479863
R37,86596432.33600849,-0.10782552999470449,0.9271354870663402
R37,89125093.81337658,-0.09983621905833992,0.901997134302863
R37,91727593.53898005,-0.09227408006910537,0.87747215240194
R37,94406087.6285945,-0.08511732480114902,0.8535508281786004
R37,97162795.15771285,-0.07834516692818741,0.8302231327459252
R37,100000000.0000023,-0.07193778804996301,0.8074787728332325
AL37W,1000.0,-5.999999999994631,0.003517850772089
AL37W,1029.2005271944283,-5.999999877849397,0.0036205737955605118
AL37W,1059.2537251772892,-5.999999748466606,0.0037262963788289747
AL37W,1090.1844923851281,-5.999999611417409,0.0038351061100226824
AL37W,1122.018454301964,-5.999999466247549,0.003947093134835409
AL37W,1154.781984689459,-5.999999312475844,0.004062350231203816
AL37W,1188.5022274370194,-5.9999991495925915,0.0041809728861650014
AL37W,1223.2071190499325,-5.999998977057911,0.004303059374957874
AL37W,1258.9254117941682,-5.999998794299923,0.004428710842433827
AL37W,1295.6866975170205,-5.999998600712856,0.004558031386844013
AL37W,1333.5214321633252,-5.999998395655046,0.0046911281460726845
AL37W,1372.4609610075634,-5.999998178446811,0.004828111386387919
AL37W,1412.5375446227558,-5.999997948368197,0.004969094593783141
AL37W,1453.7843856076636,-5.9999977046565895,0.005114194567985086
AL37W,1496.2356560944354,-5.999997446504176,0.00526353151920594
AL37W,1539.926526059494,-5.999997173055302,0.005417229167719793
AL37W,1584.8931924611159,-5.999996883403589,0.0055754148463456644
AL37W,1631.1729092278408,-5.999996576588962,0.005738219605922004
AL37W,1678.804018122563,-5.999996251594457,0.0059057783238598465
AL37W,1727.8259805078665,-5.999995907342859,0.006078229815864434
AL37W,1778.279410038926,-5.999995542693116,0.006255716950917667
AL37W,1830.2061063110596,-5.999995156436559,0.006438386769616525
AL37W,1883.6490894898043,-5.999994747292919,0.006626390605965292
AL37W,1938.6526359522113,-5.999994313906055,0.006819884212722264
AL37W,1995.2623149688839,-5.999993854839476,0.007019027890404532
AL37W,2053.5250264571505,-5.999993368571571,0.007223986620057559
AL37W,2113.4890398366515,-5.999992853490559,0.007434930199899173
AL37W,2175.2040340195276,-5.9999923078891815,0.0076520333859510185
AL37W,2238.721138568345,-5.9999917299589915,0.00787547603677349
AL37W,2304.092976055851,-5.999991117784411,0.008105443262423895
AL37W,2371.373705661661,-5.999990469336346,0.008342125577760703
AL37W,2440.6190680419863,-5.999989782465465,0.008585719060220556
AL37W,2511.8864315095866,-5.999989054895096,0.008836425512198426
AL37W,2585.2348395621975,-5.999988284213668,0.009094452628164678
AL37W,2660.725059798817,-5.999987467866713,0.00936001416665716
AL37W,2738.4196342643686,-5.999986603148396,0.00963333012729022
AL37W,2818.3829312644616,-5.999985687192571,0.009914626932926622
AL37W,2900.681198693162,-5.999984716963257,0.010204137617162474
AL37W,2985.3826189179686,-5.999983689244585,0.010502102017280046
AL37W,3072.557365267456,-5.999982600630132,0.010808766972827068
AL37W,3162.277660168389,-5.99998144751165,0.011124386529986683
AL37W,3254.617834980469,-5.999980226067093,0.011449222151905756
AL37W,3349.6543915782872,-5.9999789322479264,0.011783542935155262
AL37W,3447.466065731505,-5.999977561765768,0.012127625832500717
AL37W,3548.133892335766,-5.999976110078112,0.012481755882165749
AL37W,3651.741272548389,-5.999974572373334,0.012846226443777737
AL37W,3758.3740428844544,-5.999972943554668,0.013221339441189098
AL37W,3868.120546330535,-5.999971218223399,0.013607405612374203
AL37W,3981.0717055349864,-5.999969390660904,0.014004744766606602
AL37W,4097.32109813543,-5.999967454809735,0.014413686049128148
AL37W,4216.965034285838,-5.9999654042535315,0.014834568213526952
AL37W,4340.102636447455,-5.999963232195766,0.015267739902047411
AL37W,4466.835921509648,-5.999960931437198,0.01571355993406227
AL37W,4597.2698853087395,-5.999958494352045,0.01617239760294264
AL37W,4731.512589614823,-5.99995591286267,0.016644632981569093
AL37W,4869.67525165865,-5.99995317841286,0.01713065723673377
AL37W,5011.872336272742,-5.999950281939421,0.017630872952690016
AL37W,5158.221650723077,-5.9999472138422,0.01814569446411404
AL37W,5308.8444423099045,-5.9999439639522025,0.01867554819875004
AL37W,5463.865498818564,-5.9999405214979555,0.019220873030018175
AL37W,5623.413251903514,-5.999936875069772,0.019782120639872048
AL37W,5787.61988349123,-5.999933012581974,0.02035975589220148
AL37W,5956.62143529013,-5.999928921232805,0.02095425721708313
AL37W,6130.557921498234,-5.999924587462033,0.02156611700619141
AL37W,6309.57344480196,-5.999919996906025,0.022195842019689837
AL37W,6493.816315762142,-5.999915134350132,0.022843953804932027
AL37W,6683.439175686176,-5.999909983678277,0.02351098912731103
AL37W,6878.599123088107,-5.999904527819572,0.02419750041360439
AL37W,7079.457843841412,-5.9998987486917255,0.02490405620817229
AL37W,7286.181745132311,-5.999892627141159,0.025631241642375898
AL37W,7498.942093324594,-5.999886142879535,0.026379658917592308
AL37W,7717.915155850161,-5.999879274416539,0.027149927802213758
AL37W,7943.282347242854,-5.9998719989886515,0.027942686143028153
AL37W,8175.23037943654,-5.999864292483802,0.02875859039138951
AL37W,8413.951416451991,-5.999856129361409,0.029598316144596508
AL37W,8659.643233600696,-5.999847482567822,0.030462558702910286
AL37W,8912.5093813375,-5.999838323446671,0.031352033642651746
AL37W,9172.759353897844,-5.999828621643948,0.032267477405831926
AL37W,9440.608762859283,-5.9998183450074665,0.033209647906779875
AL37W,9716.279515771113,-5.999807459480369,0.03417932515624426
AL37W,10000.000000000055,-5.9997959289883065,0.03517731190345754
AL37W,10292.00527194434,-5.999783715319937,0.03620443429666336
AL37W,10592.537251772948,-5.999770778000427,0.037261542562621625
AL37W,10901.844923851339,-5.999757074157354,0.03834951170561553
AL37W,11220.184543019699,-5.999742558378763,0.03946924222650151
AL37W,11547.819846894648,-5.999727182562787,0.04062166086235241
AL37W,11885.022274370254,-5.999710895758334,0.04180772134726008
AL37W,12232.071190499388,-5.999693643996429,0.04302840519487509
AL37W,12589.254117941748,-5.999675370111511,0.04428472250327519
AL37W,12956.866975170273,-5.999656013552177,0.04557771278276806
AL37W,13335.21432163332,-5.999635510180747,0.04690844580724596
AL37W,13724.609610075704,-5.999613792060911,0.04827802248972455
AL37W,14125.37544622763,-5.999590787232982,0.049687575782712365
AL37W,14537.843856076708,-5.999566419475597,0.051138271604066504
AL37W,14962.356560944427,-5.999540608053569,0.05263130978901022
AL37W,15399.265260595015,-5.999513267450725,0.05416792506899493
AL37W,15848.931924611234,-5.999484307086936,0.05574938807810531
AL37W,16311.729092278485,-5.999453631018462,0.05737700638771816
AL37W,16788.040181225708,-5.999421137620603,0.059052125570138156
AL37W,17278.259805078742,-5.999386719251528,0.06077613029194463
AL37W,17782.79410038934,-5.999350261896345,0.0625504454377966
AL37W,18302.061063110676,-5.999311644790028,0.06437653726545162
AL37W,18836.490894898125,-5.999270740018211,0.06625591459276883
AL37W,19386.5263595222,-5.999227412094297,0.06819013001746908
AL37W,19952.623149688927,-5.999181517511664,0.07018078117044069
AL37W,20535.250264571598,-5.999132904269453,0.07222951200338278
AL37W,21134.89039836661,-5.999081411370326,0.07433801411158455
AL37W,21752.040340195374,-5.99902686828864,0.07650802809264678
AL37W,22387.21138568355,-5.99896909440726,0.07874134494195191
AL37W,23040.929760558614,-5.998907898421151,0.0810398074856934
AL37W,23713.737056616716,-5.998843077705817,0.08340531185227412
AL37W,24406.19068041997,-5.99877441764856,0.08583980898288204
AL37W,25118.864315095976,-5.9987016909403135,0.08834530618204549
AL37W,25852.348395622088,-5.99862465682583,0.09092386870896589
AL37W,26607.250597988284,-5.9985430603097,0.09357762141041252
AL37W,27384.19634264381,-5.998456631315681,0.0963087503959541
AL37W,28183.829312644742,-5.998365083796577,0.09911950475628128
AL37W,29006.81198693175,-5.998268114791826,0.1020121983253575
AL37W,29853.826189179817,-5.9981654034296845,0.10498921148710509
AL37W,30725.573652674695,-5.998056609870884,0.10805299302731
AL37W,31622.77660168403,-5.997941374190211,0.11120606203138463
AL37W,32546.17834980483,-5.99781931519257,0.1144510098285943
AL37W,33496.54391578302,-5.997690029159589,0.11779050198329954
AL37W,34474.6606573152,-5.997553088522826,0.12122728033371272
AL37W,35481.33892335782,-5.997408040459331,0.12476416507860466
AL37W,36517.41272548406,-5.997254405405011,0.1284040569123223
AL37W,37583.740428844714,-5.997091675481097,0.13214993920839938
AL37W,38681.20546330552,-5.9969193128287985,0.13600488025194812
AL37W,39810.71705535004,-5.996736747846676,0.1399720355209157
AL37W,40973.210981354474,-5.996543377325287,0.14405465001617154
AL37W,42169.650342858564,-5.996338562473251,0.14825606064026575
AL37W,43401.02636447473,-5.996121626828372,0.15257969862454587
AL37W,44668.35921509667,-5.995891854047475,0.15702909200416335
AL37W,45972.69885308759,-5.995648485567839,0.16160786814031378
AL37W,47315.125896148435,-5.995390718133125,0.1663197562888617
AL37W,48696.75251658671,-5.995117701176017,0.17116859021427314
AL37W,50118.723362727644,-5.994828534049578,0.17615831084753467
AL37W,51582.216507230994,-5.9945222630986885,0.18129296898646627
AL37W,53088.44442309928,-5.994197878562791,0.1865767280365363
AL37W,54638.65498818588,-5.993854311300285,0.19201386678995083
AL37W,56234.13251903538,-5.993490429324887,0.19760878224043896
AL37W,57876.19883491255,-5.993105034143315,0.20336599243073408
AL37W,59566.21435290155,-5.992696856883507,0.2092901393293348
AL37W,61305.579214982594,-5.99226455420174,0.2153859917326256
AL37W,63095.734448019866,-5.991806703956645,0.22165844818792388
AL37W,64938.16315762169,-5.9913218006373565,0.22811253993242653
AL37W,66834.39175686204,-5.990808250532607,0.23475343384240355
AL37W,68785.99123088135,-5.990264366626715,0.2415864353862856
AL37W,70794.5784384144,-5.98968836320799,0.24861699157453226
AL37W,72861.81745132341,-5.989078350174203,0.25585069389834153
AL37W,74989.42093324625,-5.9884323270192565,0.2632932812483494
AL37W,77179.15155850194,-5.987748176484273,0.2709506428034828
AL37W,79432.82347242888,-5.987023657855963,0.2788288208790586
AL37W,81752.30379436575,-5.986256399893801,0.2869340137220288
AL37W,84139.5141645203,-5.985443893367569,0.2952725782400221
AL37W,86596.43233600735,-5.9845834831853315,0.30385103264941893
AL37W,89125.0938133754,-5.983672360091754,0.31267605902620926
AL37W,91727.59353897884,-5.982707551915536,0.32175450574172276
AL37W,94406.08762859325,-5.981685914344241,0.3310933897635716
AL37W,97162.79515771156,-5.9806041212039815,0.3406998988001894
AL37W,100000.00000000097,-5.979458654220716,0.35058139326528703
AL37W,102920.05271944383,-5.978245792239438,0.3607454080362794
AL37W,105925.37251772993,-5.976961599876573,0.3711996539782873
AL37W,109018.44923851384,-5.975601915580864,0.3819520192027043
AL37W,112201.84543019746,-5.974162339076923,0.39301057002644085
AL37W,115478.19846894697,-5.9726382181658915,0.40438355159492373
AL37W,118850.22274370304,-5.971024634856715,0.41607938812859113
AL37W,122320.71190499439,-5.969316390801929,0.4281066827490996
AL37W,125892.541179418,-5.967507992011442,0.4404742168376225
AL37W,129568.66975170327,-5.965593632818124,0.4531909488735256
AL37W,133352.1432163338,-5.963567179069249,0.4662660126973178
AL37W,137246.09610075763,-5.961422150518632,0.47970871513708924
AL37W,141253.7544622769,-5.959151702394766,0.49352853293260524
AL37W,145378.4385607677,-5.956748606121772,0.5077351088859083
AL37W,149623.56560944492,-5.954205229171254,0.5223382471615623
AL37W,153992.65260595083,-5.951513514025063,0.5373479076536377
AL37W,158489.31924611304,-5.948664956231406,0.5527741993301314
AL37W,163117.29092278559,-5.945650581539388,0.5686273724587144
AL37W,167880.40181225786,-5.942460922100691,0.5849178096105949
AL37W,172782.59805078822,-5.939085991731032,0.6016560153317324
AL37W,177827.94100389423,-5.935515260228753,0.6188526043627867
AL37W,183020.61063110761,-5.931737626753712,0.6365182882809608
AL37W,188364.90894898213,-5.927741392275742,0.6546638604283324
AL37W,193865.26359522287,-5.92351423110986,0.6733001789824418
AL37W,199526.23149689016,-5.919043161563537,0.6924381480157542
AL37W,205352.5026457169,-5.914314515731442,0.7120886963813109
AL37W,211348.90398366703,-5.909313908483979,0.732262754252369
AL37W,217520.4034019547,-5.904026205708699,0.7529712271342917
AL37W,223872.11385683648,-5.8984354918776125,0.7742249671573521
AL37W,230409.29760558717,-5.892525037029653,0.7960347414497504
AL37W,237137.37056616822,-5.886277263274942,0.8184111973808944
AL37W,244061.90680420081,-5.87967371094781,0.8413648244563408
AL37W,251188.64315096088,-5.872695004557229,0.8649059126375859
AL37W,258523.48395622204,-5.86532081870508,0.8890445068522078
AL37W,266072.505979884,-5.857529844188138,0.9137903574564343
AL37W,273841.96342643927,-5.849299754473866,0.9391528663990403
AL37W,281838.29312644864,-5.840607172864186,0.9651410288460645
AL37W,290068.11986931873,-5.8314276406047885,0.9917633700111226
AL37W,298538.26189179946,-5.821735586290737,1.0190278769456458
AL37W,307255.7365267483,-5.8115042969405275,1.046941925044908
AL37W,316227.7660168417,-5.800705891166684,1.075512199035599
AL37W,325461.7834980498,-5.789311294890962,1.1047446082178936
AL37W,334965.4391578317,-5.777290220147707,1.1346441957598363
AL37W,344746.6065731536,-5.76461114752658,1.1652150418559746
AL37W,354813.3892335798,-5.751241312888347,1.1964601605954424
AL37W,365174.1272548422,-5.73714669903632,1.2283813904184842
AL37W,375837.4042884488,-5.722292033086447,1.26097927808387
AL37W,386812.054633057,-5.70664079033975,1.2942529561216407
AL37W,398107.1705535022,-5.690155205521643,1.3282000138072712
AL37W,409732.10981354665,-5.672796292312994,1.3628163617654323
AL37W,421696.5034285876,-5.654523872156435,1.3980960903952335
AL37W,434010.26364474936,-5.635296613377133,1.434031322404757
AL37W,446683.59215096885,-5.615072081708032,1.4706120598517214
AL37W,459726.9885308781,-5.593806803351724,1.5078260262093102
AL37W,473151.2589614866,-5.571456341764508,1.5456585041180508
AL37W,486967.5251658694,-5.547975389321057,1.5840921696225119
AL37W,501187.23362727877,-5.523317875116502,1.6231069238811906
AL37W,515822.16507231235,-5.497437090070925,1.6626797234959332
AL37W,530884.4442309953,-5.470285830527711,1.7027844108152774
AL37W,546386.5498818613,-5.441816561480546,1.7433915457714428
AL37W,562341.3251903565,-5.411981600467224,1.7844682410217034
AL37W,578761.9883491283,-5.3807333231027545,1.8259780024032821
AL37W,595662.1435290184,-5.348024391069572,1.8678805769386444
AL37W,613055.7921498289,-5.313808003157086,1.9101318108439194
AL37W,630957.3444802017,-5.27803816984492,1.9526835202633173
AL37W,649381.63157622,-5.240670011540097,1.9954833776323002
AL37W,668343.9175686237,-5.201660080349353,2.0384748168034936
AL37W,687859.9123088169,-5.160966704886993,2.081596960242824
AL37W,707945.7843841475,-5.118550357246559,2.124784571766118
AL37W,728618.1745132377,-5.074374040745251,2.1679680383686257
AL37W,749894.2093324661,-5.0284036966796375,2.2110733848094064
AL37W,771791.5155850231,-4.9806086276776975,2.254022324564742
AL37W,794328.2347242925,-4.9309619347373435,2.29673235072268
AL37W,817523.0379436614,-4.879440964430699,2.3391168702327825
AL37W,841395.141645207,-4.826027762132145,2.3810853846771294
AL37W,865964.3233600776,-4.77070952653037,2.422543720393095
AL37W,891250.9381337581,-4.71347906009902,2.463394310338754
AL37W,917275.9353897927,-4.6543352095708945,2.5035365295029712
AL37W,944060.8762859369,-4.59328329003558,2.542867085038882
AL37W,971627.9515771201,-4.530335485742714,2.581280461473269
AL37W,1000000.0000000144,-4.465511220375626,2.6186694204746837
AL37W,1029200.527194443,-4.398837489344552,2.6549255536948397
AL37W,1059253.7251773044,-4.330349146491015,2.6899398861024895
AL37W,1090184.4923851436,-4.2600891376770935,2.723603526115622
AL37W,1122018.4543019799,-4.188108673996338,2.755808357693875
AL37W,1154781.984689475,-4.114467337688423,2.7864477683328976
AL37W,1188502.2274370359,-4.039233114532622,2.8154174057963877
AL37W,1223207.1190499496,-3.962482347276458,2.8426159553057064
AL37W,1258925.4117941859,-3.8842996056770946,2.8679459279114377
AL37W,1295686.6975170388,-3.8047774699826915,2.8913144499420893
AL37W,1333521.432163344,-3.7240162259781906,2.912634042681878
AL37W,1372460.9610075825,-3.642123471326225,2.9318233810124488
AL37W,1412537.5446227754,-3.55921363450898,2.948808019476428
AL37W,1453784.3856076836,-3.4754074093768423,2.963521074244721
AL37W,1496235.6560944559,-3.3908311100261708,2.975903849768997
AL37W,1539926.526059515,-3.3056159524323023,2.9859063995020496
AL37W,1584893.1924611374,-3.219897270809009,2.9934880108853315
AL37W,1631172.909227863,-3.1338136782051094,2.9986176059980436
AL37W,1678804.0181225857,-3.0475061820545144,3.001274050571181
AL37W,1727825.9805078898,-2.9611172665114758,3.0014463657097066
AL37W,1778279.41003895,-2.874789954141651,2.9991338383726784
AL37W,1830206.106311084,-2.788666860072668,2.9943460285665275
AL37W,1883649.0894898295,-2.7028892518449195,2.987102673091492
AL37W,1938652.6359522373,-2.617596128125152,2.977433487675201
AL37W,1995262.3149689105,-2.5329233289205404,2.9653778711284193
AL37W,2053525.026457178,-2.4490026892687613,2.9509845170204883
AL37W,2113489.0398366796,-2.3659612472651625,2.9343109398742135
AL37W,2175204.0340195564,-2.283920516134709,2.9154229243971757
AL37W,2238721.1385683743,-2.202995828538309,2.8943939073468052
AL37W,2304092.9760558815,-2.1232957597589865,2.8713043025736704
AL37W,2371373.705661692,-2.0449216347190022,2.846240780384331
AL37W,2440619.0680420185,-1.967967122088147,2.8192955127287256
AL37W,2511886.4315096196,-1.8925179170260797,2.7905653957512624
AL37W,2585234.8395622317,-1.8186515124659404,2.7601512610403294
AL37W,2660725.059798852,-1.7464370573271064,2.7281570864879154
AL37W,2738419.6342644054,-1.6759352986182248,2.694689216970714
AL37W,2818382.931264499,-1.6071986031870051,2.659855604268026
AL37W,2900681.1986932005,-1.5402710538064956,2.6237650746257546
AL37W,2985382.618918008,-1.4751886134434211,2.586526631302773
AL37W,3072557.365267497,-1.411979350914242,2.548248798304668
AL37W,3162277.6601684312,-1.3506637206733507,2.509039010314319
AL37W,3254617.8349805125,-1.2912548892310263,2.469003052675839
AL37W,3349654.391578332,-1.2337591006183206,2.4282445541513016
AL37W,3447466.065731551,-1.1781760734012108,2.3868645341006016
AL37W,3548133.8923358135,-1.124499421956144,2.3449610047134852
AL37W,3651741.272548438,-1.072717095082434,2.302628628063644
AL37W,3758374.042884505,-1.0228118254446452,2.259958426919776
AL37W,3868120.546330587,-0.9747615838583554,2.2170375475789323
AL37W,3981071.70553504,-0.9285400329945224,2.1739490724097417
AL37W,4097321.0981354844,-0.8841169756788634,2.1307718793418267
AL37W,4216965.034285894,-0.8414587935631852,2.0875805451579716
AL37W,4340102.636447512,-0.8005288725651671,2.044445289210477
AL37W,4466835.921509706,-0.7612880120693027,2.0014319540217453
AL37W,4597269.885308799,-0.7236948154413109,1.9586020191192608
AL37W,4731512.589614885,-0.6877060599621027,1.9160126444871732
AL37W,4869675.251658713,-0.6532770447723999,1.8737167400395762
AL37W,5011872.336272808,-0.6203619158765274,1.8317630576353467
AL37W,5158221.650723144,-0.5889139676605635,1.7901963023020233
AL37W,5308844.442309974,-0.5588859207409986,1.7490572595228477
AL37W,5463865.498818635,-0.530230176263207,1.7083829356199844
AL37W,5623413.251903587,-0.5028990470460203,1.6682067085216243
AL37W,5787619.883491306,-0.4768449661792178,1.6285584863971516
AL37W,5956621.435290207,-0.4520206738695327,1.5894648719033189
AL37W,6130557.921498313,-0.42837938346865345,1.550949330001869
AL37W,6309573.444802041,-0.4058749277265873,1.513032357540229
AL37W,6493816.315762226,-0.3844618863928579,1.475731653010645
AL37W,6683439.175686263,-0.3640956963373068,1.4390622851061332
AL37W,6878599.123088196,-0.34473274539182186,1.4030368588957685
AL37W,7079457.843841503,-0.3263304511185096,1.367665678612004
AL37W,7286181.745132405,-0.3088473257036957,1.3329569062236262
AL37W,7498942.093324691,-0.29224302815340714,1.2989167151211165
AL37W,7717915.155850261,-0.27647840492873493,1.2655494383693213
AL37W,7943282.347242957,-0.26151552011848395,1.2328577111168855
AL37W,8175230.379436647,-0.24731767619664952,1.200842606865275
AL37W,8413951.416452102,-0.23384942635395484,1.1695037673828246
AL37W,8659643.23360081,-0.2210765793389754,1.1388395261557005
AL37W,8912509.381337617,-0.20896619768020436,1.108847025322979
AL37W,9172759.353897963,-0.19748659010150105,1.079522326114872
AL37W,9440608.762859406,-0.1866072988831843,1.0508605128693291
AL37W,9716279.51577124,-0.17629908285921722,1.022855790734836
AL37W,10000000.000000184,-0.1665338966855366,0.9955015772169442
AL37W,10292005.271944473,-0.1572848669574212,0.9687905877486134
AL37W,10592537.251773085,-0.14852626570035574,0.942714915486168
AL37W,10901844.923851479,-0.14023348170902325,0.917266105554513
AL37W,11220184.543019842,-0.13238299016074206,0.8924352239735196
AL37W,11547819.846894797,-0.1249523208862891,0.8682129215141487
AL37W,11885022.274370406,-0.11792002563720022,0.8445894927225996
AL37W,12232071.190499544,-0.11126564465257463,0.8215549303684305
AL37W,12589254.117941909,-0.10496967279189992,0.7990989755662243
AL37W,12956866.97517044,-0.09901352546677777,0.7772111638098284
AL37W,13335214.321633492,-0.09337950457656248,0.7558808671682247
AL37W,13724609.61007588,-0.08805076462363726,0.7350973328706738
AL37W,14125375.446227811,-0.08301127916117763,0.7148497185156516
AL37W,14537843.856076894,-0.0782458077024092,0.6951271241183719
AL37W,14962356.560944619,-0.07373986320113761,0.6759186212101477
AL37W,15399265.260595214,-0.06947968019508603,0.6572132791926507
AL37W,15848931.924611438,-0.06545218368687897,0.6390001891358801
AL37W,16311729.092278697,-0.06164495882419915,0.6212684852092253
AL37W,16788040.181225926,-0.058046221426384506,0.6040073639117127
AL37W,17278259.80507897,-0.05464478939483908,0.587206101271357
AL37W,17782794.100389574,-0.05143005503377114,0.5708540681657016
AL37W,18302061.063110918,-0.04839195829931525,0.5549407439088482
AL37W,18836490.894898374,-0.045520960987542554,0.5394557282420545
AL37W,19386526.359522454,-0.04280802186527523,0.5243887518567226
AL37W,19952623.14968919,-0.040244572741805776,0.509729685568964
AL37W,20535250.264571868,-0.037822495474646806,0.49546854825559594
AL37W,21134890.398366887,-0.03553409989875138,0.4815955136596244
AL37W,21752040.34019566,-0.0333721026645839,0.46810091615917404
AL37W,22387211.385683842,-0.03132960696784413,0.4549752555909965
AL37W,23040929.760558918,-0.029400083151268575,0.442209201213846
AL37W,23713737.05661703,-0.02757735015668466,0.42979359488645896
AL37W,24406190.680420294,-0.025855557804310113,0.4177194535341331
AL37W,25118864.315096308,-0.024229169874967815,0.4059779709708011
AL37W,25852348.39562243,-0.022692947969856273,0.394560519135819
AL37W,26607250.597988635,-0.02124193612222309,0.38345864880501546
AL37W,27384196.34264417,-0.019871446134579716,0.37266408982557125
AL37W,28183829.31264511,-0.018577043615251972,0.36216875092578993
AL37W,29006811.98693213,-0.01735453468774238,0.3519647191412083
AL37W,29853826.189180207,-0.016199953346778075,0.34204425889928697
AL37W,30725573.652675096,-0.015109549435110465,0.33239981080019193
AL37W,31622776.601684444,-0.014079777215507489,0.32302399012794725
AL37W,32546178.34980526,-0.01310728451280685,0.31390958512225464
AL37W,33496543.915783457,-0.01218890240152802,0.3050495550404694
AL37W,34474660.65731565,-0.011321635415141185,0.29643702803708066
AL37W,35481338.92335828,-0.010502652253605131,0.28806529888229776
AL37W,36517412.72548453,-0.00972927696665848,0.2799278265440519
AL37W,37583740.4288452,-0.008998980590886918,0.27201823165134
AL37W,38681205.463306025,-0.008309373219454047,0.26433029385884727
AL37W,39810717.05535056,-0.007658196484003878,0.2568579491276884
AL37W,40973210.98135501,-0.0070433164290790665,0.24959528693835348
AL37W,42169650.34285911,-0.006462716760094687,0.242536547449126
AL37W,43401026.3644753,-0.005914492446645884,0.23567611861173626
AL37W,44668359.21509726,-0.005396843663693212,0.22900853325610993
AL37W,45972698.8530882,-0.004908070053849398,0.2225284661533245
AL37W,47315125.89614906,-0.004446565294749691,0.21623073106714435
AL37W,48696752.516587354,-0.004010811956106019,0.210110277799966
AL37W,50118723.362728305,-0.0035993766318171954,0.2041621892429154
AL37W,51582216.507231675,-0.003210905333075423,0.1983816784345547
AL37W,53088444.42309998,-0.0028441191291106857,0.19276408563534828
AL37W,54638654.988186605,-0.002497810022788356,0.1873048754216169
AL37W,56234132.51903613,-0.002170837048913266,0.18199963380502965
AL37W,57876198.83491332,-0.0018621225836341114,0.1768440653805994
AL37W,59566214.352902345,-0.0015706488539142345,0.17183399050645226
AL37W,61305579.21498341,-0.0012954546365770495,0.16696534251980832
AL37W,63095734.44802071,-0.0010356321369239955,0.16223416498991006
AL37W,64938163.15762256,-0.0007903240374406472,0.15763660901185844
AL37W,66834391.75686294,-0.0005587207075605162,0.1531689305424154
AL37W,68785991.23088229,-0.00034005756591653277,0.14882748777927066
AL37W,70794578.43841536,-0.00013361258694105172,0.1446087385859912
AL37W,72861817.45132439,6.129605591185909e-05,0.14050923796256465
AL37W,74989420.93324725,0.000245312217654062,0.13652563556359865
AL37W,77179151.55850297,0.0004190438869164834,0.13265467326417107
AL37W,79432823.47242993,0.0005830651753603875,0.12889318277370182
AL37W,81752303.79436684,0.0007379181976049523,0.12523808329884573
AL37W,84139514.1645214,0.000884114847594365,0.12168637925491724
AL37W,86596432.33600849,0.0010221384770229484,0.11823515802621046
AL37W,89125093.81337658,0.0011524454811439725,0.1148815877753683
AL37W,91727593.53898005,0.0012754667969930825,0.11162291530088103
AL37W,94406087.6285945,0.0013916093188102979,0.10845646394325842
AL37W,97162795.15771285,0.0015012572351811241,0.10537963153934687
AL37W,100000000.0000023,0.0016047732921625818,0.10238988842369603
AR37,1000.0,-5.999999999909248,0.0034335140815542325
AR37,1029.2005271944283,-5.999999883558797,0.0035337744343822723
AR37,1059.2537251772892,-5.999999760314156,0.0036369624361935046
AR37,1090.1844923851281,-5.999999629766818,0.003743163575324695
AR37,1122.018454301964,-5.999999491484071,0.0038524658363668692
AR37,1154.781984689459,-5.999999345007559,0.003964959773052744
AR37,1188.5022274370194,-5.99999918985178,0.004080738583272078
AR37,1223.2071190499325,-5.999999025502452,0.004199898186277041
AR37,1258.9254117941682,-5.99999885141482,0.00432253730214159
AR37,1295.6866975170205,-5.99999866701186,0.004448757533540538
AR37,1333.5214321633252,-5.99999847168235,0.004578663449916037
AR37,1372.4609610075634,-5.999998264778855,0.004712362674101135
AR37,1412.5375446227558,-5.999998045615569,0.004849965971472125
AR37,1453.7843856076636,-5.999997813466065,0.004991587341703429
AR37,1496.2356560944354,-5.9999975675608495,0.005137344113200918
AR37,1539.926526059494,-5.999997307084861,0.005287357040291941
AR37,1584.8931924611159,-5.999997031174722,0.005441750403252271
AR37,1631.1729092278408,-5.999996738915912,0.005600652111252934
AR37,1678.804018122563,-5.9999964293397055,0.005764193808311904
AR37,1727.8259805078665,-5.999996101419989,0.00593251098233847
AR37,1778.279410038926,-5.9999957540698485,0.006105743077360318
AR37,1830.2061063110596,-5.999995386137964,0.006284033609026246
AR37,1883.6490894898043,-5.999994996404793,0.006467530283479994
AR37,1938.6526359522113,-5.999994583578534,0.006656385119703468
AR37,1995.2623149688839,-5.9999941462908435,0.006850754575430499
AR37,2053.5250264571505,-5.999993683092302,0.007050799676735307
AR37,2113.4890398366515,-5.999993192447592,0.0072566861514026405
AR37,2175.2040340195276,-5.999992672730448,0.007468584566189972
AR37,2238.721138568345,-5.999992122218218,0.007686670468094946
AR37,2304.092976055851,-5.999991539086207,0.007911124529745196
AR37,2371.373705661661,-5.999990921401572,0.008142132699030045
AR37,2440.6190680419863,-5.999990267116959,0.008379886353098269
AR37,2511.8864315095866,-5.999989574063705,0.008624582456848696
AR37,2585.2348395621975,-5.999988839944633,0.008876423726044582
AR37,2660.725059798817,-5.999988062326468,0.009135618795186526
AR37,2738.4196342643686,-5.999987238631749,0.009402382390282276
AR37,2818.3829312644616,-5.999986366130295,0.009676935506656117
AR37,2900.681198693162,-5.9999854419301615,0.009959505591944426
AR37,2985.3826189179686,-5.999984462968036,0.010250326734428269
AR37,3072.557365267456,-5.999983425999106,0.010549639856858471
AR37,3162.277660168389,-5.999982327586291,0.010857692915932648
AR37,3254.617834980469,-5.999981164088865,0.011174741107588822
AR37,3349.6543915782872,-5.999979931650374,0.011501047078284416
AR37,3447.466065731505,-5.999978626185867,0.011836881142434872
AR37,3548.133892335766,-5.99997724336834,0.012182521506190671
AR37,3651.741272548389,-5.999975778614424,0.012538254497736902
AR37,3758.3740428844544,-5.999974227069155,0.012904374804304761
AR37,3868.120546330535,-5.999972583589926,0.013281185716089904
AR37,3981.0717055349864,-5.999970842729412,0.013668999377277915
AR37,4097.32109813543,-5.999968998717525,0.014068137044383158
AR37,4216.965034285838,-5.999967045442303,0.014478929352113014
AR37,4340.102636447455,-5.999964976429633,0.014901716586975481
AR37,4466.835921509648,-5.999962784821808,0.015336848968854809
AR37,4597.2698853087395,-5.999960463354806,0.015784686940785494
AR37,4731.512589614823,-5.99995800433419,0.016245601467161985
AR37,4869.67525165865,-5.999955399609642,0.016719974340628347
AR37,5011.872336272742,-5.999952640547929,0.017208198497898564
AR37,5158.221650723077,-5.999949718004291,0.01771067834476546
AR37,5308.8444423099045,-5.99994662229216,0.018227830090563873
AR37,5463.865498818564,-5.999943343151037,0.018760082092360426
AR37,5623.413251903514,-5.999939869712498,0.019307875209150623
AR37,5787.61988349123,-5.999936190464164,0.01987166316635164
AR37,5956.62143529013,-5.999932293211574,0.02045191293088688
AR37,6130.557921498234,-5.9999281650377805,0.0210491050971673
AR37,6309.57344480196,-5.999923792260492,0.021663734284282296
AR37,6493.816315762142,-5.999919160386817,0.022296309544722573
AR37,6683.439175686176,-5.999914254065161,0.02294735478496455
AR37,6878.599123088107,-5.999909057034414,0.023617409198257774
AR37,7079.457843841412,-5.9999035520700446,0.02430702770996299
AR37,7286.181745132311,-5.9998977209270485,0.025016781435800453
AR37,7498.942093324594,-5.999891544279453,0.02574725815337666
AR37,7717.915155850161,-5.999885001656347,0.026499062787368452
AR37,7943.282347242854,-5.999878071373995,0.027272817908752058
AR37,8175.23037943654,-5.999870730464062,0.028069164248477947
AR37,8413.951416451991,-5.999862954597436,0.02888876122599949
AR37,8659.643233600696,-5.999854718003713,0.029732287493077658
AR37,8912.5093813375,-5.999845993385787,0.030600441493292628
AR37,9172.759353897844,-5.999836751829394,0.03149394203770546
AR37,9440.608762859283,-5.999826962707393,0.032413528897125524
AR37,9716.279515771113,-5.999816593578257,0.03335996341144831
AR37,10000.000000000055,-5.999805610078668,0.03433402911654437
AR37,10292.00527194434,-5.999793975809641,0.035336532389187096
AR37,10592.537251772948,-5.9997816522160035,0.036368303110525066
AR37,10901.844923851339,-5.999768598458726,0.03743019534861243
AR37,11220.184543019699,-5.99975477127961,0.038523088060526255
AR37,11547.819846894648,-5.999740124858087,0.03964788581461143
AR37,11885.022274370254,-5.999724610659469,0.04080551953340793
AR37,12232.071190499388,-5.9997081772742415,0.04199694725782638
AR37,12589.254117941748,-5.999690770247841,0.043223154933153464
AR37,12956.866975170273,-5.999672331900365,0.04448515721747987
AR37,13335.21432163332,-5.999652801135648,0.04578399831315915
AR37,13724.609610075704,-5.999632113238963,0.047120752821916446
AR37,14125.37544622763,-5.99961019966283,0.04849652662424237
AR37,14537.843856076708,-5.999586987800161,0.04991245778371946
AR37,14962.356560944427,-5.999562400743913,0.05136971747694059
AR37,15399.265260595015,-5.999536357032654,0.05286951094969557
AR37,15848.931924611234,-5.999508770380918,0.05441307850011033
AR37,16311.729092278485,-5.9994795493938256,0.056001696489441574
AR37,16788.040181225708,-5.999448597264633,0.0576366783812369
AR37,17278.259805078742,-5.999415811454571,0.059319375809586974
AR37,17782.79410038934,-5.99938108335372,0.061051179677205886
AR37,18302.061063110676,-5.99934429792173,0.06283352128408655
AR37,18836.490894898125,-5.999305333307529,0.06466787348749264
AR37,19386.5263595222,-5.99926406044644,0.06655575189405374
AR37,19952.623149688927,-5.9992203426335555,0.06849871608474263
AR37,20535.250264571598,-5.999174035071864,0.07049837087352127
AR37,21134.89039836661,-5.999124984393814,0.07255636760045053
AR37,21752.040340195374,-5.999073028154624,0.07467440546006295
AR37,22387.21138568355,-5.99901799429559,0.07685423286580284
AR37,23040.929760558614,-5.99895970057595,0.07909764885134525
AR37,23713.737056616716,-5.998897953971057,0.0814065045095998
AR37,24406.19068041997,-5.998832550035223,0.08378270447021263
AR37,25118.864315095976,-5.998763272226974,0.08622820841637249
AR37,25852.348395622088,-5.998689891194534,0.08874503264172239
AR37,26607.250597988284,-5.998612164019324,0.09133525164817424
AR37,27384.19634264381,-5.998529833414844,0.09400099978540855
AR37,28183.829312644742,-5.998442626878575,0.09674447293283307
AR37,29006.81198693175,-5.998350255793819,0.09956793022474847
AR37,29853.826189179817,-5.998252414478908,0.1024736958194577
AR37,30725.573652674695,-5.998148779180505,0.10546416071302295
AR37,31622.77660168403,-5.9980390070077965,0.10854178459834235
AR37,32546.17834980483,-5.9979227348041375,0.11170909777018753
AR37,33496.54391578302,-5.997799577952517,0.11496870307679447
AR37,34474.6606573152,-5.997669129111097,0.11832327791855748
AR37,35481.33892335782,-5.9975309568745105,0.12177557629430824
AR37,36517.41272548406,-5.997384604356982,0.12532843089561238
AR37,37583.740428844714,-5.997229587692502,0.12898475524942923
AR37,38681.20546330552,-5.997065394447291,0.1327475459094012
AR37,39810.71705535004,-5.9968914819396835,0.1366198846959514
AR37,40973.210981354474,-5.9967072754618815,0.140604940985248
AR37,42169.650342858564,-5.996512166398114,0.14470597404699206
AR37,43401.02636447473,-5.996305510233157,0.148926335430836
AR37,44668.35921509667,-5.9960866244451125,0.15326947140110883
AR37,45972.69885308759,-5.995854786275613,0.15773892541933865
AR37,47315.125896148435,-5.9956092303707225,0.16233834067390168
AR37,48696.75251658671,-5.995349146285047,0.1670714626559033
AR37,50118.723362727644,-5.995073675841346,0.1719421417801835
AR37,51582.216507230994,-5.994781910337568,0.17695433605008618
AR37,53088.44442309928,-5.994472887592685,0.1821121137643532
AR37,54638.65498818588,-5.994145588822174,0.18741965626419843
AR37,56234.13251903538,-5.993798935333935,0.19288126071829206
AR37,57876.19883491255,-5.993431785034308,0.19850134294299937
AR37,59566.21435290155,-5.993042928733957,0.2042844402548274
AR37,61305.579214982594,-5.992631086242382,0.21023521435157494
AR37,63095.734448019866,-5.992194902239591,0.2163584542181996
AR37,64938.16315762169,-5.991732941912631,0.22265907905287252
AR37,66834.39175686204,-5.991243686344334,0.2291421412081059
AR37,68785.99123088135,-5.990725527640777,0.23581282914119367
AR37,70794.5784384144,-5.99017676378352,0.242676470367499
AR37,72861.81745132341,-5.989595593191785,0.24973853440935245
AR37,74989.42093324625,-5.988980108979385,0.2570046357324839
AR37,77179.15155850194,-5.988328292890254,0.26448053666099447
AR37,79432.82347242888,-5.987638008895752,0.2721721502608632
AR37,81752.30379436575,-5.986906996436416,0.2800855431809104
AR37,84139.5141645203,-5.986132863289724,0.28822693843892677
AR37,86596.43233600735,-5.985313078045157,0.29660271813940975
AR37,89125.0938133754,-5.984444962166606,0.30521942610791825
AR37,91727.59353897884,-5.983525681621838,0.3140837704255453
AR37,94406.08762859325,-5.982552238057797,0.3232026258453453
AR37,97162.79515771156,-5.981521459499742,0.3325830360707487
AR37,100000.00000000097,-5.980429990551785,0.3422322158740505
AR37,102920.05271944383,-5.979274282075254,0.35215755303094415
AR37,105925.37251772993,-5.978050580321208,0.36236661004479287
AR37,109018.44923851384,-5.976754915492338,0.37286712563185026
AR37,112201.84543019746,-5.9753830897093,0.38366701593597796
AR37,115478.19846894697,-5.973930664355861,0.394774375438533
AR37,118850.22274370304,-5.972392946776846,0.4061974775259821
AR37,122320.71190499439,-5.970764976302834,0.41794477467446733
AR37,125892.541179418,-5.969041509575088,0.43002489820695844
AR37,129568.66975170327,-5.967217005144387,0.4424466575747412
AR37,133352.1432163338,-5.965285607317641,0.4552190391108907
AR37,137246.09610075763,-5.963241129224935,0.46835120419878706
AR37,141253.7544622769,-5.961077035090122,0.48185248679477566
AR37,145378.4385607677,-5.958786421660257,0.4957323902367594
AR37,149623.56560944492,-5.956361998797692,0.5100005832687889
AR37,153992.65260595083,-5.953796069193084,0.5246668952023212
AR37,158489.31924611304,-5.951080507187751,0.5397413101308937
AR37,163117.29092278559,-5.948206736686748,0.5552339601077627
AR37,167880.40181225786,-5.945165708148382,0.5711551171893424
AR37,172782.59805078822,-5.941947874639332,0.5875151842400451
AR37,177827.94100389423,-5.938543166948802,0.6043246843866058
AR37,183020.61063110761,-5.934940967759736,0.6215942490019728
AR37,188364.90894898213,-5.931130084881389,0.639334604090656
AR37,193865.26359522287,-5.927098723553434,0.6575565549387414
AR37,199526.23149689016,-5.922834457840103,0.6762709688829432
AR37,205352.5026457169,-5.918324201141143,0.6954887560438865
AR37,211348.90398366703,-5.91355417585652,0.7152208478594423
AR37,217520.4034019547,-5.908509882253247,0.7354781732444581
AR37,223872.11385683648,-5.90317606659514,0.7562716321936115
AR37,230409.29760558717,-5.897536688611352,0.7776120666346288
AR37,237137.37056616822,-5.891574888393754,0.7995102283294604
AR37,244061.90680420081,-5.885272952841081,0.8219767436132253
AR37,251188.64315096088,-5.878612281759978,0.8450220747482622
AR37,258523.48395622204,-5.871573353801746,0.8686564776688466
AR37,266072.505979884,-5.864135692392068,0.8928899558787877
AR37,273841.96342643927,-5.856277831866036,0.9177322102617533
AR37,281838.29312644864,-5.847977284041526,0.9431925845583631
AR37,290068.11986931873,-5.839210505497834,0.9692800062613789
AR37,298538.26189179946,-5.829952865860896,0.9960029226793796
AR37,307255.7365267483,-5.820178617442829,1.0233692319225498
AR37,316227.7660168417,-5.809860866606724,1.0513862085660208
AR37,325461.7834980498,-5.798971547290713,1.0800604237577092
AR37,334965.4391578317,-5.7874813971728996,1.1093976595505664
AR37,344746.6065731536,-5.775359936991032,1.1394028172533772
AR37,354813.3892335798,-5.762575453602635,1.1700798196206268
AR37,365174.1272548422,-5.7490949874176875,1.2014315067297061
AR37,375837.4042884488,-5.734884324904524,1.2334595254324097
AR37,386812.054633057,-5.719907996902152,1.2661642123066503
AR37,398107.1705535022,-5.704129283577708,1.2995444700969598
AR37,409732.10981354665,-5.687510226881288,1.3335976376857428
AR37,421696.5034285876,-5.670011651455161,1.3683193537207674
AR37,434010.26364474936,-5.651593194950559,1.403703414095673
AR37,446683.59215096885,-5.63221334885006,1.4397416235989975
AR37,459726.9885308781,-5.611829510854514,1.4764236421377535
AR37,473151.2589614866,-5.59039804999431,1.513736826079991
AR37,486967.5251658694,-5.5678743856278,1.5516660653925658
AR37,501187.23362727877,-5.54421308154108,1.5901936174117406
AR37,515822.16507231235,-5.519367956340403,1.6292989382445962
AR37,530884.4442309953,-5.4932922113502825,1.668958512990213
AR37,546386.5498818613,-5.465938577180618,1.709145686160455
AR37,562341.3251903565,-5.437259480081688,1.7498304938908675
AR37,578761.9883491283,-5.407207229152929,1.790979499760141
AR37,595662.1435290184,-5.3757342252906435,1.8325556362417692
AR37,613055.7921498289,-5.342793192717774,1.8745180540759634
AR37,630957.3444802017,-5.308337433672716,1.9168219820569004
AR37,649381.63157622,-5.272321106646149,1.959418599970042
AR37,668343.9175686237,-5.23469952829688,2.0022549276372206
AR37,687859.9123088169,-5.195429498841386,2.045273733221651
AR37,707945.7843841475,-5.154469650388212,2.0884134641373175
AR37,728618.1745132377,-5.111780817225774,2.1316082040324136
AR37,749894.2093324661,-5.06732642668476,2.1747876594461917
AR37,771791.5155850231,-5.021072908635991,2.2178771797667567
AR37,794328.2347242925,-4.972990121204031,2.260797814130784
AR37,817523.0379436614,-4.923051789643049,2.303466408797694
AR37,841395.141645207,-4.8712359547962025,2.3457957483965606
AR37,865964.3233600776,-4.817525426874556,2.387694744153966
AR37,891250.9381337581,-4.761908239745893,2.4290686718827725
AR37,917275.9353897927,-4.704378100287944,2.4698194620297245
AR37,944060.8762859369,-4.644934826805913,2.5098460435073564
AR37,971627.9515771201,-4.583584770013617,2.5490447423524474
AR37,1000000.0000000144,-4.520341209636994,2.5873097354527457
AR37,1029200.527194443,-4.4552247193437085,2.6245335586715584
AR37,1059253.7251773044,-4.388263492512825,2.6606076677195323
AR37,1090184.4923851436,-4.319493621243178,2.695423049027153
AR37,1122018.4543019799,-4.248959321111268,2.728870876754413
AR37,1154781.984689475,-4.176713094428496,2.760843210894101
AR37,1188502.2274370359,-4.102815825210991,2.79123373026019
AR37,1223207.1190499496,-4.027336799706427,2.819938492995749
AR37,1258925.4117941859,-3.950353647201535,2.846856716172891
AR37,1295686.6975170388,-3.8719521968727513,2.8718915650742596
AR37,1333521.432163344,-3.792226247666809,2.8949509419022323
AR37,1372460.9610075825,-3.7112772496174333,2.915948263018231
AR37,1412537.5446227754,-3.6292138965265694,2.9348032133588173
AR37,1453784.3856076836,-3.5461516316039017,2.951442466492805
AR37,1496235.6560944559,-3.4622120693172276,2.9658003588142097
AR37,1539926.526059515,-3.3775223384599578,2.977819506739801
AR37,1584893.1924611374,-3.292214353082989,2.9874513563806904
AR37,1631172.909227863,-3.206424019541993,2.994656656080466
AR37,1678804.0181225857,-3.120290389340977,2.9994058433753215
AR37,1727825.9805078898,-3.033954768697484,3.0016793393366537
AR37,1778279.41003895,-2.9475597967867753,3.0014677448866283
AR37,1830206.106311084,-2.8612485053377386,2.9987719354229636
AR37,1883649.0894898295,-2.775163372724349,2.993603051993532
AR37,1938652.6359522373,-2.68944538582354,2.985982389191325
AR37,1995262.3149689105,-2.6042331227005806,2.975941181843468
AR37,2053525.026457178,-2.5196618687295036,2.963520294481149
AR37,2113489.0398366796,-2.4358627779149145,2.9487698192723695
AR37,2175204.0340195564,-2.35296209016957,2.9317485897295374
AR37,2238721.1385683743,-2.2710804139827405,2.9125236188356856
AR37,2304092.9760558815,-2.190332082465903,2.8911694713812817
AR37,2371373.705661692,-2.1108245891665174,2.867767581171426
AR37,2440619.0680420185,-2.0326581083256565,2.842405524300156
AR37,2511886.4315096196,-1.9559251025870115,2.8151762600392845
AR37,2585234.8395622317,-1.8807100194333417,2.786177350854803
AR37,2660725.059798852,-1.807089076020882,2.7555101728434948
AR37,2738419.6342644054,-1.7351301305645221,2.7232791274003314
AR37,2818382.931264499,-1.6648926370439217,2.689590864226143
AR37,2900681.1986932005,-1.5964276788038276,2.654553524936511
AR37,2985382.618918008,-1.5297780755953632,2.6182760155225173
AR37,3072557.365267497,-1.4649785577934953,2.580867314832285
AR37,3162277.6601684312,-1.4020560009115235,2.5424358250951222
AR37,3254617.8349805125,-1.341029713100741,2.5030887693091306
AR37,3349654.391578332,-1.2819117681199785,2.4629316391907388
AR37,3447466.065731551,-1.2247073761818474,2.422067696213055
AR37,3548133.8923358135,-1.1694152852107085,2.3805975272373745
AR37,3651741.272548438,-1.1160282052681194,2.3386186552188053
AR37,3758374.042884505,-1.0645332492832948,2.296225204627767
AR37,3868120.546330587,-1.0149123836502354,2.2535076203966486
AR37,3981071.70553504,-0.9671428827963862,2.2105524385765953
AR37,4097321.0981354844,-0.9211977823885764,2.1674421063158746
AR37,4216965.034285894,-0.8770463264336761,2.1242548483056782
AR37,4340102.636447512,-0.83465440415991,2.0810645765363978
AR37,4466835.921509706,-0.7939849731631599,2.0379408399439956
AR37,4597269.885308799,-0.7549984658947952,1.994948810373308
AR37,4731512.589614885,-0.7176531771391934,1.9521493012285385
AR37,4869675.251658713,-0.6819056306573242,1.9095988151748262
AR37,5011872.336272808,-0.6477109236670306,1.8673496173259383
AR37,5158221.650723144,-0.6150230482680388,1.8254498304410554
AR37,5308844.442309974,-0.5837951893314163,1.7839435488402495
AR37,5463865.498818635,-0.5539799987161325,1.742870967909718
AR37,5623413.251903587,-0.5255298459788554,1.7022685262709079
AR37,5787619.883491306,-0.49839704600835233,1.6621690579301456
AR37,5956621.435290207,-0.47253406422476296,1.6226019519381718
AR37,6130557.921498313,-0.4478937001584451,1.583593317320895
AR37,6309573.444802041,-0.42442925036686097,1.545166151296705
AR37,6493816.315762226,-0.4020946517434174,1.507340508995164
AR37,6683439.175686263,-0.38084460635082273,1.470133673126682
AR37,6878599.123088196,-0.36063468895802653,1.43356032225831
AR37,7079457.843841503,-0.3414214384806161,1.3976326965321926
AR37,7286181.745132405,-0.32316243453635923,1.3623607598714964
AR37,7498942.093324691,-0.3058163603058629,1.3277523578459467
AR37,7717915.155850261,-0.28934305287360945,1.2938133705624615
AR37,7943282.347242957,-0.27370354218032655,1.2605478600508007
AR37,8175230.379436647,-0.25886007967689517,1.227958211752023
AR37,8413951.416452102,-0.24477615771850814,1.1960452698252084
AR37,8659643.23360081,-0.23141652068154733,1.164808466081095
AR37,8912509.381337617,-0.21874716872731237,1.134245942436319
AR37,9172759.353897963,-0.20673535507562674,1.1043546668501005
AR37,9440608.762859406,-0.1953495775919522,1.075130542774207
AR37,9716279.51577124,-0.18455956542974628,1.046568512192181
AR37,10000000.000000184,-0.17433626141096836,1.0186626523694888
AR37,10292005.271944473,-0.16465180076981847,0.991406266470553
AR37,10592537.251773085,-0.1554794868297255,0.9647919682290611
AR37,10901844.923851479,-0.14679376413042006,0.938811760878526
AR37,11220184.543019842,-0.1385701894716699,0.91345711056578
AR37,11547819.846894797,-0.13078540129344587,0.8887190144841166
AR37,11885022.274370406,-0.12341708776790769,0.8645880639692336
AR37,12232071.190499544,-0.11644395393773277,0.8410545028069638
AR37,12589254.117941909,-0.10984568819699977,0.8181082810014968
AR37,12956866.97517044,-0.10360292837570123,0.7957391042511206
AR37,13335214.321633492,-0.09769722765726907,0.7739364793792289
AR37,13724609.61007588,-0.09211102052851902,0.7526897559598338
AR37,14125375.446227811,-0.08682758893456213,0.7319881643700008
AR37,14537843.856076894,-0.08183102878735958,0.7118208504980124
AR37,14962356.560944619,-0.07710621695428027,0.6921769073255716
AR37,15399265.260595214,-0.07263877883297085,0.6730454035913171
AR37,15848931.924611438,-0.06841505660182232,0.6544154097403242
AR37,16311729.092278697,-0.0644220782185542,0.6362760213472273
AR37,16788040.181225926,-0.06064752722587209,0.6186163801961158
AR37,17278259.80507897,-0.05707971341050723,0.601425693190247
AR37,17782794.100389574,-0.053707544350479794,0.5846932492512423
AR37,18302061.063110918,-0.05052049787623465,0.568408434363794
AR37,18836490.894898374,-0.04750859546235389,0.5525607449088733
AR37,19386526.359522454,-0.044662376559197,0.5371397994204412
AR37,19952623.14968919,-0.04197287386746222,0.5221353488932851
AR37,20535250.264571868,-0.039431589552880036,0.5075372857587872
AR37,21134890.398366887,-0.03703047239387737,0.4933356516423212
AR37,21752040.34019566,-0.034761895850435404,0.47952064400131844
AR37,22387211.385683842,-0.03261863703955064,0.4660826217432328
AR37,23040929.760558918,-0.03059385659956764,0.45301210991217955
AR37,23713737.05661703,-0.028681079423218646,0.44029980352472475
AR37,24406190.680420294,-0.026874176237720877,0.42793657063495316
AR37,25118864.315096308,-0.025167346008377674,0.4159134546971437
AR37,25852348.39562243,-0.023555099141290455,0.4042216762933718
AR37,26607250.597988635,-0.022032241459797243,0.39285263428593953
AR37,27384196.34264417,-0.020593858928775625,0.3817979064513163
AR37,28183829.31264511,-0.019235303100540942,0.3710492496467296
AR37,29006811.98693213,-0.017952177255977007,0.36059859955730683
AR37,29853826.189180207,-0.016740323214526922,0.3504380700671068
AR37,30725573.652675096,-0.015595808786874988,0.34055995229445096
AR37,31622776.601684444,-0.014514915844458704,0.33095671332901233
AR37,32546178.34980526,-0.013494128980262504,0.3216209947031727
AR37,33496543.915783457,-0.012530124735946672,0.31254561062991604
AR37,34474660.65731565,-0.011619761370843782,0.3037235460354132
AR37,35481338.92335828,-0.01076006914891289,0.29514795441038166
AR37,36517412.72548453,-0.009948241120599288,0.2868121555076611
AR37,37583740.4288452,-0.009181624376934552,0.27870963290318645
AR37,38681205.463306025,-0.008457711754216465,0.2708340314437444
AR37,39810717.05535056,-0.007774133968107269,0.2631791545964458
AR37,40973210.98135501,-0.00712865215689658,0.2557389617183324
AR37,42169650.34285911,-0.006519150814315059,0.2485075652598298
AR37,43401026.3644753,-0.005943631093059761,0.24147922791515125
AR37,44668359.21509726,-0.00540020446095813,0.23464835973270365
AR37,45972698.8530882,-0.004887086692377633,0.22800951519529417
AR37,47315125.89614906,-0.004402592178251915,0.22155739028062227
AR37,48696752.516587354,-0.0039451285387825,0.2152868195110021
AR37,50118723.362728305,-0.003513191523553597,0.20919277299947642
AR37,51582216.507231675,-0.0031053601844996627,0.2032703535003909
AR37,53088444.42309998,-0.002720292307791061,0.19751479346998657
AR37,54638654.988186605,-0.002356720091358463,0.19192145214319972
AR37,56234132.51903613,-0.0020134460553786144,0.18648581263122443
AR37,57876198.83491332,-0.0016893391736478216,0.18120347904465592
AR37,59566214.352902345,-0.001383331214335909,0.176070173645853
AR37,61305579.21498341,-0.0010944132791694417,0.17108173403422222
AR37,63095734.44802071,-0.000821632530620839,0.16623411036699043
AR37,64938163.15762256,-0.000564089097193507,0.1615233626184244
AR37,66834391.75686294,-0.0003209331473793811,0.156945657879696
AR37,68785991.23088229,-9.136212333691121e-05,0.15249726770069322
AR37,70794578.43841536,0.00012538187421663217,0.14817456547644622
AR37,72861817.45132439,0.00033001455797241177,0.1439740238784836
AR37,74989420.93324725,0.000523211790521126,0.13989221233262758
AR37,77179151.55850297,0.0007056117926427189,0.1359257945441806
AR37,79432823.47242993,0.0008778172302878248,0.13207152607060116
AR37,81752303.79436684,0.0010403971868057,0.128326251943295
AR37,84139514.1645214,0.0011938890266023103,0.12468690433714433
AR37,86596432.33600849,0.0013388001561258859,0.12115050028955235
AR37,89125093.81337658,0.0014756096877377675,0.11771413946797418
AR37,91727593.53898005,0.0016047700117559102,0.11437500198648853
AR37,94406087.6285945,0.001726708281660221,0.11113034627066096
AR37,97162795.15771285,0.0018418278172002813,0.10797750697080744
AR37,100000000.0000023,0.0019505094298924914,0.10491389292341283
AI37,1000.0,-5.999999999981764,0.0034434291511292008
AI37,1029.2005271944283,-5.999999882977017,0.00354397902864303
AI37,1059.2537251772892,-5.999999759039313,0.0036474650093618385
AI37,1090.1844923851281,-5.999999627757843,0.0037539728284854638
AI37,1122.018454301964,-5.999999488697464,0.003863590724676118
AI37,1154.781984689459,-5.999999341397248,0.003976409513156269
AI37,1188.5022274370194,-5.9999991853689485,0.0040925226609405275
AI37,1223.2071190499325,-5.9999990200954,0.004212026364264002
AI37,1258.9254117941682,-5.999998845028799,0.004335019628271034
AI37,1295.6866975170205,-5.999998659588849,0.00446160434903035
AI37,1333.5214321633252,-5.999998463160909,0.004591885397944592
AI37,1372.4609610075634,-5.999998255093892,0.004725970708623934
AI37,1412.5375446227558,-5.999998034698144,0.00486397136629581
AI37,1453.7843856076636,-5.999997801243147,0.005006001699824678
AI37,1496.2356560944354,-5.999997553955097,0.0051521793764180025
AI37,1539.926526059494,-5.999997292014321,0.005302625499096781
AI37,1584.8931924611159,-5.999997014552612,0.00545746470701133
AI37,1631.1729092278408,-5.9999967206502856,0.005616825278685213
AI37,1678.804018122563,-5.999996409333184,0.005780839238272865
AI37,1727.8259805078665,-5.999996079569423,0.005949642464918666
AI37,1778.279410038926,-5.99999573026597,0.006123374805307976
AI37,1830.2061063110596,-5.999995360265026,0.00630218018950329
AI37,1883.6490894898043,-5.999994968340198,0.006486206750161127
AI37,1938.6526359522113,-5.9999945531924235,0.0066756069452284135
AI37,1995.2623149688839,-5.9999941134456565,0.006870537684219665
AI37,2053.5250264571505,-5.999993647642325,0.007071160458179411
AI37,2113.4890398366515,-5.999993154238491,0.007277641473437317
AI37,2175.2040340195276,-5.999992631598734,0.00749015178926641
AI37,2238.721138568345,-5.999992077990714,0.007708867459558356
AI37,2304.092976055851,-5.9999914915794745,0.007933969678632661
AI37,2371.373705661661,-5.999990870421308,0.008165644931300271
AI37,2440.6190680419863,-5.999990212457344,0.008404085147305675
AI37,2511.8864315095866,-5.999989515506726,0.008649487860274729
AI37,2585.2348395621975,-5.9999887772593645,0.008902056371299732
AI37,2660.725059798817,-5.999987995268289,0.009161999917296647
AI37,2738.4196342643686,-5.9999871669415565,0.009429533844273329
AI37,2818.3829312644616,-5.999986289533629,0.009704879785651823
AI37,2900.681198693162,-5.999985360136288,0.00998826584579175
AI37,2985.3826189179686,-5.999984375669008,0.01027992678886628
AI37,3072.557365267456,-5.999983332868733,0.010580104233246044
AI37,3162.277660168389,-5.999982228279047,0.010889046851551516
AI37,3254.617834980469,-5.99998105823875,0.01120701057653866
AI37,3349.6543915782872,-5.999979818869706,0.011534258812987133
AI37,3447.466065731505,-5.999978506063992,0.011871062655765848
AI37,3548.133892335766,-5.999977115470267,0.012217701114255079
AI37,3651.741272548389,-5.999975642479389,0.012574461343309981
AI37,3758.3740428844544,-5.999974082209102,0.012941638880955224
AI37,3868.120546330535,-5.999972429487871,0.013319537893006335
AI37,3981.0717055349864,-5.999970678837736,0.013708471424818545
AI37,4097.32109813543,-5.999968824456182,0.014108761660370065
AI37,4216.965034285838,-5.999966860196863,0.01452074018889218
AI37,4340.102636447455,-5.9999647795492566,0.014944748279265146
AI37,4466.835921509648,-5.999962575617113,0.01538113716240476
AI37,4597.2698853087395,-5.99996024109553,0.015830268321870643
AI37,4731.512589614823,-5.999957768246841,0.016292513792934962
AI37,4869.67525165865,-5.999955148874866,0.01676825647035521
AI37,5011.872336272742,-5.999952374297841,0.01725789042510363
AI37,5158.221650723077,-5.999949435319587,0.01776182123031153
AI37,5308.8444423099045,-5.999946322199062,0.018280466296694484
AI37,5463.865498818564,-5.99994302461807,0.018814255217732355
AI37,5623.413251903514,-5.999939531647066,0.019363630124884873
AI37,5787.61988349123,-5.999935831708952,0.01992904605313241
AI37,5956.62143529013,-5.999931912540691,0.020510971317138634
AI37,6130.557921498234,-5.999927761152702,0.021109887898340937
AI37,6309.57344480196,-5.99992336378576,0.021726291843282373
AI37,6493.816315762142,-5.999918705865476,0.022360693673508077
AI37,6683.439175686176,-5.9999137719539455,0.023013618807357573
AI37,6878.599123088107,-5.99990854569861,0.023685607993993538
AI37,7079.457843841412,-5.999903009778103,0.024377217760018062
AI37,7286.181745132311,-5.999897145844822,0.02508902086903467
AI37,7498.942093324594,-5.99989093446414,0.025821606794526768
AI37,7717.915155850161,-5.9998843550500265,0.026575582206431768
AI37,7943.282347242854,-5.999877385796843,0.02735157147180011
AI37,8175.23037943654,-5.999870003607093,0.028150217169940074
AI37,8413.951416451991,-5.999862184014897,0.028972180622458897
AI37,8659.643233600696,-5.999853901104944,0.029818142438622013
AI37,8912.5093813375,-5.999845127426641,0.030688803076463586
AI37,9172.759353897844,-5.999835833903185,0.03158488342009262
AI37,9440.608762859283,-5.999825989735216,0.03250712537364984
AI37,9716.279515771113,-5.999815562298823,0.033456292472384005
AI37,10000.000000000055,-5.99980451703748,0.03443317051132668
AI37,10292.00527194434,-5.999792817347572,0.03543856819205714
AI37,10592.537251772948,-5.999780424457185,0.03647331778806184
AI37,10901.844923851339,-5.999767297297677,0.037538275829204944
AI37,11220.184543019699,-5.999753392367654,0.038634323805839525
AI37,11547.819846894648,-5.9997386635889685,0.03976236889310196
AI37,11885.022274370254,-5.99972306215409,0.04092334469594395
AI37,12232.071190499388,-5.999706536364491,0.042118212015471515
AI37,12589.254117941748,-5.999689031459516,0.043347959637172785
AI37,12956.866975170273,-5.999670489435024,0.044613605141628584
AI37,13335.21432163332,-5.999650848851407,0.0459161957383157
AI37,13724.609610075704,-5.99963004463018,0.047256809123123536
AI37,14125.37544622763,-5.9996080078385825,0.048636554360220824
AI37,14537.843856076708,-5.999584665461402,0.050056572788919444
AI37,14962.356560944427,-5.999559940159355,0.051518038956199365
AI37,15399.265260595015,-5.999533750013151,0.05302216157556913
AI37,15848.931924611234,-5.999506008252412,0.05457018451294959
AI37,16311.729092278485,-5.9994766229685785,0.05616338780028367
AI37,16788.040181225708,-5.99944549681091,0.05780308867758581
AI37,17278.259805078742,-5.999412526664417,0.059490642664155324
AI37,17782.79410038934,-5.999377603308837,0.061227444659694194
AI37,18302.061063110676,-5.9993406110574306,0.06301493007607653
AI37,18836.490894898125,-5.9993014273744585,0.06485457600053064
AI37,19386.5263595222,-5.999259922470099,0.06674790239100382
AI37,19952.623149688927,-5.999215958871371,0.06869647330448798
AI37,20535.250264571598,-5.999169390967836,0.07070189815909521
AI37,21134.89039836661,-5.999120064530393,0.07276583303067666
AI37,21752.040340195374,-5.999067816201746,0.07488998198478689
AI37,22387.21138568355,-5.999012472956775,0.0770760984447981
AI37,23040.929760558614,-5.998953851531146,0.07932598659697447
AI37,23713.737056616716,-5.998891757816198,0.0816415028333163
AI37,24406.19068041997,-5.998825986218148,0.08402455723298242
AI37,25118.864315095976,-5.998756318979597,0.08647711508310042
AI37,25852.348395622088,-5.998682525461034,0.08900119843976494
AI37,26607.250597988284,-5.9986043613801066,0.0915988877300198
AI37,27384.19634264381,-5.998521568006041,0.09427232339560533
AI37,28183.829312644742,-5.9984338713067205,0.09702370757924207
AI37,29006.81198693175,-5.998340981045643,0.09985530585420269
AI37,29853.826189179817,-5.998242589825735,0.10276944899789824
AI37,30725.573652674695,-5.998138372077075,0.10576853481018647
AI37,31622.77660168403,-5.99802798298513,0.10885502997706897
AI37,32546.17834980483,-5.997911057356133,0.11203147198041477
AI37,33496.54391578302,-5.997787208415899,0.11530047105429861
AI37,34474.6606573152,-5.997656026538263,0.11866471218849681
AI37,35481.33892335782,-5.997517077899066,0.12212695717962352
AI37,36517.41272548406,-5.997369903051273,0.12569004673032272
AI37,37583.740428844714,-5.997214015416868,0.12935690259686453
AI37,38681.20546330552,-5.997048899690575,0.13313052978539905
AI37,39810.71705535004,-5.996874010150299,0.13701401879703323
AI37,40973.210981354474,-5.99668876886912,0.14101054792178885
AI37,42169.650342858564,-5.996492563823033,0.1451233855813751
AI37,43401.02636447473,-5.996284746888422,0.1493558927205782
AI37,44668.35921509667,-5.996064631723235,0.15371152524692158
AI37,45972.69885308759,-5.99583149152485,0.15819383651807997
AI37,47315.125896148435,-5.995584556658025,0.16280647987634772
AI37,48696.75251658671,-5.995323012145213,0.167553211229254
AI37,50118.723362727644,-5.995045995011726,0.17243789167519197
AI37,51582.216507230994,-5.994752591477382,0.17746449017267424
AI37,53088.44442309928,-5.994441833986157,0.18263708625155026
AI37,54638.65498818588,-5.994112698064627,0.18795987276421175
AI37,56234.13251903538,-5.993764098999745,0.1934371586744758
AI37,57876.19883491255,-5.9933948883258825,0.1990733718814613
AI37,59566.21435290155,-5.993003850110546,0.2048730620753634
AI37,61305.579214982594,-5.992589697027719,0.2108409036215832
AI37,63095.734448019866,-5.992151066207107,0.21698169846917092
AI37,64938.16315762169,-5.99168651484711,0.22330037907900263
AI37,66834.39175686204,-5.991194515578646,0.22980201136651612
AI37,68785.99123088135,-5.990673451566469,0.2364917976531823
AI37,70794.5784384144,-5.990121611333641,0.24337507962016552
AI37,72861.81745132341,-5.989537183294756,0.25045734125687774
AI37,74989.42093324625,-5.988918249982122,0.2577442117962441
AI37,77179.15155850194,-5.988262781949094,0.26524146862760667
AI37,79432.82347242888,-5.987568631333446,0.2729550401771575
AI37,81752.30379436575,-5.986833525063422,0.28089100874470896
AI37,84139.5141645203,-5.986055057688052,0.28905561328439744
AI37,86596.43233600735,-5.985230683812757,0.29745525211562196
AI37,89125.0938133754,-5.984357710120413,0.3060964855490973
AI37,91727.59353897884,-5.983433286957445,0.3149860384113658
AI37,94406.08762859325,-5.982454399463536,0.3241308024494241
AI37,97162.79515771156,-5.981417858223129,0.33353783859533764
AI37,100000.00000000097,-5.98032028941591,0.34321437906871527
AI37,102920.05271944383,-5.9791581244429475,0.3531678292928136
AI37,105925.37251772993,-5.977927589004489,0.36340576959772963
AI37,109018.44923851384,-5.97662469160479,0.3739359566816403
AI37,112201.84543019746,-5.975245211458757,0.38476632479837936
AI37,115478.19846894697,-5.973784685774966,0.39590498663672186
AI37,118850.22274370304,-5.972238396388886,0.4073602338536322
AI37,122320.71190499439,-5.970601355720258,0.4191405372203618
AI37,125892.541179418,-5.968868292028,0.4312545463366585
AI37,129568.66975170327,-5.967033633936599,0.44371108886447863
AI37,133352.1432163338,-5.965091494206818,0.45651916922834523
AI37,137246.09610075763,-5.963035652729185,0.4696879667254156
AI37,141253.7544622769,-5.960859538704962,0.4832268329824594
AI37,145378.4385607677,-5.958556212003855,0.4971452886936337
AI37,149623.56560944492,-5.95611834366523,0.5114530195657191
AI37,153992.65260595083,-5.953538195525656,0.5261598713927964
AI37,158489.31924611304,-5.9508075989524665,0.5412758441757993
AI37,163117.29092278559,-5.947917932666458,0.5568110851959799
AI37,167880.40181225786,-5.944860099639707,0.5727758809444142
AI37,172782.59805078822,-5.9416245030579855,0.5891806478024616
AI37,177827.94100389423,-5.938201021341674,0.6060359213604691
AI37,183020.61063110761,-5.9345789822237895,0.6233523442540608
AI37,188364.90894898213,-5.930747135889767,0.6411406523890332
AI37,193865.26359522287,-5.926693627190136,0.6594116594172564
AI37,199526.23149689016,-5.922405966944535,0.6781762393169739
AI37,205352.5026457169,-5.91787100236872,0.6974453069222432
AI37,211348.90398366703,-5.913074886652745,0.7172297962353087
AI37,217520.4034019547,-5.908003047752784,0.7375406363487875
AI37,223872.11385683648,-5.902640156449121,0.7583887247923676
AI37,230409.29760558717,-5.896970093750044,0.7797848981105888
AI37,237137.37056616822,-5.890975917741966,0.8017398994695396
AI37,244061.90680420081,-5.884639829977921,0.8242643430777422
AI37,251188.64315096088,-5.877943141560084,0.8473686752034624
AI37,258523.48395622204,-5.8708662390668955,0.8710631315594102
AI37,266072.505979884,-5.8633885504730605,0.8953576908144203
AI37,273841.96342643927,-5.855488511320653,0.9202620239976591
AI37,281838.29312644864,-5.8471435313392535,0.9457854395436038
AI37,290068.11986931873,-5.838329961801295,0.9719368237311572
AI37,298538.26189179946,-5.829023063915268,0.9987245762670214
AI37,307255.7365267483,-5.819196978606016,1.0261565407668403
AI37,316227.7660168417,-5.8088246980589835,1.0542399298904044
AI37,325461.7834980498,-5.797878039473526,1.0829812449000855
AI37,334965.4391578317,-5.7863276214952055,1.1123861894209162
AI37,344746.6065731536,-5.77414284385994,1.1424595772007407
AI37,354813.3892335798,-5.761291870844896,1.173205233694397
AI37,365174.1272548422,-5.747741619138044,1.204625891318226
AI37,375837.4042884488,-5.73345775086177,1.2367230782713108
AI37,386812.054633057,-5.718404672487779,1.269497000854007
AI37,398107.1705535022,-5.702545540454747,1.3029464192708
AI37,409732.10981354665,-5.685842274390141,1.3370685169750767
AI37,421696.5034285876,-5.668255578868491,1.3718587636824338
AI37,434010.26364474936,-5.649744974681252,1.4073107722616243
AI37,446683.59215096885,-5.630268840718922,1.4434161498282965
AI37,459726.9885308781,-5.609784467510672,1.480164343454164
AI37,473151.2589614866,-5.588248123612997,1.517542481055509
AI37,486967.5251658694,-5.56561513601023,1.5555352081511318
AI37,501187.23362727877,-5.541839985699924,1.594124521331114
AI37,515822.16507231235,-5.516876419726393,1.6332895994706005
AI37,530884.4442309953,-5.490677580804698,1.6730066338769891
AI37,546386.5498818613,-5.463196155739664,1.713248658782092
AI37,562341.3251903565,-5.434384543754684,1.7539853837919077
AI37,578761.9883491283,-5.4041950457194226,1.7951830301125105
AI37,595662.1435290184,-5.372580075261684,1.836804172632724
AI37,613055.7921498289,-5.339492392499156,1.8788075901457977
AI37,630957.3444802017,-5.304885360976075,1.9211481262352454
AI37,649381.63157622,-5.268713228190708,1.963776563588493
AI37,668343.9175686237,-5.230931429796828,2.0066395147098106
AI37,687859.9123088169,-5.191496917249932,2.04967933220627
AI37,707945.7843841475,-5.15036850830856,2.0928340419974134
AI37,728618.1745132377,-5.107507259412288,2.136037302951715
AI37,749894.2093324661,-5.062876858454659,2.179218396535095
AI37,771791.5155850231,-5.016444035993695,2.222302250113427
AI37,794328.2347242925,-4.968178992420667,2.265209497543741
AI37,817523.0379436614,-4.918055837973598,2.3078565805734965
AI37,841395.141645207,-4.866053041969102,2.3501558944311762
AI37,865964.3233600776,-4.812153886909536,2.392015980678065
AI37,891250.9381337581,-4.75634692262743,2.433341770076263
AI37,917275.9353897927,-4.698626414937184,2.4740348777080534
AI37,944060.8762859369,-4.638992782759689,2.5139939520204035
AI37,971627.9515771201,-4.577453017162658,2.5531150787606838
AI37,1000000.0000000144,-4.514021075353194,2.5912922399724976
AI37,1029200.527194443,-4.44871824227459,2.6284178272773855
AI37,1059253.7251773044,-4.381573452328074,2.6643832077044545
AI37,1090184.4923851436,-4.312623563616565,2.6990793392160723
AI37,1122018.4543019799,-4.241913577212408,2.732397431941169
AI37,1154781.984689475,-4.169496794265826,2.7642296499807277
AI37,1188502.2274370359,-4.095434904188701,2.7944698474471212
AI37,1223207.1190499496,-4.019797997854105,2.823014331280746
AI37,1258925.4117941859,-3.94266450061187,2.8497626423093143
AI37,1295686.6975170388,-3.8641210209851753,2.874618345047182
AI37,1333521.432163344,-3.784262112184688,2.897489815926358
AI37,1372460.9610075825,-3.7031899449547314,2.918291018985377
AI37,1412537.5446227754,-3.6210138918624795,2.936942257653911
AI37,1453784.3856076836,-3.5378500247571445,2.9533708910702945
AI37,1496235.6560944559,-3.453820528827613,2.967512003454548
AI37,1539926.526059515,-3.369053038431497,2.979309015455883
AI37,1584893.1924611374,-3.2836799014818077,2.9887142270022546
AI37,1631172.909227863,-3.1978373808016753,2.9956892821551997
AI37,1678804.0181225857,-3.111664802253806,3.000205547645849
AI37,1727825.9805078898,-3.0253036606664208,3.0022443981846116
AI37,1778279.41003895,-2.93889669561849,3.001797403315669
AI37,1830206.106311084,-2.8525869497926766,2.998866412305582
AI37,1883649.0894898295,-2.76651682308676,2.9934635355063146
AI37,1938652.6359522373,-2.6808271357340754,2.985611022528199
AI37,1995262.3149689105,-2.5956562134841774,2.9753410395001656
AI37,2053525.026457178,-2.5111390073652653,2.9626953495490107
AI37,2113489.0398366796,-2.427406259729161,2.947724902361523
AI37,2175204.0340195564,-2.344583727212714,2.9304893402718784
AI37,2238721.1385683743,-2.2627914699155016,2.9110564296306354
AI37,2304092.9760558815,-2.1821432146510533,2.8895014273616098
AI37,2371373.705661692,-2.1027457984846434,2.8659063934077986
AI37,2440619.0680420185,-2.0246986970951832,2.84035946033319
AI37,2511886.4315096196,-1.9480936407893217,2.812954071620029
AI37,2585234.8395622317,-1.873014319295013,2.783788200174454
AI37,2660725.059798852,-1.799536174859396,2.75296355830424
AI37,2738419.6342644054,-1.7277262816557664,2.7205848099079653
AI37,2818382.931264499,-1.657643308162255,2.6867587949338922
AI37,2900681.1986932005,-1.5893375579600937,2.651593775250721
AI37,2985382.618918008,-1.522851083437636,2.615198710123806
AI37,3072557.365267497,-1.4582178660425582,2.577682568320786
AI37,3162277.6601684312,-1.3954640561673486,2.5391536827794403
AI37,3254617.8349805125,-1.334608265324545,2.499719152547266
AI37,3349654.391578332,-1.2756619030780931,2.4594842955743186
AI37,3447466.065731551,-1.2186295511478373,2.418552154797516
AI37,3548133.8923358135,-1.16350936722441,2.3770230588974273
AI37,3651741.272548438,-1.110293511299677,2.334994238161571
AI37,3758374.042884505,-1.0589685876644994,2.2925594949710812
AI37,3868120.546330587,-1.0095160962016276,2.249808927692667
AI37,3981071.70553504,-0.9619128871161484,2.2068287060755827
AI37,4097321.0981354844,-0.9161316138272904,2.1637008957231267
AI37,4216965.034285894,-0.8721411793424803,2.1205033287626067
AI37,4340102.636447512,-0.8299071720491176,2.0773095175121616
AI37,4466835.921509706,-0.7893922874661001,2.0341886077077054
AI37,4597269.885308799,-0.7505567330908314,1.9912053677180528
AI37,4731512.589614885,-0.7133586140354223,1.948420210100593
AI37,4869675.251658713,-0.6777542976819204,1.9058892418781985
AI37,5011872.336272808,-0.6436987560648703,1.86366433996362
AI37,5158221.650723144,-0.6111458851360694,1.8217932482859513
AI37,5308844.442309974,-0.5800488004613003,1.7803196933306555
AI37,5463865.498818635,-0.5503601092424613,1.7392835149814605
AI37,5623413.251903587,-0.5220321588633584,1.698720809775712
AI37,5787619.883491306,-0.495017262404406,1.6586640838857063
AI37,5956621.435290207,-0.4692679017910213,1.6191424133955872
AI37,6130557.921498313,-0.44473690940404065,1.580181609654507
AI37,6309573.444802041,-0.4213776291187127,1.5418043877315493
AI37,6493816.315762226,-0.39914405783890017,1.5040305362228021
AI37,6683439.175686263,-0.3779909686616424,1.4668770868692207
AI37,6878599.123088196,-0.35787401685621767,1.4303584826651559
AI37,7079457.843841503,-0.338749829858015,1.3944867433078607
AI37,7286181.745132405,-0.3205760824891622,1.359271627050979
AI37,7498942.093324691,-0.30331155859483644,1.324720788151632
AI37,7717915.155850261,-0.28691620026609377,1.290839929283599
AI37,7943282.347242957,-0.2713511457771794,1.2576329484010074
AI37,8175230.379436647,-0.2565787573248546,1.2251020796794008
AI37,8413951.416452102,-0.2425626396000733,1.1932480282437148
AI37,8659643.23360081,-0.22926765017220102,1.1620700985136294
AI37,8912509.381337617,-0.21665990260310158,1.1315663160616758
AI37,9172759.353897963,-0.20470676314834213,1.101733542951098
AI37,9440608.762859406,-0.19337684184429993,1.0725675865937228
AI37,9716279.51577124,-0.1826399787163588,1.0440633022030514
AI37,10000000.000000184,-0.17246722578642845,1.0162146889718529
AI37,10292005.271944473,-0.16283082549974193,0.9890149801341614
AI37,10592537.251773085,-0.15370418613504322,0.9624567270954199
AI37,10901844.923851479,-0.14506185471087438,0.936531877843179
AI37,11220184.543019842,-0.13687948784999826,0.9112318498623855
AI37,11547819.846894797,-0.1291338210174474,0.8865475977928421
AI37,11885022.274370406,-0.1218026365032702,0.8624696760701258
AI37,12232071.190499544,-0.11486473048140147,0.8389882968031623
AI37,12589254.117941909,-0.1082998794368048,0.8160933831325261
AI37,12956866.97517044,-0.10208880621964467,0.793774618322155
AI37,13335214.321633492,-0.0962131459523205,0.7720214908270864
AI37,13724609.61007588,-0.09065541198623087,0.750823335576201
AI37,14125375.446227811,-0.08539896207893641,0.7301693717058336
AI37,14537843.856076894,-0.08042796493758966,0.7100487369671776
AI37,14962356.560944619,-0.07572736725353328,0.6904505190289522
AI37,15399265.260595214,-0.07128286133240413,0.6713637838799954
AI37,15848931.924611438,-0.06708085340745992,0.6527776015355998
AI37,16311729.092278697,-0.06310843270729748,0.6346810692347042
AI37,16788040.181225926,-0.05935334133572287,0.617063332310791
AI37,17278259.80507897,-0.055803945008805686,0.5999136029069321
AI37,17782794.100389574,-0.05244920468316132,0.5832211766954204
AI37,18302061.063110918,-0.04927864910029725,0.5669754477578811
AI37,18836490.894898374,-0.04628234826265311,0.5511659217643261
AI37,19386526.359522454,-0.04345088785048693,0.535782227590414
AI37,19952623.14968919,-0.0407753445815489,0.5208141274940644
AI37,20535250.264571868,-0.03824726251087322,0.5062515259748244
AI37,21134890.398366887,-0.03585863026241473,0.4920844774203712
AI37,21752040.34019566,-0.03360185918096511,0.4783031926453757
AI37,22387211.385683842,-0.031469762389278205,0.46489804441932947
AI37,23040929.760558918,-0.029455534732211755,0.4518595720681575
AI37,23713737.05661703,-0.027552733587978856,0.43917848523613356
AI37,24406190.680420294,-0.025755260524202815,0.4268456668804218
AI37,25118864.315096308,-0.02405734377548508,0.41485217557182763
AI37,25852348.39562243,-0.02245352151779304,0.40318924716555227
AI37,26607250.597988635,-0.02093862591426497,0.3918482959020917
AI37,27384196.34264417,-0.019507767906542343,0.38082091499491183
AI37,28183829.31264511,-0.01815632272531937,0.37009887675538794
AI37,29006811.98693213,-0.016879916093711395,0.35967413230193684
AI37,29853826.189180207,-0.015674411097119163,0.349538810897147
AI37,30725573.652675096,-0.01453589569348292,0.33968521895418746
AI37,31622776.601684444,-0.013460670837920762,0.3301058387456632
AI37,32546178.34980526,-0.012445239196469473,0.32079332685235595
AI37,33496543.915783457,-0.011486294423817031,0.31174051237887507
AI37,34474660.65731565,-0.010580710980771776,0.3029403949681549
AI37,35481338.92335828,-0.00972553446755458,0.29438614263717233
AI37,36517412.72548453,-0.008917972449857776,0.2860710894593854
AI37,37583740.4288452,-0.008155385755187124,0.27798873311399663
AI37,38681205.463306025,-0.007435280217798835,0.2701327323228444
AI37,39810717.05535056,-0.006755298851195328,0.2624969041912914
AI37,40973210.98135501,-0.006113214427953859,0.2550752214703195
AI37,42169650.34285911,-0.005506922447350515,0.24786180975339006
AI37,43401026.3644753,-0.0049344344720333565,0.24085094462225232
AI37,44668359.21509726,-0.004393871815705554,0.23403704875339232
AI37,45972698.8530882,-0.003883459564503587,0.22741468899488948
AI37,47315125.89614906,-0.0034015209155190303,0.2209785734251568
AI37,48696752.516587354,-0.0029464718165663224,0.21472354840122443
AI37,50118723.362728305,-0.0025168158920115067,0.20864459560438614
AI37,51582216.507231675,-0.0021111396401494245,0.20273682909036594
AI37,53088444.42309998,-0.0017281078882693587,0.19699549235078206
AI37,54638654.988186605,-0.001366459492173338,0.19141595539098744
AI37,56234132.51903613,-0.0010250032675318986,0.18599371182898972
AI37,57876198.83491332,-0.0007026141410559185,0.18072437602048227
AI37,59566214.352902345,-0.0003982295100285688,0.1756036802136481
AI37,61305579.21498341,-0.00011084579929564534,0.1706274717366358
AI37,63095734.44802071,0.00016048479465970156,0.16579171022134845
AI37,64938163.15762256,0.00041665738242261134,0.161092464865527
AI37,66834391.75686294,0.0006585172925133876,0.15652591173584587
AI37,68785991.23088229,0.0008868628233209379,0.15208833111314418
AI37,70794578.43841536,0.001102447844573545,0.1477761048822112
AI37,72861817.45132439,0.0013059842563786898,0.1435857139668298
AI37,74989420.93324725,0.0014981443134585183,0.1395137358111986
AI37,77179151.55850297,0.0016795628218203042,0.13555684190874215
AI37,79432823.47242993,0.0018508392147321483,0.13171179537913477
AI37,81752303.79436684,0.0020125395144960164,0.12797544859310517
AI37,84139514.1645214,0.0021651981862104556,0.12434474084643171
AI37,86596432.33600849,0.002309319889361383,0.12081669608264911
AI37,89125093.81337658,0.002445381132781445,0.11738842066446514
AI37,91727593.53898005,0.002573831838233583,0.11405710119400364
AI37,94406087.6285945,0.0026950968175976685,0.11082000238181516
AI37,97162795.15771285,0.002809577168347421,0.10767446496364527
AI37,100000000.0000023,0.002917651591808771,0.10461790366563214
AB37,1000.0,-5.999999999994434,0.003459127476528664
AB37,1029.2005271944283,-5.999999881910139,0.0035601357524592493
AB37,1059.2537251772892,-5.99999975682891,0.003664093516983575
AB37,1090.1844923851281,-5.999999624336158,0.0037710868961540822
AB37,1122.018454301964,-5.999999483992719,0.0038812045308979724
AB37,1154.781984689459,-5.999999335333423,0.003994537650448275
AB37,1188.5022274370194,-5.999999177865517,0.004111180147918675
AB37,1223.2071190499325,-5.999999011067055,0.004231228658084733
AB37,1258.9254117941682,-5.999998834385172,0.004354782637435867
AB37,1295.6866975170205,-5.9999986472342455,0.004481944446564333
AB37,1333.5214321633252,-5.999998448993937,0.0046128194349594216
AB37,1372.4609610075634,-5.999998239007171,0.004747516028277062
AB37,1412.5375446227558,-5.999998016577923,0.004886145818157022
AB37,1453.7843856076636,-5.999997780968934,0.005028823654662073
AB37,1496.2356560944354,-5.999997531399249,0.005175667741415583
AB37,1539.926526059494,-5.999997267041654,0.0053267997335162695
AB37,1584.8931924611159,-5.999996987019912,0.005482344838311132
AB37,1631.1729092278408,-5.99999669040587,0.0056424319191099
AB37,1678.804018122563,-5.99999637621637,0.005807193601926879
AB37,1727.8259805078665,-5.999996043410011,0.005976766385338352
AB37,1778.279410038926,-5.999995690883672,0.00615129075354655
AB37,1830.2061063110596,-5.999995317468886,0.006330911292743576
AB37,1883.6490894898043,-5.999994921927926,0.006515776810871558
AB37,1938.6526359522113,-5.999994502949753,0.006706040460878113
AB37,1995.2623149688839,-5.999994059145626,0.006901859867568843
AB37,2053.5250264571505,-5.999993589044515,0.0071033972581619285
AB37,2113.4890398366515,-5.999993091088247,0.00731081959665264
AB37,2175.2040340195276,-5.999992563626305,0.0075242987220987285
AB37,2238.721138568345,-5.999992004910385,0.007744011490941057
AB37,2304.092976055851,-5.99999141308857,0.007970139923477119
AB37,2371.373705661661,-5.999990786199234,0.008202871354608194
AB37,2440.6190680419863,-5.9999901221645215,0.008442398588984911
AB37,2511.8864315095866,-5.999989418783434,0.008688920060679083
AB37,2585.2348395621975,-5.999988673724577,0.008942639997513878
AB37,2660.725059798817,-5.999987884518404,0.009203768590187714
AB37,2738.4196342643686,-5.999987048549061,0.009472522166331605
AB37,2818.3829312644616,-5.9999861630456595,0.009749123369643505
AB37,2900.681198693162,-5.999985225073181,0.010033801344247419
AB37,2985.3826189179686,-5.999984231522651,0.01032679192442918
AB37,3072.557365267456,-5.9999831791009175,0.010628337829905533
AB37,3162.277660168389,-5.999982064319675,0.01093868886678718
AB37,3254.617834980469,-5.999980883483941,0.011258102134401557
AB37,3349.6543915782872,-5.9999796326798,0.01158684223814563
AB37,3447.466065731505,-5.999978307761419,0.011925181508543738
AB37,3548.133892335766,-5.999976904337329,0.012273400226691175
AB37,3651.741272548389,-5.999975417755845,0.012631786856268507
AB37,3758.3740428844544,-5.999973843089677,0.013000638282317747
AB37,3868.120546330535,-5.999972175119576,0.013380260056976491
AB37,3981.0717055349864,-5.99997040831704,0.013770966652371874
AB37,4097.32109813543,-5.999968536826011,0.014173081720882223
AB37,4216.965034285838,-5.999966554443433,0.014586938362979491
AB37,4340.102636447455,-5.999964454598734,0.015012879402872964
AB37,4466.835921509648,-5.999962230332017,0.015451257672179291
AB37,4597.2698853087395,-5.999959874271004,0.01590243630185192
AB37,4731.512589614823,-5.9999573786066165,0.0163667890226086
AB37,4869.67525165865,-5.999954735067079,0.01684470047410281
AB37,5011.872336272742,-5.999951934890519,0.01733656652309183
AB37,5158.221650723077,-5.999948968795913,0.017842794590861324
AB37,5308.8444423099045,-5.99994582695235,0.018363803990173736
AB37,5463.865498818564,-5.999942498946439,0.018900026272015136
AB37,5623.413251903514,-5.999938973747806,0.019451905582422987
AB37,5787.61988349123,-5.999935239672527,0.020019899029685324
AB37,5956.62143529013,-5.999931284344449,0.020604477062209785
AB37,6130.557921498234,-5.999927094654133,0.021206123857369162
AB37,6309.57344480196,-5.999922656715439,0.02182533772163913
AB37,6493.816315762142,-5.999917955819489,0.022462631502351976
AB37,6683.439175686176,-5.999912976385977,0.02311853301139965
AB37,6878.599123088107,-5.99990770191149,0.023793585461227985
AB37,7079.457843841412,-5.999902114914839,0.024488347913474172
AB37,7286.181745132311,-5.9998961968791855,0.025203395740608394
AB37,7498.942093324594,-5.99988992819058,0.025939321100950513
AB37,7717.915155850161,-5.9998832880731,0.026696733427443803
AB37,7943.282347242854,-5.999876254519947,0.027476259930575654
AB37,8175.23037943654,-5.9998688042205375,0.028278546115848582
AB37,8413.951416451991,-5.999860912483302,0.02910425631621348
AB37,8659.643233600696,-5.999852553153857,0.02995407423988812
AB37,8912.5093813375,-5.999843698528397,0.030828703533997144
AB37,9172.759353897844,-5.99983431926187,0.03172886836447781
AB37,9440.608762859283,-5.999824384270824,0.03265531401271087
AB37,9716.279515771113,-5.999813860630417,0.03360880748934466
AB37,10000.000000000055,-5.999802713465333,0.03459013816579486
AB37,10292.00527194434,-5.999790905834344,0.035600118423913675
AB37,10592.537251772948,-5.999778398607887,0.03663958432433339
AB37,10901.844923851339,-5.999765150338501,0.03770939629400454
AB37,11220.184543019699,-5.999751117123566,0.038810439833459276
AB37,11547.819846894648,-5.999736252459917,0.03994362624434409
AB37,11885.022274370254,-5.999720507089845,0.04110989337777989
AB37,12232.071190499388,-5.999703828838011,0.04231020640412001
AB37,12589.254117941748,-5.9996861624386915,0.0435455586046888
AB37,12956.866975170273,-5.999667449352787,0.04481697218609965
AB37,13335.21432163332,-5.99964762757406,0.04612549911776217
AB37,13724.609610075704,-5.999626631423842,0.0474722219932022
AB37,14125.37544622763,-5.999604391333669,0.04885825491583311
AB37,14537.843856076708,-5.999580833615007,0.05028474440982856
AB37,14962.356560944427,-5.999555880215389,0.051752870356761224
AB37,15399.265260595015,-5.999529448460109,0.053263846958684385
AB37,15848.931924611234,-5.999501450778696,0.05481892372834833
AB37,16311.729092278485,-5.999471794415146,0.056419386507252534
AB37,16788.040181225708,-5.999440381121135,0.05806655851225202
AB37,17278.259805078742,-5.999407106830946,0.05976180141144287
AB37,17782.79410038934,-5.9993718613173685,0.06150651643006996
AB37,18302.061063110676,-5.999334527827159,0.06330214548720511
AB37,18836.490894898125,-5.99929498269498,0.06515017236395806
AB37,19386.5263595222,-5.999253094934581,0.0670521239039927
AB37,19952.623149688927,-5.99920872580583,0.06900957124712763
AB37,20535.250264571598,-5.999161728356184,0.07102413109681088
AB37,21134.89039836661,-5.999111946935091,0.07309746702226359
AB37,21752.040340195374,-5.999059216679783,0.07523129079609626
AB37,22387.21138568355,-5.99900336297066,0.07742736376820053
AB37,23040.929760558614,-5.9989442008547185,0.07968749827673009
AB37,23713.737056616716,-5.99888153443478,0.08201355909697589
AB37,24406.19068041997,-5.998815156222921,0.08440746492894963
AB37,25118.864315095976,-5.998744846455706,0.0868711899244792
AB37,25852.348395622088,-5.998670372369101,0.0894067652546174
AB37,26607.250597988284,-5.998591487430779,0.09201628071815854
AB37,27384.19634264381,-5.998507930527161,0.09470188639204113
AB37,28183.829312644742,-5.998419425102703,0.09746579432440634
AB37,29006.81198693175,-5.998325678248529,0.10031028027105746
AB37,29853.826189179817,-5.998226379737582,0.10323768547604917
AB37,30725.573652674695,-5.998121201002993,0.10625041849710104
AB37,31622.77660168403,-5.998009794056605,0.10935095707650405
AB37,32546.17834980483,-5.9978917903439335,0.11254185005814554
AB37,33496.54391578302,-5.997766799532033,0.11582571935123653
AB37,34474.6606573152,-5.997634408226361,0.11920526194127498
AB37,35481.33892335782,-5.997494178612402,0.12268325194871416
AB37,36517.41272548406,-5.997345647017941,0.12626254273574922
AB37,37583.740428844714,-5.997188322391101,0.1299460690615441
AB37,38681.20546330552,-5.997021684689594,0.13373684928615023
AB37,39810.71705535004,-5.996845183175809,0.13763798762325863
AB37,40973.210981354474,-5.996658234612608,0.14165267644182744
AB37,42169.650342858564,-5.996460221353755,0.14578419861649528
AB37,43401.02636447473,-5.996250489323445,0.1500359299265668
AB37,44668.35921509667,-5.996028345878097,0.154411341503188
AB37,45972.69885308759,-5.995793057544113,0.15891400232417485
AB37,47315.125896148435,-5.995543847624277,0.16354758175575926
AB37,48696.75251658671,-5.995279893665484,0.16831585214031106
AB37,50118.723362727644,-5.995000324780003,0.17322269142886604
AB37,51582.216507230994,-5.994704218811833,0.17827208585702614
AB37,53088.44442309928,-5.99439059933967,0.1834681326625211
AB37,54638.65498818588,-5.99405843250723,0.18881504284241002
AB37,56234.13251903538,-5.993706623671227,0.19431714394754554
AB37,57876.19883491255,-5.993334013857071,0.1999788829115633
AB37,59566.21435290155,-5.9929393760114555,0.20580482891122617
AB37,61305.579214982594,-5.992521411040725,0.21179967625450208
AB37,63095.734448019866,-5.992078743623341,0.21796824729225933
AB37,64938.16315762169,-5.991609917783922,0.22431549534889594
AB37,66834.39175686204,-5.991113392216184,0.2308465076666396
AB37,68785.99123088135,-5.99058753534099,0.23756650835757137
AB37,70794.5784384144,-5.990030620085485,0.24448086135672675
AB37,72861.81745132341,-5.989440818368313,0.2515950733688232
AB37,74989.42093324625,-5.98881619527548,0.2589147968003087
AB37,77179.15155850194,-5.988154702910583,0.26644583266749294
AB37,79432.82347242888,-5.987454173902445,0.2741941334704843
AB37,81752.30379436575,-5.986712314552461,0.2821658060215518
AB37,84139.5141645203,-5.985926697603282,0.2903671142153119
AB37,86596.43233600735,-5.9850947546097295,0.2988044817268251
AB37,89125.0938133754,-5.984213767891831,0.30748449462222793
AB37,91727.59353897884,-5.983280862049634,0.3164139038650034
AB37,94406.08762859325,-5.982292995018221,0.32559962769926326
AB37,97162.79515771156,-5.981246948640807,0.33504875388959415
AB37,100000.00000000097,-5.980139318737312,0.3447685417950349
AB37,102920.05271944383,-5.978966504644673,0.35476642425257643
AB37,105925.37251772993,-5.977724698205061,0.3650500092432718
AB37,109018.44923851384,-5.976409872176977,0.3756270813114883
AB37,112201.84543019746,-5.9750177680443946,0.38650560270515155
AB37,115478.19846894697,-5.9735438831979035,0.39769371420185795
AB37,118850.22274370304,-5.971983457462057,0.40919973558259337
AB37,122320.71190499439,-5.970331458942642,0.4210321657113867
AB37,125892.541179418,-5.968582569167331,0.43319968217554994
AB37,129568.66975170327,-5.966731167492212,0.44571114043714566
AB37,133352.1432163338,-5.964771314755963,0.4585755724427917
AB37,137246.09610075763,-5.962696736136038,0.4718021846323188
AB37,141253.7544622769,-5.960500803208545,0.48540035528543646
AB37,145378.4385607677,-5.958176515167554,0.49937963113693407
AB37,149623.56560944492,-5.955716479189433,0.5137497231875731
AB37,153992.65260595083,-5.953112889919316,0.5285205016312312
AB37,158489.31924611304,-5.950357508060984,0.5437019898128282
AB37,163117.29092278559,-5.947441638053372,0.559304357124952
AB37,167880.40181225786,-5.944356104820383,0.5753379107442093
AB37,172782.59805078822,-5.941091229584044,0.5918130861009995
AB37,177827.94100389423,-5.937636804735696,0.6087404359687787
AB37,183020.61063110761,-5.933982067764756,0.6261306180508297
AB37,188364.90894898213,-5.930115674250507,0.6439943809342129
AB37,193865.26359522287,-5.926025669929512,0.6623425482718799
AB37,199526.23149689016,-5.92169946185891,0.6811860010449864
AB37,205352.5026457169,-5.91712378870483,0.7005356577481913
AB37,211348.90398366703,-5.91228469019585,0.7204024523313544
AB37,217520.4034019547,-5.907167475792665,0.7407973097215047
AB37,223872.11385683648,-5.901756692637396,0.7617311187391844
AB37,230409.29760558717,-5.896036092869864,0.7832147022149736
AB37,237137.37056616822,-5.889988600387175,0.8052587840990894
AB37,244061.90680420081,-5.883596277187869,0.8278739533538415
AB37,251188.64315096088,-5.876840289416291,0.8510706244043367
AB37,258523.48395622204,-5.869700873273543,0.8748589939184828
AB37,266072.505979884,-5.862157300977677,0.8992489936793295
AB37,273841.96342643927,-5.854187846984816,0.9242502393071788
AB37,281838.29312644864,-5.845769754713654,0.9498719745847506
AB37,290068.11986931873,-5.836879204047906,0.9761230111360939
AB37,298538.26189179946,-5.827491279936705,1.003011663211382
AB37,307255.7365267483,-5.817579942424892,1.0305456773277437
AB37,316227.7660168417,-5.807117998533259,1.0587321565296781
AB37,325461.7834980498,-5.796077076408427,1.0875774790345525
AB37,334965.4391578317,-5.784427602236266,1.1170872110468102
AB37,344746.6065731536,-5.772138780467977,1.1472660135444017
AB37,354813.3892335798,-5.759178577923224,1.1781175428581876
AB37,365174.1272548422,-5.745513712458348,1.2096443449090648
AB37,375837.4042884488,-5.731109646878775,1.2418477429932524
AB37,386812.054633057,-5.715930588873283,1.2747277190601947
AB37,398107.1705535022,-5.6999394978069775,1.3082827884834272
AB37,409732.10981354665,-5.683098099241688,1.342509868384177
AB37,421696.5034285876,-5.66536690815207,1.377404139652853
AB37,434010.26364474936,-5.64670526184131,1.4129589028976475
AB37,446683.59215096885,-5.627071363609503,1.4491654286493374
AB37,459726.9885308781,-5.606422338287373,1.4860128022685777
AB37,473151.2589614866,-5.584714300799874,1.5234877641336106
AB37,486967.5251658694,-5.561902438904579,1.561574545816029
AB37,501187.23362727877,-5.537941111354819,1.6002547031322842
AB37,515822.16507231235,-5.512783962672429,1.6395069471133201
AB37,530884.4442309953,-5.486384055702173,1.6793069741199518
AB37,546386.5498818613,-5.458694023159969,1.7196272965532522
AB37,562341.3251903565,-5.429666239230029,1.7604370757926207
AB37,578761.9883491283,-5.399253012266538,1.8017019592417012
AB37,595662.1435290184,-5.367406799458844,1.843383923567227
AB37,613055.7921498289,-5.334080444257304,1.8854411264781779
AB37,630957.3444802017,-5.2992274370675565,1.9278277695939239
AB37,649381.63157622,-5.2628021995633505,1.9704939752019177
AB37,668343.9175686237,-5.224760392667249,2.0133856799151078
AB37,687859.9123088169,-5.185059247890737,2.056444548423818
AB37,707945.7843841475,-5.143657921422577,2.099607910734041
AB37,728618.1745132377,-5.100517869850671,2.1428087263885836
AB37,749894.2093324661,-5.055603246024253,2.1859755792930247
AB37,771791.5155850231,-5.008881312993656,2.229032706783006
AB37,794328.2347242925,-4.960322873409522,2.2719000665365594
AB37,817523.0379436614,-4.909902711274777,2.3144934448725114
AB37,841395.141645207,-4.857600042201817,2.356724609727332
AB37,865964.3233600776,-4.803398967850959,2.398501511380246
AB37,891250.9381337581,-4.747288929529319,2.4397285335735663
AB37,917275.9353897927,-4.689265155367806,2.48030679719432
AB37,944060.8762859369,-4.629329094953315,2.5201345180845145
AB37,971627.9515771201,-4.567488834785747,2.5591074198241697
AB37,1000000.0000000144,-4.503759487501355,2.5971192014959255
AB37,1029200.527194443,-4.438163547548476,2.6340620595425333
AB37,1059253.7251773044,-4.3707312057356695,2.66982726176582
AB37,1090184.4923851436,-4.301500615098579,2.704305770459151
AB37,1122018.4543019799,-4.230518100620827,2.7373889104995275
AB37,1154781.984689475,-4.157838305661574,2.76896907705833
AB37,1188502.2274370359,-4.083524268451464,2.7989404764261243
AB37,1223207.1190499496,-4.007647422697194,2.8271998923001385
AB37,1258925.4117941859,-3.9302875172761205,2.8536474688509346
AB37,1295686.6975170388,-3.851532451064962,2.878187500916822
AB37,1333521.432163344,-3.771478020248474,2.9007292208957405
AB37,1372460.9610075825,-3.6902275768916324,2.9211875712986757
AB37,1412537.5446227754,-3.6078915991145912,2.939483951534539
AB37,1453784.3856076836,-3.524587174887925,2.955546927374179
AB37,1496235.6560944559,-3.440437403153693,2.9693128916589346
AB37,1539926.526059515,-3.3555707176977743,2.980726665243039
AB37,1584893.1924611374,-3.2701201408490643,2.9897420278539837
AB37,1631172.909227863,-3.1842224756342272,2.99632216953265
AB37,1678804.0181225857,-3.0980174464005126,3.000440054538455
AB37,1727825.9805078898,-3.0116467991471945,3.002078691103604
AB37,1778279.41003895,-2.9252533736919006,3.0012313020205013
AB37,1830206.106311084,-2.8389801605400176,2.9979013929197404
AB37,1883649.0894898295,-2.7529693556275983,2.9921027169341277
AB37,1938652.6359522373,-2.6673614262046814,2.983859136426354
AB37,1995262.3149689105,-2.5822942008440224,2.9732043843632243
AB37,2053525.026457178,-2.497901995961539,2.9601817297332707
AB37,2113489.0398366796,-2.4143147904190108,2.9448435531662387
AB37,2175204.0340195564,-2.3316574586206342,2.927250840400425
AB37,2238721.1385683743,-2.2500490711981196,2.9074726025758286
AB37,2304092.9760558815,-2.169602270869203,2.8855852333886047
AB37,2371373.705661692,-2.0904227294200917,2.8616718139214012
AB37,2440619.0680420185,-2.012608690083509,2.835821376491262
AB37,2511886.4315096196,-1.936250597847664,2.808128139047226
AB37,2585234.8395622317,-1.8614308185715531,2.778690721622448
AB37,2660725.059798852,-1.7882234461735065,2.7476113560282434
AB37,2738419.6342644054,-1.716694195669938,2.714995099429731
AB37,2818382.931264499,-1.6469003785196166,2.6809490617231395
AB37,2900681.1986932005,-1.5788909555621302,2.64558165572484
AB37,2985382.618918008,-1.5127066618695229,2.6090018781531406
AB37,3072557.365267497,-1.4483801970730856,2.5713186282889784
AB37,3162277.6601684312,-1.3859364741480293,2.532640070017463
AB37,3254617.8349805125,-1.3253929192878313,2.493073041805883
AB37,3349654.391578332,-1.266759815299291,2.452722517982622
AB37,3447466.065731551,-1.2100406809600763,2.4116911236059426
AB37,3548133.8923358135,-1.1552326789031657,2.370078704130773
AB37,3651741.272548438,-1.1023270448842422,2.327981950155535
AB37,3758374.042884505,-1.0513095316549672,2.2854940766386656
AB37,3868120.546330587,-1.0021608611507362,2.242704555252311
AB37,3981071.70553504,-0.9548571792276286,2.1996988978821173
AB37,4097321.0981354844,-0.9093705077641394,2.1565584887563185
AB37,4216965.034285894,-0.8656691895516107,2.1133604622775417
AB37,4340102.636447512,-0.823718322003206,2.070177623301772
AB37,4466835.921509706,-0.7834801763257035,2.027078406411786
AB37,4597269.885308799,-0.7449145993780053,1.9841268705866684
AB37,4731512.589614885,-0.7079793960028098,1.9413827256292522
AB37,4869675.251658713,-0.67263069013519,1.898901386719674
AB37,5011872.336272808,-0.6388232634807474,1.8567340535637502
AB37,5158221.650723144,-0.6065108709774534,1.8149278106937374
AB37,5308844.442309974,-0.5756465326505761,1.7735257456617006
AB37,5463865.498818635,-0.5461828018127601,1.7325670820678711
AB37,5623413.251903587,-0.5180720098404756,1.6920873245383943
AB37,5787619.883491306,-0.49126648801754735,1.6521184130274453
AB37,5956621.435290207,-0.4657187671382781,1.6126888840449736
AB37,6130557.921498313,-0.44138175571934823,1.5738240366179328
AB37,6309573.444802041,-0.41820889781023063,1.5355461010639369
AB37,6493816.315762226,-0.39615431147797875,1.4978744088500127
AB37,6683439.175686263,-0.3751729091129722,1.460825562038357
AB37,6878599.123088196,-0.35522050074171985,1.4244136010201178
AB37,7079457.843841503,-0.3362538815538096,1.388650169437336
AB37,7286181.745132405,-0.31823090484682615,1.353544675357027
AB37,7498942.093324691,-0.3011105415810193,1.3191044479372593
AB37,7717915.155850261,-0.28485292770392484,1.2853348889593437
AB37,7943282.347242957,-0.26941940037132855,1.2522396187537932
AB37,8175230.379436647,-0.2547725241379687,1.2198206161385083
AB37,8413951.416452102,-0.24087610814561045,1.1880783521221778
AB37,8659643.23360081,-0.22769521527446424,1.1570119171959192
AB37,8912509.381337617,-0.21519616416788012,1.1266191421311018
AB37,9172759.353897963,-0.20334652497759298,1.096896712260818
AB37,9440608.762859406,-0.19211510961735095,1.0678402752883533
AB37,9716279.51577124,-0.1814719572518877,1.0394445427129886
AB37,10000000.000000184,-0.17138831568885884,1.0117033850024106
AB37,10292005.271944473,-0.16183661928477577,0.9846099206772525
AB37,10592537.251773085,-0.15279046392099085,0.9581565994991148
AB37,10901844.923851479,-0.14422457955349044,0.9323352799735882
AB37,11220184.543019842,-0.13611480079108623,0.9071373013964064
AB37,11547819.846894797,-0.12843803590992067,0.8825535506800664
AB37,11885022.274370406,-0.1211722346689322,0.8585745242055507
AB37,12232071.190499544,-0.11429635525103085,0.8351903849503215
AB37,12589254.117941909,-0.10779033061652918,0.8123910151381712
AB37,12956866.97517044,-0.1016350345220266,0.7901660646616715
AB37,13335214.321633492,-0.09581224742600988,0.7685049955216632
AB37,13724609.61007588,-0.09030462247298524,0.7473971225173534
AB37,14125375.446227811,-0.08509565172352686,0.7268316504277708
AB37,14537843.856076894,-0.08016963277173529,0.7067977079007504
AB37,14962356.560944619,-0.07551163587207096,0.6872843782724721
AB37,15399265.260595214,-0.07110747167675101,0.6682807275192371
AB37,15848931.924611438,-0.06694365966896611,0.6497758295456008
AB37,16311729.092278697,-0.06300739736058739,0.631758788993423
AB37,16788040.181225926,-0.05928653030987015,0.6142187617515723
AB37,17278259.80507897,-0.05576952300255,0.5971449733373143
AB37,17782794.100389574,-0.0524454306288175,0.5805267353094195
AB37,18302061.063110918,-0.04930387177908245,0.5643534598621424
AB37,18836490.894898374,-0.04633500207355888,0.5486146727441903
AB37,19386526.359522454,-0.04352948873304879,0.5333000246328707
AB37,19952623.14968919,-0.040878486092726554,0.5183993010926186
AB37,20535250.264571868,-0.03837361205446606,0.5039024312281529
AB37,21134890.398366887,-0.03600692546973759,0.4897994951474899
AB37,21752040.34019566,-0.033770904440235054,0.4760807303303236
AB37,22387211.385683842,-0.0316584255209502,0.4627365370004365
AB37,23040929.760558918,-0.029662743807146112,0.44975748258674575
AB37,23713737.05661703,-0.027777473884795345,0.43713430535538855
AB37,24406190.680420294,-0.025996571622235065,0.42485791728905375
AB37,25118864.315096308,-0.024314316779203024,0.41291940628089463
AB37,25852348.39562243,-0.02272529640867986,0.4013100377101295
AB37,26607250.597988635,-0.021224389025856404,0.39002125545579946
AB37,27384196.34264417,-0.019806749518446853,0.37904468240764944
AB37,28183829.31264511,-0.01846779477178963,0.36837212051996593
AB37,29006811.98693213,-0.017203189982570467,0.35799555045907583
AB37,29853826.189180207,-0.016008835634688696,0.34790713088435804
AB37,30725573.652675096,-0.014880855111248016,0.3380991974040565
AB37,31622776.601684444,-0.01381558291682606,0.32856426124098925
AB37,32546178.34980526,-0.012809553484656743,0.3192950076413528
AB37,33496543.915783457,-0.011859490543862643,0.31028429405714714
AB37,34474660.65731565,-0.010962297022418115,0.3015251481295291
AB37,35481338.92335828,-0.01011504546219414,0.293010765499389
AB37,36517412.72548453,-0.009314968923008534,0.2847345074666647
AB37,37583740.4288452,-0.008559452353418215,0.27668989852132236
AB37,38681205.463306025,-0.007846024406573624,0.2688706237629079
AB37,39810717.05535056,-0.0071723496803467335,0.2612705262290935
AB37,40973210.98135501,-0.006536221361507638,0.2538836041459534
AB37,42169650.34285911,-0.005935554254616306,0.24670400811626442
AB37,43401026.3644753,-0.005368378176977103,0.23972603825892247
AB37,44668359.21509726,-0.0048328317017146075,0.23294414130980023
AB37,45972698.8530882,-0.004327156231815491,0.22635290769574262
AB37,47315125.89614906,-0.0038496903886705135,0.21994706859142926
AB37,48696752.516587354,-0.003398864699339919,0.2137214929669506
AB37,50118723.362728305,-0.002973196567473746,0.2076711846342244
AB37,51582216.507231675,-0.002571285513477019,0.20179127929904905
AB37,53088444.42309998,-0.002191808670162691,0.19607704162511375
AB37,54638654.988186605,-0.0018335165207626208,0.19052386231548546
AB37,56234132.51903613,-0.0014952288667727858,0.18512725521551268
AB37,57876198.83491332,-0.0011758310137142186,0.17988285444330382
AB37,59566214.352902345,-0.0008742701634350813,0.1747864115496168
AB37,61305579.21498341,-0.0005895520021459259,0.16983379271154206
AB37,63095734.44802071,-0.00032073747389613,0.16502097596264909
AB37,64938163.15762256,-6.693972970614383e-05,0.16034404846206823
AB37,66834391.75686294,0.00017267875694450957,0.1557992038044434
AB37,68785991.23088229,0.0003989089171118178,0.15138273937293587
AB37,70794578.43841536,0.0006124976642566584,0.14709105373647158
AB37,72861817.45132439,0.0008141503309575019,0.14292064409259136
AB37,74989420.93324725,0.0010045329720287793,0.13886810375688385
AB37,77179151.55850297,0.0011842745412262152,0.13493011970018132
AB37,79432823.47242993,0.0013539689483314755,0.13110347013309304
AB37,81752303.79436684,0.0015141770030908728,0.12738502213981884
AB37,84139514.1645214,0.0016654282521048206,0.12377172935999028
AB37,86596432.33600849,0.001808222714481281,0.12026062971967855
AB37,89125093.81337658,0.001943032521743797,0.11684884321124567
AB37,91727593.53898005,0.0020703034671963605,0.11353356972181236
AB37,94406087.6285945,0.0021904564696788066,0.11031208691030725
AB37,97162795.15771285,0.0023038889563787466,0.10718174813268369
AB37,100000000.0000023,0.0024109761691237246,0.10413998041504416
