candidate,frequency_hz,output_psd_v2_per_hz,input_psd_v2_per_hz
A37,1000.0,3.5027610423860005e-12,9.729888593319225e-14
A37,1014.4952080687361,3.453238573149819e-12,9.592326316983493e-14
A37,1029.2005271944283,3.404423685372739e-12,9.456729541424277e-14
A37,1044.1190029805646,3.3563062690534383e-12,9.323070188731465e-14
A37,1059.2537251772892,3.3088763586431814e-12,9.191320571376843e-14
A37,1074.6078283213178,3.2621241309818735e-12,9.061453408390665e-14
A37,1090.1844923851281,3.2160399032635785e-12,8.933441797479473e-14
A37,1105.98694343556,3.170614131031139e-12,8.807259232012301e-14
A37,1122.018454301964,3.125837406199429e-12,8.682879572642349e-14
A37,1138.2823452540329,3.081700455106847e-12,8.560277065117412e-14
A37,1154.781984689459,3.0381941365946694e-12,8.439426311381255e-14
A37,1171.520789831561,2.9953094401138255e-12,8.320302288223775e-14
A37,1188.5022274370194,2.9530374838587322e-12,8.202880317837372e-14
A37,1205.7298145138755,2.9113695129277974e-12,8.087136087323024e-14
A37,1223.2071190499328,2.8702968975102003e-12,7.973045618676558e-14
A37,1240.9377607517208,2.829811131098575e-12,7.860585289167488e-14
A37,1258.9254117941684,2.789903828727239e-12,7.749731800729593e-14
A37,1277.1737975811443,2.7505667252355924e-12,7.640462201230211e-14
A37,1295.686697517021,2.7117916735563278e-12,7.532753853238916e-14
A37,1314.4679457894238,2.673570643028094e-12,7.426584456205722e-14
A37,1333.5214321633257,2.6358957177322914e-12,7.321932014581148e-14
A37,1352.851102786652,2.598759094853592e-12,7.21877486092258e-14
A37,1372.4609610075638,2.562153083063914e-12,7.117091623338377e-14
A37,1392.3550682035861,2.526070100929488e-12,7.016861249542549e-14
A37,1412.5375446227565,2.4905026753406577e-12,6.918062973594905e-14
A37,1433.012570236965,2.4554434399641454e-12,6.820676340924935e-14
A37,1453.7843856076643,2.420885133717409e-12,6.724681174339498e-14
A37,1474.8572927641271,2.386820599264813e-12,6.630057600037659e-14
A37,1496.235656094436,2.3532427815352706e-12,6.536786012856668e-14
A37,1517.923903249387,2.320144726261085e-12,6.444847103300445e-14
A37,1539.926526059495,2.2875195785376512e-12,6.354221821993872e-14
A37,1562.2480814652934,2.2553605814037436e-12,6.264891407748479e-14
A37,1584.8931924611168,2.2236610744420962e-12,6.176837351194496e-14
A37,1607.866549052564,2.192414492399958e-12,6.090041423908189e-14
A37,1631.1729092278417,2.1616143638293784e-12,6.004485641190131e-14
A37,1654.817099943185,2.13125430974691e-12,5.920152292279772e-14
A37,1678.804018122564,2.1013280423124548e-12,5.837023902247757e-14
A37,1703.1386316718808,2.071829363527014e-12,5.755083263324135e-14
A37,1727.8259805078674,2.042752163949013e-12,5.67431339587165e-14
A37,1752.871177601897,2.014090421428978e-12,5.5946975808549926e-14
A37,1778.2794100389272,1.985838199862305e-12,5.5162193198613496e-14
A37,1804.0559400917907,1.957989647959834e-12,5.438862368739151e-14
A37,1830.2061063110607,1.9305389980359887e-12,5.3626106966309955e-14
A37,1856.735324630711,1.9034805648142444e-12,5.2874485208115164e-14
A37,1883.6490894898054,1.876808744249653e-12,5.2133602646970914e-14
A37,1910.9529749704457,1.8505180123681953e-12,5.140330593913369e-14
A37,1938.6526359522127,1.8246029241227126e-12,5.0683443732451535e-14
A37,1966.7538092833438,1.7990581122651848e-12,4.997386703965383e-14
A37,1995.2623149688852,1.7738782862351408e-12,4.927442879687588e-14
A37,2024.1840573760674,1.7490582310639139e-12,4.85849842498922e-14
A37,2053.525026457152,1.72459280629459e-12,4.790539050128085e-14
A37,2083.291298990005,1.7004769449173654e-12,4.723550690994134e-14
A37,2113.489039836653,1.676705652320123e-12,4.657519462650126e-14
A37,2144.1245032200786,1.653274005254005e-12,4.5924317006472516e-14
A37,2175.2040340195294,1.6301771508137626e-12,4.5282739133492806e-14
A37,2206.7340690845967,1.6074103054326713e-12,4.465032824648541e-14
A37,2238.7211385683468,1.5849687538918159e-12,4.402695325031643e-14
A37,2271.171867279773,1.5628478483435205e-12,4.341248515733721e-14
A37,2304.0929760558533,1.5410430073487436e-12,4.2806796585026213e-14
A37,2337.4912831534966,1.5195497149282107e-12,4.2209762212306226e-14
A37,2371.3737056616637,1.4983635196271226e-12,4.162125826372717e-14
A37,2405.7472609339593,1.477480033593211e-12,4.104116298096462e-14
A37,2440.619068041989,1.4568949316679793e-12,4.046935609308728e-14
A37,2475.9963492497827,1.4366039504909186e-12,3.9905719303656775e-14
A37,2511.8864315095893,1.4166028876165288e-12,3.9350135746610965e-14
A37,2548.296747979356,1.396887600643953e-12,3.8802490489399905e-14
A37,2585.2348395622007,1.3774540063590473e-12,3.82626699740009e-14
A37,2622.7083564682007,1.3582980798887098e-12,3.77305625365415e-14
A37,2660.7250597988204,1.3394158538672921e-12,3.720605783294952e-14
A37,2699.2928231543046,1.320803417614922e-12,3.668904737552806e-14
A37,2738.4196342643727,1.3024569163275625e-12,3.6179423942728256e-14
A37,2778.1135966425472,1.2843725502786486e-12,3.567708213315857e-14
A37,2818.382931264466,1.2665465740321298e-12,3.518191775895288e-14
A37,2859.235978270519,1.248975295666751e-12,3.469382841771236e-14
A37,2900.6811986931666,1.2316550760114238e-12,3.421271286892562e-14
A37,2942.727176209295,1.214582327891522e-12,3.373847162435933e-14
A37,2985.382618917973,1.1977535153859387e-12,3.327100630697004e-14
A37,3028.6563611439774,1.1811651530947706e-12,3.281022026027714e-14
A37,3072.5573652674607,1.164813805417452e-12,3.2356017889190316e-14
A37,3117.0947235801405,1.1486960858412138e-12,3.190830528891608e-14
A37,3162.277660168394,1.132808656239705e-12,3.146698956710616e-14
A37,3208.115532823651,1.117148226181632e-12,3.103197949286887e-14
A37,3254.617834980474,1.101711552249283e-12,3.060318479962548e-14
A37,3301.7941976827356,1.0864954373667795e-12,3.0180516854816826e-14
A37,3349.6543915782927,1.0714967301379368e-12,2.976388794283569e-14
A37,3398.208328942576,1.0567123241935786e-12,2.9353211956039645e-14
A37,3447.4660657315108,1.0421391575481757e-12,2.89484036571078e-14
A37,3497.437803664196,1.0277742119656827e-12,2.854937939199143e-14
A37,3548.133892335772,1.0136145123344273e-12,2.8156056331022795e-14
A37,3599.564831360914,9.996571260509412e-13,2.776835320445719e-14
A37,3651.7412725483955,9.858991624125872e-13,2.7386189521641098e-14
A37,3704.674022107176,9.723377720188643e-13,2.7009486329820776e-14
A37,3758.3740428844612,9.58970146181273e-13,2.6638165410654323e-14
A37,3812.8524566362084,9.457935163416057e-13,2.627215006298642e-14
A37,3868.1205463305423,9.328051534985509e-13,2.591136427596594e-14
A37,3924.189758484557,9.200023676424917e-13,2.5555733536509832e-14
A37,3981.071705534994,9.073825071983752e-13,2.520518397826466e-14
A37,4038.7781682432824,8.949429584765501e-13,2.4859643214507526e-14
A37,4097.321098135438,8.826811451314389e-13,2.4519039462165062e-14
A37,4156.712619977334,8.70594527627952e-13,2.418330240092501e-14
A37,4216.965034285847,8.586806027155315e-13,2.3852362271501256e-14
A37,4278.0908198764055,8.46936902909693e-13,2.3526150761756226e-14
A37,4340.102636447464,8.353609959809892e-13,2.3204600078373366e-14
A37,4403.01332720244,8.239504844512697e-13,2.2887643860818783e-14
A37,4466.835921509658,8.127030050971374e-13,2.257521622555538e-14
A37,4531.583637600846,8.016162284605012e-13,2.226725270870016e-14
A37,4597.26988530875,7.906878583661215e-13,2.1963689281886088e-14
A37,4663.908268844436,7.799156314460455e-13,2.1664463324501178e-14
A37,4731.512589614835,7.692973166708426e-13,2.1369512610274415e-14
A37,4800.0968490811465,7.58830714887533e-13,2.107877631001372e-14
A37,4869.675251658663,7.485136583641197e-13,2.0792193947961432e-14
A37,4940.26220765863,7.383440103406271e-13,2.050970643598003e-14
A37,5011.872336272756,7.283196645865538e-13,2.023125499869099e-14
A37,5084.520468600972,7.184385449646554e-13,1.9956782240090327e-14
A37,5158.2216507230905,7.086986050009431e-13,1.968623103645147e-14
A37,5232.991146814981,6.990978274608444e-13,1.941954563638658e-14
A37,5308.844442309919,6.896342239314077e-13,1.9156670520460178e-14
A37,5385.797247105755,6.803058344094795e-13,1.8897551535747865e-14
A37,5463.865498818579,6.711107268957651e-13,1.864213472107137e-14
A37,5543.065366083543,6.620469969946898e-13,1.8390367477143482e-14
A37,5623.413251903529,6.531127675199772e-13,1.8142197356298098e-14
A37,5704.92579704636,6.443061881058575e-13,1.7897573269348225e-14
A37,5787.619883491247,6.356254348238417e-13,1.765644423864651e-14
A37,5871.512637925207,6.270687098049549e-13,1.741876064282284e-14
A37,5956.621435290147,6.186342408673857e-13,1.718447293197047e-14
A37,6042.963902381372,6.103202811494364e-13,1.6953532911471364e-14
A37,6130.557921498252,6.021251087477302e-13,1.6725892418061548e-14
A37,6219.421634147808,5.940470263605859e-13,1.650150464399509e-14
A37,6309.573444801979,5.860843609364781e-13,1.6280322772699007e-14
A37,6401.032024709357,5.782354633275321e-13,1.606230134457107e-14
A37,6493.816315762163,5.704987079479614e-13,1.584739485089037e-14
A37,6587.945534419289,5.628724924373865e-13,1.5635559142590113e-14
A37,6683.439175686198,5.553552373289664e-13,1.5426749981042813e-14
A37,6780.317017152512,5.479453857222685e-13,1.5220924491197815e-14
A37,6878.59912308813,5.406414029608092e-13,1.5018039667811356e-14
A37,6978.3058485987185,5.334417763142114e-13,1.481805387438843e-14
A37,7079.4578438414355,5.263450146648899e-13,1.4620925303377788e-14
A37,7182.076058301764,5.193496481992235e-13,1.4426613522409205e-14
A37,7286.181745132336,5.1245422810313e-13,1.423507788692123e-14
A37,7391.796465554657,5.056573262620003e-13,1.404627913523914e-14
A37,7498.94209332462,4.9895753496491e-13,1.3860177752048156e-14
A37,7607.640819262764,4.923534666130611e-13,1.36767356139135e-14
A37,7717.915155850188,4.858437534323868e-13,1.3495914301955349e-14
A37,7829.787941891089,4.794270471902672e-13,1.331767679947079e-14
A37,7943.282347242882,4.731020189162821e-13,1.3141985752107228e-14
A37,8058.421877614886,4.668673586269635e-13,1.2968805219306695e-14
A37,8175.23037943657,4.60721775054471e-13,1.2798098880213499e-14
A37,8293.732044796356,4.5466399537915144e-13,1.2629831840724275e-14
A37,8413.951416452024,4.486927649659113e-13,1.2463968783301056e-14
A37,8535.913392913733,4.428068471043601e-13,1.2300475831476596e-14
A37,8659.64323360073,4.37005022752665e-13,1.2139318641677633e-14
A37,8785.166564072795,4.3128609028506107e-13,1.1980464327103126e-14
A37,8912.509381337535,4.2564886524297197e-13,1.1823879489592731e-14
A37,9041.698059234586,4.2009218008968676e-13,1.1669532204867303e-14
A37,9172.75935389788,4.146148839685335e-13,1.1517389992405162e-14
A37,9305.720409297075,4.0921584246451717e-13,1.136742186410807e-14
A37,9440.608762859321,4.038939373693542e-13,1.1219596230072812e-14
A37,9577.452351172502,3.986480664498679e-13,1.1073883012823101e-14
A37,9716.279515771153,3.9347714321968925e-13,1.093025148678524e-14
A37,9857.119009006256,3.883800967142222e-13,1.0788672460307207e-14
A37,10000.000000000096,3.8335587126881836e-13,1.0649116046565045e-14
A37,10144.952080687459,3.7840342630012137e-13,1.051155391567413e-14
A37,10292.005271944381,3.735217360905402e-13,1.0375956994668034e-14
A37,10441.190029805744,3.6870978957578877e-13,1.0242297792094398e-14
A37,10592.537251772992,3.639665901354737e-13,1.0110548024618454e-14
A37,10746.07828321328,3.59291155386662e-13,9.980681016587594e-15
A37,10901.844923851384,3.546825169804021e-13,9.852669250718871e-15
A37,11059.869434355705,3.5013972040115014e-13,9.726486845211153e-15
A37,11220.184543019746,3.4566182476906036e-13,9.60210702587944e-15
A37,11382.823452540435,3.412479026451e-13,9.479504683492584e-15
A37,11547.819846894698,3.3689703983894296e-13,9.358653764615963e-15
A37,11715.207898315717,3.326083352196152e-13,9.239529911956436e-15
A37,11885.022274370305,3.283809005288343e-13,9.12210777106962e-15
A37,12057.298145138866,3.242138601970222e-13,9.006363716601432e-15
A37,12232.07119049944,3.201063511619408e-13,8.892273071906257e-15
A37,12409.377607517323,3.1605752268991927e-13,8.779812924187249e-15
A37,12589.254117941802,3.120665361996328e-13,8.668959253956643e-15
A37,12771.737975811562,3.0813256508839787e-13,8.559689842194655e-15
A37,12956.86697517033,3.042547945609485e-13,8.451981306463233e-15
A37,13144.679457894359,3.004324214606556e-13,8.345812103326221e-15
A37,13335.21432163338,2.966646541031562e-13,8.241159467802626e-15
A37,13528.511027866647,2.9295071211236005e-13,8.138002514418882e-15
A37,13724.609610075766,2.892898262587935e-13,8.036319076556914e-15
A37,13923.55068203599,2.8568123830025504e-13,7.936088909643226e-15
A37,14125.375446227694,2.8212420082474225e-13,7.837290426810416e-15
A37,14330.125702369782,2.78617977095623e-13,7.73990400786773e-15
A37,14537.843856076775,2.7516184089901485e-13,7.643908627551874e-15
A37,14748.572927641406,2.7175507639334483e-13,7.549285274069881e-15
A37,14962.356560944498,2.683969779610552e-13,7.456013466065785e-15
A37,15179.239032494008,2.650868500624253e-13,7.364074784679448e-15
A37,15399.26526059509,2.6182400709147904e-13,7.273449275199598e-15
A37,15622.480814653076,2.5860777323395225e-13,7.18411909674209e-15
A37,15848.931924611312,2.5543748232728055e-13,7.096064804396725e-15
A37,16078.665490525787,2.523124777225919e-13,7.0092691207952126e-15
A37,16311.729092278567,2.4923211214866175e-13,6.92371309438872e-15
A37,16548.170999432,2.4619574757781486e-13,6.839379997350476e-15
A37,16788.040181225795,2.4320275509373544e-13,6.7562513554425745e-15
A37,17031.386316718967,2.402525147611671e-13,6.674310976880819e-15
A37,17278.259805078833,2.373444154974684e-13,6.5935408490625635e-15
A37,17528.711776019132,2.3447785494600197e-13,6.513925303212507e-15
A37,17782.794100389434,2.3165223935132725e-13,6.43544677304821e-15
A37,18040.55940091807,2.288669834361793e-13,6.358090100225475e-15
A37,18302.061063110774,2.261215102801914e-13,6.281838149813651e-15
A37,18567.35324630728,2.2341525120035825e-13,6.206676261768413e-15
A37,18836.49089489823,2.2074764563319546e-13,6.132587717875387e-15
A37,19109.529749704634,2.181181410185822e-13,6.059558344697033e-15
A37,19386.526359522308,2.1552619268525956e-13,5.9875718264189344e-15
A37,19667.538092833624,2.129712637379607e-13,5.916614464947071e-15
A37,19952.62314968904,2.1045282494614937e-13,5.846670332856656e-15
A37,20241.840573760863,2.0797035463434398e-13,5.777726196556008e-15
A37,20535.250264571714,2.0552333857400517e-13,5.709766503292275e-15
A37,20832.91298990025,2.0311126987696213e-13,5.642778473549683e-15
A37,21134.890398366733,2.0073364889036029e-13,5.576746915809261e-15
A37,21441.245032200994,1.9838998309310041e-13,5.511659494612584e-15
A37,21752.0403401955,1.9607978699375775e-13,5.447501366503163e-15
A37,22067.340690846177,1.93802582029951e-13,5.38426063046285e-15
A37,22387.21138568368,1.915578964691465e-13,5.321922778180063e-15
A37,22711.718672797946,1.8934526531087333e-13,5.260476333855284e-15
A37,23040.929760558753,1.8716423019032943e-13,5.1999071116453795e-15
A37,23374.912831535188,1.8501433928336216e-13,5.140204052137689e-15
A37,23713.73705661686,1.828951472127992e-13,5.081353279509582e-15
A37,24057.47260933982,1.8080621495610954e-13,5.023344142288265e-15
A37,24406.19068042012,1.7874710975438463e-13,4.966163062439457e-15
A37,24759.96349249806,1.7671740502260654e-13,4.9097997883634405e-15
A37,25118.864315096132,1.7471668026119559e-13,4.854241027785478e-15
A37,25482.967479793802,1.7274452096881608e-13,4.799476921287988e-15
A37,25852.34839562225,1.7080051855641907e-13,4.7454944505178624e-15
A37,26227.083564682252,1.6888427026250755e-13,4.692284140920847e-15
A37,26607.25059798845,1.669953790696052e-13,4.639833236405838e-15
A37,26992.928231543297,1.6513345362191234e-13,4.588132640332041e-15
A37,27384.19634264398,1.6329810814412828e-13,4.537169847376553e-15
A37,27781.13596642573,1.6148896236142895e-13,4.486936132228137e-15
A37,28183.82931264492,1.5970564142057926e-13,4.437419228991581e-15
A37,28592.359782705455,1.5794777581216424e-13,4.388610777465016e-15
A37,29006.811986931934,1.5621500129392144e-13,4.340498739981127e-15
A37,29427.271762093224,1.5450695881516415e-13,4.293075115589011e-15
A37,29853.82618918001,1.5282329444227177e-13,4.246328083777507e-15
A37,30286.56361144006,1.5116365928523934e-13,4.200249997348693e-15
A37,30725.573652674895,1.4952770942526358e-13,4.154829241991145e-15
A37,31170.947235801697,1.4791510584335764e-13,4.110058519121466e-15
A37,31622.77660168424,1.463255143499741e-13,4.065926409774007e-15
A37,32081.155328236815,1.447586055156236e-13,4.022425959200587e-15
A37,32546.17834980505,1.432140546024756e-13,3.979545933016862e-15
A37,33017.94197682767,1.4169154149692499e-13,3.93727971588986e-15
A37,33496.543915783244,1.401907506431107e-13,3.895616247328418e-15
A37,33982.08328942608,1.387113709773754e-13,3.854549247354752e-15
A37,34474.660657315435,1.372530958636476e-13,3.814067818745789e-15
A37,34974.378036642294,1.3581562302973678e-13,3.774166013180053e-15
A37,35481.33892335806,1.34398654504526e-13,3.734833086127009e-15
A37,35995.64831360948,1.3300189655604988e-13,3.696063417585648e-15
A37,36517.412725484304,1.3162505963044433e-13,3.657846405178143e-15
A37,37046.74022107211,1.3026785829175522e-13,3.620176754253425e-15
A37,37583.74042884497,1.2893001116259402e-13,3.583043994068321e-15
A37,38128.524566362445,1.276112408656276e-13,3.5464431527195032e-15
A37,38681.205463305785,1.2631127396588855e-13,3.510363880587866e-15
A37,39241.89758484594,1.250298409138973e-13,3.474801526287491e-15
A37,39810.71705535032,1.2376667598957942e-13,3.4397458508056292e-15
A37,40387.781682433204,1.2252151724697126e-13,3.4051925214195335e-15
A37,40973.210981354765,1.2129410645969713e-13,3.371131399183029e-15
A37,41567.12619977373,1.2008418906721199e-13,3.3375584685632705e-15
A37,42169.65034285886,1.188915141217924e-13,3.3044636801034715e-15
A37,42780.90819876445,1.1771583423627077e-13,3.271843334373911e-15
A37,43401.026364475045,1.1655690553249664e-13,3.2396874607769393e-15
A37,44030.13327202482,1.1541448759051617e-13,3.2079926752919194e-15
A37,44668.359215097,1.1428834339846045e-13,3.1767490754807996e-15
A37,45315.836376008876,1.1317823930312912e-13,3.1459535924377434e-15
A37,45972.698853087924,1.1208394496126166e-13,3.115596381098898e-15
A37,46639.08268844478,1.1100523329148307e-13,3.0856746877863757e-15
A37,47315.12589614878,1.0994188042691728e-13,3.0561787139221037e-15
A37,48000.9684908119,1.0889366566845424e-13,3.0271060215852668e-15
A37,48696.75251658707,1.0786037143866471e-13,2.9984468476744852e-15
A37,49402.62207658675,1.0684178323634908e-13,2.9701990709804364e-15
A37,50118.72336272801,1.0583768959171395e-13,2.942352952730396e-15
A37,50845.20468601018,1.0484788202216479e-13,2.9149066898164377e-15
A37,51582.21650723137,1.0387215498870481e-13,2.8878505564886413e-15
A37,52329.91146815029,1.0291030585293393e-13,2.8611830695769042e-15
A37,53088.444423099674,1.0196213483463415e-13,2.834894504870914e-15
A37,53857.97247105804,1.0102744496993545e-13,2.808983701433325e-15
A37,54638.654988186296,1.001060420700524e-13,2.7834409249125954e-15
A37,55430.653660835946,9.919773468058171e-14,2.7582653393705543e-15
A37,56234.13251903581,9.830233404135366e-14,2.7334471884149607e-15
A37,57049.25797046412,9.741965404682634e-14,2.708985964358576e-15
A37,57876.198834913,9.654951120701654e-14,2.684871876628563e-15
A37,58715.12637925261,9.569172460895792e-14,2.6611047495407667e-15
A37,59566.21435290201,9.484611587867748e-14,2.637674745938754e-15
A37,60429.63902381426,9.401250914368202e-14,2.6145820264099398e-15
A37,61305.57921498307,9.319073099594845e-14,2.5918166945246334e-15
A37,62194.216341478634,9.238061045540729e-14,2.5693792519439486e-15
A37,63095.73444802036,9.158197893391266e-14,2.5472597299640804e-15
A37,64010.32024709414,9.079467019969146e-14,2.5254589766738473e-15
A37,64938.163157622206,9.001852034226147e-14,2.503966937757799e-15
A37,65879.45534419348,8.925336773781464e-14,2.482784813657977e-15
A37,66834.39175686258,8.84990530150536e-14,2.4619024507464494e-15
A37,67803.17017152572,8.775541902147752e-14,2.441321408336359e-15
A37,68785.99123088192,8.702231079010768e-14,2.4210314193954627e-15
A37,69783.05848598781,8.629957550664549e-14,2.4010344092404325e-15
A37,70794.57843841499,8.558706247705681e-14,2.3813199829229476e-15
A37,71820.76058301827,8.488462309557519e-14,2.3618904395337967e-15
A37,72861.81745132401,8.419211081311475e-14,2.3427352412467753e-15
A37,73917.96465554723,8.350938110608935e-14,2.3238570693604653e-15
A37,74989.42093324687,8.283629144562772e-14,2.3052452277274994e-15
A37,76076.40819262833,8.217270126717903e-14,2.286902788977657e-15
A37,77179.15155850258,8.151847194050261e-14,2.2688188826847333e-15
A37,78297.8794189116,8.087346674003435e-14,2.250996982650889e-15
A37,79432.82347242955,8.023755081561154e-14,2.2334260276645323e-15
A37,80584.2187761496,7.961059116361531e-14,2.2161099032894987e-15
A37,81752.30379436645,7.899245659836378e-14,2.199037340438404e-15
A37,82937.32044796432,7.8383017723961e-14,2.1822126478032262e-15
A37,84139.51416452101,7.778214690643705e-14,2.165624330708624e-15
A37,85359.13392913812,7.718971824623649e-14,2.1492771331551516e-15
A37,86596.43233600809,7.660560755103805e-14,2.1331593165058852e-15
A37,87851.66564072875,7.602969230889902e-14,2.117276073096987e-15
A37,89125.09381337615,7.546185166171873e-14,2.1016154012550407e-15
A37,90416.98059234666,7.49019663790145e-14,2.0861829555629995e-15
A37,91727.5935389796,7.434991883200431e-14,2.070966451491863e-15
A37,93057.20409297157,7.380559296799005e-14,2.055972020705644e-15
A37,94406.08762859405,7.326887428503551e-14,2.041187075212032e-15
A37,95774.52351172586,7.273964980693272e-14,2.0266182395544085e-15
A37,97162.79515771239,7.221780805845184e-14,2.012252600834387e-15
A37,98571.19009006342,7.170323904086714e-14,1.998097293280181e-15
A37,100000.00000000183,7.119583420775589e-14,1.9841390567610678e-15
A37,101449.52080687547,7.069548644106099e-14,1.9703855530479614e-15
A37,102920.0527194447,7.020209002741553e-14,1.9568231515175246e-15
A37,104411.90029805835,6.971554063472053e-14,1.9434600604412176e-15
A37,105925.37251773084,6.923573528897225e-14,1.9302822544560515e-15
A37,107460.78283213373,6.87625723513331e-14,1.9172985084416866e-15
A37,109018.44923851478,6.829595149544028e-14,1.9044943770067548e-15
A37,110598.694343558,6.783577368494721e-14,1.891879222948858e-15
A37,112201.84543019843,6.738194115129307e-14,1.879438154460508e-15
A37,113828.23452540534,6.693435737169362e-14,1.8671811448237912e-15
A37,115478.19846894799,6.649292704734965e-14,1.8550928282687247e-15
A37,117152.0789831582,6.605755608186731e-14,1.8431838124424366e-15
A37,118850.22274370409,6.562815155988513e-14,1.8314382288453478e-15
A37,120572.98145138971,6.520462172588572e-14,1.8198673447435313e-15
A37,122320.71190499548,6.478687596328942e-14,1.808454758856324e-15
A37,124093.77607517432,6.437482477357039e-14,1.7972124247597944e-15
A37,125892.54117941913,6.396837975572929e-14,1.7861233769854814e-15
A37,127717.37975811675,6.356745358586362e-14,1.775200283611759e-15
A37,129568.66975170444,6.31719599969324e-14,1.764425582156393e-15
A37,131446.79457894477,6.278181375869464e-14,1.7538126849603977e-15
A37,133352.14321633498,6.239693065781551e-14,1.743343398206507e-15
A37,135285.11027866765,6.201722747813695e-14,1.73303190989857e-15
A37,137246.09610075885,6.16426219811082e-14,1.7228593589938074e-15
A37,139235.5068203611,6.127303288637098e-14,1.7128407422715996e-15
A37,141253.75446227816,6.090837985249602e-14,1.7029564939264909e-15
A37,143301.25702369906,6.054858345786691e-14,1.6932224544143505e-15
A37,145378.43856076902,6.019356518170597e-14,1.6836183139031814e-15
A37,147485.72927641534,5.984324738523972e-14,1.674160793292991e-15
A37,149623.56560944626,5.949755329299902e-14,1.6648287976520732e-15
A37,151792.39032494137,5.915640697425045e-14,1.6556399670406595e-15
A37,153992.6526059522,5.881973332455483e-14,1.6465723784590764e-15
A37,156224.80814653207,5.848745804745251e-14,1.637644631872186e-15
A37,158489.31924611444,5.815950763626386e-14,1.628833931265328e-15
A37,160786.6549052592,5.78358093560123e-14,1.6201598793738214e-15
A37,163117.290922787,5.751629122545908e-14,1.61159876014513e-15
A37,165481.70999432137,5.720088199924995e-14,1.6031712241533374e-15
A37,167880.4018122593,5.688951115016921e-14,1.5948525861248646e-15
A37,170313.86316719104,5.658210885150071e-14,1.5866645918370628e-15
A37,172782.59805078973,5.627860595949098e-14,1.5785815353546025e-15
A37,175287.11776019275,5.5978933995913014e-14,1.5706263074102141e-15
A37,177827.9410038958,5.568302513072199e-14,1.5627721276137348e-15
A37,180405.5940091822,5.539081216484283e-14,1.5550430838870434e-15
A37,183020.61063110924,5.5102228512981305e-14,1.5474112651436877e-15
A37,185673.5324630743,5.481720818659948e-14,1.5399020113035493e-15
A37,188364.90894898382,5.453568577694738e-14,1.5324862217958354e-15
A37,191095.2974970479,5.4257596438193544e-14,1.5251905460196932e-15
A37,193865.26359522465,5.3982875870643056e-14,1.5179846324876187e-15
A37,196675.3809283378,5.371146030404801e-14,1.510896500327867e-15
A37,199526.231496892,5.344328648100487e-14,1.5038944829601582e-15
A37,202418.40573761027,5.3178291640441824e-14,1.4970080323550095e-15
A37,205352.50264571878,5.2916413501195745e-14,1.4902040998233369e-15
A37,208329.12989900415,5.2657590245678654e-14,1.483513636250428e-15
A37,211348.90398366898,5.2401760503629516e-14,1.4769021408848047e-15
A37,214412.4503220116,5.214886333599098e-14,1.4704021326522764e-15
A37,217520.40340195672,5.1898838218821255e-14,1.4639775857541264e-15
A37,220673.4069084635,5.165162502733578e-14,1.457662659425227e-15
A37,223872.11385683858,5.1407164020080793e-14,1.4514197267107923e-15
A37,227117.18672798126,5.116539582314965e-14,1.4452846626578799e-15
A37,230409.29760558935,5.092626141453826e-14,1.4392181598349114e-15
A37,233749.12831535374,5.068970210860338e-14,1.4332578879189292e-15
A37,237137.3705661705,5.0455659540635566e-14,1.4273627763868905e-15
A37,240574.72609340012,5.0224075651545457e-14,1.421572371758139e-15
A37,244061.90680420317,4.999489267270631e-14,1.4158437544325523e-15
A37,247599.6349249826,4.9768053110865435e-14,1.410218433450011e-15
A37,251188.64315096333,4.9543499733257095e-14,1.4046515507065894e-15
A37,254829.67479794007,4.932117555282958e-14,1.399186666969245e-15
A37,258523.48395622458,4.910102381363316e-14,1.3937768927050724e-15
A37,262270.8356468246,4.888298797637142e-14,1.388467933195109e-15
A37,266072.5059798866,4.866701170412503e-14,1.3832107710041315e-15
A37,269929.2823154351,4.845303884824749e-14,1.3780533523351746e-15
A37,273841.963426442,4.824101343451607e-14,1.3729444317952805e-15
A37,277811.35966425954,4.803087964936855e-14,1.367934296565166e-15
A37,281838.2931264515,4.782258182648139e-14,1.3629693696344666e-15
A37,285923.5978270569,4.761606443351496e-14,1.358102382873339e-15
A37,290068.1198693217,4.7411272059150206e-14,1.3532773203932472e-15
A37,294272.71762093465,4.720814940032982e-14,1.3485494661112286e-15
A37,298538.26189180254,4.7006641249841316e-14,1.3438602544141852e-15
A37,302865.6361144031,4.680669248416962e-14,1.3392676322372718e-15
A37,307255.7365267515,4.660824805166862e-14,1.334710369856922e-15
A37,311709.4723580195,4.641125296110033e-14,1.3302491917529263e-15
A37,316227.76601684495,4.62156522704765e-14,1.3258200862358546e-15
A37,320811.55328237073,4.602139107630599e-14,1.3214866733228802e-15
A37,325461.78349805315,4.5828414503391746e-14,1.3171820381377215e-15
A37,330179.4197682794,4.5636667694714726e-14,1.3129728175782862e-15
A37,334965.4391578352,4.544609580214775e-14,1.3087890691239387e-15
A37,339820.8328942636,4.5256643977425716e-14,1.3047005710875424e-15
A37,344746.6065731572,4.5068257363708526e-14,1.3006342257967553e-15
A37,349743.7803664258,4.4880881087717615e-14,1.2966630805019038e-15
A37,354813.3892335835,4.4694460252337584e-14,1.2927107520393255e-15
A37,359956.4831360978,4.450893992994208e-14,1.2888536868662824e-15
A37,365174.12725484604,4.432426515629857e-14,1.2850120834211355e-15
A37,370467.4022107242,4.414038092519031e-14,1.2812659200864747e-15
A37,375837.4042884528,4.3957232183704156e-14,1.277531841757993e-15
A37,381285.24566362763,4.377476382829477e-14,1.273893493553554e-15
A37,386812.0546330611,4.359292070169598e-14,1.2702638298266235e-15
A37,392418.97584846267,4.3411647590564455e-14,1.2667302989172998e-15
A37,398107.17055350647,4.323088922407675e-14,1.263202026232451e-15
A37,403877.8168243354,4.30505902734423e-14,1.2597704010073818e-15
A37,409732.109813551,4.2870695352334833e-14,1.2563405804204565e-15
A37,415671.2619977407,4.269114901839215e-14,1.2530080328955433e-15
A37,421696.5034285921,4.251189577574737e-14,1.2496738078262736e-15
A37,427809.0819876481,4.233288007866928e-14,1.246437591094142e-15
A37,434010.2636447541,4.215404633641089e-14,1.2431961851679438e-15
A37,440301.3327202518,4.1975338919167665e-14,1.2400536308928831e-15
A37,446683.5921509737,4.1796702165396815e-14,1.2369023458719984e-15
A37,453158.3637600925,4.1618080390426096e-14,1.2338508618201133e-15
A37,459726.9885308831,4.143941789638502e-14,1.230787075624587e-15
A37,466390.82688445173,4.126065898362689e-14,1.227824143232983e-15
A37,473151.25896149175,4.108174796359546e-14,1.2248453080514499e-15
A37,480009.68490812305,4.0902629173209565e-14,1.221968480030816e-15
A37,486967.5251658748,4.072324699082819e-14,1.219072120523386e-15
A37,494026.2207658717,4.0543545853931734e-14,1.2162790184844506e-15
A37,501187.2336272844,4.0363470278377816e-14,1.2134627300740724e-15
A37,508452.0468601062,4.018296487958144e-14,1.210751042184316e-15
A37,515822.1650723182,4.000197439522124e-14,1.208012489442255e-15
A37,523299.11468150746,3.9820443710050536e-14,1.205379968099991e-15
A37,530884.4442310013,3.963831788256181e-14,1.2027168832141289e-15
A37,538579.7247105851,3.9455542173456633e-14,1.2001613427483465e-15
A37,546386.5498818677,3.927206207625241e-14,1.1975715240920434e-15
A37,554306.5366083643,3.90878233498924e-14,1.1950908384690163e-15
A37,562341.3251903631,3.8902772053427993e-14,1.1925721492524133e-15
A37,570492.5797046463,3.871685458277508e-14,1.1901642498040008e-15
A37,578761.9883491352,3.853001770968265e-14,1.1877146168158183e-15
A37,587151.2637925313,3.8342208622857633e-14,1.1853774899761565e-15
A37,595662.1435290255,3.8153374971275976e-14,1.1829949024177636e-15
A37,604296.390238148,3.796346490969836e-14,1.1807265874699611e-15
A37,613055.7921498362,3.777242714653476e-14,1.1784090958705278e-15
A37,621942.1634147919,3.758021099373628e-14,1.1762076827063166e-15
A37,630957.3444802093,3.7386766419193416e-14,1.1739533979287343e-15
A37,640103.2024709472,3.719204410111374e-14,1.1718170248127417e-15
A37,649381.631576228,3.699599548483228e-14,1.169624117137848e-15
A37,658794.5534419408,3.679857284173202e-14,1.167550968481904e-15
A37,668343.9175686318,3.659972933032932e-14,1.1654176667762794e-15
A37,678031.7017152634,3.639941905943516e-14,1.1634059709299446e-15
A37,687859.9123088254,3.6197597153615146e-14,1.1613305618854109e-15
A37,697830.5848598845,3.5994219820371844e-14,1.1593785889346477e-15
A37,707945.7843841563,3.57892444194547e-14,1.1573594163826506e-15
A37,718207.6058301893,3.558262953407599e-14,1.1554654759629367e-15
A37,728618.1745132467,3.537433504368142e-14,1.153500940252341e-15
A37,739179.646555479,3.516432219864532e-14,1.1516633793898069e-15
A37,749894.2093324756,3.4952553696281836e-14,1.1497519368257429e-15
A37,760764.0819262902,3.47389937583848e-14,1.1479691377985114e-15
A37,771791.5155850328,3.452360820997007e-14,1.1461093001278624e-15
A37,782978.7941891231,3.43063645592059e-14,1.1443796783607846e-15
A37,794328.2347243025,3.4087232078027806e-14,1.1425700123052272e-15
A37,805842.1877615032,3.386618188386714e-14,1.1408920143064283e-15
A37,817523.0379436717,3.3643187021525385e-14,1.1391311411288263e-15
A37,829373.2044796505,3.34182225455045e-14,1.137503242478438e-15
A37,841395.1416452174,3.3191265602493994e-14,1.1357898375611512e-15
A37,853591.3392913886,3.2962295513559426e-14,1.1342105409530635e-15
A37,865964.3233600885,3.273129385590069e-14,1.132543333395662e-15
A37,878516.6564072954,3.249824454407715e-14,1.1310111667562383e-15
A37,891250.9381337696,3.2263133909944255e-14,1.12938893896765e-15
A37,904169.8059234748,3.2025950781453376e-14,1.1279024536586191e-15
A37,917275.9353898044,3.178668655999292e-14,1.1263240409204218e-15
A37,930572.0409297242,3.154533529546456e-14,1.1248818100370018e-15
A37,944060.876285949,3.1301893759382703e-14,1.1233461000447613e-15
A37,957745.2351172672,3.105636151524414e-14,1.1219467168234177e-15
A37,971627.9515771327,3.080874098602528e-14,1.120452649171169e-15
A37,985711.9009006431,3.055903751830745e-14,1.1190947255299514e-15
A37,1000000.0000000274,3.0307259442780116e-14,1.117641291129441e-15
R37,1000.0,2.1342994950580538e-13,5.928609676223276e-15
R37,1014.4952080687361,2.104064849978672e-13,5.844624552390381e-15
R37,1029.2005271944283,2.0742622004995472e-13,5.7618394163030884e-15
R37,1044.1190029805646,2.044885374224665e-13,5.680237122470963e-15
R37,1059.2537251772892,2.0159282869498073e-13,5.599800770272474e-15
R37,1074.6078283213178,1.9873849414024718e-13,5.520513700672976e-15
R37,1090.1844923851281,1.9592494259997799e-13,5.442359492553045e-15
R37,1105.98694343556,1.9315159136241296e-13,5.3653219595333476e-15
R37,1122.018454301964,1.9041786604163573e-13,5.289385146390794e-15
R37,1138.2823452540329,1.8772320045861176e-13,5.214533325988341e-15
R37,1154.781984689459,1.8506703652393033e-13,5.140750995783722e-15
R37,1171.520789831561,1.8244882412221523e-13,5.0680228748560646e-15
R37,1188.5022274370194,1.7986802099819455e-13,4.996333900496776e-15
R37,1205.7298145138755,1.773240926443931e-13,4.925669225338984e-15
R37,1223.2071190499328,1.7481651219043067e-13,4.856014214030996e-15
R37,1240.9377607517208,1.7234476029390426e-13,4.787354440457642e-15
R37,1258.9254117941684,1.6990832503282552e-13,4.719675684500669e-15
R37,1277.1737975811443,1.6750670179959811e-13,4.6529639293501244e-15
R37,1295.686697517021,1.65139393196509e-13,4.5872053583346956e-15
R37,1314.4679457894238,1.6280590893271384e-13,4.52238635233188e-15
R37,1333.5214321633257,1.6050576572269086e-13,4.458493486675816e-15
R37,1352.851102786652,1.5823848718615031e-13,4.395513528651775e-15
R37,1372.4609610075638,1.5600360374937053e-13,4.333433434473677e-15
R37,1392.3550682035861,1.5380065254794652e-13,4.272240346868651e-15
R37,1412.5375446227565,1.51629177330925e-13,4.2119215921269155e-15
R37,1433.012570236965,1.4948872836631114e-13,4.1524646777687554e-15
R37,1453.7843856076643,1.4737886234792567e-13,4.093857289657378e-15
R37,1474.8572927641271,1.4529914230359229e-13,4.03608728975193e-15
R37,1496.235656094436,1.4324913750463492e-13,3.9791427132912954e-15
R37,1517.923903249387,1.4122842337667213e-13,3.923011766624024e-15
R37,1539.926526059495,1.3923658141168348e-13,3.867682824445301e-15
R37,1562.2480814652934,1.3727319908133223e-13,3.813144427714467e-15
R37,1584.8931924611168,1.3533786975152664e-13,3.7593852809596996e-15
R37,1607.866549052564,1.3343019259820353e-13,3.706394250263539e-15
R37,1631.1729092278417,1.3154977252431346e-13,3.654160360622981e-15
R37,1654.817099943185,1.296962200779929e-13,3.602672794016632e-15
R37,1678.804018122564,1.2786915137190359e-13,3.5519208868207097e-15
R37,1703.1386316718808,1.260681880037291e-13,3.5018941279486242e-15
R37,1727.8259805078674,1.24292956977802e-13,3.4525821563200224e-15
R37,1752.871177601897,1.2254309062785347e-13,3.4039747590740768e-15
R37,1778.2794100389272,1.208182265408665e-13,3.356061869090705e-15
R37,1804.0559400917907,1.1911800748201733e-13,3.308833563274875e-15
R37,1830.2061063110607,1.1744208132068867e-13,3.2622800601252323e-15
R37,1856.735324630711,1.1579010095753955e-13,3.2163917180903286e-15
R37,1883.6490894898054,1.1416172425261952e-13,3.1711590331849117e-15
R37,1910.9529749704457,1.125566139545064e-13,3.126572637414032e-15
R37,1938.6526359522127,1.1097443763046019e-13,3.082623296433929e-15
R37,1966.7538092833438,1.094148675975727e-13,3.039301908043617e-15
R37,1995.2623149688852,1.0787758085490082e-13,2.9965994998917773e-15
R37,2024.1840573760674,1.0636225901657066e-13,2.95450722803241e-15
R37,2053.525026457152,1.048685882458383e-13,2.913016374671186e-15
R37,2083.291298990005,1.0339625919008828e-13,2.872118346788733e-15
R37,2113.489039836653,1.0194496691676696e-13,2.8318046739265302e-15
R37,2144.1245032200786,1.0051441085022614e-13,2.792067006873378e-15
R37,2175.2040340195294,9.910429470947331e-14,2.752897115488325e-15
R37,2206.7340690845967,9.77143264468064e-14,2.714286887450562e-15
R37,2238.7211385683468,9.634421818733045e-14,2.676228326118818e-15
R37,2271.171867279773,9.49936861693351e-14,2.638713549342422e-15
R37,2304.0929760558533,9.3662450685525e-14,2.6017347873541192e-15
R37,2337.4912831534966,9.23502360250903e-14,2.565284381642873e-15
R37,2371.3737056616637,9.10567704166043e-14,2.529354782878677e-15
R37,2405.7472609339593,8.978178597173694e-14,2.493938549844654e-15
R37,2440.619068041989,8.852501862977297e-14,2.4590283473941427e-15
R37,2475.9963492497827,8.728620810292219e-14,2.4246169454411954e-15
R37,2511.8864315095893,8.606509782241192e-14,2.390697216943773e-15
R37,2548.296747979356,8.486143488535014e-14,2.357262136955025e-15
R37,2585.2348395622007,8.36749700023445e-14,2.324304780634863e-15
R37,2622.7083564682007,8.250545744587543e-14,2.2918183223563032e-15
R37,2660.7250597988204,8.135265499940145e-14,2.259796033743327e-15
R37,2699.2928231543046,8.021632390719448e-14,2.2282312828346495e-15
R37,2738.4196342643727,7.909622882489203e-14,2.1971175321432212e-15
R37,2778.1135966425472,7.799213777075491e-14,2.1664483378768635e-15
R37,2818.382931264466,7.690382207762168e-14,2.13621734802358e-15
R37,2859.235978270519,7.58310563455484e-14,2.106418301625535e-15
R37,2900.6811986931666,7.477361839512953e-14,2.0770450268793603e-15
R37,2942.727176209295,7.373128922147937e-14,2.0480914404698805e-15
R37,2985.382618917973,7.270385294887557e-14,2.019551545693902e-15
R37,3028.6563611439774,7.169109678604856e-14,1.9914194318428746e-15
R37,3072.5573652674607,7.069281098211241e-14,1.9636892723416763e-15
R37,3117.0947235801405,6.970878878312078e-14,1.936355324189477e-15
R37,3162.277660168394,6.873882638924936e-14,1.909411926114086e-15
R37,3208.115532823651,6.778272291258419e-14,1.882853498064485e-15
R37,3254.617834980474,6.684028033551806e-14,1.8566745393811175e-15
R37,3301.7941976827356,6.591130346973792e-14,1.830869628341275e-15
R37,3349.6543915782927,6.499559991580101e-14,1.805433420339376e-15
R37,3398.208328942576,6.409298002328625e-14,1.780360647487038e-15
R37,3447.4660657315108,6.320325685151589e-14,1.7556461168070265e-15
R37,3497.437803664196,6.232624613083834e-14,1.7312847098834939e-15
R37,3548.133892335772,6.146176622446539e-14,1.7072713810626583e-15
R37,3599.564831360914,6.060963809085248e-14,1.6836011571584348e-15
R37,3651.7412725483955,5.976968524661773e-14,1.6602691356626191e-15
R37,3704.674022107176,5.894173372999108e-14,1.637270484499852e-15
R37,3758.3740428844612,5.812561206478495e-14,1.614600440244714e-15
R37,3812.8524566362084,5.732115122487962e-14,1.5922543079296462e-15
R37,3868.1205463305423,5.6528184599217303e-14,1.570227459265245e-15
R37,3924.189758484557,5.574654795729465e-14,1.5485153325012127e-15
R37,3981.071705534994,5.4976079415150353e-14,1.5271134306506326e-15
R37,4038.7781682432824,5.4216619401835153e-14,1.5060173214016698e-15
R37,4097.321098135438,5.346801062636635e-14,1.4852226353436714e-15
R37,4156.712619977334,5.273009804514876e-14,1.4647250659307416e-15
R37,4216.965034285847,5.2002728829865126e-14,1.4445203677089953e-15
R37,4278.0908198764055,5.128575233582348e-14,1.4246043563315616e-15
R37,4340.102636447464,5.057902007075924e-14,1.404972906783107e-15
R37,4403.01332720244,4.98823856640769e-14,1.3856219534483402e-15
R37,4466.835921509658,4.9195704836539575e-14,1.3665474883337307e-15
R37,4531.583637600846,4.851883537038545e-14,1.347745561187378e-15
R37,4597.26988530875,4.7851637079873026e-14,1.3292122777169884e-15
R37,4663.908268844436,4.719397178224859e-14,1.3109437997617885e-15
R37,4731.512589614835,4.654570326912679e-14,1.2929363435039487e-15
R37,4800.0968490811465,4.590669727827968e-14,1.2751861796935437e-15
R37,4869.675251658663,4.5276821465831296e-14,1.2576896318527992e-15
R37,4940.26220765863,4.4655945378846916e-14,1.2404430765536447e-15
R37,5011.872336272756,4.4043940428316344e-14,1.223442941611889e-15
R37,5084.520468600972,4.3440679862520376e-14,1.2066857064184404e-15
R37,5158.2216507230905,4.2846038740780756e-14,1.1901679001241588e-15
R37,5232.991146814981,4.225989390758271e-14,1.173886102023413e-15
R37,5308.844442309919,4.168212396706926e-14,1.157836939725326e-15
R37,5385.797247105755,4.111260925789888e-14,1.1420170895926128e-15
R37,5463.865498818579,4.0551231828462146e-14,1.12642327489989e-15
R37,5543.065366083543,3.9997875412452684e-14,1.1110522663257931e-15
R37,5623.413251903529,3.945242540478837e-14,1.0959008800945367e-15
R37,5704.92579704636,3.8914768837875365e-14,1.0809659785243331e-15
R37,5787.619883491247,3.8384794358209334e-14,1.0662444681522489e-15
R37,5871.512637925207,3.7862392203317325e-14,1.0517333003373158e-15
R37,5956.621435290147,3.7347454179021094e-14,1.0374294693658717e-15
R37,6042.963902381372,3.683987363703107e-14,1.0233300131115534e-15
R37,6130.557921498252,3.63395454528583e-14,1.0094320111202426e-15
R37,6219.421634147808,3.5846366004041276e-14,9.957325853266234e-16
R37,6309.573444801979,3.5360233148686046e-14,9.822288981160639e-16
R37,6401.032024709357,3.48810462043115e-14,9.689181530990802e-16
R37,6493.816315762163,3.440870592699621e-14,9.557975931504812e-16
R37,6587.945534419289,3.394311449082428e-14,9.428645012411427e-16
R37,6683.439175686198,3.348417546762677e-14,9.3011619844977e-16
R37,6780.317017152512,3.3031793807007014e-14,9.175500448559129e-16
R37,6878.59912308813,3.2585875816657796e-14,9.051634375234115e-16
R37,6978.3058485987185,3.214632914295599e-14,8.929538114531663e-16
R37,7079.4578438414355,3.1713062751833935e-14,8.809186375379294e-16
R37,7182.076058301764,3.128598690992783e-14,8.690554235755193e-16
R37,7286.181745132336,3.086501316599093e-14,8.573617121916554e-16
R37,7391.796465554657,3.045005433257601e-14,8.458350819159851e-16
R37,7498.94209332462,3.0041024467977674e-14,8.344731450716726e-16
R37,7607.640819262764,2.9637838858431613e-14,8.232735489148357e-16
R37,7717.915155850188,2.924041400057238e-14,8.122339734871107e-16
R37,7829.787941891089,2.884866758413709e-14,8.013521328207256e-16
R37,7943.282347242882,2.84625184749185e-14,7.906257727549795e-16
R37,8058.421877614886,2.8081886697961432e-14,7.800526722056089e-16
R37,8175.23037943657,2.7706693420999775e-14,7.696306409407292e-16
R37,8293.732044796356,2.7336860938129157e-14,7.593575209187611e-16
R37,8413.951416452024,2.6972312653713423e-14,7.492311840228097e-16
R37,8535.913392913733,2.661297306652057e-14,7.392495334665611e-16
R37,8659.64323360073,2.6258767754086832e-14,7.294105014845134e-16
R37,8785.166564072795,2.5909623357301564e-14,7.19712050808227e-16
R37,8912.509381337535,2.5565467565216214e-14,7.101521723107619e-16
R37,9041.698059234586,2.5226229100064656e-14,7.007288865541066e-16
R37,9172.75935389788,2.4891837702504393e-14,6.914402413849283e-16
R37,9305.720409297075,2.4562224117062713e-14,6.822843135558259e-16
R37,9440.608762859321,2.423732007779535e-14,6.732592062696943e-16
R37,9577.452351172502,2.3917058294145747e-14,6.643630508761441e-16
R37,9716.279515771153,2.3601372437010395e-14,6.555940043630479e-16
R37,9857.119009006256,2.3290197125000353e-14,6.469502511290011e-16
R37,10000.000000000096,2.2983467910900995e-14,6.384300004198645e-16
R37,10144.952080687459,2.2681121268322752e-14,6.300314881798079e-16
R37,10292.005271944381,2.2383094578547252e-14,6.217529744282649e-16
R37,10441.190029805744,2.2089326117555022e-14,6.135927451927172e-16
R37,10592.537251772992,2.1799755043244726e-14,6.05549109825441e-16
R37,10746.07828321328,2.1514321382829647e-14,5.976204030178285e-16
R37,10901.844923851384,2.1232966020418854e-14,5.898049820537152e-16
R37,11059.869434355705,2.0955630684772382e-14,5.821012289088506e-16
R37,11220.184543019746,2.0682257937234235e-14,5.745075474375824e-16
R37,11382.823452540435,2.041279115983419e-14,5.670223655593745e-16
R37,11547.819846894698,2.0147174543563514e-14,5.596441323768239e-16
R37,11715.207898315717,1.9885353076815013e-14,5.523713204514332e-16
R37,11885.022274370305,1.9627272533991448e-14,5.452024228484111e-16
R37,12057.298145138866,1.9372879464272956e-14,5.38135955505317e-16
R37,12232.07119049944,1.9122121180547976e-14,5.311704542020353e-16
R37,12409.377607517323,1.887494574850142e-14,5.243044770229004e-16
R37,12589.254117941802,1.8631301975856973e-14,5.1753660124916395e-16
R37,12771.737975811562,1.8391139401776784e-14,5.108654259180453e-16
R37,12956.86697517033,1.815440828640994e-14,5.042895686327721e-16
R37,13144.679457894359,1.7921059600589878e-14,4.978076682223732e-16
R37,13335.21432163338,1.769104501568064e-14,4.914183814671263e-16
R37,13528.511027866647,1.746431689356832e-14,4.851203858607621e-16
R37,13724.609610075766,1.724082827679314e-14,4.789123762472164e-16
R37,13923.55068203599,1.7020532878826328e-14,4.727930676889536e-16
R37,14125.375446227694,1.6803385074480827e-14,4.667611920125703e-16
R37,14330.125702369782,1.6589339890464594e-14,4.608155007855764e-16
R37,14537.843856076775,1.6378352996064182e-14,4.549547617656849e-16
R37,14748.572927641406,1.617038069396517e-14,4.491777619909075e-16
R37,14962.356560944498,1.5965379911201354e-14,4.4348330412947164e-16
R37,15179.239032494008,1.5763308190232464e-14,4.3787020968532483e-16
R37,15399.26526059509,1.5564123680153308e-14,4.3233731524482775e-16
R37,15622.480814653076,1.5367785128024287e-14,4.268834758017425e-16
R37,15848.931924611312,1.517425187032775e-14,4.2150756089648566e-16
R37,16078.665490525787,1.498348382454682e-14,4.162084580643969e-16
R37,16311.729092278567,1.479544148086414e-14,4.109850688630308e-16
R37,16548.170999432,1.4610085893977022e-14,4.058363124477082e-16
R37,16788.040181225795,1.442737867503422e-14,4.0076112148297407e-16
R37,17031.386316718967,1.424728198368281e-14,3.9575844584929966e-16
R37,17278.259805078833,1.4069758520232229e-14,3.908272484333171e-16
R37,17528.711776019132,1.3894771517930533e-14,3.859665089705433e-16
R37,17782.794100389434,1.3722284735345722e-14,3.8117521971061445e-16
R37,18040.55940091807,1.3552262448864156e-14,3.7645238939947663e-16
R37,18302.061063110774,1.3384669445289095e-14,3.7179703881420247e-16
R37,18567.35324630728,1.3219471014547826e-14,3.672082048902397e-16
R37,18836.49089489823,1.3056632942504877e-14,3.6268493612047955e-16
R37,19109.529749704634,1.2896121503873282e-14,3.5822629683218875e-16
R37,19386.526359522308,1.27379034552313e-14,3.5383136244556985e-16
R37,19667.538092833624,1.2581946028137148e-14,3.494992239050726e-16
R37,19952.62314968904,1.2428216922342139e-14,3.452289827916889e-16
R37,20241.840573760863,1.2276684299100575e-14,3.410197559142922e-16
R37,20535.250264571714,1.2127316774576647e-14,3.3687067026993446e-16
R37,20832.91298990025,1.1980083413343218e-14,3.3278086780060767e-16
R37,21134.890398366733,1.1834953721975725e-14,3.287495001957443e-16
R37,21441.245032200994,1.1691897642735979e-14,3.247757338201322e-16
R37,21752.0403401955,1.1550885547347975e-14,3.2085874435222034e-16
R37,22067.340690846177,1.1411888230859836e-14,3.169977218893439e-16
R37,22387.21138568368,1.1274876905596536e-14,3.131918654155918e-16
R37,22711.718672797946,1.1139823195197163e-14,3.094403880904185e-16
R37,23040.929760558753,1.1006699128738266e-14,3.0574251153939407e-16
R37,23374.912831535188,1.0875477134939323e-14,3.020974713327865e-16
R37,23713.73705661686,1.0746130036454642e-14,2.985045110921524e-16
R37,24057.47260933982,1.061863104424233e-14,2.949628881658487e-16
R37,24406.19068042012,1.0492953752018002e-14,2.914718675441825e-16
R37,24759.96349249806,1.0369072130784226e-14,2.8803072773884375e-16
R37,25118.864315096132,1.0246960523440169e-14,2.8463875449941737e-16
R37,25482.967479793802,1.0126593639467863e-14,2.8129524690401517e-16
R37,25852.34839562225,1.0007946549693424e-14,2.779995108689068e-16
R37,26227.083564682252,9.890994681125525e-15,2.7475086545848474e-16
R37,26607.25059798845,9.775713811864229e-15,2.7154863618011865e-16
R37,26992.928231543297,9.662080066085033e-15,2.6839216152117844e-16
R37,27384.19634264398,9.550069909094488e-15,2.65280786020442e-16
R37,27781.13596642573,9.439660142454618e-15,2.622138670408988e-16
R37,28183.82931264492,9.33082789917948e-15,2.591907676089921e-16
R37,28592.359782705455,9.223550638997756e-15,2.5621086343187115e-16
R37,29006.811986931934,9.117806143685691e-15,2.532735354949444e-16
R37,29427.271762093224,9.013572512464654e-15,2.50378177332982e-16
R37,29853.82618918001,8.91082815746526e-15,2.4752418737683876e-16
R37,30286.56361144006,8.809551799255603e-15,2.4471097648767083e-16
R37,30725.573652674895,8.709722462435499e-15,2.4193796004212874e-16
R37,31170.947235801697,8.611319471291111e-15,2.3920456574039264e-16
R37,31622.77660168424,8.514322445511799e-15,2.3651022541981075e-16
R37,32081.155328236815,8.41871129597163e-15,2.338543831466745e-16
R37,32546.17834980505,8.32446622056562e-15,2.3123648674708865e-16
R37,33017.94197682767,8.231567700111075e-15,2.28655996193809e-16
R37,33496.543915783244,8.139996494302453e-15,2.2611237484325265e-16
R37,33982.08328942608,8.0497336377277e-15,2.236050981286138e-16
R37,34474.660657315435,7.960760435940953e-15,2.211336444906176e-16
R37,34974.378036642294,7.873058461588082e-15,2.1869750438937602e-16
R37,35481.33892335806,7.786609550592867e-15,2.16296170916688e-16
R37,35995.64831360948,7.701395798392706e-15,2.1392914913882585e-16
R37,36517.412725484304,7.617399556231712e-15,2.1159594637729966e-16
R37,37046.74022107211,7.534603427504571e-15,2.0929608189586242e-16
R37,37583.74042884497,7.45299026415284e-15,2.0702907683614545e-16
R37,38128.524566362445,7.372543163115014e-15,2.0479446426257069e-16
R37,38681.205463305785,7.29324546282397e-15,2.025917787386965e-16
R37,39241.89758484594,7.215080739755616e-15,2.0042056674442837e-16
R37,39810.71705535032,7.138032805029469e-15,1.982803758778864e-16
R37,40387.781682433204,7.0620857010530476e-15,1.9617076566023548e-16
R37,40973.210981354765,6.9872236982188295e-15,1.940912963478265e-16
R37,41567.12619977373,6.913431291643948e-15,1.9204154014001133e-16
R37,42169.65034285886,6.840693197961387e-15,1.9002106958513256e-16
R37,42780.90819876445,6.7689943521523135e-15,1.8802946920806416e-16
R37,43401.026364475045,6.698319904426479e-15,1.860663234931964e-16
R37,44030.13327202482,6.62865521714659e-15,1.8413122894883724e-16
R37,44668.359215097,6.5599858617963336e-15,1.822237816490082e-16
R37,45315.836376008876,6.492297615991928e-15,1.803435897530877e-16
R37,45972.698853087924,6.425576460535861e-15,1.7849026058809841e-16
R37,46639.08268844478,6.35980857651352e-15,1.766634136421763e-16
R37,47315.12589614878,6.294980342430184e-15,1.7486266716762468e-16
R37,48000.9684908119,6.231078331391311e-15,1.7308765166830937e-16
R37,48696.75251658707,6.1680893083189916e-15,1.7133799600329362e-16
R37,49402.62207658675,6.106000227212123e-15,1.6961334138863673e-16
R37,50118.72336272801,6.044798228443708e-15,1.6791332697999159e-16
R37,50845.20468601018,5.9844706360969165e-15,1.662376044109733e-16
R37,51582.21650723137,5.925004955340234e-15,1.6458582283220098e-16
R37,52329.91146815029,5.866388869838733e-15,1.6295764400891006e-16
R37,53088.444423099674,5.8086102392013054e-15,1.6135272679322688e-16
R37,53857.97247105804,5.751657096470151e-15,1.597707428048227e-16
R37,54638.654988186296,5.6955176456366844e-15,1.5821136031163813e-16
R37,55430.653660835946,5.6401802592020964e-15,1.5667426051881682e-16
R37,56234.13251903581,5.585633475766876e-15,1.5515912083206295e-16
R37,57049.25797046412,5.531865997656756e-15,1.5366563178115224e-16
R37,57876.198834913,5.478866688582677e-15,1.5219347963889377e-16
R37,58715.12637925261,5.426624571334315e-15,1.5074236400681054e-16
R37,59566.21435290201,5.3751288255052785e-15,1.4931197976133143e-16
R37,60429.63902381426,5.324368785252073e-15,1.479020353305758e-16
R37,61305.57921498307,5.274333937084562e-15,1.4651223393795053e-16
R37,62194.216341478634,5.22501391768842e-15,1.4514229260042974e-16
R37,63095.73444802036,5.17639851177718e-15,1.437919226386076e-16
R37,64010.32024709414,5.128477649976582e-15,1.4246084942823218e-16
R37,64938.163157622206,5.081241406739021e-15,1.4114879214341262e-16
R37,65879.45534419348,5.034679998287591e-15,1.3985548429525294e-16
R37,66834.39175686258,4.988783780587059e-15,1.3858065267451665e-16
R37,67803.17017152572,4.943543247347442e-15,1.373240387118611e-16
R37,68785.99123088192,4.898949028055742e-15,1.3608537658323127e-16
R37,69783.05848598781,4.8549918860320755e-15,1.3486441542928142e-16
R37,70794.57843841499,4.811662716517006e-15,1.3366089658607158e-16
R37,71820.76058301827,4.768952544786152e-15,1.324745767017883e-16
R37,72861.81745132401,4.72685252428925e-15,1.3130520405284277e-16
R37,73917.96465554723,4.685353934817463e-15,1.3015254259887362e-16
R37,74989.42093324687,4.6444481806984775e-15,1.2901634734237893e-16
R37,76076.40819262833,4.604126789012287e-15,1.2789638936471957e-16
R37,77179.15155850258,4.56438140783756e-15,1.2679243018546388e-16
R37,78297.8794189116,4.525203804521864e-15,1.2570424782428805e-16
R37,79432.82347242955,4.486585863973607e-15,1.2463161011391104e-16
R37,80584.2187761496,4.448519586981693e-15,1.235743018349642e-16
R37,81752.30379436645,4.4109970885580126e-15,1.2253209693418237e-16
R37,82937.32044796432,4.37401059630255e-15,1.2150478678182624e-16
R37,84139.51416452101,4.337552448794155e-15,1.2049215124419127e-16
R37,85359.13392913812,4.301615094001347e-15,1.1949398811568325e-16
R37,86596.43233600809,4.266191087717627e-15,1.1851008299219227e-16
R37,87851.66564072875,4.23127309201971e-15,1.175402399326282e-16
R37,89125.09381337615,4.196853873744748e-15,1.1658425007676143e-16
R37,90416.98059234666,4.162926302993541e-15,1.1564192359389433e-16
R37,91727.5935389796,4.1294833516505e-15,1.1471305698617975e-16
R37,93057.20409297157,4.096518091928207e-15,1.1379746638483103e-16
R37,94406.08762859405,4.0640236949314285e-15,1.128949534767335e-16
R37,95774.52351172586,4.031993429240459e-15,1.1200534021197271e-16
R37,97162.79515771239,4.000420659517092e-15,1.111284332882903e-16
R37,98571.19009006342,3.96929884512877e-15,1.1026406033693917e-16
R37,100000.00000000183,3.93862153879063e-15,1.09412032896283e-16
R37,101449.52080687547,3.908382385232426e-15,1.0857218414643662e-16
R37,102920.0527194447,3.878575119878078e-15,1.0774433029949425e-16
R37,104411.90029805835,3.849193567547543e-15,1.0692830995717261e-16
R37,105925.37251773084,3.820231641176251e-15,1.0612394384169429e-16
R37,107460.78283213373,3.79168334055326e-15,1.0533107585441225e-16
R37,109018.44923851478,3.763542751077612e-15,1.0454953106712224e-16
R37,110598.694343558,3.735804042528969e-15,1.0377915856386636e-16
R37,112201.84543019843,3.708461467861565e-15,1.0301978760827394e-16
R37,113828.23452540534,3.681509362010919e-15,1.0227127235515942e-16
R37,115478.19846894799,3.654942140718588e-15,1.0153344610511289e-16
R37,117152.0789831582,3.628754299373928e-15,1.0080616797674135e-16
R37,118850.22274370409,3.6029404118721405e-15,1.0008927515519782e-16
R37,120572.98145138971,3.5774951294879704e-15,9.938263162097926e-17
R37,122320.71190499548,3.5524131797678216e-15,9.86860782936792e-17
R37,124093.77607517432,3.527689365433156e-15,9.799948391850187e-17
R37,125892.54117941913,3.5033185633035773e-15,9.732269300170187e-17
R37,127717.37975811675,3.479295723233316e-15,9.665557896102634e-17
R37,129568.66975170444,3.4556158670628952e-15,9.599798974354627e-17
R37,131446.79457894477,3.43227408758608e-15,9.534980335205638e-17
R37,133352.14321633498,3.4092655475302054e-15,9.471087103056641e-17
R37,135285.11027866765,3.3865854785528312e-15,9.408107528444879e-17
R37,137246.09610075885,3.364229180251899e-15,9.346027051228325e-17
R37,139235.5068203611,3.342192019187905e-15,9.284834364428013e-17
R37,141253.75446227816,3.3204694279238595e-15,9.22451520927552e-17
R37,143301.25702369906,3.2990569040748458e-15,9.165058713986958e-17
R37,145378.43856076902,3.277950009373768e-15,9.106450907217758e-17
R37,147485.72927641534,3.257144368748546e-15,9.048681345573107e-17
R37,149623.56560944626,3.236635669412881e-15,8.991736331290364e-17
R37,151792.39032494137,3.216419659971535e-15,8.935605843034297e-17
R37,153992.6526059522,3.19649214953439e-15,8.880276442889697e-17
R37,156224.80814653207,3.176849006845737e-15,8.825738525757921e-17
R37,158489.31924611444,3.157486159426752e-15,8.77197889988078e-17
R37,160786.6549052592,3.1383995927273733e-15,8.718988371044016e-17
R37,163117.290922787,3.119585349291315e-15,8.666753980039786e-17
R37,165481.70999432137,3.1010395279323507e-15,8.61526693869729e-17
R37,167880.4018122593,3.082758282924819e-15,8.564514506765297e-17
R37,170313.86316719104,3.0647378232000957e-15,8.514488297754276e-17
R37,172782.59805078973,3.04697441155966e-15,8.465175776808369e-17
R37,175287.11776019275,3.0294643638952667e-15,8.416568955295995e-17
R37,177827.9410038958,3.0122040484234082e-15,8.368655490156917e-17
R37,180405.5940091822,2.995189884928665e-15,8.321427787273714e-17
R37,183020.61063110924,2.9784183440156013e-15,8.274873681788415e-17
R37,185673.5324630743,2.961885946375431e-15,8.22898597130131e-17
R37,188364.90894898382,2.945589262059629e-15,8.183752655479599e-17
R37,191095.2974970479,2.9295249097657176e-15,8.139166921353239e-17
R37,193865.26359522465,2.9136895561297024e-15,8.09521691938656e-17
R37,196675.3809283378,2.8980799150327827e-15,8.051896224308728e-17
R37,199526.231496892,2.8826927469154365e-15,8.009193123539514e-17
R37,202418.40573761027,2.86752485809837e-15,7.967101578314674e-17
R37,205352.50264571878,2.852573100118485e-15,7.925609999047769e-17
R37,208329.12989900415,2.837834369069541e-15,7.884712732865767e-17
R37,211348.90398366898,2.8233056049532313e-15,7.844398299064914e-17
R37,214412.4503220116,2.808983791039414e-15,7.804661430622338e-17
R37,217520.40340195672,2.7948659532364655e-15,7.765490741428466e-17
R37,220673.4069084635,2.780949159465772e-15,7.726881350859968e-17
R37,223872.11385683858,2.76723051905006e-15,7.688821952906042e-17
R37,227117.18672798126,2.753707182108735e-15,7.651308054502626e-17
R37,230409.29760558935,2.7403763389571464e-15,7.614328415025206e-17
R37,233749.12831535374,2.7272352195202895e-15,7.577878930759829e-17
R37,237137.3705661705,2.7142810927508505e-15,7.54194841147835e-17
R37,240574.72609340012,2.701511266054903e-15,7.506533145251363e-17
R37,244061.90680420317,2.688923084727823e-15,7.471621976970488e-17
R37,247599.6349249826,2.676513931395231e-15,7.437211589598007e-17
R37,251188.64315096333,2.664281225462798e-15,7.403290847543436e-17
R37,254829.67479794007,2.652222422573139e-15,7.369856832459122e-17
R37,258523.48395622458,2.6403350140705123e-15,7.33689841231138e-17
R37,262270.8356468246,2.628616526470654e-15,7.304413071953632e-17
R37,266072.5059798866,2.617064520940966e-15,7.27238966655417e-17
R37,269929.2823154351,2.6056765927832074e-15,7.240826089425444e-17
R37,273841.963426442,2.5944503709302935e-15,7.209711166153799e-17
R37,277811.35966425954,2.583383517438627e-15,7.179043204524225e-17
R37,281838.2931264515,2.5724737269972214e-15,7.148810983290043e-17
R37,285923.5978270569,2.561718726439933e-15,7.119013231551989e-17
R37,290068.1198693217,2.551116274259952e-15,7.089638663459146e-17
R37,294272.71762093465,2.5406641601384993e-15,7.060686437083779e-17
R37,298538.26189180254,2.5303602044719305e-15,7.032145183658782e-17
R37,302865.6361144031,2.5202022579096636e-15,7.00401449875112e-17
R37,307255.7365267515,2.5101882008961557e-15,6.976282911766765e-17
R37,311709.4723580195,2.500315943219894e-15,6.948950465195634e-17
R37,316227.76601684495,2.4905834235653197e-15,6.922005567069877e-17
R37,320811.55328237073,2.4809886090741798e-15,6.895448717185501e-17
R37,325461.78349805315,2.4715294949098922e-15,6.869268181949515e-17
R37,330179.4197682794,2.4622041038277003e-15,6.843464929824349e-17
R37,334965.4391578352,2.4530104857505403e-15,6.818027064606189e-17
R37,339820.8328942636,2.4439467173500987e-15,6.792956035817351e-17
R37,344746.6065731572,2.4350109016337916e-15,6.768239762865758e-17
R37,349743.7803664258,2.4262011675335598e-15,6.743880189800794e-17
R37,354813.3892335835,2.4175156695019604e-15,6.719865029002984e-17
R37,359956.4831360978,2.4089525871166784e-15,6.69619673365799e-17
R37,365174.12725484604,2.400510124681757e-15,6.67286278557969e-17
R37,370467.4022107242,2.392186510837898e-15,6.649866162871371e-17
R37,375837.4042884528,2.3839799981811886e-15,6.627194092251385e-17
R37,381285.24566362763,2.375888862877466e-15,6.604850093762764e-17
R37,386812.0546330611,2.3679114042877146e-15,6.582821113472312e-17
R37,392418.97584846267,2.360045944596983e-15,6.561111231689299e-17
R37,398107.17055350647,2.3522908284442315e-15,6.539707087168144e-17
R37,403877.8168243354,2.3446444225574695e-15,6.518613340178907e-17
R37,409732.109813551,2.337105115396826e-15,6.497816294299785e-17
R37,415671.2619977407,2.329671316795829e-15,6.477321210883254e-17
R37,421696.5034285921,2.3223414576099052e-15,6.457114029233292e-17
R37,427809.0819876481,2.315113989366355e-15,6.437200634418707e-17
R37,434010.2636447541,2.307987383921758e-15,6.417566571017278e-17
R37,440301.3327202518,2.300960133118168e-15,6.398218372020781e-17
R37,446683.5921509737,2.294030748444562e-15,6.379141155416514e-17
R37,453158.3637600925,2.2871977607038148e-15,6.360342128008472e-17
R37,459726.9885308831,2.2804597196815432e-15,6.341805947806529e-17
R37,466390.82688445173,2.273815193813798e-15,6.323540523043329e-17
R37,473151.25896149175,2.267262769867497e-15,6.305530016765745e-17
R37,480009.68490812305,2.2608010526133855e-15,6.287783068105456e-17
R37,486967.5251658748,2.2544286645078684e-15,6.27028330845172e-17
R37,494026.2207658717,2.2481442453780718e-15,6.253040139253031e-17
R37,501187.2336272844,2.2419464521060428e-15,6.236036621731065e-17
R37,508452.0468601062,2.235833958318924e-15,6.219282953087452e-17
R37,515822.1650723182,2.229805454078636e-15,6.202761583957389e-17
R37,523299.11468150746,2.2238596455785236e-15,6.186483542887627e-17
R37,530884.4442310013,2.2179952548355235e-15,6.1704306274712e-17
R37,538579.7247105851,2.2122110193921554e-15,6.154614735454125e-17
R37,546386.5498818677,2.2065056920170286e-15,6.139016966773776e-17
R37,554306.5366083643,2.2008780404034916e-15,6.123650128604649e-17
R37,562341.3251903631,2.195326846881179e-15,6.108494576324905e-17
R37,570492.5797046463,2.189850908115871e-15,6.093564069283058e-17
R37,578761.9883491352,2.184449034825364e-15,6.078838168980646e-17
R37,587151.2637925313,2.179120051482974e-15,6.064331632318023e-17
R37,595662.1435290255,2.173862796033291e-15,6.050023175037248e-17
R37,604296.390238148,2.1686761196057087e-15,6.035928599771758e-17
R37,613055.7921498362,2.1635588862301e-15,6.022025721907432e-17
R37,621942.1634147919,2.1585099725515695e-15,6.008331440892132e-17
R37,630957.3444802093,2.1535282675492644e-15,5.994822614301834e-17
R37,640103.2024709472,2.148612672257806e-15,5.981517292588118e-17
R37,649381.631576228,2.1437620994826804e-15,5.968391315027626e-17
R37,658794.5534419408,2.138975473526254e-15,5.955463940516943e-17
R37,668343.9175686318,2.1342517299097117e-15,5.942709926334583e-17
R37,678031.7017152634,2.129589815091008e-15,5.930149800684774e-17
R37,687859.9123088254,2.1249886861987914e-15,5.917757171757035e-17
R37,697830.5848598845,2.120447310747363e-15,5.905553901538745e-17
R37,707945.7843841563,2.115964666366504e-15,5.893512378463394e-17
R37,718207.6058301893,2.111539740527865e-15,5.881655866608639e-17
R37,728618.1745132467,2.1071715302700768e-15,5.869955460187835e-17
R37,739179.646555479,2.1028590419269527e-15,5.85843589763991e-17
R37,749894.2093324756,2.098601290850161e-15,5.847066900525496e-17
R37,760764.0819262902,2.094397301142318e-15,5.83587475817642e-17
R37,771791.5155850328,2.090246105378023e-15,5.824827736822056e-17
R37,782978.7941891231,2.0861467443376613e-15,5.813953757630057e-17
R37,794328.2347243025,2.082098266728539e-15,5.803219544408235e-17
R37,805842.1877615032,2.078099728912935e-15,5.79265473580373e-17
R37,817523.0379436717,2.0741501946369153e-15,5.782224421380342e-17
R37,829373.2044796505,2.07024873475384e-15,5.771960047836397e-17
R37,841395.1416452174,2.066394426952015e-15,5.76182497373998e-17
R37,853591.3392913886,2.0625863554763376e-15,5.751852549598268e-17
R37,865964.3233600885,2.058823610857047e-15,5.742004301001962e-17
R37,878516.6564072954,2.0551052896294046e-15,5.732315583480098e-17
R37,891250.9381337696,2.0514304940578924e-15,5.722745982173878e-17
R37,904169.8059234748,2.0477983318569657e-15,5.713332964602868e-17
R37,917275.9353898044,2.0442079159144504e-15,5.704034062183032e-17
R37,930572.0409297242,2.040658364006921e-15,5.694888967412233e-17
R37,944060.876285949,2.037148798520718e-15,5.68585303861887e-17
R37,957745.2351172672,2.0336783461682054e-15,5.676968312636836e-17
R37,971627.9515771327,2.0302461377020814e-15,5.668187848914809e-17
R37,985711.9009006431,2.026851307631345e-15,5.659556154649494e-17
R37,1000000.0000000274,2.023492993931594e-15,5.651023857866316e-17
AL37W,1000.0,2.0566548182203006e-12,5.712928086759651e-14
AL37W,1014.4952080687361,2.0277986674586666e-12,5.6327721972785124e-14
AL37W,1029.2005271944283,1.9993548159332458e-12,5.5537615814522616e-14
AL37W,1044.1190029805646,1.9713173726670314e-12,5.4758798787967845e-14
AL37W,1059.2537251772892,1.9436805308537984e-12,5.3991109559407554e-14
AL37W,1074.6078283213178,1.9164385666554737e-12,5.3234389167736425e-14
AL37W,1090.1844923851281,1.8895858380166654e-12,5.2488480854648864e-14
AL37W,1105.98694343556,1.8631167834961603e-12,5.175323017108127e-14
AL37W,1122.018454301964,1.8370259211150784e-12,5.102848480426319e-14
AL37W,1138.2823452540329,1.8113078472215192e-12,5.0314094689216417e-14
AL37W,1154.781984689459,1.7859572353714193e-12,4.9609911832516183e-14
AL37W,1171.520789831561,1.7609688352253812e-12,4.8915790428946016e-14
AL37W,1188.5022274370194,1.7363374714613012e-12,4.823158668181515e-14
AL37W,1205.7298145138755,1.7120580427024949e-12,4.755715892487423e-14
AL37W,1223.2071190499328,1.688125520461174e-12,4.6892367439032244e-14
AL37W,1240.9377607517208,1.664534948096987e-12,4.623707457964158e-14
AL37W,1258.9254117941684,1.6412814397904557e-12,4.559114458945438e-14
AL37W,1277.1737975811443,1.6183601795310893e-12,4.495444373139134e-14
AL37W,1295.686697517021,1.5957664201199318e-12,4.43268400975737e-14
AL37W,1314.4679457894238,1.5734954821863803e-12,4.370820374769419e-14
AL37W,1333.5214321633257,1.5515427532190473e-12,4.3098406513957966e-14
AL37W,1352.851102786652,1.5299036866104612e-12,4.2497322145179435e-14
AL37W,1372.4609610075638,1.5085738007154283e-12,4.190482610746083e-14
AL37W,1392.3550682035861,1.4875486779228434e-12,4.13207957341445e-14
AL37W,1412.5375446227565,1.4668239637407593e-12,4.0745110022053446e-14
AL37W,1433.012570236965,1.4463953658945343e-12,4.0177649787433836e-14
AL37W,1453.7843856076643,1.4262586534378602e-12,3.961829745757804e-14
AL37W,1474.8572927641271,1.4064096558765012e-12,3.9066937232897785e-14
AL37W,1496.235656094436,1.3868442623045418e-12,3.852345487374545e-14
AL37W,1517.923903249387,1.3675584205529835e-12,3.798773786876374e-14
AL37W,1539.926526059495,1.348548136350499e-12,3.7459675216716784e-14
AL37W,1562.2480814652934,1.3298094724961884e-12,3.693915760126825e-14
AL37W,1584.8931924611168,1.3113385480441477e-12,3.642607716762859e-14
AL37W,1607.866549052564,1.2931315374996846e-12,3.592032770391953e-14
AL37W,1631.1729092278417,1.2751846700270337e-12,3.5421804412438916e-14
AL37W,1654.817099943185,1.2574942286683705e-12,3.4930404097775945e-14
AL37W,1678.804018122564,1.2400565495740023e-12,3.444602493248929e-14
AL37W,1703.1386316718808,1.222868021243555e-12,3.3968566652144285e-14
AL37W,1727.8259805078674,1.2059250837779878e-12,3.34979303151948e-14
AL37W,1752.871177601897,1.1892242281423172e-12,3.303401850511928e-14
AL37W,1778.2794100389272,1.1727619954388551e-12,3.257673508429168e-14
AL37W,1804.0559400917907,1.1565349761908418e-12,3.212598540340027e-14
AL37W,1830.2061063110607,1.1405398096363169e-12,3.168167604908667e-14
AL37W,1856.735324630711,1.1247731830320684e-12,3.1243715060838646e-14
AL37W,1883.6490894898054,1.1092318309675382e-12,3.0812011672169824e-14
AL37W,1910.9529749704457,1.0939125346885203e-12,3.038647653518493e-14
AL37W,1938.6526359522127,1.0788121214305328e-12,2.9967021455066496e-14
AL37W,1966.7538092833438,1.0639274637617055e-12,2.9553559622518496e-14
AL37W,1995.2623149688852,1.0492554789350633e-12,2.914600534131966e-14
AL37W,2024.1840573760674,1.034793128250055e-12,2.874427426885888e-14
AL37W,2053.525026457152,1.0205374164232184e-12,2.8348283136507975e-14
AL37W,2083.291298990005,1.0064853909678229e-12,2.7957949998470555e-14
AL37W,2113.489039836653,9.926341415823855e-13,2.7573193944719283e-14
AL37W,2144.1245032200786,9.789807995479197e-13,2.7193935358388026e-14
AL37W,2175.2040340195294,9.655225371337979e-13,2.682009562101199e-14
AL37W,2206.7340690845967,9.522565670120995e-13,2.645159737870092e-14
AL37W,2238.7211385683468,9.39180141680334e-13,2.6088364239412116e-14
AL37W,2271.171867279773,9.262905528924044e-13,2.5730321048151893e-14
AL37W,2304.0929760558533,9.135851310977028e-13,2.5377393576003492e-14
AL37W,2337.4912831534966,9.010612448882266e-13,2.5029508804612733e-14
AL37W,2371.3737056616637,8.887163004535846e-13,2.4686594606684338e-14
AL37W,2405.7472609339593,8.765477410437958e-13,2.4348580040016997e-14
AL37W,2440.619068041989,8.645530464397661e-13,2.401539501917318e-14
AL37W,2475.9963492497827,8.527297324313199e-13,2.368697061933843e-14
AL37W,2511.8864315095893,8.41075350302705e-13,2.3363238738860293e-14
AL37W,2548.296747979356,8.29587486325434e-13,2.3044132413217014e-14
AL37W,2585.2348395622007,8.182637612583829e-13,2.272958546811167e-14
AL37W,2622.7083564682007,8.071018298550238e-13,2.241953284384559e-14
AL37W,2660.7250597988204,7.960993803777053e-13,2.2113910238644014e-14
AL37W,2699.2928231543046,7.852541341188676e-13,2.181265444374039e-14
AL37W,2738.4196342643727,7.745638449291011e-13,2.1515702976599587e-14
AL37W,2778.1135966425472,7.640262987519483e-13,2.122299442703017e-14
AL37W,2818.382931264466,7.536393131653491e-13,2.093446807996078e-14
AL37W,2859.235978270519,7.434007369296422e-13,2.0650064272908813e-14
AL37W,2900.6811986931666,7.333084495420222e-13,2.036972400795445e-14
AL37W,2942.727176209295,7.233603607973625e-13,2.009338932090621e-14
AL37W,2985.382618917973,7.13554410355314e-13,1.982100288210557e-14
AL37W,3028.6563611439774,7.038885673135872e-13,1.9552508377642173e-14
AL37W,3072.5573652674607,6.943608297873353e-13,1.9287850098609924e-14
AL37W,3117.0947235801405,6.849692244945412e-13,1.9026973334737475e-14
AL37W,3162.277660168394,6.757118063473332e-13,1.876982395170439e-14
AL37W,3208.115532823651,6.665866580491362e-13,1.8516348797565563e-14
AL37W,3254.617834980474,6.57591889697582e-13,1.8266495267723094e-14
AL37W,3301.7941976827356,6.487256383930925e-13,1.8020211724537334e-14
AL37W,3349.6543915782927,6.399860678530532e-13,1.7777447049536353e-14
AL37W,3398.208328942576,6.313713680314999e-13,1.7538151076620304e-14
AL37W,3447.4660657315108,6.228797547442408e-13,1.7302274131077062e-14
AL37W,3497.437803664196,6.145094692993348e-13,1.7069767476801274e-14
AL37W,3548.133892335772,6.062587781328472e-13,1.6840582841669567e-14
AL37W,3599.564831360914,5.981259724498087e-13,1.6614672879211135e-14
AL37W,3651.7412725483955,5.901093678703114e-13,1.6391990679881442e-14
AL37W,3704.674022107176,5.822073040806518e-13,1.6172490247636974e-14
AL37W,3758.3740428844612,5.74418144489464e-13,1.5956125996629705e-14
AL37W,3812.8524566362084,5.667402758887654e-13,1.5742853243155676e-14
AL37W,3868.1205463305423,5.59172108119843e-13,1.5532627687276947e-14
AL37W,3924.189758484557,5.517120737439135e-13,1.5325405920629877e-14
AL37W,3981.071705534994,5.443586277174926e-13,1.5121144892464108e-14
AL37W,4038.7781682432824,5.371102470723986e-13,1.4919802433814938e-14
AL37W,4097.321098135438,5.299654306003268e-13,1.4721336707430844e-14
AL37W,4156.712619977334,5.229226985419376e-13,1.4525706748832704e-14
AL37W,4216.965034285847,5.159805922803764e-13,1.433287189958317e-14
AL37W,4278.0908198764055,5.091376740391833e-13,1.4142792365774541e-14
AL37W,4340.102636447464,5.023925265845089e-13,1.3955428634074265e-14
AL37W,4403.01332720244,4.957437529315917e-13,1.3770742048203194e-14
AL37W,4466.835921509658,4.891899760554234e-13,1.3588694207171237e-14
AL37W,4531.583637600846,4.827298386055569e-13,1.3409247560328934e-14
AL37W,4597.26988530875,4.76362002624977e-13,1.3232364787186562e-14
AL37W,4663.908268844436,4.700851492729967e-13,1.305800941164301e-14
AL37W,4731.512589614835,4.638979785521097e-13,1.2886145162760163e-14
AL37W,4800.0968490811465,4.577992090387429e-13,1.2716736608795898e-14
AL37W,4869.675251658663,4.5178757761786245e-13,1.2549748498282847e-14
AL37W,4940.26220765863,4.4586183922136097e-13,1.238514641451561e-14
AL37W,5011.872336272756,4.400207665701948e-13,1.2222896096259344e-14
AL37W,5084.520468600972,4.342631499201931e-13,1.206296411336584e-14
AL37W,5158.2216507230905,4.285877968115085e-13,1.1905317166413097e-14
AL37W,5232.991146814981,4.2299353182164114e-13,1.1749922784150047e-14
AL37W,5308.844442309919,4.1747919632199255e-13,1.1596748601342486e-14
AL37W,5385.797247105755,4.120436482379021e-13,1.1445763078772894e-14
AL37W,5463.865498818579,4.0668576181210267e-13,1.1296934758541768e-14
AL37W,5543.065366083543,4.014044273715644e-13,1.1150233007375945e-14
AL37W,5623.413251903529,3.9619855109766397e-13,1.1005627248606787e-14
AL37W,5704.92579704636,3.910670547996414e-13,1.0863087729569301e-14
AL37W,5787.619883491247,3.860088756912881e-13,1.0722584729449538e-14
AL37W,5871.512637925207,3.81022966170831e-13,1.0584089351586591e-14
AL37W,5956.621435290147,3.76108293603958e-13,1.0447572706351462e-14
AL37W,6042.963902381372,3.7126384010994287e-13,1.031300672919512e-14
AL37W,6130.557921498252,3.6648860235082684e-13,1.0180363337689562e-14
AL37W,6219.421634147808,3.6178159132361164e-13,1.004961527619762e-14
AL37W,6309.573444801979,3.571418321554218e-13,9.920735246174287e-15
AL37W,6401.032024709357,3.525683639015907e-13,9.793696778367451e-15
AL37W,6493.816315762163,3.4806023934663545e-13,9.668473335443323e-15
AL37W,6587.945534419289,3.4361652480807023e-13,9.545039212662768e-15
AL37W,6683.439175686198,3.3923629994302537e-13,9.423368611858793e-15
AL37W,6780.317017152512,3.3491865755762864e-13,9.303436571569878e-15
AL37W,6878.59912308813,3.3066270341910766e-13,9.18521801136039e-15
AL37W,6978.3058485987185,3.26467556070578e-13,9.068688692430412e-15
AL37W,7079.4578438414355,3.2233234664847923e-13,8.953824231231161e-15
AL37W,7182.076058301764,3.182562187026118e-13,8.840601091610856e-15
AL37W,7286.181745132336,3.1423832801875397e-13,8.72899556663643e-15
AL37W,7391.796465554657,3.1027784244380425e-13,8.618984803376921e-15
AL37W,7498.94209332462,3.0637394171342745e-13,8.51054575180032e-15
AL37W,7607.640819262764,3.0252581728215996e-13,8.40365622333947e-15
AL37W,7717.915155850188,2.98732672155941e-13,8.2982938056886e-15
AL37W,7829.787941891089,2.949937207270393e-13,8.194436956342228e-15
AL37W,7943.282347242882,2.9130818861133413e-13,8.092063882069732e-15
AL37W,8058.421877614886,2.876753124879229e-13,7.991153668665143e-15
AL37W,8175.23037943657,2.8409433994101765e-13,7.891685123829883e-15
AL37W,8293.732044796356,2.805645293041029e-13,7.793637944421048e-15
AL37W,8413.951416452024,2.770851495063161e-13,7.696991521421625e-15
AL37W,8535.913392913733,2.73655479921023e-13,7.601726146026798e-15
AL37W,8659.64323360073,2.702748102165582e-13,7.507821775328388e-15
AL37W,8785.166564072795,2.669424402090934e-13,7.415259278632883e-15
AL37W,8912.509381337535,2.6365767971761084e-13,7.324019162431324e-15
AL37W,9041.698059234586,2.6041984842094556e-13,7.234082858399638e-15
AL37W,9172.75935389788,2.572282757168703e-13,7.145431406167504e-15
AL37W,9305.720409297075,2.540823005831919e-13,7.058046784510661e-15
AL37W,9440.608762859321,2.5098127144083386e-13,6.971910550372008e-15
AL37W,9577.452351172502,2.4792454601887036e-13,6.887005214817488e-15
AL37W,9716.279515771153,2.4491149122148963e-13,6.803312836699375e-15
AL37W,9857.119009006256,2.419414829968607e-13,6.720816445012395e-15
AL37W,10000.000000000096,2.390139062078633e-13,6.639498585522897e-15
AL37W,10144.952080687459,2.361281545046747e-13,6.559342791229512e-15
AL37W,10292.005271944381,2.3328363019916823e-13,6.480332080213002e-15
AL37W,10441.190029805744,2.3047974414110774e-13,6.4024504759766276e-15
AL37W,10592.537251772992,2.277159155961103e-13,6.325681454698898e-15
AL37W,10746.07828321328,2.2499157212534975e-13,6.2500095173033335e-15
AL37W,10901.844923851384,2.2230614946698018e-13,6.17541858422034e-15
AL37W,11059.869434355705,2.196590914192495e-13,6.101893621113817e-15
AL37W,11220.184543019746,2.1704984972528327e-13,6.029418979179007e-15
AL37W,11382.823452540435,2.1447788395951413e-13,5.95798007653482e-15
AL37W,11547.819846894698,2.1194266141573012e-13,5.887561682001436e-15
AL37W,11715.207898315717,2.0944365699672286e-13,5.818149654252345e-15
AL37W,11885.022274370305,2.0698035310551197e-13,5.749729166928339e-15
AL37W,12057.298145138866,2.0455223953811843e-13,5.682286507732723e-15
AL37W,12232.07119049944,2.0215881337787182e-13,5.6158072426469626e-15
AL37W,12409.377607517323,1.9979957889122474e-13,5.550278077246163e-15
AL37W,12589.254117941802,1.9747404742505408e-13,5.48568495768598e-15
AL37W,12771.737975811562,1.951817373054284e-13,5.4220149966134586e-15
AL37W,12956.86697517033,1.929221737378192e-13,5.3592545084946e-15
AL37W,13144.679457894359,1.906948887087367e-13,5.297391002598438e-15
AL37W,13335.21432163338,1.8849942088876885e-13,5.236411150129573e-15
AL37W,13528.511027866647,1.86335315537004e-13,5.1763028468711445e-15
AL37W,13724.609610075766,1.8420212440681772e-13,5.117053109476315e-15
AL37W,13923.55068203599,1.8209940565300174e-13,5.058650210468785e-15
AL37W,14125.375446227694,1.800267237402199e-13,5.0010815009318665e-15
AL37W,14330.125702369782,1.7798364935276894e-13,4.9443356206835955e-15
AL37W,14537.843856076775,1.7596975930562598e-13,4.888400244480496e-15
AL37W,14748.572927641406,1.7398463645676562e-13,4.8332643703088296e-15
AL37W,14962.356560944498,1.7202786962072743e-13,4.778915986093261e-15
AL37W,15179.239032494008,1.7009905348341398e-13,4.7253444391758245e-15
AL37W,15399.26526059509,1.6819778851810756e-13,4.6725380203862645e-15
AL37W,15622.480814653076,1.6632368090267923e-13,4.620486417917281e-15
AL37W,15848.931924611312,1.6447634243798351e-13,4.569178215473159e-15
AL37W,16078.665490525787,1.6265539046741225e-13,4.51860343389349e-15
AL37W,16311.729092278567,1.608604477975973e-13,4.468750939949752e-15
AL37W,16548.170999432,1.5909114262024207e-13,4.419611079220248e-15
AL37W,16788.040181225795,1.5734710843506767e-13,4.371172991950172e-15
AL37W,17031.386316718967,1.5562798397385765e-13,4.323427340838692e-15
AL37W,17278.259805078833,1.5393341312558243e-13,4.2763635302159405e-15
AL37W,17528.711776019132,1.5226304486259414e-13,4.229972532569266e-15
AL37W,17782.794100389434,1.5061653316786832e-13,4.184244007120648e-15
AL37W,18040.55940091807,1.4899353696328545e-13,4.1391692290934354e-15
AL37W,18302.061063110774,1.4739372003893207e-13,4.094738103594982e-15
AL37W,18567.35324630728,1.4581675098340768e-13,4.05094220180847e-15
AL37W,18836.49089489823,1.4426230311512609e-13,4.007771665897923e-15
AL37W,19109.529749704634,1.4273005441459211e-13,3.965218356502143e-15
AL37W,19386.526359522308,1.412196874576433e-13,3.923272644182012e-15
AL37W,19667.538092833624,1.3973088934964144e-13,3.881926672795779e-15
AL37W,19952.62314968904,1.3826335166060002e-13,3.841171032801539e-15
AL37W,20241.840573760863,1.368167703612333e-13,3.800998145305398e-15
AL37W,20535.250264571714,1.3539084575991757e-13,3.761398812314348e-15
AL37W,20832.91298990025,1.3398528244054536e-13,3.722365726472219e-15
AL37W,21134.890398366733,1.325997892012651e-13,3.683889893129212e-15
AL37W,21441.245032200994,1.3123407899409035e-13,3.645964271015248e-15
AL37W,21752.0403401955,1.2988786886536779e-13,3.608580060751979e-15
AL37W,22067.340690846177,1.285608798970899e-13,3.57173048195979e-15
AL37W,22387.21138568368,1.272528371490422e-13,3.53540692258523e-15
AL37W,22711.718672797946,1.2596346960176968e-13,3.499602858197303e-15
AL37W,23040.929760558753,1.2469251010035554e-13,3.464309856237328e-15
AL37W,23374.912831535188,1.234396952989956e-13,3.4295216435330325e-15
AL37W,23713.73705661686,1.2220476560635915e-13,3.3952299592980867e-15
AL37W,24057.47260933982,1.2098746513172553e-13,3.3614287771793605e-15
AL37W,24406.19068042012,1.1978754163188235e-13,3.3281100005393446e-15
AL37W,24759.96349249806,1.1860474645877897e-13,3.2952678456536655e-15
AL37W,25118.864315096132,1.1743883450791823e-13,3.2628943725001215e-15
AL37W,25482.967479793802,1.1628956416748227e-13,3.230984036041013e-15
AL37W,25852.34839562225,1.151566972681748e-13,3.1995290454170095e-15
AL37W,26227.083564682252,1.1403999903377702e-13,3.1685240905828366e-15
AL37W,26607.25059798845,1.1293923803239919e-13,3.1379615224616566e-15
AL37W,26992.928231543297,1.1185418612842373e-13,3.107836262554077e-15
AL37W,27384.19634264398,1.1078461843512614e-13,3.07814079624826e-15
AL37W,27781.13596642573,1.0973031326796603e-13,3.048870273392151e-15
AL37W,28183.82931264492,1.0869105209853591e-13,3.0200173065750545e-15
AL37W,28592.359782705455,1.0766661950916207e-13,2.9915772710422845e-15
AL37W,29006.811986931934,1.06656803148143e-13,2.96354289936471e-15
AL37W,29427.271762093224,1.056613936856203e-13,2.9359097894846826e-15
AL37W,29853.82618918001,1.0468018477007123e-13,2.908670786769706e-15
AL37W,30286.56361144006,1.037129729854125e-13,2.8818217094099558e-15
AL37W,30725.573652674895,1.0275955780870878e-13,2.8553555084095925e-15
AL37W,31170.947235801697,1.0181974156847424e-13,2.8292682200103517e-15
AL37W,31622.77660168424,1.008933294035613e-13,2.803552893708046e-15
AL37W,32081.155328236815,9.998012922262565e-14,2.7782057818549707e-15
AL37W,32546.17834980505,9.907995166416027e-14,2.7532200252984574e-15
AL37W,33017.94197682767,9.819261005708876e-14,2.7285920908183663e-15
AL37W,33496.543915783244,9.731792038191174e-14,2.7043152034678284e-15
AL37W,33982.08328942608,9.64557012323956e-14,2.680386043032525e-15
AL37W,34474.660657315435,9.56057737777978e-14,2.6567979116094357e-15
AL37W,34974.378036642294,9.476796172561933e-14,2.6335477008332438e-15
AL37W,35481.33892335806,9.394209128487692e-14,2.610628782655677e-15
AL37W,35995.64831360948,9.312799112988638e-14,2.588038259672721e-15
AL37W,36517.412725484304,9.232549236455195e-14,2.5657695664632884e-15
AL37W,37046.74022107211,9.153442848715037e-14,2.5438200159708704e-15
AL37W,37583.74042884497,9.075463535560534e-14,2.5221830981239524e-15
AL37W,38128.524566362445,8.99859511532434e-14,2.500856335878798e-15
AL37W,38681.205463305785,8.922821635502406e-14,2.479833267173894e-15
AL37W,39241.89758484594,8.848127369423808e-14,2.4591116249285003e-15
AL37W,39810.71705535032,8.774496812966468e-14,2.4386849876771682e-15
AL37W,40387.781682433204,8.701914681318331e-14,2.418551298543721e-15
AL37W,40973.210981354765,8.630365905783088e-14,2.398704169157721e-15
AL37W,41567.12619977373,8.559835630629821e-14,2.3791417533874535e-15
AL37W,42169.65034285886,8.490309209986053e-14,2.359857688356111e-15
AL37W,42780.90819876445,8.421772204773189e-14,2.3408503395223732e-15
AL37W,43401.026364475045,8.354210379684166e-14,2.3221133617876286e-15
AL37W,44030.13327202482,8.287609700202122e-14,2.303645333361182e-15
AL37W,44668.359215097,8.22195632965992e-14,2.2854399190789378e-15
AL37W,45315.836376008876,8.157236626339629e-14,2.2674959113843837e-15
AL37W,45972.698853087924,8.093437140611316e-14,2.2498069770612544e-15
AL37W,46639.08268844478,8.030544612110757e-14,2.232372124603788e-15
AL37W,47315.12589614878,7.968545966955193e-14,2.2151850145985192e-15
AL37W,48000.9684908119,7.90742831499667e-14,2.1982448737505357e-15
AL37W,48696.75251658707,7.847178947112355e-14,2.1815453481297857e-15
AL37W,49402.62207658675,7.7877853325312e-14,2.165085885167081e-15
AL37W,50118.72336272801,7.729235116196374e-14,2.1488601079054603e-15
AL37W,50845.20468601018,7.671516116162952e-14,2.1328676873832185e-15
AL37W,51582.21650723137,7.61461632103017e-14,2.1171022148978603e-15
AL37W,52329.91146815029,7.558523887407776e-14,2.101563588356708e-15
AL37W,53088.444423099674,7.503227137415886e-14,2.0862453583667534e-15
AL37W,53857.97247105804,7.44871455621785e-14,2.071147653359604e-15
AL37W,54638.654988186296,7.394974789585429e-14,2.0562639740615226e-15
AL37W,55430.653660835946,7.341996641495917e-14,2.0415946834920834e-15
AL37W,56234.13251903581,7.289769071760586e-14,2.0271332230416852e-15
AL37W,57049.25797046412,7.238281193683917e-14,2.012880194805833e-15
AL37W,57876.198834913,7.187522271753128e-14,1.9988289710983898e-15
AL37W,58715.12637925261,7.1374817193575e-14,1.9849803980198026e-15
AL37W,59566.21435290201,7.088149096536887e-14,1.9713277687597162e-15
AL37W,60429.63902381426,7.039514107759013e-14,1.9578721788114817e-15
AL37W,61305.57921498307,6.99156659972505e-14,1.9446068318632903e-15
AL37W,62194.216341478634,6.944296559202845e-14,1.9315330786673563e-15
AL37W,63095.73444802036,6.897694110887485e-14,1.918644022680086e-15
AL37W,64010.32024709414,6.851749515288616e-14,1.9059412762767155e-15
AL37W,64938.163157622206,6.806453166643968e-14,1.893417831573807e-15
AL37W,65879.45534419348,6.761795590858784e-14,1.881075569453386e-15
AL37W,66834.39175686258,6.717767443470492e-14,1.8689073591805793e-15
AL37W,67803.17017152572,6.674359507638305e-14,1.8569153575703674e-15
AL37W,68785.99123088192,6.63156269215715e-14,1.8450922990942904e-15
AL37W,69783.05848598781,6.589368029495558e-14,1.83344062449291e-15
AL37W,70794.57843841499,6.547766673856997e-14,1.8219529210431587e-15
AL37W,71820.76058301827,6.506749899264279e-14,1.810631921995794e-15
AL37W,72861.81745132401,6.466309097666439e-14,1.799470054543621e-15
AL37W,73917.96465554723,6.426435777067842e-14,1.7884703536511583e-15
AL37W,74989.42093324687,6.38712155967882e-14,1.777625073017993e-15
AL37W,76076.40819262833,6.348358180087707e-14,1.7669375591734676e-15
AL37W,77179.15155850258,6.310137483453573e-14,1.756399878362754e-15
AL37W,78297.8794189116,6.27245142371929e-14,1.7460156992086914e-15
AL37W,79432.82347242955,6.235292061844655e-14,1.7357768859546238e-15
AL37W,80584.2187761496,6.198651564056856e-14,1.725687440554481e-15
AL37W,81752.30379436645,6.162522200130329e-14,1.71573901008156e-15
AL37W,82937.32044796432,6.126896341664737e-14,1.7059359418025837e-15
AL37W,84139.51416452101,6.091766460401769e-14,1.696269649789823e-15
AL37W,85359.13392913812,6.057125126549437e-14,1.6867448393829447e-15
AL37W,86596.43233600809,6.02296500712592e-14,1.6773526751270591e-15
AL37W,87851.66564072875,5.989278864320356e-14,1.6680982340094746e-15
AL37W,89125.09381337615,5.956059553870251e-14,1.6589724137812477e-15
AL37W,90416.98059234666,5.923300023455141e-14,1.6499806775075716e-15
AL37W,91727.5935389796,5.890993311105984e-14,1.6411136380959504e-15
AL37W,93057.20409297157,5.859132543630026e-14,1.6323771600159912e-15
AL37W,94406.08762859405,5.827710935050586e-14,1.6237615524545264e-15
AL37W,95774.52351172586,5.796721785061575e-14,1.6152730975518356e-15
AL37W,97162.79515771239,5.766158477496124e-14,1.606901781022265e-15
AL37W,98571.19009006342,5.736014478809127e-14,1.5986543199284131e-15
AL37W,100000.00000000183,5.706283336573213e-14,1.590520355836333e-15
AL37W,101449.52080687547,5.676958677987793e-14,1.582507059015893e-15
AL37W,102920.0527194447,5.648034208400798e-14,1.574603705233586e-15
AL37W,104411.90029805835,5.6195037098427204e-14,1.5668179373351033e-15
AL37W,105925.37251773084,5.5913610395726316e-14,1.5591386426067668e-15
AL37W,107460.78283213373,5.5636001286357484e-14,1.55157395697494e-15
AL37W,109018.44923851478,5.536214980432206e-14,1.5441123554796422e-15
AL37W,110598.694343558,5.5091996692966603e-14,1.5367624888242877e-15
AL37W,112201.84543019843,5.482548339088379e-14,1.5295123948921764e-15
AL37W,113828.23452540534,5.4562552017914777e-14,1.5223712621094443e-15
AL37W,115478.19846894799,5.430314536124857e-14,1.5153266650867973e-15
AL37W,117152.0789831582,5.4047206861615747e-14,1.5083883542284685e-15
AL37W,118850.22274370409,5.379468059957322e-14,1.50154341348734e-15
AL37W,120572.98145138971,5.3545511281875555e-14,1.4948021808739401e-15
AL37W,122320.71190499548,5.329964422793023e-14,1.4881512209622842e-15
AL37W,124093.77607517432,5.305702535633346e-14,1.4816014864360116e-15
AL37W,125892.54117941913,5.2817601171482936e-14,1.4751389923642309e-15
AL37W,127717.37975811675,5.258131875026429e-14,1.4687753346777636e-15
AL37W,129568.66975170444,5.234812572880794e-14,1.4624959473378234e-15
AL37W,131446.79457894477,5.2117970289313704e-14,1.4563130996751477e-15
AL37W,133352.14321633498,5.189080114693935e-14,1.4502116113884481e-15
AL37W,135285.11027866765,5.166656753675024e-14,1.4442044570140042e-15
AL37W,137246.09610075885,5.144521920072712e-14,1.438275807204329e-15
AL37W,139235.5068203611,5.1226706374829266e-14,1.4324393752368476e-15
AL37W,141253.75446227816,5.1010979776109577e-14,1.4266786462248493e-15
AL37W,143301.25702369906,5.079799058987965e-14,1.4210081075323488e-15
AL37W,145378.43856076902,5.0587690456920784e-14,1.4154105204480848e-15
AL37W,147485.72927641534,5.0380031460740084e-14,1.409901183660597e-15
AL37W,149623.56560944626,5.017496611486726e-14,1.4044620944707731e-15
AL37W,151792.39032494137,4.997244735019074e-14,1.3991094021074802e-15
AL37W,153992.6526059522,4.9772428502330554e-14,1.393824297754141e-15
AL37W,156224.80814653207,4.957486329904571e-14,1.3886238224616193e-15
AL37W,158489.31924611444,4.9379705847673164e-14,1.3834883171091421e-15
AL37W,160786.6549052592,4.918691062259809e-14,1.3784357580075958e-15
AL37W,163117.290922787,4.89964324527513e-14,1.3734455893949215e-15
AL37W,165481.70999432137,4.880822650913393e-14,1.3685367685292867e-15
AL37W,167880.4018122593,4.862224829236693e-14,1.3636877944244371e-15
AL37W,170313.86316719104,4.843845362026351e-14,1.358918653317335e-15
AL37W,172782.59805078973,4.825679861542421e-14,1.354206848071352e-15
AL37W,175287.11776019275,4.807723969285269e-14,1.3495734443749612e-15
AL37W,177827.9410038958,4.7899733547584605e-14,1.3449948955723248e-15
AL37W,180405.5940091822,4.772423714235659e-14,1.3404933998158925e-15
AL37W,183020.61063110924,4.7550707695293345e-14,1.3360443050198798e-15
AL37W,185673.5324630743,4.737910266754497e-14,1.3316709974523907e-15
AL37W,188364.90894898382,4.7209379751045526e-14,1.3273476610399232e-15
AL37W,191095.2974970479,4.7041496856227654e-14,1.3230989285593575e-15
AL37W,193865.26359522465,4.687541209977062e-14,1.318897758646714e-15
AL37W,196675.3809283378,4.671108379236664e-14,1.3147700918209352e-15
AL37W,199526.231496892,4.654847042650906e-14,1.310687597275038e-15
AL37W,202418.40573761027,4.638753066430126e-14,1.3066775874458425e-15
AL37W,205352.50264571878,4.622822332528938e-14,1.3027103749800004e-15
AL37W,208329.12989900415,4.607050737429443e-14,1.2988147114493367e-15
AL37W,211348.90398366898,4.5914341909402125e-14,1.2949594828010328e-15
AL37W,214412.4503220116,4.575968614972267e-14,1.2911749501008047e-15
AL37W,217520.40340195672,4.560649942344496e-14,1.2874284992894209e-15
AL37W,220673.4069084635,4.5454741155797274e-14,1.283751974521367e-15
AL37W,223872.11385683858,4.530437085707534e-14,1.28011118518389e-15
AL37W,227117.18672798126,4.515534811071602e-14,1.2765396354416944e-15
AL37W,230409.29760558935,4.50076325614215e-14,1.273001478244419e-15
AL37W,233749.12831535374,4.486118390333993e-14,1.2695319581045948e-15
AL37W,237137.3705661705,4.471596186830811e-14,1.2660934882290923e-15
AL37W,240574.72609340012,4.457192621416283e-14,1.2627231373125627e-15
AL37W,244061.90680420317,4.4429036713129157e-14,1.2593814920141476e-15
AL37W,247599.6349249826,4.428725314029158e-14,1.2561075326153487e-15
AL37W,251188.64315096333,4.414653526215913e-14,1.2528599288524709e-15
AL37W,254829.67479794007,4.400684282533115e-14,1.2496796636341326e-15
AL37W,258523.48395622458,4.386813554527555e-14,1.2465233957677535e-15
AL37W,262270.8356468246,4.373037309523145e-14,1.2434342055155522e-15
AL37W,266072.5059798866,4.359351509523529e-14,1.2403666430736718e-15
AL37W,269929.2823154351,4.345752110132256e-14,1.2373659845165237e-15
AL37W,273841.963426442,4.332235059485687e-14,1.2343845700317234e-15
AL37W,277811.35966425954,4.318796297203365e-14,1.2314699737151433e-15
AL37W,281838.2931264515,4.305431753360251e-14,1.2285722206206327e-15
AL37W,285923.5978270569,4.292137347477113e-14,1.2257412888365343e-15
AL37W,290068.1198693217,4.278908987533688e-14,1.2229247794311647e-15
AL37W,294272.71762093465,4.265742569005894e-14,1.2201751842016401e-15
AL37W,298538.26189180254,4.2526339739289775e-14,1.2174375676771491e-15
AL37W,302865.6361144031,4.239579069988605e-14,1.214767048788035e-15
AL37W,307255.7365267515,4.2265737096414753e-14,1.2121060393194217e-15
AL37W,311709.4723580195,4.213613729270129e-14,1.209512402400154e-15
AL37W,316227.76601684495,4.200694948372204e-14,1.2069257772976984e-15
AL37W,320811.55328237073,4.187813168781585e-14,1.2044068919507376e-15
AL37W,325461.78349805315,4.1749641739377384e-14,1.2018924898746613e-15
AL37W,330179.4197682794,4.1621437281926515e-14,1.1994462878415778e-15
AL37W,334965.4391578352,4.1493475761638326e-14,1.1970020070767573e-15
AL37W,339820.8328942636,4.136571442138671e-14,1.1946264804488493e-15
AL37W,344746.6065731572,4.123811029524974e-14,1.192250277241748e-15
AL37W,349743.7803664258,4.1110620203620654e-14,1.1899434767060099e-15
AL37W,354813.3892335835,4.098320074887587e-14,1.187633363660731e-15
AL37W,359956.4831360978,4.085580831165867e-14,1.1853933967802694e-15
AL37W,365174.12725484604,4.072839904788529e-14,1.1831474413172792e-15
AL37W,370467.4022107242,4.060092888628622e-14,1.1809724708449346e-15
AL37W,375837.4042884528,4.0473353526900645e-14,1.1787887937183312e-15
AL37W,381285.24566362763,4.034562844018641e-14,1.1766770359359408e-15
AL37W,386812.0546330611,4.0217708867007985e-14,1.1745538098148506e-15
AL37W,392418.97584846267,4.0089549819530386e-14,1.1725035329014501e-15
AL37W,398107.17055350647,3.9961106082900576e-14,1.1704389810107562e-15
AL37W,403877.8168243354,3.983233221809656e-14,1.168448503432099e-15
AL37W,409732.109813551,3.97031825655235e-14,1.166440898256707e-15
AL37W,415671.2619977407,3.957361124988624e-14,1.1645085871749673e-15
AL37W,421696.5034285921,3.9443572186060204e-14,1.1625562492232116e-15
AL37W,427809.0819876481,3.931301908616901e-14,1.1606805189235238e-15
AL37W,434010.2636447541,3.9181905467783594e-14,1.1587818155579469e-15
AL37W,440301.3327202518,3.9050184663641814e-14,1.1569611258887417e-15
AL37W,446683.5921509737,3.8917809832258507e-14,1.155114470222692e-15
AL37W,453158.3637600925,3.8784733970322705e-14,1.1533473250473287e-15
AL37W,459726.9885308831,3.865090992632674e-14,1.1515511748970583e-15
AL37W,466390.82688445173,3.8516290415710116e-14,1.1498361205504747e-15
AL37W,473151.25896149175,3.838082803760245e-14,1.1480889774616255e-15
AL37W,480009.68490812305,3.824447529307123e-14,1.146424601218446e-15
AL37W,486967.5251658748,3.81071846051023e-14,1.1447250095583232e-15
AL37W,494026.2207658717,3.7968908340273014e-14,1.1431099380937927e-15
AL37W,501187.2336272844,3.782959883224628e-14,1.1414564842069481e-15
AL37W,508452.0468601062,3.7689208406936383e-14,1.1398893820669082e-15
AL37W,515822.1650723182,3.754768940971417e-14,1.13828069350203e-15
AL37W,523299.11468150746,3.7404994234412025e-14,1.1367602615606105e-15
AL37W,530884.4442310013,3.726107535447488e-14,1.1351950063638988e-15
AL37W,538579.7247105851,3.711588535589125e-14,1.1337199802840418e-15
AL37W,546386.5498818677,3.696937697238215e-14,1.1321968663640008e-15
AL37W,554306.5366083643,3.682150312260462e-14,1.1307660150443355e-15
AL37W,562341.3251903631,3.6672216949545076e-14,1.1292837896029673e-15
AL37W,570492.5797046463,3.6521471862095425e-14,1.1278959136201263e-15
AL37W,578761.9883491352,3.6369221578710924e-14,1.1264533626560292e-15
AL37W,587151.2637925313,3.621542017356666e-14,1.1251072926905548e-15
AL37W,595662.1435290255,3.6060022124681014e-14,1.1237032405672047e-15
AL37W,604296.390238148,3.590298236442668e-14,1.1223978358317927e-15
AL37W,613055.7921498362,3.5744256332353995e-14,1.121031144916169e-15
AL37W,621942.1634147919,3.558380003021814e-14,1.1197652915576975e-15
AL37W,630957.3444802093,3.542157007933654e-14,1.1184348619239511e-15
AL37W,640103.2024709472,3.5257523780034616e-14,1.1172074714270205e-15
AL37W,649381.631576228,3.50916191735638e-14,1.1159122406203464e-15
AL37W,658794.5534419408,3.492381510598813e-14,1.114722248195345e-15
AL37W,668343.9175686318,3.4754071294362925e-14,1.1134611910615943e-15
AL37W,678031.7017152634,3.458234839490268e-14,1.1123075540325453e-15
AL37W,687859.9123088254,3.440860807323378e-14,1.1110796826004916e-15
AL37W,697830.5848598845,3.423281307668055e-14,1.1099613787836283e-15
AL37W,707945.7843841563,3.4054927308178705e-14,1.1087657422010675e-15
AL37W,718207.6058301893,3.387491590220165e-14,1.1076817682938198e-15
AL37W,728618.1745132467,3.369274530220679e-14,1.1065174528073402e-15
AL37W,739179.646555479,3.350838333967696e-14,1.105466822775726e-15
AL37W,749894.2093324756,3.332179931448411e-14,1.104332951752387e-15
AL37W,760764.0819262902,3.313296407653224e-14,1.1033146952391518e-15
AL37W,771791.5155850328,3.29418501084025e-14,1.10221042921673e-15
AL37W,782978.7941891231,3.274843160902669e-14,1.101223589966999e-15
AL37W,794328.2347243025,3.255268457782552e-14,1.100148126729272e-15
AL37W,805842.1877615032,3.235458689948918e-14,1.0991917610494147e-15
AL37W,817523.0379436717,3.2154118428997016e-14,1.0981443357069027e-15
AL37W,829373.2044796505,3.195126107652361e-14,1.0972175109670046e-15
AL37W,841395.1416452174,3.174599889215513e-14,1.0961973960434816e-15
AL37W,853591.3392913886,3.153831815023698e-14,1.0952991892273889e-15
AL37W,865964.3233600885,3.13282074325885e-14,1.0943056947326915e-15
AL37W,878516.6564072954,3.111565771101612e-14,1.0934351910583517e-15
AL37W,891250.9381337696,3.0900662428066586e-14,1.0924676645300276e-15
AL37W,904169.8059234748,3.0683217576293597e-14,1.0916239561519233e-15
AL37W,917275.9353898044,3.046332177534103e-14,1.090681782658495e-15
AL37W,930572.0409297242,3.024097634678463e-14,1.0898639674555806e-15
AL37W,944060.876285949,3.001618538601469e-14,1.0889465695424631e-15
AL37W,957745.2351172672,2.978895583128357e-14,1.0881537500218817e-15
AL37W,971627.9515771327,2.955929752908995e-14,1.0872605875820081e-15
AL37W,985711.9009006431,2.9327223295891554e-14,1.0864918699084469e-15
AL37W,1000000.0000000274,2.909274897559544e-14,1.0856224399666334e-15
AR37,1000.0,3.239369023653891e-12,8.998244341519872e-14
AR37,1014.4952080687361,3.193615146277894e-12,8.871150365272928e-14
AR37,1029.2005271944283,3.148515004383638e-12,8.745872317897271e-14
AR37,1044.1190029805646,3.104059257326996e-12,8.62238425817031e-14
AR37,1059.2537251772892,3.0602386979237734e-12,8.50066060554947e-14
AR37,1074.6078283213178,3.0170442505428416e-12,8.380676155106504e-14
AR37,1090.1844923851281,2.974466969226469e-12,8.26240605177825e-14
AR37,1105.98694343556,2.9324980358375555e-12,8.145825806049218e-14
AR37,1122.018454301964,2.8911287582332963e-12,8.030911267743604e-14
AR37,1138.2823452540329,2.850350568464976e-12,7.917638642469783e-14
AR37,1154.781984689459,2.810155021003461e-12,7.805984464931236e-14
AR37,1171.520789831561,2.770533790990062e-12,7.695925616147232e-14
AR37,1188.5022274370194,2.7314786725123666e-12,7.58743929625986e-14
AR37,1205.7298145138755,2.6929815769047435e-12,7.480503042545889e-14
AR37,1223.2071190499328,2.655034531073082e-12,7.375094701696624e-14
AR37,1240.9377607517208,2.617629675843511e-12,7.271192448636619e-14
AR37,1258.9254117941684,2.580759264334687e-12,7.168774758252678e-14
AR37,1277.1737975811443,2.5444156603533424e-12,7.067820425035728e-14
AR37,1295.686697517021,2.5085913368127647e-12,6.968308534234735e-14
AR37,1314.4679457894238,2.4732788741738658e-12,6.870218482338917e-14
AR37,1333.5214321633257,2.4384709589085376e-12,6.77352994763177e-14
AR37,1352.851102786652,2.4041603819849437e-12,6.678222911531466e-14
AR37,1372.4609610075638,2.3703400373744626e-12,6.584277628519648e-14
AR37,1392.3550682035861,2.3370029205799773e-12,6.491674648358718e-14
AR37,1412.5375446227565,2.304142127185177e-12,6.400394785369516e-14
AR37,1433.012570236965,2.271750851424579e-12,6.310419141544797e-14
AR37,1453.7843856076643,2.2398223847740067e-12,6.22172907514938e-14
AR37,1474.8572927641271,2.208350114561183e-12,6.13430622475008e-14
AR37,1496.235656094436,2.177327522596198e-12,6.048132477111126e-14
AR37,1517.923903249387,2.1467481838215243e-12,5.96318999216161e-14
AR37,1539.926526059495,2.116605764981329e-12,5.879461170158453e-14
AR37,1562.2480814652934,2.0868940233098064e-12,5.796928677613222e-14
AR37,1584.8931924611168,2.0576068052382403e-12,5.715575413694197e-14
AR37,1607.866549052564,2.028738045120541e-12,5.6353845371353005e-14
AR37,1631.1729092278417,2.0002817639770015e-12,5.556339431848163e-14
AR37,1654.817099943185,1.972232068255991e-12,5.4784237348367913e-14
AR37,1678.804018122564,1.944583148613353e-12,5.401621300989729e-14
AR37,1703.1386316718808,1.9173292787092352e-12,5.325916232025038e-14
AR37,1727.8259805078674,1.890464814022108e-12,5.2512928404319195e-14
AR37,1752.871177601897,1.8639841906797375e-12,5.177735679471462e-14
AR37,1778.2794100389272,1.83788192430686e-12,5.1052295062363794e-14
AR37,1804.0559400917907,1.8121526088893118e-12,5.0337593127339235e-14
AR37,1830.2061063110607,1.7867909156543986e-12,4.9633102880314474e-14
AR37,1856.735324630711,1.7617915919672554e-12,4.893867850448989e-14
AR37,1883.6490894898054,1.7371494602429806e-12,4.8254176087575616e-14
AR37,1910.9529749704457,1.7128594168743117e-12,4.757945395509841e-14
AR37,1938.6526359522127,1.6889164311746175e-12,4.6914372272571954e-14
AR37,1966.7538092833438,1.6653155443360046e-12,4.625879339047995e-14
AR37,1995.2623149688852,1.6420518684022939e-12,4.5612581436284765e-14
AR37,2024.1840573760674,1.6191205852566876e-12,4.497560267139234e-14
AR37,2053.525026457152,1.5965169456238925e-12,4.4347725072641096e-14
AR37,2083.291298990005,1.5742362680864952e-12,4.372881870156519e-14
AR37,2113.489039836653,1.552273938115407e-12,4.311875527499482e-14
AR37,2144.1245032200786,1.5306254071141453e-12,4.2517408546946824e-14
AR37,2175.2040340195294,1.5092861914767838e-12,4.1924653867957534e-14
AR37,2206.7340690845967,1.488251871659351e-12,4.13403685799406e-14
AR37,2238.7211385683468,1.467518091264508e-12,4.076443156386261e-14
AR37,2271.171867279773,1.4470805561392927e-12,4.0196723647920723e-14
AR37,2304.0929760558533,1.426935033485764e-12,3.9637127143160655e-14
AR37,2337.4912831534966,1.407077350984352e-12,3.9085526265338835e-14
AR37,2371.3737056616637,1.3875033959297328e-12,3.854180665807023e-14
AR37,2405.7472609339593,1.3682091143790425e-12,3.800585582875276e-14
AR37,2440.619068041989,1.3491905103122772e-12,3.7477562658821336e-14
AR37,2475.9963492497827,1.330443644804675e-12,3.6956817854125526e-14
AR37,2511.8864315095893,1.3119646352109292e-12,3.644351344185283e-14
AR37,2548.296747979356,1.2937496543610588e-12,3.5937543235764805e-14
AR37,2585.2348395622007,1.275794929767761e-12,3.543880231933987e-14
AR37,2622.7083564682007,1.258096742845102e-12,3.494718752628701e-14
AR37,2660.7250597988204,1.2406514281383553e-12,3.44625969094458e-14
AR37,2699.2928231543046,1.2234553725648583e-12,3.398493023701075e-14
AR37,2738.4196342643727,1.2065050146657025e-12,3.351408844671194e-14
AR37,2778.1135966425472,1.1897968438681287e-12,3.3049974158199195e-14
AR37,2818.382931264466,1.1733273997584517e-12,3.259249111201225e-14
AR37,2859.235978270519,1.1570932713653766e-12,3.21415446985889e-14
AR37,2900.6811986931666,1.141091096453553e-12,3.1697041381519005e-14
AR37,2942.727176209295,1.1253175608272258e-12,3.1258889243657256e-14
AR37,2985.382618917973,1.1097693976438355e-12,3.0826997394139506e-14
AR37,3028.6563611439774,1.0944433867374244e-12,3.0401276532097516e-14
AR37,3072.5573652674607,1.0793363539517033e-12,2.9981638336900023e-14
AR37,3117.0947235801405,1.0644451704826627e-12,2.956799604998412e-14
AR37,3162.277660168394,1.0497667522305606e-12,2.916026384776723e-14
AR37,3208.115532823651,1.0352980591611835e-12,2.8758357442127067e-14
AR37,3254.617834980474,1.021036094676217e-12,2.8362193435413403e-14
AR37,3301.7941976827356,1.0069779049926298e-12,2.7971689940127333e-14
AR37,3349.6543915782927,9.931205785309118e-13,2.7586765915443707e-14
AR37,3398.208328942576,9.7946124531206e-13,2.7207341806659457e-14
AR37,3447.4660657315108,9.659970763631782e-13,2.6833338862618976e-14
AR37,3497.437803664196,9.527252831315681e-13,2.646467979552105e-14
AR37,3548.133892335772,9.396431169071949e-13,2.6101288078620105e-14
AR37,3599.564831360914,9.267478682533999e-13,2.574308862700168e-14
AR37,3651.7412725483955,9.140368664457523e-13,2.539000707491277e-14
AR37,3704.674022107176,9.015074789189141e-13,2.5041970478136756e-14
AR37,3758.3740428844612,8.891571107214103e-13,2.4698906570284893e-14
AR37,3812.8524566362084,8.769832039781898e-13,2.4360744487423877e-14
AR37,3868.1205463305423,8.649832373608628e-13,2.4027414002639344e-14
AR37,3924.189758484557,8.531547255655091e-13,2.369884627359139e-14
AR37,3981.071705534994,8.414952187979461e-13,2.337497305463862e-14
AR37,4038.7781682432824,8.300023022663522e-13,2.305572746802056e-14
AR37,4097.321098135438,8.186735956811377e-13,2.27410431928076e-14
AR37,4156.712619977334,8.075067527619674e-13,2.243085526043366e-14
AR37,4216.965034285847,7.964994607518134e-13,2.2125099219713118e-14
AR37,4278.0908198764055,7.856494399379686e-13,2.182371195747214e-14
AR37,4340.102636447464,7.749544431798854e-13,2.1526630838848994e-14
AR37,4403.01332720244,7.644122554437806e-13,2.1233794553798556e-14
AR37,4466.835921509658,7.540206933438669e-13,2.0945142231866313e-14
AR37,4531.583637600846,7.437776046901576e-13,2.0660614315367396e-14
AR37,4597.26988530875,7.336808680427261e-13,2.03801516477982e-14
AR37,4663.908268844436,7.237283922723274e-13,2.0103696374519273e-14
AR37,4731.512589614835,7.139181161273076e-13,1.9831191003939706e-14
AR37,4800.0968490811465,7.042480078066955e-13,1.9562579336563088e-14
AR37,4869.675251658663,6.947160645393923e-13,1.929780549805096e-14
AR37,4940.26220765863,6.853203121693778e-13,1.9036814897520423e-14
AR37,5011.872336272756,6.760588047468415e-13,1.877955323156329e-14
AR37,5084.520468600972,6.669296241251491e-13,1.852596747271525e-14
AR37,5158.2216507230905,6.57930879563581e-13,1.827600484347565e-14
AR37,5232.991146814981,6.490607073357311e-13,1.802961383590107e-14
AR37,5308.844442309919,6.403172703435135e-13,1.7786743154638026e-14
AR37,5385.797247105755,6.31698757736673e-13,1.754734276862715e-14
AR37,5463.865498818579,6.232033845377397e-13,1.7311362822127496e-14
AR37,5543.065366083543,6.148293912723381e-13,1.7078754719552658e-14
AR37,5623.413251903529,6.065750436047804e-13,1.684947000343015e-14
AR37,5704.92579704636,5.98438631978863e-13,1.6623461473426985e-14
AR37,5787.619883491247,5.904184712637952e-13,1.6400682030151032e-14
AR37,5871.512637925207,5.825129004051912e-13,1.618108582946151e-14
AR37,5956.621435290147,5.747202820810425e-13,1.5964627090981344e-14
AR37,6042.963902381372,5.670390023626088e-13,1.5751261288826816e-14
AR37,6130.557921498252,5.594674703801507e-13,1.554094392366069e-14
AR37,6219.421634147808,5.520041179934427e-13,1.5333631751016205e-14
AR37,6309.573444801979,5.446473994669891e-13,1.5129281515679183e-14
AR37,6401.032024709357,5.37395791149881e-13,1.4927851218824024e-14
AR37,6493.816315762163,5.302477911602281e-13,1.47292988134707e-14
AR37,6587.945534419289,5.23201919074098e-13,1.45335835116942e-14
AR37,6683.439175686198,5.162567156189004e-13,1.4340664439857515e-14
AR37,6780.317017152512,5.094107423711503e-13,1.4150501987201938e-14
AR37,6878.59912308813,5.026625814585504e-13,1.3963056419511217e-14
AR37,6978.3058485987185,4.960108352663265e-13,1.377828927043736e-14
AR37,7079.4578438414355,4.894541261477639e-13,1.3596161912202989e-14
AR37,7182.076058301764,4.829910961388737e-13,1.3416636991067008e-14
AR37,7286.181745132336,4.766204066771388e-13,1.3239676953622068e-14
AR37,7391.796465554657,4.703407383242736e-13,1.3065245527855758e-14
AR37,7498.94209332462,4.641507904929523e-13,1.2893306203547953e-14
AR37,7607.640819262764,4.580492811774299e-13,1.2723823760436926e-14
AR37,7717.915155850188,4.520349466880217e-13,1.2556762701167099e-14
AR37,7829.787941891089,4.4610654138937004e-13,1.2392088828125173e-14
AR37,7943.282347242882,4.402628374424508e-13,1.222976762733213e-14
AR37,8058.421877614886,4.345026245502683e-13,1.2069765895572471e-14
AR37,8175.23037943657,4.2882470970717716e-13,1.1912050073565878e-14
AR37,8293.732044796356,4.232279169517941e-13,1.1756587925072884e-14
AR37,8413.951416452024,4.1771108712342655e-13,1.1603346817619821e-14
AR37,8535.913392913733,4.122730776219967e-13,1.1452295455327507e-14
AR37,8659.64323360073,4.0691276217137737e-13,1.1303402105399664e-14
AR37,8785.166564072795,4.016290305861247e-13,1.1156636386486189e-14
AR37,8912.509381337535,3.9642078854153004e-13,1.1011967439078646e-14
AR37,9041.698059234586,3.912869573469656e-13,1.086936577128828e-14
AR37,9172.75935389788,3.862264737224621e-13,1.0728801371222498e-14
AR37,9305.720409297075,3.8123828957847973e-13,1.0590245612129027e-14
AR37,9440.608762859321,3.7632137179882405e-13,1.045366930475515e-14
AR37,9577.452351172502,3.714747020266637e-13,1.0319044663883489e-14
AR37,9716.279515771153,3.666972764536051e-13,1.0186343298600169e-14
AR37,9857.119009006256,3.619881056117761e-13,1.0055538242325016e-14
AR37,10000.000000000096,3.5734621416888265e-13,9.926601878836357e-15
AR37,10144.952080687459,3.5277064072619123e-13,9.79950803797905e-15
AR37,10292.005271944381,3.4826043761939863e-13,9.674229855211372e-15
AR37,10441.190029805744,3.4381467072234063e-13,9.550741935258443e-15
AR37,10592.537251772992,3.3943241925351134e-13,9.429018142861133e-15
AR37,10746.07828321328,3.3511277558533823e-13,9.309033836730098e-15
AR37,10901.844923851384,3.30854845056187e-13,9.19076358908736e-15
AR37,11059.869434355705,3.266577457850475e-13,9.074183492367684e-15
AR37,11220.184543019746,3.2252060848886815e-13,8.959268805050079e-15
AR37,11382.823452540435,3.184425763024961e-13,8.845996333648816e-15
AR37,11547.819846894698,3.14422804601194e-13,8.734342002234985e-15
AR37,11715.207898315717,3.104604608256837e-13,8.624283312359061e-15
AR37,11885.022274370305,3.0655472430969475e-13,8.515796833560785e-15
AR37,12057.298145138866,3.027047861099726e-13,8.40886074396951e-15
AR37,12232.07119049944,2.9890984883871476e-13,8.303452238994605e-15
AR37,12409.377607517323,2.951691264983963e-13,8.199550155458213e-15
AR37,12589.254117941802,2.9148184431895884e-13,8.097132295547611e-15
AR37,12771.737975811562,2.878472385973215e-13,7.996178137448877e-15
AR37,12956.86697517033,2.842645565391818e-13,7.896666071526528e-15
AR37,13144.679457894359,2.8073305610307705e-13,7.798576200545002e-15
AR37,13335.21432163338,2.7725200584667256e-13,7.701887484920297e-15
AR37,13528.511027866647,2.738206847752396e-13,7.606580635739984e-15
AR37,13724.609610075766,2.70438382192304e-13,7.512635165804774e-15
AR37,13923.55068203599,2.671043975524179e-13,7.4200323787877e-15
AR37,14125.375446227694,2.6381804031604093e-13,7.328752322651134e-15
AR37,14330.125702369782,2.605786298064864e-13,7.238776878421135e-15
AR37,14537.843856076775,2.573854950689132e-13,7.150086612427341e-15
AR37,14748.572927641406,2.542379747313293e-13,7.062663968309976e-15
AR37,14962.356560944498,2.511354168675763e-13,6.976490014385313e-15
AR37,15179.239032494008,2.480771788622742e-13,6.891547742650975e-15
AR37,15399.26526059509,2.4506262727768823e-13,6.807818707428689e-15
AR37,15622.480814653076,2.4209113772249894e-13,6.725286435288169e-15
AR37,15848.931924611312,2.391620947224425e-13,6.643932950960361e-15
AR37,16078.665490525787,2.3627489159279814e-13,6.563742302262583e-15
AR37,16311.729092278567,2.3342893031269424e-13,6.484696969110075e-15
AR37,16548.170999432,2.306236214012059e-13,6.406781507694324e-15
AR37,16788.040181225795,2.278583837952235e-13,6.329978838247243e-15
AR37,17031.386316718967,2.2513264472905904e-13,6.254274012902426e-15
AR37,17278.259805078833,2.224458396157726e-13,6.179650377684871e-15
AR37,17528.711776019132,2.1979741193019123e-13,6.106093468670497e-15
AR37,17782.794100389434,2.1718681309359257e-13,6.0335870434845635e-15
AR37,18040.55940091807,2.146135023600378e-13,5.962117110569208e-15
AR37,18302.061063110774,2.1207694670432114e-13,5.8916678252746926e-15
AR37,18567.35324630728,2.095766207115187e-13,5.822225657248561e-15
AR37,18836.49089489823,2.0711200646811202e-13,5.753775145995685e-15
AR37,19109.529749704634,2.0468259345466186e-13,5.686303211615798e-15
AR37,19386.526359522308,2.0228787844001362e-13,5.619794764490006e-15
AR37,19667.538092833624,1.999273653770092e-13,5.554237164817133e-15
AR37,19952.62314968904,1.9760056529968465e-13,5.4896156808557345e-15
AR37,20241.840573760863,1.9530699622193395e-13,5.425918102943781e-15
AR37,20535.250264571714,1.930461830376149e-13,5.363130044485606e-15
AR37,20832.91298990025,1.9081765742207845e-13,5.301239716384907e-15
AR37,21134.890398366733,1.8862095773510026e-13,5.240233064714996e-15
AR37,21441.245032200994,1.864556289251954e-13,5.180098711752281e-15
AR37,21752.0403401955,1.8432122243529422e-13,5.120822924005022e-15
AR37,22067.340690846177,1.822172961097616e-13,5.062394726304043e-15
AR37,22387.21138568368,1.8014341410273936e-13,5.004800693589046e-15
AR37,22711.718672797946,1.7809914678779417e-13,4.948030244796271e-15
AR37,23040.929760558753,1.76084070668849e-13,4.8920702515121065e-15
AR37,23374.912831535188,1.7409776829238397e-13,4.836910518693703e-15
AR37,23713.73705661686,1.7213982816088468e-13,4.7825382029960426e-15
AR37,24057.47260933982,1.7020984464752116e-13,4.728943487672656e-15
AR37,24406.19068042012,1.683074179120412e-13,4.676113803063851e-15
AR37,24759.96349249806,1.6643215381785854e-13,4.624039703350975e-15
AR37,25118.864315096132,1.6458366385031877e-13,4.572708881359391e-15
AR37,25482.967479793802,1.6276156503612808e-13,4.522112255182035e-15
AR37,25852.34839562225,1.60965479863925e-13,4.472237769100161e-15
AR37,26227.083564682252,1.5919503620598166e-13,4.423076698451223e-15
AR37,26607.25059798845,1.5744986724101526e-13,4.374617228102491e-15
AR37,26992.928231543297,1.5572961137809657e-13,4.326850984315326e-15
AR37,27384.19634264398,1.5403391218163744e-13,4.279766381820515e-15
AR37,27781.13596642573,1.5236241829744254e-13,4.233355391826834e-15
AR37,28183.82931264492,1.5071478337980977e-13,4.187606648341582e-15
AR37,28592.359782705455,1.4909066601966474e-13,4.142512461886854e-15
AR37,29006.811986931934,1.4748972967371344e-13,4.098061675282911e-15
AR37,29427.271762093224,1.4591164259459832e-13,4.054246933072017e-15
AR37,29853.82618918001,1.4435607776204362e-13,4.011057276535232e-15
AR37,30286.56361144006,1.4282271281497698e-13,3.968485679281948e-15
AR37,30725.573652674895,1.41311229984609e-13,3.926521370801135e-15
AR37,31170.947235801697,1.3982131602846197e-13,3.885157649155938e-15
AR37,31622.77660168424,1.3835266216532977e-13,3.844383921877258e-15
AR37,32081.155328236815,1.369049640111584e-13,3.804193807208454e-15
AR37,32546.17834980505,1.3547792151583042e-13,3.764576880630823e-15
AR37,33017.94197682767,1.340712389008447e-13,3.725527076634775e-15
AR37,33496.543915783244,1.3268462459787275e-13,3.6870341286223455e-15
AR37,33982.08328942608,1.3131779118818424e-13,3.649092283739304e-15
AR37,34474.660657315435,1.299704553429255e-13,3.61169142332784e-15
AR37,34974.378036642294,1.2864233776423862e-13,3.5748261039406455e-15
AR37,35481.33892335806,1.2733316312721188e-13,3.538486344915396e-15
AR37,35995.64831360948,1.260426600226445e-13,3.502667009308619e-15
AR37,36517.412725484304,1.247705609006186e-13,3.467358244531574e-15
AR37,37046.74022107211,1.2351660201486285e-13,3.4325552175896856e-15
AR37,37583.74042884497,1.2228052336789802e-13,3.3982481940551003e-15
AR37,38128.524566362445,1.2106206865695225e-13,3.3644326426787508e-15
AR37,38681.205463305785,1.1986098522063495e-13,3.3310989372762615e-15
AR37,39241.89758484594,1.186770239863575e-13,3.2982428464961366e-15
AR37,39810.71705535032,1.1750993941849032e-13,3.265854842461266e-15
AR37,40387.781682433204,1.1635948946724565e-13,3.2339309922298876e-15
AR37,40973.210981354765,1.1522543551827333e-13,3.2024618562625684e-15
AR37,41567.12619977373,1.141075423429627e-13,3.1714437989047453e-15
AR37,42169.65034285886,1.1300557804943458e-13,3.1408674589368215e-15
AR37,42780.90819876445,1.1191931403421912e-13,3.110729497240101e-15
AR37,43401.026364475045,1.1084852493460483e-13,3.081020620833382e-15
AR37,44030.13327202482,1.0979298858164986e-13,3.0517377867603145e-15
AR37,44668.359215097,1.0875248595384736e-13,3.0228717601172963e-15
AR37,45315.836376008876,1.0772680113143151e-13,2.9944197941219732e-15
AR37,45972.698853087924,1.0671572125131814e-13,2.966372701691867e-15
AR37,46639.08268844478,1.0571903646266907e-13,2.93872803262345e-15
AR37,47315.12589614878,1.0473653988306799e-13,2.911476637286547e-15
AR37,48000.9684908119,1.0376802755530455e-13,2.884616362863309e-15
AR37,48696.75251658707,1.0281329840475047e-13,2.8581380866772953e-15
AR37,49402.62207658675,1.0187215419732452e-13,2.8320399545149237e-15
AR37,50118.72336272801,1.0094439949803282e-13,2.8063128600072125e-15
AR37,50845.20468601018,1.0002984163007926e-13,2.780955249185631e-15
AR37,51582.21650723137,9.912829063453381e-14,2.755958021176148e-15
AR37,52329.91146815029,9.823955923055399e-14,2.7313199243296355e-15
AR37,53088.444423099674,9.736346277614599e-14,2.7070318522690304e-15
AR37,53857.97247105804,9.649981922946264e-14,2.683092858184853e-15
AR37,54638.654988186296,9.564844911062481e-14,2.65949381899353e-15
AR37,55430.653660835946,9.480917546406133e-14,2.6362340957045608e-15
AR37,56234.13251903581,9.398182382135736e-14,2.613304537098192e-15
AR37,57049.25797046412,9.316622216460495e-14,2.590704815455619e-15
AR37,57876.198834913,9.236220089024572e-14,2.5684257397434673e-15
AR37,58715.12637925261,9.156959277339935e-14,2.546467297455931e-15
AR37,59566.21435290201,9.078823293266993e-14,2.524820245798406e-15
AR37,60429.63902381426,9.001795879542168e-14,2.5034848919243955e-15
AR37,61305.57921498307,8.9258610063517e-14,2.48245192903692e-15
AR37,62194.216341478634,8.85100286795097e-14,2.4617219889175307e-15
AR37,63095.73444802036,8.77720587932852e-14,2.4412856882079236e-15
AR37,64010.32024709414,8.704454672914125e-14,2.421143988827584e-15
AR37,64938.163157622206,8.632734095330032e-14,2.401287417954751e-15
AR37,65879.45534419348,8.5620292041849e-14,2.3817172737176988e-15
AR37,66834.39175686258,8.492325264909504e-14,2.3624239805595393e-15
AR37,67803.17017152572,8.423607747633583e-14,2.343409179470377e-15
AR37,68785.99123088192,8.35586232410317e-14,2.3246631784893724e-15
AR37,69783.05848598781,8.289074864637709e-14,2.3061879687261605e-15
AR37,70794.57843841499,8.22323143512616e-14,2.2879737277212732e-15
AR37,71820.76058301827,8.158318294061661e-14,2.2700228045901426e-15
AR37,72861.81745132401,8.094321889613787e-14,2.2523252318240824e-15
AR37,73917.96465554723,8.031228856738044e-14,2.234883725084497e-15
AR37,74989.42093324687,7.969026014321678e-14,2.2176881567756532e-15
AR37,76076.40819262833,7.907700362365338e-14,2.200741618325864e-15
AR37,77179.15155850258,7.847239079199892e-14,2.1840338064945213e-15
AR37,78297.8794189116,7.787629518737753e-14,2.1675681984070265e-15
AR37,79432.82347242955,7.728859207758082e-14,2.1513342990658497e-15
AR37,80584.2187761496,7.670915843225257e-14,2.1353359819629183e-15
AR37,81752.30379436645,7.613787289636731e-14,2.1195625436408566e-15
AR37,82937.32044796432,7.557461576419667e-14,2.104018265400585e-15
AR37,84139.51416452101,7.501926895325332e-14,2.0886922179964724e-15
AR37,85359.13392913812,7.447171597888126e-14,2.073589102779869e-15
AR37,86596.43233600809,7.393184192897974e-14,2.0586977467221805e-15
AR37,87851.66564072875,7.33995334390576e-14,2.044023284312393e-15
AR37,89125.09381337615,7.287467866757858e-14,2.0295542800351757e-15
AR37,90416.98059234666,7.235716727159161e-14,2.0152963154798997e-15
AR37,91727.5935389796,7.184689038264135e-14,2.001237673191884e-15
AR37,93057.20409297157,7.134374058295138e-14,1.9873843967404204e-15
AR37,94406.08762859405,7.084761188186888e-14,1.973724466484325e-15
AR37,95774.52351172586,7.035839969261107e-14,1.9602644038109835e-15
AR37,97162.79515771239,6.987600080918942e-14,1.946991865805155e-15
AR37,98571.19009006342,6.940031338366539e-14,1.9339138685108598e-15
AR37,100000.00000000183,6.893123690361268e-14,1.9210177237618503e-15
AR37,101449.52080687547,6.846867216982838e-14,1.908310960146168e-15
AR37,102920.0527194447,6.801252127427992e-14,1.8957805213290024e-15
AR37,104411.90029805835,6.75626875782826e-14,1.883434467424867e-15
AR37,105925.37251773084,6.711907569090225e-14,1.871259350020012e-15
AR37,107460.78283213373,6.668159144757798e-14,1.859263780883795e-15
AR37,109018.44923851478,6.62501418889603e-14,1.8474338945648657e-15
AR37,110598.694343558,6.582463523995887e-14,1.8357788758145263e-15
AR37,112201.84543019843,6.540498088899549e-14,1.8242844160793492e-15
AR37,113828.23452540534,6.499108936745697e-14,1.812960295673705e-15
AR37,115478.19846894799,6.458287232934314e-14,1.801791735711806e-15
AR37,117152.0789831582,6.418024253110542e-14,1.7907891359640967e-15
AR37,118850.22274370409,6.378311381167028e-14,1.779937218753883e-15
AR37,120572.98145138971,6.339140107264413e-14,1.7692470285729854e-15
AR37,122320.71190499548,6.300502025867995e-14,1.7587027592016397e-15
AR37,124093.77607517432,6.262388833808625e-14,1.7483161265545665e-15
AR37,125892.54117941913,6.224792328346014e-14,1.7380707647567395e-15
AR37,127717.37975811675,6.187704405262639e-14,1.7279790893460837e-15
AR37,129568.66975170444,6.151117056966222e-14,1.7180241422491721e-15
AR37,131446.79457894477,6.11502237060902e-14,1.7082190683995142e-15
AR37,133352.14321633498,6.079412526222022e-14,1.6985462834775342e-15
AR37,135285.11027866765,6.04427979486365e-14,1.689019693225228e-15
AR37,137246.09610075885,6.009616536782635e-14,1.6796210514498649e-15
AR37,139235.5068203611,5.975415199594318e-14,1.670365057828199e-15
AR37,141253.75446227816,5.941668316470524e-14,1.6612327670114408e-15
AR37,143301.25702369906,5.908368504342078e-14,1.6522397075312729e-15
AR37,145378.43856076902,5.875508462113956e-14,1.6433661958594786e-15
AR37,147485.72927641534,5.843080968892467e-14,1.634628626172337e-15
AR37,149623.56560944626,5.81107888222423e-14,1.626006535918797e-15
AR37,151792.39032494137,5.779495136346539e-14,1.6175172236628668e-15
AR37,153992.6526059522,5.748322740448732e-14,1.609139405079387e-15
AR37,156224.80814653207,5.717554776944367e-14,1.6008913239009253e-15
AR37,158489.31924611444,5.687184399753685e-14,1.5927508292811173e-15
AR37,160786.6549052592,5.657204832596219e-14,1.584737153026726e-15
AR37,163117.290922787,5.627609367293176e-14,1.5768272309365372e-15
AR37,165481.70999432137,5.5983913620793106e-14,1.5690413280113697e-15
AR37,167880.4018122593,5.569544239924045e-14,1.5613554176821305e-15
AR37,170313.86316719104,5.5410614868615213e-14,1.5537908455693245e-15
AR37,172782.59805078973,5.512936650329496e-14,1.5463225714487164e-15
AR37,175287.11776019275,5.4851633375166587e-14,1.538973071385397e-15
AR37,177827.9410038958,5.4577352137183236e-14,1.531716237841945e-15
AR37,180405.5940091822,5.4306460007002255e-14,1.5245757296473397e-15
AR37,183020.61063110924,5.4038894750691264e-14,1.5175243158237665e-15
AR37,185673.5324630743,5.3774594666573954e-14,1.5105868928749639e-15
AR37,188364.90894898382,5.3513498569028985e-14,1.5037350476883506e-15
AR37,191095.2974970479,5.3255545772489756e-14,1.4969949720394784e-15
AR37,193865.26359522465,5.3000676075457555e-14,1.4903370093189904e-15
AR37,196675.3809283378,5.274882974458968e-14,1.4837887069592392e-15
AR37,199526.231496892,5.2499947498924515e-14,1.477319100724517e-15
AR37,202418.40573761027,5.225397049405858e-14,1.4709571569729785e-15
AR37,205352.50264571878,5.2010840306522656e-14,1.464670536844207e-15
AR37,208329.12989900415,5.177049891817244e-14,1.4584896918723773e-15
AR37,211348.90398366898,5.153288870066951e-14,1.452380838610549e-15
AR37,214412.4503220116,5.129795240001771e-14,1.446375983094736e-15
AR37,217520.40340195672,5.106563312129974e-14,1.4404398242682197e-15
AR37,220673.4069084635,5.0835874313258785e-14,1.4346059951669486e-15
AR37,223872.11385683858,5.06086197531991e-14,1.428837600940939e-15
AR37,227117.18672798126,5.038381353188632e-14,1.4231699773854631e-15
AR37,230409.29760558935,5.016140003850564e-14,1.417564556432026e-15
AR37,233749.12831535374,4.994132394577607e-14,1.4120584557397332e-15
AR37,237137.3705661705,4.9723530195132025e-14,1.4066113512630515e-15
AR37,240574.72609340012,4.950796398204739e-14,1.4012622250580795e-15
AR37,244061.90680420317,4.9294570741389775e-14,1.3959689109337978e-15
AR37,247599.6349249826,4.9083296133069895e-14,1.3907723413800458e-15
AR37,251188.64315096333,4.8874086027556565e-14,1.385628418409426e-15
AR37,254829.67479794007,4.86668864917633e-14,1.3805801145453817e-15
AR37,258523.48395622458,4.846164377496159e-14,1.3755813068099655e-15
AR37,262270.8356468246,4.825830429485863e-14,1.370677100986297e-15
AR37,266072.5059798866,4.805681462389272e-14,1.365819252315604e-15
AR37,269929.2823154351,4.7857121475588183e-14,1.361055096732031e-15
AR37,273841.963426442,4.765917169122453e-14,1.35633416727169e-15
AR37,277811.35966425954,4.7462912226560846e-14,1.351706130605139e-15
AR37,281838.2931264515,4.726829013894372e-14,1.3471181934842628e-15
AR37,285923.5978270569,4.707525257449847e-14,1.3426224576113503e-15
AR37,290068.1198693217,4.688374675558728e-14,1.3381636957145086e-15
AR37,294272.71762093465,4.6693719968533784e-14,1.3337965525195493e-15
AR37,298538.26189180254,4.650511955172953e-14,1.3294632553497394e-15
AR37,302865.6361144031,4.631789288375375e-14,1.3252211036198988e-15
AR37,307255.7365267515,4.613198737210769e-14,1.321009664259546e-15
AR37,311709.4723580195,4.5947350442082996e-14,1.3168890066551775e-15
AR37,316227.76601684495,4.576392952605007e-14,1.3127959188204953e-15
AR37,320811.55328237073,4.5581672053166734e-14,1.3087933589289485e-15
AR37,325461.78349805315,4.540052543936097e-14,1.304815214119006e-15
AR37,330179.4197682794,4.5220437077812784e-14,1.300927453579119e-15
AR37,334965.4391578352,4.504135432993816e-14,1.2970609383087351e-15
AR37,339820.8328942636,4.486322451672726e-14,1.2932847740060241e-15
AR37,344746.6065731572,4.4685994910701266e-14,1.2895266671355787e-15
AR37,349743.7803664258,4.4509612728309865e-14,1.2858589884646567e-15
AR37,354813.3892335835,4.433402512299801e-14,1.2822061586139058e-15
AR37,359956.4831360978,4.415917917878446e-14,1.2786439448050613e-15
AR37,365174.12725484604,4.398502190453585e-14,1.2750933478575965e-15
AR37,370467.4022107242,4.381150022885842e-14,1.2716336653612317e-15
AR37,375837.4042884528,4.363856099573906e-14,1.2681823420504363e-15
AR37,381285.24566362763,4.346615096101643e-14,1.2648223419798057e-15
AR37,386812.0546330611,4.329421678941873e-14,1.2614674155707192e-15
AR37,392418.97584846267,4.312270505263981e-14,1.2582043311969852e-15
AR37,398107.17055350647,4.295156222820161e-14,1.2549430052418272e-15
AR37,403877.8168243354,4.278073469928547e-14,1.2517741495374e-15
AR37,409732.109813551,4.2610168755415755e-14,1.2486037057274758e-15
AR37,415671.2619977407,4.243981059433543e-14,1.2455264689534715e-15
AR37,421696.5034285921,4.2269606324728073e-14,1.2424442650487945e-15
AR37,427809.0819876481,4.209950197023673e-14,1.2394561123889106e-15
AR37,434010.2636447541,4.192944347453898e-14,1.2364595802385745e-15
AR37,440301.3327202518,4.17593767076391e-14,1.2335580494660487e-15
AR37,446683.5921509737,4.158924747349968e-14,1.2306446931100565e-15
AR37,453158.3637600925,4.141900151884075e-14,1.2278273922910903e-15
AR37,459726.9885308831,4.124858454356429e-14,1.224994786150099e-15
AR37,466390.82688445173,4.107794221223754e-14,1.2222593913792253e-15
AR37,473151.25896149175,4.0907020167463564e-14,1.2195051785284893e-15
AR37,480009.68490812305,4.073576404442861e-14,1.216849431688587e-15
AR37,486967.5251658748,4.056411948733024e-14,1.2141713222192301e-15
AR37,494026.2207658717,4.0392032167252704e-14,1.211593028767144e-15
AR37,501187.2336272844,4.021944780182663e-14,1.2089887982328729e-15
AR37,508452.0468601062,4.00463121766587e-14,1.2064858250049909e-15
AR37,515822.1650723182,3.9872571168538374e-14,1.2039533129553662e-15
AR37,523299.11468150746,3.9698170770469994e-14,1.2015235859910818e-15
AR37,530884.4442310013,3.952305711876838e-14,1.1990606945901204e-15
AR37,538579.7247105851,3.9347176521873823e-14,1.1967021969699461e-15
AR37,546386.5498818677,3.9170475491382526e-14,1.1943068897020163e-15
AR37,554306.5366083643,3.8992900775149305e-14,1.192017659396807e-15
AR37,562341.3251903631,3.881439939216558e-14,1.1896879598648442e-15
AR37,570492.5797046463,3.8634918669979554e-14,1.1874660875915742e-15
AR37,578761.9883491352,3.845440628401957e-14,1.1852000783849244e-15
AR37,587151.2637925313,3.827281029926745e-14,1.1830437054785003e-15
AR37,595662.1435290255,3.809007921395801e-14,1.1808395271466757e-15
AR37,604296.390238148,3.7906162005710876e-14,1.1787468434280346e-15
AR37,613055.7921498362,3.772100817989975e-14,1.1766026935207477e-15
AR37,621942.1634147919,3.753456782012537e-14,1.1745719351773757e-15
AR37,630957.3444802093,3.7346791641165195e-14,1.1724860673764582e-15
AR37,640103.2024709472,3.7157631044031786e-14,1.1705155148432543e-15
AR37,649381.631576228,3.696703817336004e-14,1.1684862381708823e-15
AR37,658794.5534419408,3.6774965977018664e-14,1.1665742140180932e-15
AR37,668343.9175686318,3.6581368267936095e-14,1.1645998921239434e-15
AR37,678031.7017152634,3.6386199787960385e-14,1.162744758957595e-15
AR37,687859.9123088254,3.618941627400646e-14,1.1608238094774223e-15
AR37,697830.5848598845,3.5990974526161346e-14,1.1590239678376048e-15
AR37,707945.7843841563,3.5790832477754573e-14,1.1571548618207625e-15
AR37,718207.6058301893,3.558894926735023e-14,1.1554087481027144e-15
AR37,728618.1745132467,3.53852853125548e-14,1.153590009502023e-15
AR37,739179.646555479,3.51798023855221e-14,1.151896093887994e-15
AR37,749894.2093324756,3.497246368997145e-14,1.150126299109365e-15
AR37,760764.0819262902,3.4763233939728483e-14,1.1484830835286229e-15
AR37,771791.5155850328,3.4552079438433934e-14,1.1467608610273994e-15
AR37,782978.7941891231,3.433896816058057e-14,1.1451668771371262e-15
AR37,794328.2347243025,3.4123869833286934e-14,1.1434909070539905e-15
AR37,805842.1877615032,3.3906756018937516e-14,1.1419447142656986e-15
AR37,817523.0379436717,3.368760019849594e-14,1.1403137280944307e-15
AR37,829373.2044796505,3.346637785482475e-14,1.1388139116416552e-15
AR37,841395.1416452174,3.3243066556543706e-14,1.1372266919141275e-15
AR37,853591.3392913886,3.3017646041350305e-14,1.1357718609777852e-15
AR37,865964.3233600885,3.279009829922722e-14,1.1342272409607689e-15
AR37,878516.6564072954,3.256040765475559e-14,1.1328160268639634e-15
AR37,891250.9381337696,3.2328560848620546e-14,1.131312890244445e-15
AR37,904169.8059234748,3.209454711772089e-14,1.1299439447268514e-15
AR37,917275.9353898044,3.1858358273770575e-14,1.1284812252772865e-15
AR37,930572.0409297242,3.161998877999985e-14,1.1271532188648932e-15
AR37,944060.876285949,3.137943582550819e-14,1.1257299000746068e-15
AR37,957745.2351172672,3.113669939722503e-14,1.1244415205586635e-15
AR37,971627.9515771327,3.08917823487143e-14,1.1230566352116336e-15
AR37,985711.9009006431,3.0644690465909294e-14,1.1218065862515152e-15
AR37,1000000.0000000274,3.039543252897885e-14,1.1204592159335987e-15
AI37,1000.0,3.3989097771143802e-12,9.441412937909495e-14
AI37,1014.4952080687361,3.3508721669939207e-12,9.307975266653204e-14
AI37,1029.2005271944283,3.3035209225306936e-12,9.176444163476121e-14
AI37,1044.1190029805646,3.256846236857039e-12,9.046792392365708e-14
AI37,1059.2537251772892,3.210838443226673e-12,8.918993095941509e-14
AI37,1074.6078283213178,3.165488013012641e-12,8.793019811236954e-14
AI37,1090.1844923851281,3.1207855537338326e-12,8.668846442561513e-14
AI37,1105.98694343556,3.076721807109723e-12,8.546447278070699e-14
AI37,1122.018454301964,3.0332876471429054e-12,8.425796962144032e-14
AI37,1138.2823452540329,2.990474078229006e-12,8.306870512757575e-14
AI37,1154.781984689459,2.948272233293612e-12,8.189643293354111e-14
AI37,1171.520789831561,2.9066733719558337e-12,8.074091031033368e-14
AI37,1188.5022274370194,2.8656688787180775e-12,7.960189787890359e-14
AI37,1205.7298145138755,2.825250261181708e-12,7.847915980039033e-14
AI37,1223.2071190499328,2.785409148288198e-12,7.737246348394424e-14
AI37,1240.9377607517208,2.7461372885853937e-12,7.628157978546151e-14
AI37,1258.9254117941684,2.707426548518582e-12,7.520628270959404e-14
AI37,1277.1737975811443,2.669268910745944e-12,7.414634961715624e-14
AI37,1295.686697517021,2.6316564724781e-12,7.310156092106664e-14
AI37,1314.4679457894238,2.59458144384137e-12,7.207170030260785e-14
AI37,1333.5214321633257,2.5580361462644112e-12,7.105655440103998e-14
AI37,1352.851102786652,2.5220130108879314e-12,7.005591303890079e-14
AI37,1372.4609610075638,2.4865045769970953e-12,6.906956890502468e-14
AI37,1392.3550682035861,2.451503490476358e-12,6.809731778907929e-14
AI37,1412.5375446227565,2.4170025022863475e-12,6.713895825771796e-14
AI37,1433.012570236965,2.3829944669625375e-12,6.619429189855688e-14
AI37,1453.7843856076643,2.3494723411353334e-12,6.526312298918228e-14
AI37,1474.8572927641271,2.316429182071361e-12,6.43452587507813e-14
AI37,1496.235656094436,2.2838581462355383e-12,6.344050900971876e-14
AI37,1517.923903249387,2.2517524878737227e-12,6.254868646104228e-14
AI37,1539.926526059495,2.2201055576156057e-12,6.166960632233701e-14
AI37,1562.2480814652934,2.1889108010975756e-12,6.080308660733597e-14
AI37,1584.8931924611168,2.1581617576052387e-12,5.994894777175367e-14
AI37,1607.866549052564,2.1278520587353524e-12,5.910701299724014e-14
AI37,1631.1729092278417,2.09797542707687e-12,5.827710782888686e-14
AI37,1654.817099943185,2.0685256749108323e-12,5.745906046977391e-14
AI37,1678.804018122564,2.039496702928837e-12,5.665270140983433e-14
AI37,1703.1386316718808,2.0108824989698134e-12,5.585786373125178e-14
AI37,1727.8259805078674,1.9826771367748528e-12,5.507438272836155e-14
AI37,1752.871177601897,1.9548747747598196e-12,5.4302096224166957e-14
AI37,1778.2794100389272,1.9274696548055173e-12,5.354084418094627e-14
AI37,1804.0559400917907,1.9004561010651206e-12,5.279046902816638e-14
AI37,1830.2061063110607,1.8738285187886647e-12,5.205081526345665e-14
AI37,1856.735324630711,1.8475813931643084e-12,5.132172979220785e-14
AI37,1883.6490894898054,1.821709288176182e-12,5.0603061518565533e-14
AI37,1910.9529749704457,1.796206845478526e-12,4.9894661697013416e-14
AI37,1938.6526359522127,1.7710687832859398e-12,4.919638351302878e-14
AI37,1966.7538092833438,1.7462898952794676e-12,4.850808244696076e-14
AI37,1995.2623149688852,1.7218650495283297e-12,4.7829615843980626e-14
AI37,2024.1840573760674,1.6977891874270398e-12,4.716084329057632e-14
AI37,2053.525026457152,1.6740573226477422e-12,4.650162617342145e-14
AI37,2083.291298990005,1.6506645401074776e-12,4.585182806881881e-14
AI37,2113.489039836653,1.6276059949502412e-12,4.521131429010045e-14
AI37,2144.1245032200786,1.6048769115435546e-12,4.457995229036559e-14
AI37,2175.2040340195294,1.5824725824893966e-12,4.395761119801362e-14
AI37,2206.7340690845967,1.56038836764926e-12,4.3344162233134225e-14
AI37,2238.7211385683468,1.538619693183127e-12,4.27394782307635e-14
AI37,2271.171867279773,1.517162050602197e-12,4.214343407129626e-14
AI37,2304.0929760558533,1.496010995835129e-12,4.155590619104556e-14
AI37,2337.4912831534966,1.4751621483076349e-12,4.097677302705937e-14
AI37,2371.3737056616637,1.4546111900352263e-12,4.04059145145505e-14
AI37,2405.7472609339593,1.4343538647289141e-12,3.9843212546515e-14
AI37,2440.619068041989,1.4143859769136966e-12,3.9288550457586863e-14
AI37,2475.9963492497827,1.3947033910596381e-12,3.8741813498868823e-14
AI37,2511.8864315095893,1.3753020307253562e-12,3.820288830775335e-14
AI37,2548.296747979356,1.3561778777137623e-12,3.7671663398390934e-14
AI37,2585.2348395622007,1.3373269712398504e-12,3.7148028617005746e-14
AI37,2622.7083564682007,1.3187454071103835e-12,3.6631875648441014e-14
AI37,2660.7250597988204,1.3004293369152931e-12,3.6123097456483444e-14
AI37,2699.2928231543046,1.282374967230652e-12,3.562158880694133e-14
AI37,2738.4196342643727,1.2645785588330023e-12,3.512724569247751e-14
AI37,2778.1135966425472,1.2470364259249447e-12,3.463996587269067e-14
AI37,2818.382931264466,1.2297449353717632e-12,3.415964828294194e-14
AI37,2859.235978270519,1.2127005059489749e-12,3.368619359192659e-14
AI37,2900.6811986931666,1.1958996076006235e-12,3.321950359396356e-14
AI37,2942.727176209295,1.179338760708171e-12,3.27594817845617e-14
AI37,2985.382618917973,1.163014535369839e-12,3.230603273562533e-14
AI37,3028.6563611439774,1.146923550690239e-12,3.185906268953649e-14
AI37,3072.5573652674607,1.1310624740801584e-12,3.1418478916712744e-14
AI37,3117.0947235801405,1.1154280205663526e-12,3.0984190328745376e-14
AI37,3162.277660168394,1.1000169521111922e-12,3.055610681772821e-14
AI37,3208.115532823651,1.08482607694204e-12,3.0134139889009794e-14
AI37,3254.617834980474,1.0698522488901995e-12,2.97182019816946e-14
AI37,3301.7941976827356,1.055092366739312e-12,2.9308207121586e-14
AI37,3349.6543915782927,1.0405433735830718e-12,2.8904070222242654e-14
AI37,3398.208328942576,1.026202256192105e-12,2.8505707758709593e-14
AI37,3447.4660657315108,1.0120660443899033e-12,2.8113037048492374e-14
AI37,3497.437803664196,9.981318104376735e-13,2.7725976946694467e-14
AI37,3548.133892335772,9.843966684279731e-13,2.7344447106251897e-14
AI37,3599.564831360914,9.708577736870064e-13,2.6968368695115712e-14
AI37,3651.7412725483955,9.57512322185473e-13,2.6597663635069944e-14
AI37,3704.674022107176,9.443575499578183e-13,2.6232255341619882e-14
AI37,3758.3740428844612,9.313907325297974e-13,2.587206794069371e-14
AI37,3812.8524566362084,9.186091843541994e-13,2.551702703192052e-14
AI37,3868.1205463305423,9.060102582546517e-13,2.516705888249372e-14
AI37,3924.189758484557,8.935913448773604e-13,2.482209121454647e-14
AI37,3981.071705534994,8.813498721506893e-13,2.448205237543155e-14
AI37,4038.7781682432824,8.692833047524553e-13,2.4146872149925774e-14
AI37,4097.321098135438,8.57389143584838e-13,2.381648090615761e-14
AI37,4156.712619977334,8.45664925256794e-13,2.3490810433397507e-14
AI37,4216.965034285847,8.341082215738605e-13,2.3169793062838766e-14
AI37,4278.0908198764055,8.227166390352516e-13,2.2853362531757125e-14
AI37,4340.102636447464,8.114878183381425e-13,2.2541453078325003e-14
AI37,4403.01332720244,8.004194338890316e-13,2.223400033295047e-14
AI37,4466.835921509658,7.895091933220847e-13,2.1930940386277808e-14
AI37,4531.583637600846,7.787548370243626e-13,2.1632210708544362e-14
AI37,4597.26988530875,7.681541376678339e-13,2.1337749189892172e-14
AI37,4663.908268844436,7.577048997480702e-13,2.1047495088610432e-14
AI37,4731.512589614835,7.4740495912953e-13,2.0761388042854276e-14
AI37,4800.0968490811465,7.372521825973516e-13,2.0479369048670542e-14
AI37,4869.675251658663,7.272444674155315e-13,2.020137944218919e-14
AI37,4940.26220765863,7.173797408914335e-13,1.992736190836157e-14
AI37,5011.872336272756,7.076559599465023e-13,1.9657259432659318e-14
AI37,5084.520468600972,6.980711106931296e-13,1.9391016341486444e-14
AI37,5158.2216507230905,6.886232080175457e-13,1.912857722238762e-14
AI37,5232.991146814981,6.793102951686871e-13,1.886988799712934e-14
AI37,5308.844442309919,6.701304433529271e-13,1.8614894809385995e-14
AI37,5385.797247105755,6.610817513346016e-13,1.8363545131520227e-14
AI37,5463.865498818579,6.521623450422433e-13,1.8115786618679952e-14
AI37,5543.065366083543,6.433703771804349e-13,1.7871568250344427e-14
AI37,5623.413251903529,6.347040268472171e-13,1.763083914972881e-14
AI37,5704.92579704636,6.261614991569558e-13,1.739354976120035e-14
AI37,5787.619883491247,6.177410248685998e-13,1.7159650633849226e-14
AI37,5871.512637925207,6.09440860019249e-13,1.6929093635917998e-14
AI37,5956.621435290147,6.012592855629587e-13,1.6701830701358408e-14
AI37,6042.963902381372,5.93194607014704e-13,1.6477815082457897e-14
AI37,6130.557921498252,5.8524515409943e-13,1.625700005816105e-14
AI37,6219.421634147808,5.774092804061151e-13,1.603934022611917e-14
AI37,6309.573444801979,5.696853630467819e-13,1.5824790171512416e-14
AI37,6401.032024709357,5.620718023203705e-13,1.5613305799792284e-14
AI37,6493.816315762163,5.545670213814225e-13,1.5404842964696504e-14
AI37,6587.945534419289,5.471694659134946e-13,1.5199358842999807e-14
AI37,6683.439175686198,5.398776038072364e-13,1.4996810520367327e-14
AI37,6780.317017152512,5.326899248430712e-13,1.4797156409476386e-14
AI37,6878.59912308813,5.256049403784076e-13,1.4600354792306702e-14
AI37,6978.3058485987185,5.186211830393195e-13,1.4406365283044874e-14
AI37,7079.4578438414355,5.117372064166322e-13,1.421514732536003e-14
AI37,7182.076058301764,5.049515847663485e-13,1.402666170155385e-14
AI37,7286.181745132336,4.982629127143555e-13,1.384086898331831e-14
AI37,7391.796465554657,4.916698049653515e-13,1.3657731088647517e-14
AI37,7498.94209332462,4.851708960159299e-13,1.3477209684520505e-14
AI37,7607.640819262764,4.78764839871757e-13,1.3299267793146042e-14
AI37,7717.915155850188,4.724503097688003e-13,1.3123868144957512e-14
AI37,7829.787941891089,4.662259978985299e-13,1.2950974835819812e-14
AI37,7943.282347242882,4.600906151370504e-13,1.2780551628664681e-14
AI37,8058.421877614886,4.540428907781019e-13,1.2612563663348585e-14
AI37,8175.23037943657,4.480815722698717e-13,1.2446975705196375e-14
AI37,8293.732044796356,4.4220542495556946e-13,1.228375390926118e-14
AI37,8413.951416452024,4.3641323181770904e-13,1.2122864013981272e-14
AI37,8535.913392913733,4.307037932260366e-13,1.1964273161657811e-14
AI37,8659.64323360073,4.2507592668906824e-13,1.1807948035363635e-14
AI37,8785.166564072795,4.195284666091688e-13,1.1653856737522564e-14
AI37,8912.509381337535,4.1406026404113695e-13,1.1501966868140315e-14
AI37,9041.698059234586,4.086701864542326e-13,1.1352247463439204e-14
AI37,9172.75935389788,4.0335711749760247e-13,1.1204667013409802e-14
AI37,9305.720409297075,3.98119956769067e-13,1.1059195462528396e-14
AI37,9440.608762859321,3.9295761958719494e-13,1.0915802164553678e-14
AI37,9577.452351172502,3.8786903676664455e-13,1.0774457947430151e-14
AI37,9716.279515771153,3.828531543967097e-13,1.0635133003176814e-14
AI37,9857.119009006256,3.7790893362302834e-13,1.0497799019159508e-14
AI37,10000.000000000096,3.7303535043241067e-13,1.036242700083718e-14
AI37,10144.952080687459,3.682313954407401e-13,1.0228989471669307e-14
AI37,10292.005271944381,3.6349607368390054e-13,1.009745822640097e-14
AI37,10441.190029805744,3.5882840441169644e-13,9.967806601957834e-15
AI37,10592.537251772992,3.5422742088470807e-13,9.840007158863435e-15
AI37,10746.07828321328,3.4969217017405407e-13,9.714034025564151e-15
AI37,10901.844923851384,3.452217129640108e-13,9.589860505480382e-15
AI37,11059.869434355705,3.408151233574521e-13,9.467461497298162e-15
AI37,11220.184543019746,3.364714886840654e-13,9.346811025059794e-15
AI37,11382.823452540435,3.32189909311309e-13,9.22788473705692e-15
AI37,11547.819846894698,3.279694984580682e-13,9.110657356266653e-15
AI37,11715.207898315717,3.2380938201097027e-13,8.995105260582896e-15
AI37,11885.022274370305,3.1970869834332714e-13,8.881203850799531e-15
AI37,12057.298145138866,3.156665981366575e-13,8.768930215024027e-15
AI37,12232.07119049944,3.116822442047637e-13,8.658260411300133e-15
AI37,12409.377607517323,3.0775481132031456e-13,8.549172219159229e-15
AI37,12589.254117941802,3.03883486043908e-13,8.441642333861536e-15
AI37,12771.737975811562,3.000674665555745e-13,8.335649208156987e-15
AI37,12956.86697517033,2.963059624886835e-13,8.231170155005082e-15
AI37,13144.679457894359,2.9259819476622355e-13,8.12818428273862e-15
AI37,13335.21432163338,2.8894339543941883e-13,8.026669502998582e-15
AI37,13528.511027866647,2.8534080752864804e-13,7.926605562620895e-15
AI37,13724.609610075766,2.817896848666404e-13,7.82797095339306e-15
AI37,13923.55068203599,2.782892919438996e-13,7.730746044116942e-15
AI37,14125.375446227694,2.748389037563445e-13,7.634909888658253e-15
AI37,14330.125702369782,2.714378056551176e-13,7.540443461777191e-15
AI37,14537.843856076775,2.68085293198542e-13,7.447326361800415e-15
AI37,14748.572927641406,2.6478067200618723e-13,7.355540153955982e-15
AI37,14962.356560944498,2.6152325761501956e-13,7.265064963849659e-15
AI37,15179.239032494008,2.583123753376083e-13,7.175882932192149e-15
AI37,15399.26526059509,2.551473601223483e-13,7.087974695106895e-15
AI37,15622.480814653076,2.520275564156844e-13,7.001322954295738e-15
AI37,15848.931924611312,2.4895231802629834e-13,6.915908840043807e-15
AI37,16078.665490525787,2.4592100799123226e-13,6.831715601035421e-15
AI37,16311.729092278567,2.429329984439262e-13,6.748724845752216e-15
AI37,16548.170999432,2.399876704841335e-13,6.666920356324496e-15
AI37,16788.040181225795,2.370844140496961e-13,6.586284203841866e-15
AI37,17031.386316718967,2.3422262779014714e-13,6.5068006908063095e-15
AI37,17278.259805078833,2.3140171894211425e-13,6.428452335689321e-15
AI37,17528.711776019132,2.286211032065046e-13,6.351223948742642e-15
AI37,17782.794100389434,2.2588020462743796e-13,6.275098480942312e-15
AI37,18040.55940091807,2.2317845547290694e-13,6.200061238111259e-15
AI37,18302.061063110774,2.2051529611713884e-13,6.126095589187666e-15
AI37,18567.35324630728,2.178901749246358e-13,6.053187323821591e-15
AI37,18836.49089489823,2.153025481358684e-13,5.981320214692668e-15
AI37,19109.529749704634,2.1275187975459425e-13,5.910480523960195e-15
AI37,19386.526359522308,2.102376414367905e-13,5.8406524141328876e-15
AI37,19667.538092833624,2.0775931238116175e-13,5.771822608979821e-15
AI37,19952.62314968904,2.0531637922121347e-13,5.7039756472217416e-15
AI37,20241.840573760863,2.0290833591886078e-13,5.6370987037488156e-15
AI37,20535.250264571714,2.0053468365955368e-13,5.571176680159256e-15
AI37,20832.91298990025,1.9819493074889678e-13,5.506197192379523e-15
AI37,21134.890398366733,1.9588859251074012e-13,5.4421454918203355e-15
AI37,21441.245032200994,1.9361519118672456e-13,5.3790096257569174e-15
AI37,21752.0403401955,1.9137425583725303e-13,5.3167751826045754e-15
AI37,22067.340690846177,1.8916532224387562e-13,5.255430631690863e-15
AI37,22387.21138568368,1.86987932813064e-13,5.194961885872208e-15
AI37,22711.718672797946,1.8484163648135238e-13,5.135357827617494e-15
AI37,23040.929760558753,1.8272598862183278e-13,5.076604681892801e-15
AI37,23374.912831535188,1.8064055095197696e-13,5.0186917357774484e-15
AI37,23713.73705661686,1.7858489144277303e-13,4.961605514235372e-15
AI37,24057.47260933982,1.7655858422915158e-13,4.905335700800721e-15
AI37,24406.19068042012,1.745612095216879e-13,4.849869108530775e-15
AI37,24759.96349249806,1.7259235351955904e-13,4.795195809629768e-15
AI37,25118.864315096132,1.7065160832473667e-13,4.741302893538882e-15
AI37,25482.967479793802,1.6873857185740252e-13,4.6881808137145624e-15
AI37,25852.34839562225,1.6685284777256308e-13,4.635816924455253e-15
AI37,26227.083564682252,1.6499404537785047e-13,4.584202053415142e-15
AI37,26607.25059798845,1.631617795524894e-13,4.533323808393802e-15
AI37,26992.928231543297,1.6135567066741547e-13,4.483173384549017e-15
AI37,27384.19634264398,1.5957534450652854e-13,4.4337386319836156e-15
AI37,27781.13596642573,1.5782043218906065e-13,4.385011107022598e-15
AI37,28183.82931264492,1.56090570093049e-13,4.336978891020094e-15
AI37,28592.359782705455,1.5438539977989047e-13,4.289633895487503e-15
AI37,29006.811986931934,1.5270456791996892e-13,4.2429644221118925e-15
AI37,29427.271762093224,1.5104772621933536e-13,4.196962731964228e-15
AI37,29853.82618918001,1.4941453134742642e-13,4.151617336267298e-15
AI37,30286.56361144006,1.4780464486580832e-13,4.106920840377528e-15
AI37,30725.573652674895,1.4621773315792718e-13,4.0628619543648395e-15
AI37,31170.947235801697,1.446534673598557e-13,4.019433622949095e-15
AI37,31622.77660168424,1.431115232920198e-13,3.976624744454726e-15
AI37,32081.155328236815,1.415915813918876e-13,3.934428598394957e-15
AI37,32546.17834980505,1.4009332664761427e-13,3.892834260839229e-15
AI37,33017.94197682767,1.3861644853262023e-13,3.851835341876316e-15
AI37,33496.543915783244,1.3716064094109647e-13,3.811421084881404e-15
AI37,33982.08328942608,1.3572560212441822e-13,3.771585426654134e-15
AI37,34474.660657315435,1.343110346284559e-13,3.732317767493248e-15
AI37,34974.378036642294,1.3291664523177106e-13,3.6936123673990815e-15
AI37,35481.33892335806,1.3154214488468196e-13,3.655458773255512e-15
AI37,35995.64831360948,1.3018724864918753e-13,3.617851565109947e-15
AI37,36517.412725484304,1.2885167563973785e-13,3.580780426123068e-15
AI37,37046.74022107211,1.2753514896483656e-13,3.5442402535948002e-15
AI37,37583.74042884497,1.2623739566946432e-13,3.5082208566706164e-15
AI37,38128.524566362445,1.2495814667831193e-13,3.472717447470588e-15
AI37,38681.205463305785,1.236971367398089e-13,3.4377199508351554e-15
AI37,39241.89758484594,1.224541043709377e-13,3.403223891638152e-15
AI37,39810.71705535032,1.2122879180282213e-13,3.3692193001128218e-15
AI37,40387.781682433204,1.200209449270759e-13,3.3357020121907213e-15
AI37,40973.210981354765,1.1883031324290314e-13,3.3026621531686475e-15
AI37,41567.12619977373,1.1765664980493851e-13,3.2700958687152063e-15
AI37,42169.65034285886,1.1649971117181433e-13,3.2379933688192604e-15
AI37,42780.90819876445,1.1535925735544664e-13,3.2063511079468995e-15
AI37,43401.026364475045,1.1423505177102777e-13,3.1751593703496498e-15
AI37,44030.13327202482,1.1312686118771445e-13,3.1444149187390043e-15
AI37,44668.359215097,1.1203445568000301e-13,3.1141081011259005e-15
AI37,45315.836376008876,1.1095760857977861e-13,3.0842359883098554e-15
AI37,45972.698853087924,1.0989609642903086e-13,3.054788981467495e-15
AI37,46639.08268844478,1.0884969893322411e-13,3.025764459731471e-15
AI37,47315.12589614878,1.078181989153134e-13,2.9971528667430052e-15
AI37,48000.9684908119,1.0680138227039587e-13,2.968951890624255e-15
AI37,48696.75251658707,1.0579903792098769e-13,2.9411520066548946e-15
AI37,49402.62207658675,1.0481095777291801e-13,2.9137512130236504e-15
AI37,50118.72336272801,1.0383693667182919e-13,2.8867400056793604e-15
AI37,50845.20468601018,1.0287677236027496e-13,2.8601166943854563e-15
AI37,51582.21650723137,1.0193026543540686e-13,2.8338717846286604e-15
AI37,52329.91146815029,1.0099721930724016e-13,2.8080038996975085e-15
AI37,53088.444423099674,1.0007744015749027e-13,2.7825035433039257e-15
AI37,53857.97247105804,9.917073689896987e-14,2.757369654666378e-15
AI37,54638.654988186296,9.827692113554009e-14,2.732592724207658e-15
AI37,55430.653660835946,9.739580712260506e-14,2.7081720099485166e-15
AI37,56234.13251903581,9.652721172814191e-14,2.6840979772857386e-15
AI37,57049.25797046412,9.567095439425865e-14,2.660370206396297e-15
AI37,57876.198834913,9.482685709927028e-14,2.6369791256697755e-15
AI37,58715.12637925261,9.399474432028604e-14,2.613924641290066e-15
AI37,59566.21435290201,9.317444299629886e-14,2.591197132391433e-15
AI37,60429.63902381426,9.236578249176916e-14,2.5687968355283234e-15
AI37,61305.57921498307,9.156859456069563e-14,2.546714068041115e-15
AI37,62194.216341478634,9.078271331116434e-14,2.524949401748769e-15
AI37,63095.73444802036,9.000797517036879e-14,2.503493079344274e-15
AI37,64010.32024709414,8.924421885009348e-14,2.4823460133538722e-15
AI37,64938.163157622206,8.849128531265295e-14,2.461498358629245e-15
AI37,65879.45534419348,8.774901773727863e-14,2.4409513744152704e-15
AI37,66834.39175686258,8.701726148694724e-14,2.4206951141613712e-15
AI37,67803.17017152572,8.629586407564206e-14,2.4007311904320063e-15
AI37,68785.99123088192,8.55846751360404e-14,2.3810495413187273e-15
AI37,69783.05848598781,8.488354638762022e-14,2.361652139918524e-15
AI37,70794.57843841499,8.41923316051782e-14,2.342528794585795e-15
AI37,71820.76058301827,8.351088658775398e-14,2.323681846798722e-15
AI37,72861.81745132401,8.283906912795044e-14,2.30510096034157e-15
AI37,73917.96465554723,8.217673898164647e-14,2.2867888535833376e-15
AI37,74989.42093324687,8.152375783809334e-14,2.2687350304198767e-15
AI37,76076.40819262833,8.087998929038898e-14,2.2509425953082996e-15
AI37,77179.15155850258,8.024529880632269e-14,2.233400876419696e-15
AI37,78297.8794189116,7.961955369958447e-14,2.216113374212574e-15
AI37,79432.82347242955,7.900262310131075e-14,2.1990692247438788e-15
AI37,80584.2187761496,7.839437793208733e-14,2.182272335133892e-15
AI37,81752.30379436645,7.779469087408507e-14,2.1657116323489382e-15
AI37,82937.32044796432,7.720343634374672e-14,2.1493914416054757e-15
AI37,84139.51416452101,7.662049046469912e-14,2.133300463177034e-15
AI37,85359.13392913812,7.604573104101353e-14,2.1174434526251777e-15
AI37,86596.43233600809,7.547903753078524e-14,2.101808865262461e-15
AI37,87851.66564072875,7.492029102002726e-14,2.0864019000895726e-15
AI37,89125.09381337615,7.436937419687126e-14,2.0712107484847964e-15
AI37,90416.98059234666,7.382617132607157e-14,2.056241066865385e-15
AI37,91727.5935389796,7.329056822380327e-14,2.041480762953747e-15
AI37,93057.20409297157,7.276245223275183e-14,2.026935965483736e-15
AI37,94406.08762859405,7.224171219748566e-14,2.0125942780073337e-15
AI37,95774.52351172586,7.172823844010844e-14,1.9984623174388606e-15
AI37,97162.79515771239,7.122192273618272e-14,1.9845273618058927e-15
AI37,98571.19009006342,7.072265829092153e-14,1.9707965330742436e-15
AI37,100000.00000000183,7.023033971564122e-14,1.9572567615050645e-15
AI37,101449.52080687547,6.97448630044699e-14,1.9439156920394234e-15
AI37,102920.0527194447,6.926612551130704e-14,1.9307598839913087e-15
AI37,104411.90029805835,6.879402592702694e-14,1.9177975243013353e-15
AI37,105925.37251773084,6.832846425692269e-14,1.9050147771639836e-15
AI37,107460.78283213373,6.786934179838419e-14,1.8924203916943944e-15
AI37,109018.44923851478,6.741656111880487e-14,1.8800001117484752e-15
AI37,110598.694343558,6.697002603371223e-14,1.8677632699941313e-15
AI37,112201.84543019843,6.652964158511711e-14,1.8556951636253872e-15
AI37,113828.23452540534,6.609531402007621e-14,1.8438057314994253e-15
AI37,115478.19846894799,6.566695076946312e-14,1.832079796661017e-15
AI37,117152.0789831582,6.524446042694224e-14,1.8205279281089643e-15
AI37,118850.22274370409,6.482775272814197e-14,1.809134446025013e-15
AI37,120572.98145138971,6.441673853002032e-14,1.7979105748778744e-15
AI37,122320.71190499548,6.401132979042001e-14,1.7868401019813023e-15
AI37,124093.77607517432,6.361143954780685e-14,1.7759349340409275e-15
AI37,125892.54117941913,6.321698190118786e-14,1.7651782941389671e-15
AI37,127717.37975811675,6.282787199020304e-14,1.7545827994890693e-15
AI37,129568.66975170444,6.244402597538785e-14,1.7441310761498784e-15
AI37,131446.79457894477,6.206536101860031e-14,1.7338364816865718e-15
AI37,133352.14321633498,6.169179526361015e-14,1.7236810108409317e-15
AI37,135285.11027866765,6.132324781684263e-14,1.7136787930154087e-15
AI37,137246.09610075885,6.095963872827659e-14,1.7038111557661756e-15
AI37,139235.5068203611,6.060088897248896e-14,1.694093033536384e-15
AI37,141253.75446227816,6.024692042984403e-14,1.6845050491726781e-15
AI37,143301.25702369906,5.989765586782234e-14,1.6750629771542562e-15
AI37,145378.43856076902,5.955301892248485e-14,1.6657466963607384e-15
AI37,147485.72927641534,5.921293408006971e-14,1.6565728581744703e-15
AI37,149623.56560944626,5.887732665871708e-14,1.6475205564330377e-15
AI37,151792.39032494137,5.854612279031785e-14,1.6386073582420366e-15
AI37,153992.6526059522,5.821924940248455e-14,1.6298115294193093e-15
AI37,156224.80814653207,5.789663420063802e-14,1.6211515936507927e-15
AI37,158489.31924611444,5.75782056502099e-14,1.6126049437663544e-15
AI37,160786.6549052592,5.726389295895496e-14,1.6041911030127006e-15
AI37,163117.290922787,5.695362605937212e-14,1.5958865441829507e-15
AI37,165481.70999432137,5.664733559122951e-14,1.5877118352769809e-15
AI37,167880.4018122593,5.634495288419292e-14,1.5796424798296564e-15
AI37,170313.86316719104,5.604640994055249e-14,1.571700138089123e-15
AI37,172782.59805078973,5.5751639418047747e-14,1.563859292843689e-15
AI37,175287.11776019275,5.546057461278672e-14,1.5561427464801113e-15
AI37,177827.9410038958,5.517314944224387e-14,1.5485239071889567e-15
AI37,180405.5940091822,5.4889298428420084e-14,1.5410267718761121e-15
AI37,183020.61063110924,5.460895668094935e-14,1.5336236178244516e-15
AI37,185673.5324630743,5.433205988043558e-14,1.5263396914218631e-15
AI37,188364.90894898382,5.405854426180487e-14,1.5191460801759704e-15
AI37,191095.2974970479,5.3788346597757235e-14,1.5120693376029285e-15
AI37,193865.26359522465,5.35214041823035e-14,1.5050792999105234e-15
AI37,196675.3809283378,5.3257654814385583e-14,1.4982038881663783e-15
AI37,199526.231496892,5.299703678158246e-14,1.4914116229991932e-15
AI37,202418.40573761027,5.2739488843898293e-14,1.4847318563246513e-15
AI37,205352.50264571878,5.248495021763702e-14,1.47813172606071e-15
AI37,208329.12989900415,5.2233360559361537e-14,1.4716420812383856e-15
AI37,211348.90398366898,5.198465994992611e-14,1.46522860698187e-15
AI37,214412.4503220116,5.1738788878663764e-14,1.458923718768701e-15
AI37,217520.40340195672,5.1495688227543023e-14,1.4526915758030565e-15
AI37,220673.4069084635,5.1255299255485486e-14,1.4465662324930082e-15
AI37,223872.11385683858,5.101756358284206e-14,1.4405102458584558e-15
AI37,227117.18672798126,5.0782423175849224e-14,1.4345593849708854e-15
AI37,230409.29760558935,5.0549820331255e-14,1.4286745251752417e-15
AI37,233749.12831535374,5.03196976610341e-14,1.4228932292633242e-15
AI37,237137.3705661705,5.009199807721702e-14,1.4171746081082402e-15
AI37,240574.72609340012,4.986666477682111e-14,1.4115581006879628e-15
AI37,244061.90680420317,4.9643641226966514e-14,1.4060009672199561e-15
AI37,247599.6349249826,4.942287114999442e-14,1.4005446088124145e-15
AI37,251188.64315096333,4.9204298508846047e-14,1.3951443453874055e-15
AI37,254829.67479794007,4.8987867492524215e-14,1.3898436296662884e-15
AI37,258523.48395622458,4.877352250171376e-14,1.3845957481263513e-15
AI37,262270.8356468246,4.8561208134567926e-14,1.3794462981815765e-15
AI37,266072.5059798866,4.835086917266174e-14,1.3743464361484097e-15
AI37,269929.2823154351,4.8142450567103735e-14,1.3693440008440014e-15
AI37,273841.963426442,4.7935897424961455e-14,1.364387918114713e-15
AI37,277811.35966425954,4.773115499564819e-14,1.3595283685530409e-15
AI37,281838.2931264515,4.752816865777201e-14,1.354711943605046e-15
AI37,285923.5978270569,4.732688390608895e-14,1.3499912696791064e-15
AI37,290068.1198693217,4.7127246338757586e-14,1.3453104962781946e-15
AI37,294272.71762093465,4.692920164479802e-14,1.3407248033240772e-15
AI37,298538.26189180254,4.673269559189058e-14,1.3361757872343496e-15
AI37,302865.6361144031,4.653767401444386e-14,1.3317212927664283e-15
AI37,307255.7365267515,4.634408280198006e-14,1.3273002485590791e-15
AI37,311709.4723580195,4.6151867887888725e-14,1.322973279094206e-15
AI37,316227.76601684495,4.5960975238481255e-14,1.3186765270566048e-15
AI37,320811.55328237073,4.577135084246996e-14,1.3144735150169834e-15
AI37,325461.78349805315,4.558294070090931e-14,1.3102974781549787e-15
AI37,330179.4197682794,4.5395690817397526e-14,1.3062149588522512e-15
AI37,334965.4391578352,4.5209547188936936e-14,1.302156159989735e-15
AI37,339820.8328942636,4.502445579713619e-14,1.2981907686795468e-15
AI37,344746.6065731572,4.484036260000407e-14,1.2942458276510488e-15
AI37,349743.7803664258,4.465721352425574e-14,1.2903942966596226e-15
AI37,354813.3892335835,4.447495445820579e-14,1.2865599275933411e-15
AI37,359956.4831360978,4.4293531245258946e-14,1.282819083514198e-15
AI37,365174.12725484604,4.411288967809539e-14,1.2790920922105707e-15
AI37,370467.4022107242,4.393297549345358e-14,1.2754588531621125e-15
AI37,375837.4042884528,4.375373436769281e-14,1.2718361345598756e-15
AI37,381285.24566362763,4.357511191308038e-14,1.2683075075002252e-15
AI37,386812.0546330611,4.339705367493923e-14,1.2647860432307577e-15
AI37,392418.97584846267,4.3219505129533036e-14,1.2613591213351163e-15
AI37,398107.17055350647,4.304241168290309e-14,1.2579359773712997e-15
AI37,403877.8168243354,4.286571867065191e-14,1.2546079374560682e-15
AI37,409732.109813551,4.268937135859787e-14,1.2512802618469242e-15
AI37,415671.2619977407,4.2513314944553955e-14,1.2480483618436903e-15
AI37,421696.5034285921,4.233749456112054e-14,1.2448133825348028e-15
AI37,427809.0819876481,4.2161855279604674e-14,1.2416749590127047e-15
AI37,434010.2636447541,4.198634211509439e-14,1.2385299817621059e-15
AI37,440301.3327202518,4.181090003280464e-14,1.235482447485276e-15
AI37,446683.5921509737,4.1635473955574074e-14,1.2324248538612942e-15
AI37,453158.3637600925,4.146000877284468e-14,1.2294656953899624e-15
AI37,459726.9885308831,4.128444935085954e-14,1.226492940862454e-15
AI37,466390.82688445173,4.110874054439994e-14,1.2236197161836087e-15
AI37,473151.25896149175,4.093282720997826e-14,1.2207293282997438e-15
AI37,480009.68490812305,4.0756654220554886e-14,1.2179396644883033e-15
AI37,486967.5251658748,4.058016648182465e-14,1.2151292411385178e-15
AI37,494026.2207658717,4.040330895023972e-14,1.212420832047716e-15
AI37,501187.2336272844,4.022602665265106e-14,1.209688039823417e-15
AI37,508452.0468601062,4.004826470774837e-14,1.2070586437960925e-15
AI37,515822.1650723182,3.986996834928167e-14,1.2044012164320513e-15
AI37,523299.11468150746,3.9691082951126375e-14,1.2018486540329408e-15
AI37,530884.4442310013,3.951155405438635e-14,1.1992643909402077e-15
AI37,538579.7247105851,3.9331327396246166e-14,1.1967865427068874e-15
AI37,546386.5498818677,3.9150348940978616e-14,1.1942733075963974e-15
AI37,554306.5366083643,3.8968564912984556e-14,1.1918681117974982e-15
AI37,562341.3251903631,3.878592183184894e-14,1.1894238313875722e-15
AI37,570492.5797046463,3.860236654957014e-14,1.1870892818055772e-15
AI37,578761.9883491352,3.8417846289941015e-14,1.1847119446233543e-15
AI37,587151.2637925313,3.82323086901136e-14,1.1824460883366016e-15
AI37,595662.1435290255,3.8045701844380826e-14,1.1801337436025603e-15
AI37,604296.390238148,3.78579743501246e-14,1.177934678780808e-15
AI37,613055.7921498362,3.7669075356128146e-14,1.175685435377809e-15
AI37,621942.1634147919,3.7478954612977987e-14,1.1735513090855365e-15
AI37,630957.3444802093,3.72875625259031e-14,1.1713633346157448e-15
AI37,640103.2024709472,3.709485020966502e-14,1.1692923406237844e-15
AI37,649381.631576228,3.6900769545812387e-14,1.167163860545797e-15
AI37,658794.5534419408,3.670527324200988e-14,1.1651542371468028e-15
AI37,668343.9175686318,3.6508314893769795e-14,1.1630835339856759e-15
AI37,678031.7017152634,3.630984904802954e-14,1.161133561826091e-15
AI37,687859.9123088254,3.610983126896989e-14,1.1591189744668475e-15
AI37,697830.5848598845,3.590821820587439e-14,1.1572269743857904e-15
AI37,707945.7843841563,3.5704967662805777e-14,1.1552668974320149e-15
AI37,718207.6058301893,3.5500038670261316e-14,1.1534312283176493e-15
AI37,728618.1745132467,3.529339155848612e-14,1.1515241115115077e-15
AI37,739179.646555479,3.508498803256946e-14,1.1497431681744388e-15
AI37,749894.2093324756,3.487479124894632e-14,1.1478875158798427e-15
AI37,760764.0819262902,3.4662765893303825e-14,1.1461597269585006e-15
AI37,771791.5155850328,3.444887825978727e-14,1.1443540976893195e-15
AI37,782978.7941891231,3.423309633135883e-14,1.1426779235773008e-15
AI37,794328.2347243025,3.401538986073809e-14,1.1409209295711967e-15
AI37,805842.1877615032,3.37957304525061e-14,1.1392948603926493e-15
AI37,817523.0379436717,3.357409164536362e-14,1.1375851672128725e-15
AI37,829373.2044796505,3.335044899471279e-14,1.1360077208435997e-15
AI37,841395.1416452174,3.312478015557444e-14,1.134344046995499e-15
AI37,853591.3392913886,3.2897064964861607e-14,1.1328137671473678e-15
AI37,865964.3233600885,3.2667285523501713e-14,1.1311948837139755e-15
AI37,878516.6564072954,3.2435426277828154e-14,1.1297103380819955e-15
AI37,891250.9381337696,3.2201474099635395e-14,1.1281350683467017e-15
AI37,904169.8059234748,3.1965418365254804e-14,1.1266948468491127e-15
AI37,917275.9353898044,3.172725103275182e-14,1.1251620658914581e-15
AI37,930572.0409297242,3.14869667173277e-14,1.1237647790022417e-15
AI37,944060.876285949,3.12445627642143e-14,1.12227341326929e-15
AI37,957745.2351172672,3.100003931915021e-14,1.120917690464661e-15
AI37,971627.9515771327,3.075339939572304e-14,1.119466717284698e-15
AI37,985711.9009006431,3.0504648939354064e-14,1.1181512056142051e-15
AI37,1000000.0000000274,3.025379688772874e-14,1.1167396526372044e-15
AB37,1000.0,2.9042974019193835e-12,8.067490101678252e-14
AB37,1014.4952080687361,2.8633299726797132e-12,7.953691803159477e-14
AB37,1029.2005271944283,2.8229478897161895e-12,7.841519463772379e-14
AB37,1044.1190029805646,2.7831427895370068e-12,7.73094985615486e-14
AB37,1059.2537251772892,2.7439064281486522e-12,7.621960075747339e-14
AB37,1074.6078283213178,2.705230679348518e-12,7.514527554458426e-14
AB37,1090.1844923851281,2.667107533041874e-12,7.408630037311043e-14
AB37,1105.98694343556,2.6295290935829286e-12,7.304245596787517e-14
AB37,1122.018454301964,2.5924875781395456e-12,7.20135260905533e-14
AB37,1138.2823452540329,2.5559753150813733e-12,7.099929769004173e-14
AB37,1154.781984689459,2.5199847423909508e-12,6.999956066031051e-14
AB37,1171.520789831561,2.4845084060975774e-12,6.901410799782373e-14
AB37,1188.5022274370194,2.449538958733506e-12,6.804273555477648e-14
AB37,1205.7298145138755,2.4150691578122334e-12,6.708524220370391e-14
AB37,1223.2071190499328,2.381091864328499e-12,6.614142958589197e-14
AB37,1240.9377607517208,2.3476000412797435e-12,6.52111022833188e-14
AB37,1258.9254117941684,2.31458675220868e-12,6.429406756202339e-14
AB37,1277.1737975811443,2.282045159766688e-12,6.339013555152932e-14
AB37,1295.686697517021,2.249968524297745e-12,6.249911898295043e-14
AB37,1314.4679457894238,2.218350202442574e-12,6.162083337605459e-14
AB37,1333.5214321633257,2.187183645762749e-12,6.07550967718797e-14
AB37,1352.851102786652,2.1564623993844513e-12,5.990172992760191e-14
AB37,1372.4609610075638,2.12618010066161e-12,5.906055604343195e-14
AB37,1392.3550682035861,2.096330477858138e-12,5.823140096545808e-14
AB37,1412.5375446227565,2.0669073488490006e-12,5.741409290658624e-14
AB37,1433.012570236965,2.037904619839842e-12,5.6608462657536564e-14
AB37,1453.7843856076643,2.0093162841049026e-12,5.58143433015856e-14
AB37,1474.8572927641271,1.9811364207429757e-12,5.503157043390187e-14
AB37,1496.235656094436,1.953359193451129e-12,5.425998186984262e-14
AB37,1517.923903249387,1.925978849315966e-12,5.34994178728217e-14
AB37,1539.926526059495,1.8989897176221277e-12,5.2749720855907635e-14
AB37,1562.2480814652934,1.872386208677855e-12,5.201073561842441e-14
AB37,1584.8931924611168,1.846162812657302e-12,5.128230904059132e-14
AB37,1607.866549052564,1.820314098459394e-12,5.0564290329064875e-14
AB37,1631.1729092278417,1.7948347125830216e-12,4.985653070435533e-14
AB37,1654.817099943185,1.769719378018255e-12,4.9158883655526627e-14
AB37,1678.804018122564,1.744962893153447e-12,4.847120462011541e-14
AB37,1703.1386316718808,1.7205601306979175e-12,4.779335124821538e-14
AB37,1727.8259805078674,1.6965060366200587e-12,4.712518307461898e-14
AB37,1752.871177601897,1.6727956291005883e-12,4.646656179251982e-14
AB37,1778.2794100389272,1.6494239975007771e-12,4.581735091758959e-14
AB37,1804.0559400917907,1.6263863013454082e-12,4.517741607154167e-14
AB37,1830.2061063110607,1.6036777693202685e-12,4.454662463784846e-14
AB37,1856.735324630711,1.5812936982839653e-12,4.392484605541781e-14
AB37,1883.6490894898054,1.5592294522938731e-12,4.331195146564839e-14
AB37,1910.9529749704457,1.5374804616459737e-12,4.2707814016480085e-14
AB37,1938.6526359522127,1.5160422219284382e-12,4.211230850047634e-14
AB37,1966.7538092833438,1.494910293088721e-12,4.1525311669519976e-14
AB37,1995.2623149688852,1.4740802985139778e-12,4.094670186360234e-14
AB37,2024.1840573760674,1.4535479241246402e-12,4.037635933644587e-14
AB37,2053.525026457152,1.4333089174809214e-12,3.981416587467187e-14
AB37,2083.291298990005,1.413359086902099e-12,3.9260005134640394e-14
AB37,2113.489039836653,1.3936943005983835e-12,3.871376225165986e-14
AB37,2144.1245032200786,1.3743104858151843e-12,3.817532418834589e-14
AB37,2175.2040340195294,1.3552036279895985e-12,3.764457933352471e-14
AB37,2206.7340690845967,1.336369769918972e-12,3.712141786242448e-14
AB37,2238.7211385683468,1.3178050109413142e-12,3.6605731324915714e-14
AB37,2271.171867279773,1.29950550612744e-12,3.609741301785817e-14
AB37,2304.0929760558533,1.2814674654846506e-12,3.559635756231106e-14
AB37,2337.4912831534966,1.263687153171788e-12,3.510246128837142e-14
AB37,2371.3737056616637,1.2461608867255085e-12,3.461562180097582e-14
AB37,2405.7472609339593,1.2288850362976144e-12,3.413573837757761e-14
AB37,2440.619068041989,1.2118560239032744e-12,3.366271152215114e-14
AB37,2475.9963492497827,1.1950703226799893e-12,3.319644337606738e-14
AB37,2511.8864315095893,1.1785244561571515e-12,3.2736837259899934e-14
AB37,2548.296747979356,1.162214997536029e-12,3.2283798097871884e-14
AB37,2585.2348395622007,1.1461385689800507e-12,3.183723194705079e-14
AB37,2622.7083564682007,1.1302918409152178e-12,3.139704643575239e-14
AB37,2660.7250597988204,1.114671531340521e-12,3.096315027969934e-14
AB37,2699.2928231543046,1.0992744051482093e-12,3.0535453734781246e-14
AB37,2738.4196342643727,1.0840972734537676e-12,3.0113868099739453e-14
AB37,2778.1135966425472,1.069136992935464e-12,2.969830618369618e-14
AB37,2818.382931264466,1.0543904651833505e-12,2.9288681794914136e-14
AB37,2859.235978270519,1.0398546360575375e-12,2.8884910223522625e-14
AB37,2900.6811986931666,1.0255264950556652e-12,2.848690771588705e-14
AB37,2942.727176209295,1.0114030746893962e-12,2.8094591972974884e-14
AB37,2985.382618917973,9.974814498698135e-13,2.770788160985445e-14
AB37,3028.6563611439774,9.837587373016206e-13,2.7326696670159765e-14
AB37,3072.5573652674607,9.702320948859698e-13,2.695095807022478e-14
AB37,3117.0947235801405,9.56898721131846e-13,2.6580588130120284e-14
AB37,3162.277660168394,9.43755854575848e-13,2.62155100019139e-14
AB37,3208.115532823651,9.308007732102607e-13,2.585564821777006e-14
AB37,3254.617834980474,9.18030793919303e-13,2.5500928101809636e-14
AB37,3301.7941976827356,9.0544327192343e-13,2.5151276335781193e-14
AB37,3349.6543915782927,8.930356002315704e-13,2.4806620353977198e-14
AB37,3398.208328942576,8.80805209101197e-13,2.446688892700241e-14
AB37,3447.4660657315108,8.687495655061045e-13,2.4132011539186645e-14
AB37,3497.437803664196,8.568661726117962e-13,2.3801918990994246e-14
AB37,3548.133892335772,8.451525692583678e-13,2.3476542758355748e-14
AB37,3599.564831360914,8.33606329450771e-13,2.3155815614281303e-14
AB37,3651.7412725483955,8.222250618563713e-13,2.283967096951427e-14
AB37,3704.674022107176,8.11006409309678e-13,2.2528043513931986e-14
AB37,3758.3740428844612,7.99948048324148e-13,2.2220868537904934e-14
AB37,3812.8524566362084,7.890476886109742e-13,2.1918082594088022e-14
AB37,3868.1205463305423,7.783030726047393e-13,2.161962279884933e-14
AB37,3924.189758484557,7.677119749958545e-13,2.1325427515076197e-14
AB37,3981.071705534994,7.572722022696695e-13,2.1035435633016267e-14
AB37,4038.7781682432824,7.469815922521818e-13,2.074958727474495e-14
AB37,4097.321098135438,7.36838013662221e-13,2.0467823053740172e-14
AB37,4156.712619977334,7.2683936567004e-13,2.0190084801679763e-14
AB37,4216.965034285847,7.169835774622141e-13,1.9916314806048717e-14
AB37,4278.0908198764055,7.072686078127517e-13,1.9646456559959387e-14
AB37,4340.102636447464,6.976924446603343e-13,1.9380453977066323e-14
AB37,4403.01332720244,6.882531046915985e-13,1.911825216512631e-14
AB37,4466.835921509658,6.789486329303702e-13,1.8859796617471694e-14
AB37,4531.583637600846,6.697771023327684e-13,1.860503401105276e-14
AB37,4597.26988530875,6.607366133880934e-13,1.8353911373695173e-14
AB37,4663.908268844436,6.518252937254166e-13,1.8106376907393337e-14
AB37,4731.512589614835,6.430412977257936e-13,1.7862379130551463e-14
AB37,4800.0968490811465,6.343828061400135e-13,1.7621867727323825e-14
AB37,4869.675251658663,6.25848025711814e-13,1.7384792664011565e-14
AB37,4940.26220765863,6.1743518880648e-13,1.7151105065274328e-14
AB37,5011.872336272756,6.091425530447395e-13,1.6920756303826403e-14
AB37,5084.520468600972,6.009684009419034e-13,1.6693698904373403e-14
AB37,5158.2216507230905,5.929110395521522e-13,1.6469885605722324e-14
AB37,5232.991146814981,5.849688001179065e-13,1.624927029332729e-14
AB37,5308.844442309919,5.771400377242089e-13,1.6031807032897243e-14
AB37,5385.797247105755,5.694231309580409e-13,1.5817451032466817e-14
AB37,5463.865498818579,5.618164815725098e-13,1.5606157646553323e-14
AB37,5543.065366083543,5.543185141558317e-13,1.5397883368701778e-14
AB37,5623.413251903529,5.469276758050447e-13,1.5192584805209847e-14
AB37,5704.92579704636,5.396424358043824e-13,1.4990219699130154e-14
AB37,5787.619883491247,5.324612853082447e-13,1.479074587254733e-14
AB37,5871.512637925207,5.253827370286957e-13,1.459412228305641e-14
AB37,5956.621435290147,5.184053249274251e-13,1.440030793354042e-14
AB37,6042.963902381372,5.115276039121167e-13,1.4209262962180497e-14
AB37,6130.557921498252,5.047481495371468e-13,1.4020947518645062e-14
AB37,6219.421634147808,4.980655577085628e-13,1.3835322888725793e-14
AB37,6309.573444801979,4.914784443932776e-13,1.3652350335810728e-14
AB37,6401.032024709357,4.84985445332416e-13,1.3471992261280396e-14
AB37,6493.816315762163,4.785852157587559e-13,1.3294211010096306e-14
AB37,6587.945534419289,4.722764301182105e-13,1.3118970068133212e-14
AB37,6683.439175686198,4.660577817952844e-13,1.2946232830673077e-14
AB37,6780.317017152512,4.599279828424541e-13,1.2775963837892168e-14
AB37,6878.59912308813,4.5388576371341643e-13,1.2608127505006445e-14
AB37,6978.3058485987185,4.4792987300014357e-13,1.244268939717793e-14
AB37,7079.4578438414355,4.4205907717369803e-13,1.2279614920011611e-14
AB37,7182.076058301764,4.362721603287486e-13,1.211887063519218e-14
AB37,7286.181745132336,4.305679239317378e-13,1.1960422909985606e-14
AB37,7391.796465554657,4.249451865726419e-13,1.180423927496586e-14
AB37,7498.94209332462,4.1940278372028503e-13,1.1650287031124221e-14
AB37,7607.640819262764,4.139395674811426e-13,1.1498534651097224e-14
AB37,7717.915155850188,4.0855440636159207e-13,1.1348950342435461e-14
AB37,7829.787941891089,4.0324618503356036e-13,1.1201503493796153e-14
AB37,7943.282347242882,3.980138041035189e-13,1.1056163192869648e-14
AB37,8058.421877614886,3.928561798847778e-13,1.091289971905554e-14
AB37,8175.23037943657,3.8777224417303483e-13,1.0771683014488817e-14
AB37,8293.732044796356,3.8276094402512663e-13,1.0632484224775927e-14
AB37,8413.951416452024,3.7782124154094497e-13,1.0495274121504244e-14
AB37,8535.913392913733,3.7295211364846445e-13,1.0360024692674415e-14
AB37,8659.64323360073,3.6815255189184497e-13,1.022670751501584e-14
AB37,8785.166564072795,3.634215622225539e-13,1.0095295395814002e-14
AB37,8912.509381337535,3.5875816479348136e-13,9.965760693291344e-15
AB37,9041.698059234586,3.541613937559878e-13,9.838077011593554e-15
AB37,9172.75935389788,3.4963029705985403e-13,9.712217467428517e-15
AB37,9305.720409297075,3.4516393625609183e-13,9.588156440043666e-15
AB37,9440.608762859321,3.4076138630256306e-13,9.465867782247017e-15
AB37,9577.452351172502,3.3642173537238326e-13,9.345326627277958e-15
AB37,9716.279515771153,3.3214408466505516e-13,9.226507542262308e-15
AB37,9857.119009006256,3.279275482203051e-13,9.109386393953257e-15
AB37,10000.000000000096,3.2377125273457485e-13,8.99393844259684e-15
AB37,10144.952080687459,3.1967433738013577e-13,8.880140268596822e-15
AB37,10292.005271944381,3.1563595362678364e-13,8.767967804688598e-15
AB37,10441.190029805744,3.1165526506608455e-13,8.657398325662315e-15
AB37,10592.537251772992,3.07731447238128e-13,8.548408416661077e-15
AB37,10746.07828321328,3.038636874607519e-13,8.440976028180648e-15
AB37,10901.844923851384,3.000511846612121e-13,8.335078378222204e-15
AB37,11059.869434355705,2.962931492102502e-13,8.230694074874925e-15
AB37,11220.184543019746,2.9258880275853353e-13,8.127800949963825e-15
AB37,11382.823452540435,2.8893737807542983e-13,8.026378251613197e-15
AB37,11547.819846894698,2.8533811889008524e-13,7.926404406936793e-15
AB37,11715.207898315717,2.817902797347691e-13,7.827859287075732e-15
AB37,11885.022274370305,2.7829312579045943e-13,7.730721896380537e-15
AB37,12057.298145138866,2.7484593273462937e-13,7.634972712517361e-15
AB37,12232.07119049944,2.7144798659120676e-13,7.540591299489135e-15
AB37,12409.377607517323,2.680985835826797e-13,7.447558725508575e-15
AB37,12589.254117941802,2.647970299843104e-13,7.355855097099185e-15
AB37,12771.737975811562,2.6154264198043133e-13,7.265462057542678e-15
AB37,12956.86697517033,2.583347455227904e-13,7.176360239188727e-15
AB37,13144.679457894359,2.5517267619092374e-13,7.088531845399066e-15
AB37,13335.21432163338,2.520557790545159e-13,7.001958018078338e-15
AB37,13528.511027866647,2.4898340853772774e-13,6.916621506156336e-15
AB37,13724.609610075766,2.459549282854602e-13,6.8325039452301555e-15
AB37,13923.55068203599,2.4296971103152637e-13,6.749588615751397e-15
AB37,14125.375446227694,2.4002713846870595e-13,6.667857631542052e-15
AB37,14330.125702369782,2.371266011206533e-13,6.587294790984187e-15
AB37,14537.843856076775,2.342674982156333e-13,6.5078826710383254e-15
AB37,14748.572927641406,2.3144923756206086e-13,6.4296055748701306e-15
AB37,14962.356560944498,2.2867123542581385e-13,6.352446527860213e-15
AB37,15179.239032494008,2.2593291640929732e-13,6.276390325245452e-15
AB37,15399.26526059509,2.2323371333223472e-13,6.201420426462766e-15
AB37,15622.480814653076,2.2057306711415855e-13,6.127522106532843e-15
AB37,15848.931924611312,2.1795042665857638e-13,6.0546792449270234e-15
AB37,16078.665490525787,2.153652487387909e-13,5.9828775845781286e-15
AB37,16311.729092278567,2.1281699788534862e-13,5.912101411299186e-15
AB37,16548.170999432,2.10305146275092e-13,5.842336924470489e-15
AB37,16788.040181225795,2.0782917362179592e-13,5.773568802870755e-15
AB37,17031.386316718967,2.0538856706836297e-13,5.705783691261828e-15
AB37,17278.259805078833,2.0298282108055524e-13,5.638966648316533e-15
AB37,17528.711776019132,2.0061143734224237e-13,5.573104753502929e-15
AB37,17782.794100389434,1.982739246521428e-13,5.508183432608845e-15
AB37,18040.55940091807,1.95969798822036e-13,5.444190189516401e-15
AB37,18302.061063110774,1.9369858257642805e-13,5.381110804629786e-15
AB37,18567.35324630728,1.914598054536431e-13,5.318933196328999e-15
AB37,18836.49089489823,1.8925300370832951e-13,5.257643487404637e-15
AB37,19109.529749704634,1.8707772021535105e-13,5.1972300011876e-15
AB37,19386.526359522308,1.8493350437504914e-13,5.137679190882109e-15
AB37,19667.538092833624,1.8281991201985512e-13,5.078979775585714e-15
AB37,19952.62314968904,1.8073650532223245e-13,5.0211185271891735e-15
AB37,20241.840573760863,1.7868285270392878e-13,4.964084551729246e-15
AB37,20535.250264571714,1.7665852874652234e-13,4.907864928290361e-15
AB37,20832.91298990025,1.746631141032411e-13,4.852449141372243e-15
AB37,21134.890398366733,1.7269619541203666e-13,4.797824565983176e-15
AB37,21441.245032200994,1.7075736520989707e-13,4.743981056955519e-15
AB37,21752.0403401955,1.68846221848377e-13,4.690906274163423e-15
AB37,22067.340690846177,1.6696236941033187e-13,4.6385904349827044e-15
AB37,22387.21138568368,1.6510541762783612e-13,4.587021473296072e-15
AB37,22711.718672797946,1.632749818012676e-13,4.536189961570249e-15
AB37,23040.929760558753,1.6147068271954478e-13,4.486084097028867e-15
AB37,23374.912831535188,1.59692146581497e-13,4.4366948001097446e-15
AB37,23713.73705661686,1.5793900491835224e-13,4.388010520888341e-15
AB37,24057.47260933982,1.562108945173278e-13,4.34002252098268e-15
AB37,24406.19068042012,1.5450745734630498e-13,4.2927194929986025e-15
AB37,24759.96349249806,1.5282834047957537e-13,4.246093033269227e-15
AB37,25118.864315096132,1.5117319602464155e-13,4.2001320667658915e-15
AB37,25482.967479793802,1.4954168105005577e-13,4.154828518394692e-15
AB37,25852.34839562225,1.4793345751428562e-13,4.110171535473094e-15
AB37,26227.083564682252,1.463481921955852e-13,4.0661533656585255e-15
AB37,26607.25059798845,1.44785556622866e-13,4.022763368729731e-15
AB37,26992.928231543297,1.4324522700754452e-13,3.9799941095924345e-15
AB37,27384.19634264398,1.4172688417635792e-13,3.937835150725197e-15
AB37,27781.13596642573,1.402302135051315e-13,3.896279369095914e-15
AB37,28183.82931264492,1.3875490485348468e-13,3.855316520233749e-15
AB37,28592.359782705455,1.373006525004616e-13,3.814939788298543e-15
AB37,29006.811986931934,1.358671550810737e-13,3.775139112321783e-15
AB37,29427.271762093224,1.3445411552373901e-13,3.735907979100158e-15
AB37,29853.82618918001,1.3306124098860914e-13,3.697236501708845e-15
AB37,30286.56361144006,1.316882428067649e-13,3.659118465341302e-15
AB37,30725.573652674895,1.3033483642027467e-13,3.621544147735814e-15
AB37,31170.947235801697,1.290007413230972e-13,3.584507628557669e-15
AB37,31622.77660168424,1.276856810028209e-13,3.5479993408942285e-15
AB37,32081.155328236815,1.2638938288322364e-13,3.5120136552736067e-15
AB37,32546.17834980505,1.251115782676445e-13,3.4765411508728526e-15
AB37,33017.94197682767,1.238520022831528e-13,3.4415764857910362e-15
AB37,33496.543915783244,1.226103938255045e-13,3.4071103760782066e-15
AB37,33982.08328942608,1.2138649550487316e-13,3.3731377644313183e-15
AB37,34474.660657315435,1.2018005359234602e-13,3.3396494945872445e-15
AB37,34974.378036642294,1.1899081796717076e-13,3.3066407911888854e-15
AB37,35481.33892335806,1.1781854206474538e-13,3.2741026164917526e-15
AB37,35995.64831360948,1.1666298282533762e-13,3.2420304747565527e-15
AB37,36517.412725484304,1.1552390064352483e-13,3.21041543759465e-15
AB37,37046.74022107211,1.1440105931834225e-13,3.1792532868836262e-15
AB37,37583.74042884497,1.1329422600413037e-13,3.148535194420203e-15
AB37,38128.524566362445,1.1220317116207084e-13,3.1182572180289514e-15
AB37,38681.205463305785,1.1112766851239934e-13,3.0884106205005385e-15
AB37,39241.89758484594,1.1006749498728744e-13,3.0589917342722077e-15
AB37,39810.71705535032,1.0902243068438233e-13,3.029991903902516e-15
AB37,40387.781682433204,1.0799225882099383e-13,3.0014077354476908e-15
AB37,40973.210981354765,1.0697676568892107e-13,2.973230645959521e-15
AB37,41567.12619977373,1.0597574060990707e-13,2.945457514465984e-15
AB37,42169.65034285886,1.049889758917135e-13,2.9180798211743184e-15
AB37,42780.90819876445,1.0401626678480522e-13,2.8910947177897436e-15
AB37,43401.026364475045,1.0305741143963561e-13,2.8644937382593025e-15
AB37,44030.13327202482,1.021122108645242e-13,2.8382743070308552e-15
AB37,44668.359215097,1.011804688841171e-13,2.8124280022823195e-15
AB37,45315.836376008876,1.0026199209842058e-13,2.7869525216372193e-15
AB37,45972.698853087924,9.935658984240203e-14,2.7618394778863506e-15
AB37,46639.08268844478,9.846407414614465e-14,2.7370868426381542e-15
AB37,47315.12589614878,9.758425969555355e-14,2.7126862535528266e-15
AB37,48000.9684908119,9.671696379359858e-14,2.6886359574184734e-15
AB37,48696.75251658707,9.586200632209109e-14,2.6649276068788215e-15
AB37,49402.62207658675,9.50192097039821e-14,2.6415597254919695e-15
AB37,50118.72336272801,9.41883988661767e-14,2.6185239708393704e-15
AB37,50845.20468601018,9.336940120285506e-14,2.595819145246007e-15
AB37,51582.21650723137,9.256204653929298e-14,2.573436901007067e-15
AB37,52329.91146815029,9.176616709617362e-14,2.5513763216296623e-15
AB37,53088.444423099674,9.09815974543832e-14,2.529629043701659e-15
AB37,53857.97247105804,9.020817452028234e-14,2.5081944347586183e-15
AB37,54638.654988186296,8.944573749144639e-14,2.4870641050432997e-15
AB37,55430.653660835946,8.869412782286667e-14,2.466237709410821e-15
AB37,56234.13251903581,8.795318919360551e-14,2.4457068208838715e-15
AB37,57049.25797046412,8.722276747389778e-14,2.4254713853876392e-15
AB37,57876.198834913,8.650271069269166e-14,2.4055229275913603e-15
AB37,58715.12637925261,8.579286900562173e-14,2.3858616887159397e-15
AB37,59566.21435290201,8.509309466340682e-14,2.366479133663178e-15
AB37,60429.63902381426,8.440324198066685e-14,2.347375803667253e-15
AB37,61305.57921498307,8.372316730515014e-14,2.3285430921448627e-15
AB37,62194.216341478634,8.305272898736625e-14,2.3099818455708073e-15
AB37,63095.73444802036,8.239178735061557e-14,2.2916833738312793e-15
AB37,64010.32024709414,8.174020466141118e-14,2.2736488343979694e-15
AB37,64938.163157622206,8.109784510028472e-14,2.2558694412282484e-15
AB37,65879.45534419348,8.046457473297047e-14,2.238346669096157e-15
AB37,66834.39175686258,7.984026148196121e-14,2.2210716232528294e-15
AB37,67803.17017152572,7.922477509842988e-14,2.204046102650943e-15
AB37,68785.99123088192,7.861798713450948e-14,2.187261090651489e-15
AB37,69783.05848598781,7.801977091592616e-14,2.1707187178557784e-15
AB37,70794.57843841499,7.743000151497915e-14,2.154409832115646e-15
AB37,71820.76058301827,7.684855572386122e-14,2.1383369037691448e-15
AB37,72861.81745132401,7.627531202831307e-14,2.12249063107493e-15
AB37,73917.96465554723,7.571015058160714e-14,2.1068738328397545e-15
AB37,74989.42093324687,7.515295317885294e-14,2.091477043148823e-15
AB37,76076.40819262833,7.460360323162015e-14,2.07630343868072e-15
AB37,77179.15155850258,7.406198574287209e-14,2.061343374238027e-15
AB37,78297.8794189116,7.352798728220413e-14,2.0466003944743825e-15
AB37,79432.82347242955,7.300149596138181e-14,2.0320646592374725e-15
AB37,80584.2187761496,7.248240141017291e-14,2.01774009198985e-15
AB37,81752.30379436645,7.197059475246728e-14,2.0036166413532485e-15
AB37,82937.32044796432,7.146596858267967e-14,1.9896986211959007e-15
AB37,84139.51416452101,7.096841694242942e-14,1.9759757520063815e-15
AB37,85359.13392913812,7.047783529749207e-14,1.9624527504523148e-15
AB37,86596.43233600809,6.99941205150167e-14,1.949119091306724e-15
AB37,87851.66564072875,6.951717084100524e-14,1.935979907263255e-15
AB37,89125.09381337615,6.904688587804628e-14,1.9230244090809315e-15
AB37,90416.98059234666,6.858316656329978e-14,1.910258159576779e-15
AB37,91727.5935389796,6.812591514672705e-14,1.897670086438642e-15
AB37,93057.20409297157,6.767503516956014e-14,1.8852661976149006e-15
AB37,94406.08762859405,6.723043144300658e-14,1.873035117861674e-15
AB37,95774.52351172586,6.679201002718357e-14,1.8609833162192412e-15
AB37,97162.79515771239,6.63596782102773e-14,1.84909909380143e-15
AB37,98571.19009006342,6.593334448792109e-14,1.8373893976975996e-15
AB37,100000.00000000183,6.55129185427893e-14,1.825842183769983e-15
AB37,101449.52080687547,6.509831122435013e-14,1.8144648951558073e-15
AB37,102920.0527194447,6.468943452907587e-14,1.8032451199095803e-15
AB37,104411.90029805835,6.428620158034781e-14,1.792190816309567e-15
AB37,105925.37251773084,6.388852660906253e-14,1.781289181035192e-15
AB37,107460.78283213373,6.349632493417604e-14,1.7705487077416084e-15
AB37,109018.44923851478,6.310951294348358e-14,1.7599561771160214e-15
AB37,110598.694343558,6.272800807458178e-14,1.749520639619496e-15
AB37,112201.84543019843,6.235172879600642e-14,1.739228434211038e-15
AB37,113828.23452540534,6.198059458854347e-14,1.7290891908400862e-15
AB37,115478.19846894799,6.161452592670637e-14,1.7190887798251225e-15
AB37,117152.0789831582,6.125344426037777e-14,1.709237434596915e-15
AB37,118850.22274370409,6.089727199660898e-14,1.699520528682003e-15
AB37,120572.98145138971,6.054593248157422e-14,1.689948924357063e-15
AB37,122320.71190499548,6.019934998267495e-14,1.6805074689008365e-15
AB37,124093.77607517432,5.985744967078946e-14,1.6712076802359388e-15
AB37,125892.54117941913,5.952015760266454e-14,1.6620338485650462e-15
AB37,127717.37975811675,5.918740070344369e-14,1.652998175759025e-15
AB37,129568.66975170444,5.885910674933073e-14,1.6440843626728898e-15
AB37,131446.79457894477,5.853520435037892e-14,1.635305324997805e-15
AB37,133352.14321633498,5.821562293340876e-14,1.6266441404546957e-15
AB37,135285.11027866765,5.790029272504575e-14,1.6181144700724559e-15
AB37,137246.09610075885,5.758914473487542e-14,1.6096987330571221e-15
AB37,139235.5068203611,5.728211073871255e-14,1.6014113690091856e-15
AB37,141253.75446227816,5.697912326198025e-14,1.5932341015696292e-15
AB37,143301.25702369906,5.668011556319538e-14,1.5851821839402727e-15
AB37,145378.43856076902,5.6385021617557046e-14,1.5772366053943346e-15
AB37,147485.72927641534,5.6093776100634455e-14,1.5694134696403397e-15
AB37,149623.56560944626,5.580631437215057e-14,1.5616929909450043e-15
AB37,151792.39032494137,5.552257245984509e-14,1.5540921623871144e-15
AB37,153992.6526059522,5.524248704349755e-14,1.5465903806663886e-15
AB37,156224.80814653207,5.496599543889493e-14,1.5392055691402259e-15
AB37,158489.31924611444,5.469303558202601e-14,1.5319162623669917e-15
AB37,160786.6549052592,5.442354601328456e-14,1.5247413570230351e-15
AB37,163117.290922787,5.415746586176535e-14,1.5176584788506279e-15
AB37,165481.70999432137,5.389473482963673e-14,1.5106875431068008e-15
AB37,167880.4018122593,5.363529317658505e-14,1.5038052178460133e-15
AB37,170313.86316719104,5.337908170433147e-14,1.4970324844827111e-15
AB37,172782.59805078973,5.3126041741217616e-14,1.490345002220163e-15
AB37,175287.11776019275,5.28761151268511e-14,1.483764868615718e-15
AB37,177827.9410038958,5.26292441968509e-14,1.4772666804696478e-15
AB37,180405.5940091822,5.2385371767588954e-14,1.4708737039729223e-15
AB37,183020.61063110924,5.21444411210618e-14,1.4645594174825297e-15
AB37,185673.5324630743,5.1906395989790394e-14,1.4583483109159145e-15
AB37,188364.90894898382,5.167118054178666e-14,1.4522126855606082e-15
AB37,191095.2974970479,5.1438739365581077e-14,1.446178312853277e-15
AB37,193865.26359522465,5.1209017455308866e-14,1.4402162556981863e-15
AB37,196675.3809283378,5.098196019585705e-14,1.4343536276430233e-15
AB37,199526.231496892,5.075751334806971e-14,1.4285601891073456e-15
AB37,202418.40573761027,5.053562303400897e-14,1.4228644592388496e-15
AB37,205352.50264571878,5.031623572230728e-14,1.4172348289837242e-15
AB37,208329.12989900415,5.0099298213519337e-14,1.4117012895741045e-15
AB37,211348.90398366898,4.988475762560091e-14,1.4062307925067477e-15
AB37,214412.4503220116,4.967256137942158e-14,1.4008548706740207e-15
AB37,217520.40340195672,4.946265718435212e-14,1.395538963065101e-15
AB37,220673.4069084635,4.9254993023921e-14,1.390316216993592e-15
AB37,223872.11385683858,4.9049517141547636e-14,1.385150482705128e-15
AB37,227117.18672798126,4.884617802634852e-14,1.3800765979704354e-15
AB37,230409.29760558935,4.864492439902872e-14,1.3750567447895713e-15
AB37,233749.12831535374,4.844570519785701e-14,1.370127530790287e-15
AB37,237137.3705661705,4.824846956473281e-14,1.365249386870847e-15
AB37,240574.72609340012,4.805316683134948e-14,1.3604607733574416e-15
AB37,244061.90680420317,4.7859746505448456e-14,1.3557202837601333e-15
AB37,247599.6349249826,4.7668158257243645e-14,1.35106831746228e-15
AB37,251188.64315096333,4.747835190584222e-14,1.3464615407977809e-15
AB37,254829.67479794007,4.729027740591151e-14,1.3419423821450953e-15
AB37,258523.48395622458,4.710388483441995e-14,1.3374654873107257e-15
AB37,262270.8356468246,4.691912437752788e-14,1.3330754072438034e-15
AB37,266072.5059798866,4.673594631766201e-14,1.32872467025869e-15
AB37,269929.2823154351,4.6554301020696526e-14,1.3244600471282732e-15
AB37,273841.963426442,4.637413892337029e-14,1.3202318480598102e-15
AB37,277811.35966425954,4.619541052085919e-14,1.3160891646082473e-15
AB37,281838.2931264515,4.601806635458688e-14,1.311979984589992e-15
AB37,285923.5978270569,4.584205700019634e-14,1.3079558250164166e-15
AB37,290068.1198693217,4.5667333055814834e-14,1.3039622433555121e-15
AB37,294272.71762093465,4.549384513052669e-14,1.3000532904545867e-15
AB37,298538.26189180254,4.532154383317958e-14,1.2961719818253515e-15
AB37,302865.6361144031,4.515037976134167e-14,1.2923750142062707e-15
AB37,307255.7365267515,4.4980303490790554e-14,1.2886027459327684e-15
AB37,311709.4723580195,4.4811265565050306e-14,1.2849146353059954e-15
AB37,316227.76601684495,4.464321648553074e-14,1.2812482647268458e-15
AB37,320811.55328237073,4.4476106701844547e-14,1.2776659732575343e-15
AB37,325461.78349805315,4.430988660271213e-14,1.2741024451732846e-15
AB37,330179.4197682794,4.4144506507123655e-14,1.2706230229046306e-15
AB37,334965.4391578352,4.3979916656035165e-14,1.2671593671123671e-15
AB37,339820.8328942636,4.381606720451876e-14,1.2637799494454663e-15
AB37,344746.6065731572,4.3652908214473177e-14,1.2604132783480303e-15
AB37,349743.7803664258,4.349038964776417e-14,1.2571310835865273e-15
AB37,354813.3892335835,4.3328461360072275e-14,1.253858589888879e-15
AB37,359956.4831360978,4.316707309524008e-14,1.2506709168322266e-15
AB37,365174.12725484604,4.300617448030512e-14,1.247489871312601e-15
AB37,370467.4022107242,4.284571502129197e-14,1.2443940969048973e-15
AB37,375837.4042884528,4.2685644099509377e-14,1.2413018462704448e-15
AB37,381285.24566362763,4.2525910968843277e-14,1.238295423297704e-15
AB37,386812.0546330611,4.236646475368075e-14,1.2352893881135885e-15
AB37,392418.97584846267,4.2207254447797214e-14,1.2323698429439092e-15
AB37,398107.17055350647,4.204822891399058e-14,1.229447515645423e-15
AB37,403877.8168243354,4.188933688483247e-14,1.226612446014334e-15
AB37,409732.109813551,4.173052696410293e-14,1.2237713889974277e-15
AB37,415671.2619977407,4.157174762961543e-14,1.2210184618252965e-15
AB37,421696.5034285921,4.141294723692011e-14,1.218256305614915e-15
AB37,427809.0819876481,4.125407402401446e-14,1.2155832548711444e-15
AB37,434010.2636447541,4.109507611742919e-14,1.2128976963694957e-15
AB37,440301.3327202518,4.0935901539488764e-14,1.2103023209506237e-15
AB37,446683.5921509737,4.0776498216801144e-14,1.207691121763482e-15
AB37,453158.3637600925,4.061681399013743e-14,1.2051712834142332e-15
AB37,459726.9885308831,4.04567966256341e-14,1.2026322682592531e-15
AB37,466390.82688445173,4.029639382752541e-14,1.2001858895078427e-15
AB37,473151.25896149175,4.0135553252320776e-14,1.1977169446995148e-15
AB37,480009.68490812305,3.997422252452037e-14,1.1953420068238534e-15
AB37,486967.5251658748,3.9812349253909993e-14,1.1929410788426912e-15
AB37,494026.2207658717,3.964988105472708e-14,1.1906356198412038e-15
AB37,501187.2336272844,3.9486765566265644e-14,1.1883007139819995e-15
AB37,508452.0468601062,3.9322950475420153e-14,1.1860628265704912e-15
AB37,515822.1650723182,3.915838354105473e-14,1.1837920056691115e-15
AB37,523299.11468150746,3.8993012620140515e-14,1.1816198352860087e-15
AB37,530884.4442310013,3.8826785695949955e-14,1.1794112185329985e-15
AB37,538579.7247105851,3.865965090820715e-14,1.1773029613488477e-15
AB37,546386.5498818677,3.8491556585124386e-14,1.1751547231814621e-15
AB37,554306.5366083643,3.832245127771857e-14,1.1731086241207458e-15
AB37,562341.3251903631,3.8152283796049996e-14,1.1710189931959085e-15
AB37,570492.5797046463,3.7981003247705816e-14,1.1690333439585746e-15
AB37,578761.9883491352,3.7808559078438907e-14,1.167000602205346e-15
AB37,587151.2637925313,3.763490111503712e-14,1.165073739296803e-15
AB37,595662.1435290255,3.7459979610307114e-14,1.1630962210576925e-15
AB37,604296.390238148,3.7283745290431456e-14,1.1612265238123618e-15
AB37,613055.7921498362,3.7106149404551145e-14,1.1593026150492133e-15
AB37,621942.1634147919,3.6927143776634435e-14,1.1574885036621943e-15
AB37,630957.3444802093,3.674668085946861e-14,1.1556166412548385e-15
AB37,640103.2024709472,3.656471379113218e-14,1.1538565748102557e-15
AB37,649381.631576228,3.638119645351314e-14,1.1520352459189304e-15
AB37,658794.5534419408,3.6196083533218795e-14,1.150327720420798e-15
AB37,668343.9175686318,3.6009330584448235e-14,1.1485554619270106e-15
AB37,678031.7017152634,3.582089409419079e-14,1.1468990083342497e-15
AB37,687859.9123088254,3.5630731549490937e-14,1.1451744063463491e-15
AB37,697830.5848598845,3.543880150655912e-14,1.1435675886130072e-15
AB37,707945.7843841563,3.524506366208722e-14,1.141889278036831e-15
AB37,718207.6058301893,3.5049478926171996e-14,1.1403306911631328e-15
AB37,728618.1745132467,3.4852009497219334e-14,1.1386973553353075e-15
AB37,739179.646555479,3.465261893822196e-14,1.1371856234326837e-15
AB37,749894.2093324756,3.445127225484585e-14,1.1355959937971454e-15
AB37,760764.0819262902,3.4247935974662676e-14,1.1341297681677232e-15
AB37,771791.5155850328,3.4042578227745856e-14,1.1325826239996183e-15
AB37,782978.7941891231,3.3835168828288284e-14,1.131160581254695e-15
AB37,794328.2347243025,3.362567935700781e-14,1.1296547494270888e-15
AB37,805842.1877615032,3.341408324431886e-14,1.128275589629143e-15
AB37,817523.0379436717,3.3200355853964124e-14,1.1268099443876726e-15
AB37,829373.2044796505,3.2984474566869796e-14,1.125472389245771e-15
AB37,841395.1416452174,3.2766418864924966e-14,1.1240458520138216e-15
AB37,853591.3392913886,3.2546170414706676e-14,1.1227486431298553e-15
AB37,865964.3233600885,3.232371315042684e-14,1.1213601823073697e-15
AB37,878516.6564072954,3.209903335618763e-14,1.1201020794922223e-15
AB37,891250.9381337696,3.1872119747291266e-14,1.1187507102363703e-15
AB37,904169.8059234748,3.164296354986773e-14,1.1175304899084509e-15
AB37,917275.9353898044,3.1411558578939464e-14,1.1162152739014635e-15
AB37,930572.0409297242,3.1177901314422474e-14,1.11503172757376e-15
AB37,944060.876285949,3.094199097479103e-14,1.1137517727365069e-15
AB37,957745.2351172672,3.0703829587793466e-14,1.1126037056216556e-15
AB37,971627.9515771327,3.0463422058405885e-14,1.1113581657728562e-15
AB37,985711.9009006431,3.022077623300828e-14,1.1102443955056382e-15
AB37,1000000.0000000274,2.9975902960078685e-14,1.1090324699470068e-15
