case,relative_time_s,output_v,supply_v,supply_a,capacitor_a,load_a,nmos_drain_a,passive_output_v,passive_supply_a
R75-input_first-fast-8p,0.0,3.5134110711460735e-06,0.0,-5.269701576474064e-10,-1.0667192801052777e-16,3.513411071146073e-11,-5.621041616772223e-10,3.51341107045592e-06,-5.269701575438915e-10
R75-input_first-fast-8p,1e-10,1.2945300503047292e-05,0.009999999999979248,1.4979402304039232e-06,1.474281337089207e-06,1.2945300503047292e-10,2.3529440309209807e-08,1.2874407568364087e-05,1.4979508635066856e-06
R75-input_first-fast-8p,1.0153766333659037e-10,1.3295753366521402e-05,0.010153766333666828,1.520950800265059e-06,1.4966092741236522e-06,1.3295753366521404e-10,2.420856860728435e-08,1.3164512847352728e-05,1.5209704847926238e-06
R75-input_first-fast-8p,1.030989707585481e-10,1.3651595015079354e-05,0.01030989707584335,1.5443151952152787e-06,1.5192805396526957e-06,1.3651595015079354e-10,2.489813961199396e-08,1.3463605456643388e-05,1.5443433914283716e-06
R75-input_first-fast-8p,1.0468428583230433e-10,1.4012908310291646e-05,0.010468428583238145,1.5680388559062516e-06,1.5423004129253363e-06,1.4012908310291647e-10,2.5598313897393565e-08,1.3771963719932008e-05,1.568074994748589e-06
R75-input_first-fast-8p,1.0629397771471914e-10,1.437977738746931e-05,0.010629397771452874,1.5921273066228506e-06,1.5656742543427088e-06,1.437977738746931e-10,2.6309254505867865e-08,1.4089874576321486e-05,1.592170788619975e-06
R75-input_first-fast-8p,1.0792842123904192e-10,1.4752287676030621e-05,0.010792842123897741,1.61658615662042e-06,1.5894075067556812e-06,1.4752287676030622e-10,2.703112698759918e-08,1.4417633846850048e-05,1.6166363507416172e-06
R75-input_first-fast-8p,1.0958799700219594e-10,1.5130525918709538e-05,0.010958799700219462,1.641421101385993e-06,1.6135056966886564e-06,1.513052591870954e-10,2.776409943779066e-08,1.475554650923598e-05,1.6414773438678784e-06
R75-input_first-fast-8p,1.1127309145340246e-10,1.5514580192115462e-05,0.011127309145322166,1.666637923988236e-06,1.6379744356494684e-06,1.551458019211546e-10,2.850834253650824e-08,1.5103926981135541e-05,1.666699517118942e-06
R75-input_first-fast-8p,1.129840969841721e-10,1.5904539927389533e-05,0.011298409698430652,1.6922424964337311e-06,1.66281942144543e-06,1.5904539927389534e-10,2.926402958870961e-08,1.5463099412149168e-05,1.6923087072963934e-06
R75-input_first-fast-8p,1.1472141201967543e-10,1.630049593047483e-05,0.011472141201984233,1.7182407809979076e-06,1.6880464394747816e-06,1.630049593047483e-10,3.0031336563525025e-08,1.583339798483525e-05,1.7183108401720452e-06
R75-input_first-fast-8p,1.1648544111152124e-10,1.6702540403834444e-05,0.011648544111165851,1.7446388316510402e-06,1.7136613641103835e-06,1.6702540403834445e-10,3.0810442136343834e-08,1.6215167225046483e-05,1.744711931870644e-06
R75-input_first-fast-8p,1.1827659503195865e-10,1.711076696759038e-05,0.011827659503177098,1.7714427954462208e-06,1.7396701600465133e-06,1.7110766967590382e-10,3.160152772977877e-08,1.6608762321840918e-05,1.7715180902130308e-06
R75-input_first-fast-8p,1.2009529086953256e-10,1.752527068162774e-05,0.012009529086936737,1.7986589139707067e-06,1.7660788837071595e-06,1.7525270681627743e-10,3.240477755650066e-08,1.7014549457289888e-05,1.7987355161213384e-06
R75-input_first-fast-8p,1.2194195212620544e-10,1.7946148067312786e-05,0.012194195212609824,1.8262935247719204e-06,1.7928936846297143e-06,1.7946148067312783e-10,3.322037866132503e-08,1.7432906146461612e-05,1.826370504997253e-06
R75-input_first-fast-8p,1.2381700881597267e-10,1.8373497130272767e-05,0.01238170088160269,1.854353062853161e-06,1.8201208069163173e-06,1.8373497130272769e-10,3.404852096535618e-08,1.7864221587931804e-05,1.8544294481685709e-06
R75-input_first-fast-8p,1.2572089756499874e-10,1.880741738307926e-05,0.012572089756515598,1.8828440621629816e-06,1.8477665906790448e-06,1.880741738307926e-10,3.4889397309944304e-08,1.8308897025085415e-05,1.8829188343277875e-06
R75-input_first-fast-8p,1.2765406171328808e-10,1.9248009868510607e-05,0.012765406171349462,1.911773157122591e-06,1.8758374735220029e-06,1.924800986851061e-10,3.574320350176482e-08,1.8767346118620356e-05,1.9118452510071168e-06
R75-input_first-fast-8p,1.296169514179223e-10,1.969537718300745e-05,0.012961695141797323,1.9411470841659313e-06,1.9043399920357155e-06,1.9695377183007452e-10,3.661013835827189e-08,1.9239995330542676e-05,1.941215386064492e-06
R75-input_first-fast-8p,1.3161002375788182e-10,2.0149623500707373e-05,0.013161002375789894,1.9709726833177843e-06,1.9332807833284134e-06,2.0149623500707374e-10,3.749040375427419e-08,1.9727284320007092e-05,1.971036029205905e-06
R75-input_first-fast-8p,1.3363374284048466e-10,2.0610854597479572e-05,0.013363374284041121,2.0012568997718726e-06,1.962666586557322e-06,2.0610854597479576e-10,3.838420466851069e-08,2.022966635140999e-05,2.001314073505904e-06
R75-input_first-fast-8p,1.3568857990945625e-10,2.107917787573172e-05,0.013568857990932565,2.0320067855196697e-06,1.9925042445091495e-06,2.1079177875731723e-10,3.9291749231722884e-08,2.0747608715071648e-05,2.0320565169770273e-06
R75-input_first-fast-8p,1.3777501345466466e-10,2.1554702389409876e-05,0.013777501345482474,2.0632295009918805e-06,2.022800705192871e-06,2.1554702389409876e-10,4.021324877510107e-08,2.1281593160914976e-05,2.0632704641499856e-06
R75-input_first-fast-8p,1.3989352932353948e-10,2.2037538869094894e-05,0.013989352932357202,2.094932316706262e-06,2.053563023438665e-06,2.2037538869094895e-10,4.114891787891769e-08,2.1832116345538022e-05,2.094963127658192e-06
R75-input_first-fast-8p,1.4204462083420985e-10,2.2527799748353713e-05,0.014204462083433227,2.1271226149978336e-06,2.0847983625767957e-06,2.2527799748353714e-10,4.209897442359241e-08,2.23996902930972e-05,2.1271418299027977e-06
R75-input_first-fast-8p,1.442287888903769e-10,2.30255991893184e-05,0.014422878889020326,2.1598078916983863e-06,2.116513996067297e-06,2.30255991893184e-10,4.306363963926065e-08,2.2984842870405858e-05,2.159814004664779e-06
R75-input_first-fast-8p,1.4644654209795256e-10,2.3531053109906113e-05,0.014644654209804736,2.1929957579237332e-06,2.1487173092342036e-06,2.3531053109906115e-10,4.404313815852214e-08,2.358811827674503e-05,2.1929871988228035e-06
R75-input_first-fast-8p,1.4869839688349716e-10,2.404427921007386e-05,0.014869839688368814,2.2266939417975846e-06,2.1814158009382844e-06,2.404427921007386e-10,4.5037698067318856e-08,2.421007754871831e-05,2.226669074005321e-06
R75-input_first-fast-8p,1.5098487761447233e-10,2.456539699971413e-05,0.015098487761430655,2.2609102902831602e-06,2.2146170853543172e-06,2.456539699971413e-10,4.604755095899286e-08,2.4851299080802817e-05,2.260867408348285e-06
R75-input_first-fast-8p,1.5330651672134654e-10,2.522286572376506e-05,0.015330651672126069,2.2956335218526e-06,2.2481228554874684e-06,2.522286572376506e-10,4.725843770805048e-08,2.5512379161865156e-05,2.295590098256833e-06
R75-input_first-fast-8p,1.5566385482157447e-10,2.599892168045902e-05,0.015566385482163507,2.330874409468982e-06,2.281969677768164e-06,2.599892168045902e-10,4.8644742484163305e-08,2.6193932528311282e-05,2.3308451601454175e-06
R75-input_first-fast-8p,1.5805744084548908e-10,2.6786910764937884e-05,0.01580574408452956,2.3666571832877082e-06,2.316336950219887e-06,2.678691076493788e-10,5.005236396031493e-08,2.689659293428705e-05,2.3666407322579536e-06
R75-input_first-fast-8p,1.604878321641232e-10,2.758701646879359e-05,0.016048783216406196,2.4029901757060944e-06,2.35123267562549e-06,2.758701646879359e-10,5.1481629916052826e-08,2.7621013739479598e-05,2.4029850765170926e-06
R75-input_first-fast-8p,1.6295559471900028e-10,2.839942510474884e-05,0.016295559471918623,2.439881847229682e-06,2.3866649798083223e-06,2.839942510474884e-10,5.293287317044125e-08,2.836786851504537e-05,2.4398865803453677e-06
R75-input_first-fast-8p,1.6546130315391714e-10,2.922432585029719e-05,0.016546130315391344,2.477340788453946e-06,2.4226421135355473e-06,2.9224325850297195e-10,5.4406431660017634e-08,2.913785166829007e-05,2.47735375855975e-06
R75-input_first-fast-8p,1.6800554094875957e-10,3.0061910792179712e-05,0.016800554094858342,2.515375722083991e-06,2.4591724544579402e-06,3.006191079217971e-10,5.590264851824325e-08,2.993167908657305e-05,2.515395255301438e-06
R75-input_first-fast-8p,1.7058890055536967e-10,3.0912374970722215e-05,0.017058890055530886,2.553995504947914e-06,2.496264509043609e-06,3.091237497072222e-10,5.742187215470494e-08,3.075008880110017e-05,2.554019845956312e-06
R75-input_first-fast-8p,1.732119835355022e-10,3.1775916425148495e-05,0.01732119835356184,2.593209130054491e-06,2.5339269145542793e-06,3.1775916425148494e-10,5.896445633606011e-08,3.1593841671220635e-05,2.5932364391167776e-06
R75-input_first-fast-8p,1.7587540070090857e-10,3.2652736239869456e-05,0.01758754007010639,2.6330257286951788e-06,2.572168441064147e-06,3.2652736239869457e-10,6.053076026872534e-08,3.246372208980219e-05,2.6330540785849134e-06
R75-input_first-fast-8p,1.7857977225556783e-10,3.354303859133007e-05,0.017857977225552213,2.6734545725714417e-06,2.6109979935030515e-06,3.3543038591330067e-10,6.212114868256113e-08,3.33605387104116e-05,2.6734819453977548e-06
R75-input_first-fast-8p,1.8132572794010905e-10,3.4447030795692755e-05,0.018132572794003727,2.7145050759600702e-06,2.650424613736139e-06,3.4447030795692757e-10,6.373599191605101e-08,3.4285125196884565e-05,2.7145293598873423e-06
R75-input_first-fast-8p,1.841139071784497e-10,3.536492335679972e-05,0.01841139071785106,2.7561867978911602e-06,2.690457482655682e-06,3.5364923356799725e-10,6.537566600197884e-08,3.5238340996055574e-05,2.7562057837499866e-06
R75-input_first-fast-8p,1.8694495922669676e-10,3.6296930015250615e-05,0.018694495922677846,2.7985094443767403e-06,2.73110592232155e-06,3.629693001525062e-10,6.704055275509855e-08,3.6221072134311786e-05,2.7985208221627916e-06
R75-input_first-fast-8p,1.8981954332433025e-10,3.724326779831678e-05,0.01898195433242309,2.8414828706773936e-06,2.7723793981381646e-06,3.724326779831679e-10,6.87310398612983e-08,3.72342320387076e-05,2.841484225934598e-06
R75-input_first-fast-8p,1.9273832884771177e-10,3.820415707055265e-05,0.019273832884754837,2.885117083600528e-06,2.8142875210618565e-06,3.820415707055265e-10,7.044752096800986e-08,3.827876238342753e-05,2.8851058936848903e-06
R75-input_first-fast-8p,1.9570199546596002e-10,3.917982158496477e-05,0.019570199546613213,2.929422243823979e-06,2.8568400498325506e-06,3.917982158496477e-10,7.219039577561438e-08,3.9355633962324353e-05,2.9293958740442015e-06
R75-input_first-fast-8p,1.9871123329921582e-10,4.0170488534738627e-05,0.019871123329922892,2.974408668244933e-06,2.9000468932297686e-06,4.017048853473863e-10,7.396007012984423e-08,4.046584758839775e-05,2.974364367875885e-06
R75-input_first-fast-8p,2.0176674307934526e-10,4.117638860705675e-05,0.02017667430794083,3.0200868324238246e-06,2.9439181124198513e-06,4.117638860705675e-10,7.575695611792094e-08,4.1610435020981555e-05,3.020021730589015e-06
R75-input_first-fast-8p,2.0486923631310884e-10,4.219775603594092e-05,0.020486923631307545,3.0664673729839097e-06,2.98846392326061e-06,4.2197756035940927e-10,7.758147216294961e-08,4.279045992153143e-05,3.0663784744025304e-06
R75-input_first-fast-8p,2.080194354478482e-10,4.323482865732513e-05,0.020801943544776002,3.1135610901121453e-06,3.033694698703274e-06,4.323482865732514e-10,7.943404312229829e-08,4.4007018838883064e-05,3.113445270706596e-06
R75-input_first-fast-8p,2.1121807403971204e-10,4.4581898591048974e-05,0.02112180740398289,3.1613348459459234e-06,3.0791587243065843e-06,4.4581898591048974e-10,8.173030265340157e-08,4.526124222489429e-05,3.161232952425759e-06
R75-input_first-fast-8p,2.1446589692447387e-10,4.597592842856747e-05,0.021446589692431614,3.2098392646349887e-06,3.125280574114279e-06,4.597592842856747e-10,8.409893123636697e-08,4.6554295481367986e-05,3.20975251640917e-06
R75-input_first-fast-8p,2.177636603909712e-10,4.739139375204339e-05,0.02177636603911058,3.2590895179953787e-06,3.172111622704723e-06,4.739139375204339e-10,8.650398135304854e-08,4.788738003925648e-05,3.259015125911256e-06
R75-input_first-fast-8p,2.2111213235722034e-10,4.882862416669097e-05,0.022111213235730325,3.309097074439665e-06,3.2196627751545336e-06,4.882862416669096e-10,8.894601304334678e-08,4.9261734471153176e-05,3.309032113010217e-06
R75-input_first-fast-8p,2.2451209254923144e-10,5.028795434652394e-05,0.022451209254934722,3.3598735787462084e-06,3.2679451042429166e-06,5.028795434652394e-10,9.142559495967758e-08,5.067863563803346e-05,3.3598149811674995e-06
R75-input_first-fast-8p,2.279643326825728e-10,5.1769724111430985e-05,0.022796433268258077,3.411430854740952e-06,3.316969853001725e-06,5.176972411143099e-10,9.394330449793284e-08,5.213939987135733e-05,3.4113754077438486e-06
R75-input_first-fast-8p,2.3146965664673562e-10,5.327427850679607e-05,0.023146965664675147,3.463780908067765e-06,3.3667484373497197e-06,5.327427850679607e-10,9.649972793276531e-08,5.364538419158528e-05,3.4637252465988234e-06
R75-input_first-fast-8p,2.350288806923241e-10,5.480196788348238e-05,0.023502888069235874,3.5169359289714312e-06,3.4172924487388605e-06,5.480196788348237e-10,9.909546055349106e-08,5.519798756424905e-05,3.5168765306973956e-06
R75-input_first-fast-8p,2.3864283362112965e-10,5.6353147979634054e-05,0.023864283362123616,3.5709082951438932e-06,3.468613656860738e-06,5.635314797963405e-10,1.0173110680308084e-07,5.679865219468943e-05,3.5708414747742615e-06
R75-input_first-fast-8p,2.4231235697912217e-10,5.792818000338686e-05,0.024231235697925162,3.625710574602118e-06,3.520724012383077e-06,5.792818000338685e-10,1.0440728041869561e-07,5.8448864862740675e-05,3.6256324780239316e-06
R75-input_first-fast-8p,2.460383052524181e-10,5.952743071703307e-05,0.024603830525239522,3.681355528616564e-06,3.5736356497343547e-06,5.952743071703307e-10,1.0712460457469308e-07,6.015015829843762e-05,3.681262126835474e-06
R75-input_first-fast-8p,2.4982154606625285e-10,6.115127252264064e-05,0.024982154606625576,3.7378561146902477e-06,3.627360889936536e-06,6.115127252264064e-10,1.0988371202810526e-07,6.190411260018721e-05,3.7377431975717224e-06
R75-input_first-fast-8p,2.536629603870179e-10,6.280008354839946e-05,0.025366296038719087,3.7952254895631098e-06,3.681912243461859e-06,6.280008354839946e-10,1.1268524526535137e-07,6.371235669655083e-05,3.795088659367336e-06
R75-input_first-fast-8p,2.575634427273988e-10,6.447424773660374e-05,0.02575634427273091,3.853477012273306e-06,3.7373024131437575e-06,6.447424773660374e-10,1.1552985665173074e-07,6.557656985303811e-05,3.853311676977289e-06
R75-input_first-fast-8p,2.61523901354678e-10,6.61741549338156e-05,0.026152390135453413,3.9126242472943965e-06,3.793544297159949e-06,6.617415493381559e-10,1.1841820858462199e-07,6.749848322535652e-05,3.912425613694616e-06
R75-input_first-fast-8p,2.655452585022307e-10,6.804338397611672e-05,0.02655452585022453,3.97265949190831e-06,3.850429341463284e-06,6.804338397611671e-10,1.21549716604759e-07,6.94798814604157e-05,3.9724440342546415e-06
R75-input_first-fast-8p,2.696284505842736e-10,7.020017611077702e-05,0.0269628450584424,4.033579056428268e-06,3.90778842597148e-06,7.020017611077702e-10,1.2508862869518823e-07,7.152260434665674e-05,4.033380707814392e-06
R75-input_first-fast-8p,2.7377442841392467e-10,7.239013244710172e-05,0.027377442841376474,4.095435358749974e-06,3.9660295000860675e-06,7.239013244710173e-10,1.286819573389577e-07,7.362854851515588e-05,4.095249610968858e-06
R75-input_first-fast-8p,2.7798415742460545e-10,7.461376293926348e-05,0.027798415742444474,4.158242802758542e-06,4.025166125848567e-06,7.461376293926348e-10,1.3233053928011805e-07,7.579966919309196e-05,4.158064930829274e-06
R75-input_first-fast-8p,2.822586178948544e-10,7.687158538235109e-05,0.02822586178948937,4.22201601380929e-06,4.0852120738267486e-06,7.687158538235109e-10,1.3603522412826808e-07,7.803798201120162e-05,4.221841068093308e-06
R75-input_first-fast-8p,2.865988051765903e-10,7.91641255331711e-05,0.028659880517649252,4.286769842139841e-06,4.146181326327305e-06,7.91641255331711e-10,1.3979687455676853e-07,8.034556486680211e-05,4.286592640195837e-06
R75-input_first-fast-8p,2.9100572992689684e-10,8.149191723351012e-05,0.0291005729926931,4.352519366351715e-06,4.208088080673965e-06,8.149191723351011e-10,1.4361636650499372e-07,8.272455984420899e-05,4.3523344845210015e-06
R75-input_first-fast-8p,2.954804183433599e-10,8.385550253317342e-05,0.029548041834314184,4.4192798968856146e-06,4.270946752479661e-06,8.385550253317343e-10,1.474945893802161e-07,8.517717519410914e-05,4.419081661599055e-06
R75-input_first-fast-8p,3.0002391240303083e-10,8.62554318177215e-05,0.030002391240312874,4.487066979629401e-06,4.334771979043634e-06,8.62554318177215e-10,1.5143244626719885e-07,8.770568737399804e-05,4.4868494584274565e-06
R75-input_first-fast-8p,3.0463727010505626e-10,8.869226393486418e-05,0.03046372701052528,4.555896399488149e-06,4.399578622712838e-06,8.869226393486418e-10,1.5543085413558656e-07,9.031244315120222e-05,4.555653391744461e-06
R75-input_first-fast-8p,3.093215657170515e-10,9.116656632577648e-05,0.030932156571683717,4.625784184093229e-06,4.46538177437424e-06,9.116656632577648e-10,1.5949074405537087e-07,9.299986177069314e-05,4.625509211432741e-06
R75-input_first-fast-8p,3.1407789002525116e-10,9.367891515775655e-05,0.03140778900253119,4.6967466075492835e-06,4.532196756982804e-06,9.367891515775655e-10,1.636130614145587e-07,9.577043718951903e-05,4.696432903951133e-06
R75-input_first-fast-8p,3.189073505885061e-10,9.622989545643635e-05,0.03189073505885125,4.768800194168582e-06,4.600039129077583e-06,9.622989545643635e-10,1.6779876613610645e-07,9.862674037992444e-05,4.768440695743374e-06
R75-input_first-fast-8p,3.238110719961973e-10,9.915499580882455e-05,0.03238110719959894,4.84191149214092e-06,4.668412204213798e-06,9.915499580882456e-10,1.725077379686882e-07,0.00010157142170332425,4.841549056801365e-06
R75-input_first-fast-8p,3.2879019613010304e-10,0.00010227672779468238,0.03287901961298942,4.916124249516107e-06,4.73760455403116e-06,1.0227672779468238e-09,1.7749692820661957e-07,0.00010460721335717212,4.915774704211163e-06
R75-input_first-fast-8p,3.3384588243030057e-10,0.0001054464615087606,0.033384588243010084,4.991478149252697e-06,4.807860849243551e-06,1.054464615087606e-09,1.8256283539364393e-07,0.00010773693189713269,4.9911346057511814e-06
R75-input_first-fast-8p,3.389793081651479e-10,0.00010866493505621433,0.03389793081652564,5.067990738282664e-06,4.879197449753204e-06,1.0866493505621432e-09,1.8770663917844707e-07,0.00011096348083667038,5.067645983567727e-06
R75-input_first-fast-8p,3.441916687054311e-10,0.00011193289789120006,0.034419166870552555,5.145679833337145e-06,4.951630967009919e-06,1.1193289789120006e-09,1.9292953734782755e-07,0.00011428985332657031,5.14532631786395e-06
R75-input_first-fast-8p,3.494841778027131e-10,0.0001152511109923907,0.034948417780253475,5.224563525118955e-06,5.025178267901301e-06,1.152511109923907e-09,1.9823274610720703e-07,0.00011771913491678096,5.224193350684431e-06
R75-input_first-fast-8p,3.5485806787197116e-10,0.00011862034704008384,0.035485806787185825,5.304660182512968e-06,5.09985647867832e-06,1.1862034704008383e-09,2.0361750036368683e-07,0.00012125450640307928,5.304265089725169e-06
R75-input_first-fast-8p,3.6031459027857147e-10,0.00012204139059516868,0.03603145902784676,5.385988456840686e-06,5.175682988922062e-06,1.2204139059516869e-09,2.090850540120751e-07,0.0001248992467611464,5.385559812174913e-06
R75-input_first-fast-8p,3.6585501562967086e-10,0.0001255150382828726,0.036585501562980544,5.468567286228441e-06,5.252675455616423e-06,1.2551503828287259e-09,2.1463668022855275e-07,0.00012865673617083617,5.468096068657319e-06
R75-input_first-fast-8p,3.714806340700868e-10,0.0001290420989773041,0.03714806340701294,5.552415899994519e-06,5.330851807238459e-06,1.290420989773041e-09,2.2027367176561246e-07,0.0001325304591332196,5.551892687178237e-06
R75-input_first-fast-8p,3.77192755582716e-10,0.0001326240346752778,0.037719275558290265,5.637553727061167e-06,5.410229275929649e-06,1.326240346752778e-09,2.2599821078405145e-07,0.00013652400768335212,5.636968777179338e-06
R75-input_first-fast-8p,3.829927102935863e-10,0.00013683200204119646,0.03829927102936084,5.723915050986658e-06,5.489961065681382e-06,1.3683200204119647e-09,2.3258566528421094e-07,0.00014064108470172518,5.723343733583296e-06
R75-input_first-fast-8p,3.888818487815846e-10,0.00014110467377852995,0.03888818487814582,5.811604321327422e-06,5.570918861931988e-06,1.4110467377852996e-09,2.39274412657055e-07,0.00014488550732724673,5.811037240957133e-06
R75-input_first-fast-8p,3.9486154239295545e-10,0.00014544304482274603,0.039486154239279335,5.900641957430078e-06,5.653121516535257e-06,1.4544304482274604e-09,2.4606601044606106e-07,0.0001492612104750374,5.900069277685246e-06
R75-input_first-fast-8p,4.009331835606272e-10,0.00014984812540790474,0.040093318356041734,5.991048692618655e-06,5.7365881712198845e-06,1.4984812540790474e-09,2.5296204014422245e-07,0.0001537722504621919,5.990460120215196e-06
R75-input_first-fast-8p,4.070981861284635e-10,0.00015432094130233344,0.04070981861284323,6.082845579031416e-06,5.821338262054997e-06,1.5432094130233341e-09,2.599641075629907e-07,0.00015842280874468116,6.082230347369374e-06
R75-input_first-fast-8p,4.1335798568048703e-10,0.00015886253404675987,0.04133579856804644,6.176053992508132e-06,5.907391523962257e-06,1.5886253404675986e-09,2.670738432050665e-07,0.00016321719576891785,6.175400844690312e-06
R75-input_first-fast-8p,4.197140398751644e-10,0.00016347396119766885,0.04197140398750892,6.270695637584558e-06,5.994767995326939e-06,1.6347396119766885e-09,2.7429290264536737e-07,0.00016815985494153402,6.269992808876241e-06
R75-input_first-fast-8p,4.2616782878484706e-10,0.00016815629657311712,0.04261678287846443,6.366792552537366e-06,6.083488022655582e-06,1.6815629657311712e-09,2.8162296691584417e-07,0.0001732553667207482,6.3660277522492305e-06
R75-input_first-fast-8p,4.327208552404149e-10,0.0001729106305031571,0.043272085524039584,6.4643671145236606e-06,6.173572265320976e-06,1.729106305031571e-09,2.8906574289751235e-07,0.0001785084528332824,6.463527507299783e-06
R75-input_first-fast-8p,4.3937464518122883e-10,0.00017821614707164986,0.043937464518109204,6.563370338870016e-06,6.264321330166914e-06,1.7821614707164986e-09,2.972668472323432e-07,0.0001839239806204683,6.562514231262868e-06
R75-input_first-fast-8p,4.461307480104546e-10,0.0001837814702319843,0.04461307480104115,6.663869167766379e-06,6.3561972583580275e-06,1.837814702319843e-09,3.058340947061012e-07,0.000189506967517605,6.663010410807368e-06
R75-input_first-fast-8p,4.5299073695586775e-10,0.00018943236932592166,0.04529907369556814,6.7659133303048384e-06,6.449485929008846e-06,1.8943236932592168e-09,3.1453307760291587e-07,0.0001952625856706094,6.765038866723987e-06
R75-input_first-fast-8p,4.599562094361887e-10,0.00019517016022380971,0.0459956209436337,6.8695265885249245e-06,6.5442090653519855e-06,1.951701602238097e-09,3.23365821571e-07,0.00020119616669400265,6.868622758738066e-06
R75-input_first-fast-8p,4.670287874330617e-10,0.00020099617902840115,0.04670287874332279,6.974733069823747e-06,6.640388724629589e-06,2.0099617902840115e-09,3.323343834042904e-07,0.00020731320657476325,6.97378559031322e-06
R75-input_first-fast-8p,4.742101178687425e-10,0.00020691178238813952,0.047421011786893584,7.081557272613324e-06,6.7380473032652576e-06,2.0691178238813955e-09,3.414408515247198e-07,0.00021361937072634653,7.080551213597615e-06
R75-input_first-fast-8p,4.815018729896121e-10,0.00021291834781184046,0.048150187298978665,7.19002407200311e-06,6.837207542059011e-06,2.1291834781184045e-09,3.5068734646663636e-07,0.00022012049919739718,7.188943834372446e-06
R75-input_first-fast-8p,4.889057507555713e-10,0.00021901727398965264,0.048890575075548524,7.300158725595924e-06,6.937892531485915e-06,2.1901727398965266e-09,3.6007602137089084e-07,0.00022682261204003533,7.298988017090824e-06
R75-input_first-fast-8p,4.964234752354216e-10,0.00022562918069613688,0.04964234752355272,7.411924004400089e-06,7.039497444315454e-06,2.2562918069613693e-09,3.701702682784253e-07,0.00023373191484239364,7.410708689993673e-06
R75-input_first-fast-8p,5.040567970083445e-10,0.0002326634914650572,0.05040567970081512,7.525359750421252e-06,7.142183998738327e-06,2.326634914650572e-09,3.8084911676888065e-07,0.00024085480443053768,7.524131150238311e-06
R75-input_first-fast-8p,5.118074935715336e-10,0.00023980596625214763,0.051180749357157364,7.640539756327546e-06,7.24644952666739e-06,2.3980596625214765e-09,3.9169216999809467e-07,0.00024819787474477165,7.639281069185119e-06
R75-input_first-fast-8p,5.196773697541073e-10,0.00024705826825496824,0.05196773697539522,7.757490842949355e-06,7.352318307386336e-06,2.4705826825496824e-09,4.0270195288077986e-07,0.00025576792289583544,7.756184497638145e-06
R75-input_first-fast-8p,5.276682581373734e-10,0.0002544220862470252,0.05276682581373264,7.876240243556411e-06,7.459814993535385e-06,2.5442208624702527e-09,4.138810291587158e-07,0.00026357195540619815,7.874867871267596e-06
R75-input_first-fast-8p,5.357820194815768e-10,0.0002618991349684434,0.05357820194815572,7.996815610157799e-06,7.568964616814288e-06,2.6189913496844338e-09,4.2523200199383165e-07,0.00027161719464237094,7.995358016003657e-06
R75-input_first-fast-8p,5.440205431591885e-10,0.00026949115552678515,0.054402054315927845,8.11924501996559e-06,7.679792593833476e-06,2.6949115552678516e-09,4.3675751457669384e-07,0.0002799110854437355,8.11768215356601e-06
R75-input_first-fast-8p,5.523857475948695e-10,0.0002774148399609793,0.055238574759466,8.243524745830036e-06,7.792004119746673e-06,2.774148399609793e-09,4.4874647768350283e-07,0.00028846130195407226,8.241867907020098e-06
R75-input_first-fast-8p,5.608795807121864e-10,0.00028606844532269154,0.05608795807123355,8.369624270466367e-06,7.905033978219987e-06,2.8606844532269154e-09,4.6172960779296567e-07,0.00029727575466187623,8.367943306454563e-06
R75-input_first-fast-8p,5.695040203872194e-10,0.0002948551140007771,0.05695040203871762,8.497662781252383e-06,8.01980185537904e-06,2.9485511400077708e-09,4.7491237473321294e-07,0.00030636259765579965,8.495936794639087e-06
R75-input_first-fast-8p,5.782610749091242e-10,0.0003037768920620706,0.05782610749093125,8.627670093281846e-06,8.136334476113066e-06,3.0377689206207057e-09,4.882978482481047e-07,0.0003157302361016196,8.625877232877704e-06
R75-input_first-fast-8p,5.871527834477753e-10,0.00031283585703326225,0.05871527834478846,8.759676480078575e-06,8.254658976227074e-06,3.1283585703326223e-09,5.018891452811804e-07,0.0003253873339477285,8.757793906808788e-06
R75-input_first-fast-8p,5.961812165286215e-10,0.00032203411838761066,0.05961812165287687,8.893712680688787e-06,8.37480290879911e-06,3.2203411838761063e-09,5.156894307058812e-07,0.0003353428218657302,8.891716532379373e-06
R75-input_first-fast-8p,6.053484765148206e-10,0.0003313738180342444,0.060534847651484494,9.029809906811148e-06,8.496794250571297e-06,3.3137381803424436e-09,5.29701918059656e-07,0.00034560590543361466,9.027675261821243e-06
R75-input_first-fast-8p,6.146566980967999e-10,0.0003414554267450363,0.0614656698096853,9.167910112762521e-06,8.6197724125944e-06,3.4145542674503627e-09,5.447231459008433e-07,0.0003561860735685302,9.165700689748354e-06
R75-input_first-fast-8p,6.241080487893313e-10,0.00035199888111918907,0.06241080487893296,9.308087814902336e-06,8.744185660426328e-06,3.51998881119189e-09,5.603821656649909e-07,0.00036709310721692585,9.3058238592919e-06
R75-input_first-fast-8p,6.337047294362745e-10,0.0003627044583257421,0.06337047294362877,9.450420978175076e-06,8.870511965156956e-06,3.6270445832574208e-09,5.762819684350383e-07,0.0003783370883098205,9.448076268341716e-06
R75-input_first-fast-8p,6.434489747230579e-10,0.0003735746512681531,0.06434489747232472,9.594942746317696e-06,8.99878074316205e-06,3.735746512681531e-09,5.924262566431417e-07,0.0003899284089911075,9.592489875842001e-06
R75-input_first-fast-8p,6.53343053697041e-10,0.00038461199118147477,0.06533430536968905,9.741686772694705e-06,9.12902186313196e-06,3.8461199118147476e-09,6.088187896511111e-07,0.00040187778112729916,9.739097108159185e-06
R75-input_first-fast-8p,6.633892702959004e-10,0.0003958190482243388,0.0663389270295728,9.890687228168744e-06,9.261265653057064e-06,3.958190482243388e-09,6.254633846296177e-07,0.0004141962461071349,9.887930865571454e-06
R75-input_first-fast-8p,6.735899638841148e-10,0.000407820289010364,0.06735899638841522,1.0041885537826892e-05,9.394622424773084e-06,4.0782028901036404e-09,6.431849101638707e-07,0.000426895184939797,1.0039024528764335e-05
R75-input_first-fast-8p,6.839475097977161e-10,0.00042037090482470717,0.06839475097975045,1.0195354047308708e-05,9.529489738126263e-06,4.203709048247072e-09,6.616606001343377e-07,0.0004399863286607962,1.0192411965445268e-05
R75-input_first-fast-8p,6.944643198973984e-10,0.00043311450685738865,0.06944643198973041,1.0351182385799475e-05,9.666430856714698e-06,4.3311450685738865e-09,6.804203840163175e-07,0.0004534817690548438,1.0348127537063106e-05
R75-input_first-fast-8p,7.051428431301623e-10,0.00044605406258641254,0.07051428431302902,1.0509406839520762e-05,9.805477668677727e-06,4.4605406258641256e-09,6.994686302172579e-07,0.00046739396970517036,1.05062061055358e-05
R75-input_first-fast-8p,7.159855660995658e-10,0.0004591925851195893,0.07159855660997459,1.0670064252653871e-05,9.946662552486754e-06,4.591925851195893e-09,7.188097743159845e-07,0.0004817357773793046,1.0666683040111868e-05
R75-input_first-fast-8p,7.269950136447608e-10,0.000472626197582925,0.07269950136448684,1.0833178077470816e-05,1.0089881106319136e-05,4.72626197582925e-09,7.385707091758899e-07,0.0004965204337612386,1.0829594224300558e-05
R75-input_first-fast-8p,7.381737494284164e-10,0.0004872406802891051,0.07381737494281869,1.0998653909297731e-05,1.0233864680579227e-05,4.872406802891051e-09,7.599168219156936e-07,0.0005117615875405934,1.09949760628692e-05
R75-input_first-fast-8p,7.495243765337117e-10,0.0005020798845382491,0.07495243765335668,1.116667420232789e-05,1.0380062237476929e-05,5.02079884538249e-09,7.815911660057003e-07,0.0005274733068695751,1.1162865488944182e-05
R75-input_first-fast-8p,7.610495380704782e-10,0.0005171472657907697,0.07610495380705692,1.1337278081804223e-05,1.0528507820607967e-05,5.171472657907697e-09,8.035987885385115e-07,0.0005436700921985459,1.1333299971150407e-05
R75-input_first-fast-8p,7.727519177906815e-10,0.0005324463326401463,0.0772751917790666,1.151050527458099e-05,1.0679235997041183e-05,5.3244633264014634e-09,8.259448142136102e-07,0.0005603668895019049,1.1506317520870107e-05
R75-input_first-fast-8p,7.846342407133477e-10,0.0005479806476312678,0.07846342407131979,1.1686396118389654e-05,1.0832281865380944e-05,5.479806476312679e-09,8.486344465326439e-07,0.0005775791039058783,1.1681956699587441e-05
R75-input_first-fast-8p,7.966992737591312e-10,0.0005648420168303757,0.0796699273758955,1.1864828355760863e-05,1.098608170367219e-05,5.648420168303758e-09,8.730982319205159e-07,0.0005953226137302202,1.1860256626285369e-05
R75-input_first-fast-8p,8.089498263946104e-10,0.0005820219973289943,0.08089498263947689,1.2045995379902136e-05,1.114215925070501e-05,5.820219973289943e-09,8.980159092238738e-07,0.0006136137849564659,1.2041256984943708e-05
R75-input_first-fast-8p,8.213887512864918e-10,0.0005994661480883866,0.0821388751286575,1.2229948142945434e-05,1.1300636744949868e-05,5.994661480883866e-09,9.233167365146042e-07,0.0006324694861354336,1.2224998032098351e-05
R75-input_first-fast-8p,8.340189449659016e-10,0.0006171785311585525,0.08340189449660274,1.2416729480184452e-05,1.1461551089521996e-05,6.171785311585524e-09,9.490066053506803e-07,0.0006519071037471117,1.2411520604535894e-05
R75-input_first-fast-8p,8.468433485028601e-10,0.000635363415827151,0.08468433485030431,1.2606352866213567e-05,1.1624646611741773e-05,6.353634158271509e-09,9.753526203132477e-07,0.0006719445580267041,1.2600866127007293e-05
R75-input_first-fast-8p,8.598649481911463e-10,0.0006548546653749606,0.08598649481910518,1.279873802226469e-05,1.1788746169422495e-05,6.5485466537496054e-09,1.0034433061882463e-06,0.0006926003192705611,1.2793076620060088e-05
R75-input_first-fast-8p,8.730867762436734e-10,0.0006746456247214784,0.08730867762436802,1.2994081414331062e-05,1.1955369025841965e-05,6.746456247214784e-09,1.0319659322417607e-06,0.0007138934246366796,1.2988194707967983e-05
R75-input_first-fast-8p,8.865119114985912e-10,0.000694740902393731,0.08865119114986365,1.3192428530116742e-05,1.2124553980834167e-05,6.9474090239373105e-09,1.060927140258594e-06,0.00073584349545418,1.3186263626692073e-05
R75-input_first-fast-8p,9.001434801362152e-10,0.000715145177782685,0.09001434801359949,1.3393825556776592e-05,1.2296340430846514e-05,7.1514517778268495e-09,1.090333674152286e-06,0.0007584707550576044,1.3387327231979294e-05
R75-input_first-fast-8p,9.139846564069784e-10,0.0007367517761682318,0.09139846564070662,1.3598186116091256e-05,1.2469471856347554e-05,7.3675177616823184e-09,1.1213467419820705e-06,0.0007817960471610564,1.3591430007538761e-05
R75-input_first-fast-8p,9.2803866337061e-10,0.0007591078162424285,0.09280386633704707,1.3805626476979138e-05,1.2644656714889444e-05,7.591078162424285e-09,1.153378683927309e-06,0.0008058408547889763,1.3798617073242565e-05
R75-input_first-fast-8p,9.423087736466432e-10,0.0007818076169485934,0.09423087736464202,1.4016256572243856e-05,1.282253532677422e-05,7.818076169485933e-09,1.1859031693001723e-06,0.0008306273197797344,1.4008934193513822e-05
R75-input_first-fast-8p,9.56798310176486e-10,0.0008048564641682258,0.09567983101765071,1.42301254492642e-05,1.3003149112861738e-05,8.048564641682258e-09,1.218927771760788e-06,0.000856178262879216,1.4222427785708806e-05
R75-input_first-fast-8p,9.71510646997186e-10,0.0008289069202815322,0.09715106469970451,1.4447185837950735e-05,1.3185599314891646e-05,8.289069202815322e-09,1.2532974538562132e-06,0.0008825172044424876,1.4439144928611138e-05
R75-input_first-fast-8p,9.864492100271336e-10,0.0008540639682653684,0.09864492100272336,1.4667473376838112e-05,1.3369783947608235e-05,8.540639682653685e-09,1.289148789547027e-06,0.0009096683857610609,1.465913337105449e-05
R75-input_first-fast-8p,1.0016174778638063e-09,0.0008796078469518184,0.10016174778636744,1.4891148196439012e-05,1.355680071988787e-05,8.796078469518183e-09,1.3255513980812929e-06,0.0009376567910346846,1.4882441540543881e-05
R75-input_first-fast-8p,1.0170189825938034e-09,0.0009055445044964403,0.1017018982593947,1.5118262381741696e-05,1.3746693180514472e-05,9.055445044964402e-09,1.3625137561817887e-06,0.0009665081700071394,1.5109118552063247e-05
R75-input_first-fast-8p,1.0326573106153126e-09,0.0009325949593433117,0.10326573106152659,1.5348761580218454e-05,1.3938470487906434e-05,9.325949593433118e-09,1.4009651427181687e-06,0.0009962490612852666,1.533921421685675e-05
R75-input_first-fast-8p,1.0485361034732646e-09,0.0009608081338947291,0.10485361034730432,1.558269307296637e-05,1.413211559433413e-05,9.608081338947291e-09,1.4409693972931332e-06,0.001026906816362171,1.557277905140305e-05
R75-input_first-fast-8p,1.0646590587072861e-09,0.000989455132087644,0.10646590587070746,1.582022164451376e-05,1.4328738310568741e-05,9.894551320876438e-09,1.481588782624244e-06,0.001058509624365085,1.5809864286395162e-05
R75-input_first-fast-8p,1.0810299307127208e-09,0.0010185426246688645,0.10810299307125483,1.6061402605820255e-05,1.4528384422222713e-05,1.0185426246688646e-08,1.522832757351224e-06,0.0010910865375497127,1.605052187583078e-05
R75-input_first-fast-8p,1.0976525316148585e-09,0.001049188865545511,0.10976525316150297,1.6306125409389758e-05,1.4729497949811781e-05,1.0491888655455111e-08,1.5661355709228286e-06,0.0011246674975631625,1.6294804506196843e-05
R75-input_first-fast-8p,1.1145307321566563e-09,0.0010807337965532348,0.11145307321564589,1.6554547112706506e-05,1.4933087647468196e-05,1.0807337965532349e-08,1.6106521272728922e-06,0.001159283362498164,1.6542765605700658e-05
R75-input_first-fast-8p,1.1316684626000661e-09,0.0011127637824009523,0.11316684626002042,1.6806788705485804e-05,1.5139807869271167e-05,1.1127637824009522e-08,1.6558531983905474e-06,0.0011949659347624438,1.6794459353664537e-05
R75-input_first-fast-8p,1.1490697136412232e-09,0.0011455156031644734,0.11490697136411997,1.706287452922321e-05,1.5349377639018985e-05,1.1455156031644735e-08,1.7020417341723333e-06,0.0012317479897868983,1.7049940689870927e-05
R75-input_first-fast-8p,1.1667385373397482e-09,0.0011801574759021285,0.11667385373397987,1.732269014127852e-05,1.5560180124346557e-05,1.1801574759021286e-08,1.7507084421727553e-06,0.0012696633055979002,1.730926532413358e-05
R75-input_first-fast-8p,1.1846790480622924e-09,0.0012153320240159526,0.11846790480624045,1.758650084274295e-05,1.577422404220347e-05,1.2153320240159527e-08,1.8001234802991883e-06,0.0013087466932790392,1.757248974583703e-05
R75-input_first-fast-8p,1.202895423440619e-09,0.0012510474382598274,0.12028954234407345,1.7854368064641e-05,1.599155923490882e-05,1.2510474382598275e-08,1.8502983553495035e-06,0.0013490340283486438,1.7839671233618153e-05
R75-input_first-fast-8p,1.2213919053443888e-09,0.0012885503646646382,0.12213919053442142,1.812616844782492e-05,1.621046721737283e-05,1.2885503646646382e-08,1.9028157268054647e-06,0.001390562283080536,1.8110867865103185e-05
R75-input_first-fast-8p,1.2401728008689521e-09,0.0013270873009997518,0.12401728008688881,1.840207961008118e-05,1.643208790391386e-05,1.3270873009997518e-08,1.9567208331574667e-06,0.001433369559795239,1.838613852674694e-05
R75-input_first-fast-8p,1.259242483338285e-09,0.0013662168056756514,0.125924248333819,1.868223335711898e-05,1.665711637049649e-05,1.3662168056756514e-08,2.0114548185659954e-06,0.0014774951251508705,1.8665542923699967e-05
R75-input_first-fast-8p,1.278605393323348e-09,0.0014067781791052187,0.12786053933231922,1.896657040711139e-05,1.688442504388334e-05,1.4067781791052188e-08,2.0680775814373172e-06,0.001522979445462866,1.8949141589813524e-05
R75-input_first-fast-8p,1.2982660396761483e-09,0.0014489499759749278,0.1298266039675988,1.9255131606419862e-05,1.7113826494479142e-05,1.4489499759749278e-08,2.1268156121812663e-06,0.0015698642230831939,1.9236995897682633e-05
R75-input_first-fast-8p,1.3182290005796522e-09,0.0014917702331036986,0.13182290005795877,1.9548129905495195e-05,1.7346755367075533e-05,1.4917702331036986e-08,2.1864568360888998e-06,0.0016181924338699554,1.952916806877331e-05
R75-input_first-fast-8p,1.3384989246138727e-09,0.0015356083148312487,0.133849892461391,1.984557962725717e-05,1.7582757875908063e-05,1.5356083148312487e-08,2.247465668201038e-06,0.0016680083657794652,1.982572118362281e-05
R75-input_first-fast-8p,1.3590805318383166e-09,0.0015817242797736169,0.13590805318382893,2.014736257311247e-05,1.7820122231755176e-05,1.581724279773617e-08,2.3114230985597174e-06,0.0017193576586142616,2.01267191921142e-05
R75-input_first-fast-8p,1.3799786148911318e-09,0.0016285493530009654,0.1379978614890926,2.0453785924680606e-05,1.8061136452274978e-05,1.6285493530009656e-08,2.376363978875696e-06,0.0017722873449603506,2.043222692382676e-05
R75-input_first-fast-8p,1.4011980401051062e-09,0.0016760944382119706,0.14011980401048507,2.0764921035782577e-05,1.8305856660101266e-05,1.6760944382119706e-08,2.44230343129918e-06,0.0018268458923492968,2.074231009845027e-05
R75-input_first-fast-8p,1.4227437486408252e-09,0.0017264424359131373,0.1422743748640832,2.108052960752183e-05,1.8551428331165108e-05,1.7264424359131373e-08,2.511836851997496e-06,0.0018830832466804467,2.1057035336264488e-05
R75-input_first-fast-8p,1.4446207576373066e-09,0.0017776073834357335,0.14446207576372233,2.14009847619877e-05,1.880071596779771e-05,1.7776073834357337e-08,2.5824927203554473e-06,0.001941050876940702,2.1376470168678052e-05
R75-input_first-fast-8p,1.4668341613802697e-09,0.001829559075597674,0.1466834161380139,2.172636743787465e-05,1.9053836809021967e-05,1.8295590755976742e-08,2.654235038096432e-06,0.0020008018212595863,2.170068304887203e-05
R75-input_first-fast-8p,1.489389132488403e-09,0.0018840896870463823,0.14893891324884534,2.2056486413328903e-05,1.930836482947191e-05,1.8840896870463824e-08,2.7292806869863494e-06,0.0020623907343388106,2.2029743362459616e-05
R75-input_first-fast-8p,1.5122909231178384e-09,0.0019399557213849628,0.15122909231178575,2.239160697425202e-05,1.956611293147682e-05,1.939955721384963e-08,2.806094485561315e-06,0.0021258739362961694,2.236372143821956e-05
R75-input_first-fast-8p,1.5355448661852056e-09,0.0019966807872513056,0.15355448661852464,2.2731880561174615e-05,1.9827824331547624e-05,1.9966807872513056e-08,2.8840894217545904e-06,0.002191309462965734,2.2702688558916116e-05
R75-input_first-fast-8p,1.5591563766094312e-09,0.0020558601439181028,0.15591563766091981,2.3077149121432338e-05,2.009136661730889e-05,2.055860143918103e-08,2.965223902684432e-06,0.0022587571176961832,2.3046716972135578e-05
R75-input_first-fast-8p,1.5831309525726719e-09,0.0021168129242151554,0.15831309525724763,2.3427597243304398e-05,2.0357764216879844e-05,2.1168129242151555e-08,3.0486648971825692e-06,0.0023282785246910628,2.3395879901221958e-05
R75-input_first-fast-8p,1.6074741768005957e-09,0.002178702953067931,0.16074741768006262,2.378343407746291e-05,2.0628258114670977e-05,2.1787029530679308e-08,3.1333889332614235e-06,0.0023999371839361697,2.3750251556215946e-05
R75-input_first-fast-8p,1.6321917178624163e-09,0.002242924934820366,0.16321917178621717,2.4144535456563286e-05,2.090101281174311e-05,2.242924934820366e-08,3.2210933954720792e-06,0.002473798527760042,2.410990714487292e-05
R75-input_first-fast-8p,1.6572893314908513e-09,0.0023093810860015467,0.16572893314908316,2.4511002376177756e-05,2.117624688457375e-05,2.3093810860015468e-08,3.311661680743982e-06,0.002549929979074827,2.447492288375919e-05
R75-input_first-fast-8p,1.6827728619224166e-09,0.0023768591090542026,0.16827728619225626,2.4883104323255057e-05,2.14557131308315e-05,2.3768591090542023e-08,3.403622601332888e-06,0.002628401011346331,2.4845376009311256e-05
R75-input_first-fast-8p,1.7086482432582902e-09,0.0024466594483998788,0.17086482432584355,2.5260735251000022e-05,2.1737723921489884e-05,2.4466594483998788e-08,3.498544735025912e-06,0.0027092832103438867,2.522134478901561e-05
R75-input_first-fast-8p,1.7349215008461684e-09,0.002519064773172604,0.1734921500846144,2.5643943135479475e-05,2.202198146621125e-05,2.519064773172604e-08,3.5967710215361924e-06,0.002792650337720855,2.5602908532593396e-05
R75-input_first-fast-8p,1.7615987526833106e-09,0.0025925834480781274,0.17615987526831176,2.603304346710165e-05,2.2310609934979403e-05,2.5925834480781278e-08,3.6965076976410756e-06,0.0028785783964792675,2.5990147603226506e-05
R75-input_first-fast-8p,1.7886862108411552e-09,0.0026684469393294364,0.17886862108412283,2.6427944714221514e-05,2.2602035472788916e-05,2.6684469393294364e-08,3.799224772038966e-06,0.0029671456983724016,2.6383143428816958e-05
R75-input_first-fast-8p,1.8161901829119072e-09,0.002747282200176951,0.18161901829118307,2.6828647447676867e-05,2.289550255118088e-05,2.747282200176951e-08,3.905672074494136e-06,0.003058432933302454,2.6781978513251908e-05
R75-input_first-fast-8p,1.8441170734772971e-09,0.0028273296819267906,0.18441170734770573,2.7235511640153112e-05,2.319348216524212e-05,2.8273296819267905e-08,4.0137561780919036e-06,0.0031525232407689638,2.7186736447754955e-05
R75-input_first-fast-8p,1.8724733855999685e-09,0.0029098741897849592,0.18724733855997505,2.7648442124307153e-05,2.3494349108082008e-05,2.909874189784959e-08,4.124994274327579e-06,0.003249502283429133,2.7597501922200156e-05
R75-input_first-fast-8p,1.9012657223377517e-09,0.002995654120811636,0.19012657223375318,2.8067427187366767e-05,2.379721091824502e-05,2.9956541208116357e-08,4.240259727913772e-06,0.0033494583228288835,2.801436073646254e-05
R75-input_first-fast-8p,1.9305007882812993e-09,0.003082753058388941,0.19305007882814398,2.8492854830132106e-05,2.410472972342725e-05,3.082753058388941e-08,4.357297576120966e-06,0.0034524822973683207,2.8437399811801937e-05
R75-input_first-fast-8p,1.960185391115297e-09,0.00317256584631332,0.19601853911153164,2.892461794972652e-05,2.441515805926252e-05,3.1725658463133196e-08,4.477734232000752e-06,0.003558667902565151,2.8866707202213383e-05
R75-input_first-fast-8p,1.9903264432036775e-09,0.0032658448429094115,0.19903264432035697,2.9362707378589465e-05,2.4727600230226303e-05,3.265844842909412e-08,4.602448699933863e-06,0.0036681116736816347,2.9302372105848604e-05
R75-input_first-fast-8p,2.0209309631992837e-09,0.003360558156437583,0.2020930963199267,2.9807533147984715e-05,2.504484670990333e-05,3.360558156437583e-08,4.729080856516717e-06,0.0037809130707834706,2.9744484876377698e-05
R75-input_first-fast-8p,2.0520060776782018e-09,0.0034583530933731672,0.20520060776780613,3.025895507161653e-05,2.5364845261573818e-05,3.4583530933731676e-08,4.8595262791086844e-06,0.0038971745662993496,3.0193137034363193e-05
R75-input_first-fast-8p,2.0835590227992743e-09,0.0035597250949960047,0.2083559022799222,3.071700737298661e-05,2.5687052067526594e-05,3.559725094996005e-08,4.994358054509869e-06,0.004017001735152933,3.0648421278654826e-05
R75-input_first-fast-8p,2.1155971459890793e-09,0.0036626558567213283,0.2115597145989114,3.11821029766571e-05,2.6014213329402387e-05,3.662655856721328e-08,5.131263088687422e-06,0.004140503347540139,3.111043149772422e-05
R75-input_first-fast-8p,2.1481279076529057e-09,0.00376913546345522,0.21481279076526272,3.1654055290661025e-05,2.6343867394463955e-05,3.76913546345522e-08,5.2724965415624154e-06,0.00426779146442801,3.157926278101064e-05
R75-input_first-fast-8p,2.1811588829119503e-09,0.003879239663327362,0.21811588829117112,3.213296657155466e-05,2.6676025256290918e-05,3.8792396633273616e-08,5.418148918630228e-06,0.004398981535850959,3.205501143025365e-05
R75-input_first-fast-8p,2.214697763367281e-09,0.003991036895113425,0.2214697763367205,3.261924189563131e-05,2.701329058778013e-05,3.9910368951134246e-08,5.566040938899669e-06,0.004534192502085205,3.2537774970743526e-05
R75-input_first-fast-8p,2.248752358890866e-09,0.004107026398378725,0.22487523588907335,3.311262354532784e-05,2.7352593413144054e-05,4.107026398378725e-08,5.718959868199601e-06,0.004673546897781928,3.3027652162578824e-05
R75-input_first-fast-8p,2.283330599444242e-09,0.004226548017107589,0.22833305994441366,3.361332947630848e-05,2.769488753728258e-05,4.226548017107589e-08,5.876176458854485e-06,0.0048171709591437115,3.3524743011880496e-05
R75-input_first-fast-8p,2.3184405369250454e-09,0.004347907475947583,0.23184405369251518,3.41217345788166e-05,2.804244499267311e-05,4.347907475947583e-08,6.035810511383744e-06,0.004965194734229146,3.402914878193054e-05
R75-input_first-fast-8p,2.3540903470420007e-09,0.004474239283075808,0.2354090347041899,3.4637491339616834e-05,2.8391454801626572e-05,4.474239283075808e-08,6.201294145159245e-06,0.005117752196475201,3.4540972004260044e-05
R75-input_first-fast-8p,2.3902883312186784e-09,0.004603915464848451,0.2390288331218705,3.516096844708356e-05,2.8744074828988842e-05,4.603915464848451e-08,6.370854463445956e-06,0.005274981361525886,3.50603164897114e-05
R75-input_first-fast-8p,2.427042918526626e-09,0.004735585629723458,0.24270429185264908,3.5692494870103036e-05,2.9102116965226496e-05,4.735585629723458e-08,6.5430220485790015e-06,0.005437024407463249,3.5587287339358575e-05
R75-input_first-fast-8p,2.464362667648133e-09,0.004873213573270351,0.2464362667647889,3.623160445629245e-05,2.946081786028242e-05,4.873213573270351e-08,6.72205446027726e-06,0.00560402779853279,3.612199095542423e-05
R75-input_first-fast-8p,2.5022562688691785e-09,0.005013835133873729,0.2502256268869041,3.677887213890576e-05,2.9823953210970367e-05,5.0138351338737295e-08,6.904780576596875e-06,0.005776142412463258,3.666453505205784e-05
R75-input_first-fast-8p,2.5407325461031142e-09,0.0051566189806581215,0.25407325461031577,3.733455495602868e-05,3.0192672360808747e-05,5.156618980658121e-08,7.0903164054138686e-06,0.005953523671481481,3.721502866603605e-05
R75-input_first-fast-8p,2.579800458945361e-09,0.0053065222175634605,0.25798004589454243,3.789804378397126e-05,3.056110797662572e-05,5.306522217563461e-08,7.283870585170329e-06,0.0061363316771238284,3.777358216736367e-05
R75-input_first-fast-8p,2.6194691047597647e-09,0.005458939934868397,0.2619469104759664,3.847016575450595e-05,3.0934955627892674e-05,5.458939934868397e-08,7.480620727264905e-06,0.006324731348951691,3.8340307269765535e-05
R75-input_first-fast-8p,2.6597477207969677e-09,0.005614355050834573,0.2659747720796768,3.905098698344971e-05,3.131377709127225e-05,5.614355050834573e-08,7.681066341669303e-06,0.006518892567278481,3.891531704105298e-05
R75-input_first-fast-8p,2.7006456863454604e-09,0.005776981879055684,0.270064568634531,3.964001605179523e-05,3.1692709251584954e-05,5.7769818790556836e-08,7.889536981419642e-06,0.0067189903200205025,3.9498725913354784e-05
R75-input_first-fast-8p,2.7421725249156154e-09,0.005942109360390292,0.2742172524915625,4.02381024041683e-05,3.207746811279846e-05,5.942109360390292e-08,8.101213197765597e-06,0.006925204853785385,4.009064969321413e-05
R75-input_first-fast-8p,2.7843379064572974e-09,0.006111466743103179,0.27843379064573376,4.084513171157788e-05,3.2466184842487735e-05,6.111466743103178e-08,8.317832201658734e-06,0.007137721829314631,4.0691205571534466e-05
R75-input_first-fast-8p,2.827151649611679e-09,0.006287579362792665,0.28271516496116245,4.146087247153452e-05,3.285607057327902e-05,6.287579362792664e-08,8.541926104627712e-06,0.007356732481402465,4.130051213337482e-05
R75-input_first-fast-8p,2.8706237239975676e-09,0.0064664000016659735,0.2870623723997356,4.2086081251404574e-05,3.325195143400671e-05,6.466400001665974e-08,8.769465817381858e-06,0.007582433783412207,4.1918689367563665e-05
R75-input_first-fast-8p,2.9147642525329553e-09,0.00665092954137555,0.29147642525328127,4.27204597862051e-05,3.365057427334439e-05,6.650929541375549e-08,9.003376217447801e-06,0.007815028616517722,4.2545858676137796e-05
R75-input_first-fast-8p,2.959583513792197e-09,0.006841569345765063,0.29595835137921334,4.336410204257101e-05,3.4051626760441754e-05,6.841569345765062e-08,9.24405958867227e-06,0.008054725943799248,4.318214288357385e-05
R75-input_first-fast-8p,3.0050919443995528e-09,0.007035140548531116,0.300509194439945,4.401764134993016e-05,3.4458846084592634e-05,7.035140548531116e-08,9.488443859852689e-06,0.008301740989326782,4.3827666245837185e-05
R75-input_first-fast-8p,3.051300141459428e-09,0.007236128802037511,0.3051300141459453,4.468056385746808e-05,3.4867443962247726e-05,7.236128802037511e-08,9.740758607200312e-06,0.008556295422367174,4.4482554459208566e-05
R75-input_first-fast-8p,3.09821886502398e-09,0.007442417958809917,0.30982188650239467,4.535334835037494e-05,3.527989404077045e-05,7.442417958809916e-08,9.999030130016587e-06,0.008818617546853875,4.514693466886136e-05
R75-input_first-fast-8p,3.14585904059878e-09,0.0076518791483131945,0.3145859040598648,4.603647800376291e-05,3.569868621293201e-05,7.651879148313194e-08,1.0261272999347836e-05,0.009088942496264157,4.582093547723128e-05
R75-input_first-fast-8p,3.194231761686881e-09,0.00787074409003811,0.31942317616868215,4.67291845227666e-05,3.611731789019184e-05,7.870744090038109e-08,1.0533159191674473e-05,0.009367512434048694,4.650468695210584e-05
R75-input_first-fast-8p,3.243348292372078e-09,0.008093891429437453,0.3243348292371887,4.743240499801616e-05,3.6541407851972946e-05,8.093891429437454e-08,1.081005823174899e-05,0.009654576759765377,4.7198320634442775e-05
R75-input_first-fast-8p,3.2932200699418137e-09,0.008321048982824373,0.3293220069941526,4.814635179965401e-05,3.6971421377166154e-05,8.321048982824373e-08,1.1091719932659828e-05,0.009950392321069852,4.790196954593245e-05
R75-input_first-fast-8p,3.3438587075505444e-09,0.008558705121108486,0.33438587075503284,4.887022593228974e-05,3.740081689313926e-05,8.558705121108487e-08,1.1383821987939555e-05,0.010255223631722604,4.8615768196235974e-05
R75-input_first-fast-8p,3.395275996923934e-09,0.00880001561069889,0.3395275996923948,4.9605230812068314e-05,3.783681506653179e-05,8.800015610698892e-08,1.1680415589429655e-05,0.010569343095771951,4.9339852589919464e-05
R75-input_first-fast-8p,3.4474839111047006e-09,0.00904734384877134,0.34474839111047584,5.035119153882374e-05,3.827722205344925e-05,9.047343848771342e-08,1.1983496046886882e-05,0.010893031238081026,5.0074360233059374e-05
R75-input_first-fast-8p,3.5004946072406093e-09,0.009304276099017569,0.35004946072402837,5.110775255821781e-05,3.8718629837032014e-05,9.304276099017569e-08,1.229607996019581e-05,0.011226576941366072,5.081943013951271e-05
R75-input_first-fast-8p,3.5543204294154714e-09,0.00956515910227813,0.3554320429415256,5.1875946939033175e-05,3.916682498627195e-05,9.565159102278132e-08,1.2613470361738717e-05,0.011570277689920978,5.1575202836838715e-05
R75-input_first-fast-8p,3.608973911523535e-09,0.00983431611339346,0.360897391152348,5.265531423771436e-05,3.96178446557156e-05,9.834316113393461e-08,1.2939126420865019e-05,0.011924439820206233,5.23418203717881e-05
R75-input_first-fast-8p,3.6644677801881587e-09,0.0101120270964006,0.3664467780187977,5.3446003347274656e-05,4.0071586537230124e-05,1.0112027096400601e-07,1.3273296539080458e-05,0.01228937877848346,5.31194263154596e-05
R75-input_first-fast-8p,3.720814957725279e-09,0.010394008339376107,0.372081495772518,5.424885059338186e-05,4.053230544130107e-05,1.0394008339376107e-07,1.3612605068686718e-05,0.012665419385681314,5.3908165768032614e-05
R75-input_first-fast-8p,3.778028565152591e-09,0.010686797368475914,0.37780285651523204,5.506307222409768e-05,4.099421079039951e-05,1.0686797368475915e-07,1.3961993460013275e-05,0.01305289610968681,5.470818536303406e-05
R75-input_first-fast-8p,3.8361219252448694e-09,0.010986915877778848,0.38361219252447976,5.588938977011507e-05,4.146064208353623e-05,1.0986915877778847e-07,1.4318878527801302e-05,0.013452153345252446,5.55196332712124e-05
R75-input_first-fast-8p,3.895108565636265e-09,0.011291649199365166,0.38951085656363155,5.6728413298080035e-05,4.193424551965714e-05,1.1291649199365166e-07,1.4681251286429894e-05,0.013863545701722619,5.6342659203880634e-05
R75-input_first-fast-8p,3.955002221970444e-09,0.011609978228481845,0.39550022219702724,5.757900179821995e-05,4.2407427864739314e-05,1.1609978228481845e-07,1.5055474151196385e-05,0.014287438298782826,5.7177414415824395e-05
R75-input_first-fast-8p,4.0158168410990185e-09,0.011934275004563342,0.4015816841099001,5.844250856082244e-05,4.288695851767722e-05,1.1934275004563343e-07,1.5436207293100016e-05,0.014724207070439293,5.802405170769349e-05
R75-input_first-fast-8p,4.077566584329236e-09,0.012264392394638267,0.4077566584329177,5.931916805696692e-05,4.3373182850911834e-05,1.2264392394638267e-07,1.5823341282109006e-05,0.015174239077445268,5.888272542781895e-05
R75-input_first-fast-8p,4.140265830721527e-09,0.01260949073248401,0.41402658307214363,6.020782201371937e-05,4.385880932953351e-05,1.260949073248401e-07,1.6222917776861414e-05,0.015637932828389284,5.975359147354388e-05
R75-input_first-fast-8p,4.203929180437911e-09,0.01295989552094632,0.42039291804378476,6.111014047655482e-05,4.43519031084702e-05,1.2959895520946322e-07,1.662863841287565e-05,0.01611569860967418,6.0636807291938695e-05
R75-input_first-fast-8p,4.268571458141747e-09,0.013318516527110691,0.42685714581414813,6.20259093672168e-05,4.4850425205082806e-05,1.3318516527110692e-07,1.7042298996863493e-05,0.01660795882460967,6.153253187993074e-05
R75-input_first-fast-8p,4.334207716449753e-09,0.013691406958877933,0.433420771644976,6.295444654750529e-05,4.534994545891335e-05,1.3691406958877934e-07,1.7467587019003882e-05,0.017115148341855346,6.244092578383815e-05
R75-input_first-fast-8p,4.400853239437272e-09,0.014070031190096637,0.44008532394369426,6.389726150357304e-05,4.585714665254123e-05,1.4070031190096637e-07,1.7899414539131665e-05,0.017637714853453466,6.336215109820225e-05
R75-input_first-fast-8p,4.4685235461972486e-09,0.014459358495287771,0.4468523546197167,6.48538416710224e-05,4.636870764178652e-05,1.445935849528777e-07,1.8340540444283795e-05,0.01817611924269388,6.42963714640536e-05
R75-input_first-fast-8p,4.53723439445405e-09,0.014862325710214787,0.453723439445408,6.582398290642147e-05,4.6882742119488165e-05,1.4862325710214788e-07,1.8792617529831696e-05,0.01873083596206078,6.52437520663647e-05
R75-input_first-fast-8p,4.607001784232738e-09,0.015271489204263208,0.46070017842327277,6.680904164790799e-05,4.7404680716889576e-05,1.5271489204263207e-07,1.925164603897606e-05,0.019302353421515907,6.620445963088598e-05
R75-input_first-fast-8p,4.67784196158495e-09,0.015693817815634416,0.46778419615848044,6.780821632365721e-05,4.793022590951816e-05,1.5693817815634416e-07,1.972105223598288e-05,0.019891174387380046,6.717866242019278e-05
R75-input_first-fast-8p,4.749771422371881e-09,0.01612938702143727,0.4749771422371926,6.882174303143251e-05,4.845951477696437e-05,1.6129387021437273e-07,2.0200934384253987e-05,0.020497816392075294,6.816653022897334e-05
R75-input_first-fast-8p,4.822806916105561e-09,0.016571653815219915,0.48228069161052295,6.985085436779208e-05,4.89969423252659e-05,1.6571653815219916e-07,2.0688195504374238e-05,0.021122812155001978,6.916823437849179e-05
R75-input_first-fast-8p,4.89696544984906e-09,0.017029382344026615,0.4896965449848926,7.089449090008107e-05,4.9537635240763864e-05,1.7029382344026615e-07,2.1186561835877074e-05,0.0217667100148249,7.018394771029895e-05
R75-input_first-fast-8p,4.972264292176887e-09,0.017500364571347463,0.49722642921767896,7.195324281590068e-05,5.008305522605507e-05,1.7500364571347465e-07,2.1695183944132022e-05,0.022430074373453734,7.121384457898318e-05
R75-input_first-fast-8p,5.0487209771960655e-09,0.017978588919699577,0.5048720977195988,7.302827477175506e-05,5.063686193449041e-05,1.797858891969958e-07,2.221162694806729e-05,0.023113486152003468,7.225810084413443e-05
R75-input_first-fast-8p,5.126353308629178e-09,0.01847413340293334,0.5126353308628938,7.41183422194208e-05,5.119414300571789e-05,1.847413340293334e-07,2.2739457879673386e-05,0.02381754325902983,7.331689386133746e-05
R75-input_first-fast-8p,5.205179363960056e-09,0.01898368924283202,0.5205179363959948,7.52242125774548e-05,5.1756760217897216e-05,1.8983689242832022e-07,2.327761546712956e-05,0.0245428610713394,7.439040247225071e-05
R75-input_first-fast-8p,5.285217498643438e-09,0.019501080336059115,0.5285217498643282,7.6347087498532e-05,5.232802858867228e-05,1.9501080336059116e-07,2.3824048106499894e-05,0.02529007292768138,7.547880699367444e-05
R75-input_first-fast-8p,5.366486350379159e-09,0.020036798927455,0.5366486350378986,7.748567281335292e-05,5.2903628623849736e-05,2.0036798927455003e-07,2.4381676200229273e-05,0.02605983063563004,7.658228920565657e-05
R75-input_first-fast-8p,5.449004843452066e-09,0.02058852965397255,0.5449004843451803,7.864059964094029e-05,5.348474187873268e-05,2.058852965397255e-07,2.494997246566792e-05,0.026852804991977546,7.77010323385186e-05
R75-input_first-fast-8p,5.532792193138862e-09,0.021148744141589893,0.5532792193138724,7.981328535492291e-05,5.4074790699081525e-05,2.1148744141589893e-07,2.55270072144249e-05,0.027669686316960988,7.883522105883587e-05
R75-input_first-fast-8p,5.617867910182493e-09,0.021726676239746306,0.5617867910182152,8.100263762505055e-05,5.4670762818417235e-05,2.1726676239746306e-07,2.611460804423495e-05,0.028511185002651762,7.998504145427792e-05
R75-input_first-fast-8p,5.704251805335468e-09,0.02232476618986522,0.5704251805335095,8.220858758182881e-05,5.52719992831312e-05,2.232476618986522e-07,2.6713340636798116e-05,0.029378032075844836,8.115068101735405e-05
R75-input_first-fast-8p,5.791963993972906e-09,0.02293205274986907,0.5791963993972832,8.343308098895438e-05,5.588248074053142e-05,2.293205274986907e-07,2.7321279720923475e-05,0.030270979775787427,8.233232862793064e-05
R75-input_first-fast-8p,5.881024900776743e-09,0.02355343617094984,0.5881024900776577,8.467568921272495e-05,5.650113388845749e-05,2.355343617094984e-07,2.793902096255728e-05,0.03119080214709965,8.353017453454931e-05
R75-input_first-fast-8p,5.9714552644917615e-09,0.024202894145451726,0.5971455264491695,8.593462682108609e-05,5.712456968891334e-05,2.4202894145451727e-07,2.8568028190717872e-05,0.0321382956482361,8.474441033453255e-05
R75-input_first-fast-8p,6.063276142754747e-09,0.02486233859711199,0.6063276142754513,8.721292265147747e-05,5.775759183309797e-05,2.486233859711199e-07,2.9206707432408356e-05,0.03311427977585118,8.597522895273279e-05
R75-input_first-fast-8p,6.156508916998117e-09,0.025531923084332043,0.6156508916997914,8.851087436818872e-05,5.840034772670759e-05,2.5531923084332045e-07,2.9855207410638118e-05,0.034119597705436544,8.722282461902234e-05
R75-input_first-fast-8p,6.2511752974287145e-09,0.02623340745350546,0.62511752974285,8.982554387875764e-05,5.9049636722173884e-05,2.623340745350546e-07,3.051357308204906e-05,0.03515511694860001,8.848739284436111e-05
R75-input_first-fast-8p,6.347297328083296e-09,0.02695141449501197,0.6347297328082958,9.115956821749047e-05,5.9708020030437776e-05,2.695141449501197e-07,3.1182034042102925e-05,0.03622173002736667,8.976913039549868e-05
R75-input_first-fast-8p,6.444897391961613e-09,0.027680462067552314,0.6444897391961505,9.251410535938574e-05,6.037652705744932e-05,2.7680462067552314e-07,3.186077368126124e-05,0.03732035516588545,9.106823526822225e-05
R75-input_first-fast-8p,6.543998216238676e-09,0.028424405412977475,0.6543998216238405,9.388891794447374e-05,6.105516035733177e-05,2.8424405412977476e-07,3.2549513533012476e-05,0.03845193699993673,9.238490665909046e-05
R75-input_first-fast-8p,6.644622877556933e-09,0.029209900783017724,0.6644622877556775,9.528035397226533e-05,6.174297770911368e-05,2.9209900783017723e-07,3.324527725532149e-05,0.039617447304631646,9.371934493570286e-05
R75-input_first-fast-8p,6.746794807399822e-09,0.030007474427372283,0.6746794807399625,9.669318560170586e-05,6.244137137613539e-05,3.000747442737228e-07,3.395173948129649e-05,0.04081788574070992,9.507175160532337e-05
R75-input_first-fast-8p,6.850537797548192e-09,0.03081731206923976,0.6850537797548133,9.812774182512248e-05,6.315050398652117e-05,3.081731206923976e-07,3.466906471790838e-05,0.042054280619846555,9.644232928196096e-05
R75-input_first-fast-8p,6.955876005620356e-09,0.031639602287608495,0.6955876005619968,9.95843566936229e-05,6.387054066906147e-05,3.1639602287608493e-07,3.539742000168454e-05,0.04332768968937923,9.783128165173812e-05
R75-input_first-fast-8p,7.062833960697468e-09,0.03251944551169208,0.7062833960697409,0.00010105663358284345,6.460606521884462e-05,3.2519445511692075e-07,3.612537390888148e-05,0.04463920093687863,9.923881343663004e-05
R75-input_first-fast-8p,7.171436569035396e-09,0.03341603895906804,0.7171436569035068,0.00010255106599255277,6.535321641672265e-05,3.3416038959068044e-07,3.686368918623946e-05,0.04598993341498895,0.00010066513035635719
R75-input_first-fast-8p,7.281709119864288e-09,0.03432641899516649,0.7281709119864189,0.00010406847774152284,6.611185628464259e-05,3.432641899516649e-07,3.761335726692904e-05,0.0473810380869685,0.000102110439088622
R75-input_first-fast-8p,7.393677291277598e-09,0.03525079761130096,0.7393677291277407,0.00010560922217461743,6.688216147966604e-05,3.525079761130096e-07,3.837455271883928e-05,0.04881369869337214,0.00010357494722738111
R75-input_first-fast-8p,7.507367156211413e-09,0.036189390058509026,0.750736715621134,0.00010717365806997363,6.76643113752549e-05,3.6189390058509026e-07,3.9147452794134994e-05,0.050289132640315475,0.00010505886323934807
R75-input_first-fast-8p,7.622805188515703e-09,0.03716003396979331,0.7622805188515583,0.00010875950706982347,6.846260881564541e-05,3.716003396979331e-07,3.99252979144819e-05,0.0518085919097667,0.00010656239641848803
R75-input_first-fast-8p,7.740018269119218e-09,0.03817745322441043,0.7740018269119108,0.0001103649639483887,6.928063042127828e-05,3.817745322441043e-07,4.070255899486832e-05,0.0533733639923297,0.00010808575683860003
R75-input_first-fast-8p,7.85903369228886e-09,0.03921051696188348,0.7859033692288563,0.00011199510734875766,7.011123044522496e-05,3.9210516961883484e-07,4.149177173391613e-05,0.054984772842964186,0.00010962915530383738
R75-input_first-fast-8p,7.979879171985502e-09,0.04026991176614749,0.7979879171985259,0.00011364875008625989,7.095825914127492e-05,4.026991176614749e-07,4.228779182732553e-05,0.05664417986011612,0.0001111928032971969
R75-input_first-fast-8p,8.102582848317336e-09,0.04137133485595854,0.8102582848317017,0.00011532395983188528,7.182732251542432e-05,4.137133485595854e-07,4.308292396790199e-05,0.05835298488871891,0.00011277691292685073
R75-input_first-fast-8p,8.227173294092771e-09,0.04248969412480356,0.8227173294092511,0.00011702492866358197,7.27097491584507e-05,4.248969412480356e-07,4.3890282563882416e-05,0.060112627247546804,0.00011438169687036275
R75-input_first-fast-8p,8.353679521473824e-09,0.04365304881096338,0.8353679521473439,0.00011874788317521858,7.361764669287398e-05,4.3653048810963383e-07,4.469370599423367e-05,0.06192458678138708,0.00011600736831665013
R75-input_first-fast-8p,8.482130988731785e-09,0.04484252462786798,0.8482130988731307,0.00012049609612609778,7.454302946768535e-05,4.4842524627867983e-07,4.550464141213225e-05,0.06379038493851664,0.00011765414090571805
R75-input_first-fast-8p,8.612557607107085e-09,0.046060008513518796,0.8612557607106698,0.00012226973313108467,7.548755199721323e-05,4.6060008513518797e-07,4.632158104873478e-05,0.06571158587396964,0.00011932222866606374
R75-input_first-fast-8p,8.744989747774296e-09,0.0473261692858447,0.8744989747774008,0.00012406614964338453,7.646173494435807e-05,4.73261692858447e-07,4.713115300616725e-05,0.0676897975790769,0.00012101184594972159
R75-input_first-fast-8p,8.879458248914444e-09,0.04861179934814839,0.8879458248914162,0.0001258901889937657,7.745089754551206e-05,4.861179934814838e-07,4.7953173454772125e-05,0.06972667303777386,0.00012272320736491312
R75-input_first-fast-8p,9.01599442289585e-09,0.04995007319290019,0.9015994422895764,0.00012773734504877997,7.847407492928936e-05,4.995007319290019e-07,4.8763769387562524e-05,0.07182391141016474,0.00012445652770623494
R75-input_first-fast-8p,9.154630063565752e-09,0.05132135426907518,0.9154630063565512,0.0001296110399292627,7.95200948576415e-05,5.132135426907518e-07,4.957773152893243e-05,0.07398325924384783,0.0001262120218823221
R75-input_first-fast-8p,9.295397453653721e-09,0.052715761487261696,0.9295397453653378,0.00013151323988471773,8.05835015502522e-05,5.271576148726169e-07,5.0402580719595834e-05,0.07620651171348754,0.00012798990484099565
R75-input_first-fast-8p,9.438329372288909e-09,0.05417795047325595,0.943832937228876,0.00013343773874700089,8.169284072247943e-05,5.417795047325594e-07,5.120311851978985e-05,0.07849551388914017,0.00012979039149176234
R75-input_first-fast-8p,9.583459102633236e-09,0.055662623003197534,0.9583459102633091,0.00013539182992269988,8.281923779643495e-05,5.566262300319753e-07,5.201596589623192e-05,0.08085216203383686,0.00013161369662567253
R75-input_first-fast-8p,9.73082043963156e-09,0.05719716150050636,0.973082043963104,0.00013737191325601222,8.39813936486156e-05,5.719716150050636e-07,5.2818547992389565e-05,0.08327840493091682,0.00013346003483249473
R75-input_first-fast-8p,9.880447697881258e-09,0.05877885103189774,0.9880447697880992,0.00013937891063330057,8.517794867765785e-05,5.877885103189774e-07,5.361317344532044e-05,0.08577624524161902,0.00013532962041514082
R75-input_first-fast-8p,1e-08,0.06005486968630864,0.9999999999999153,0.00014098066621612228,8.614279715097814e-05,6.005486968630864e-07,5.42373203682759e-05,0.08779678511885862,0.0001368197066093766
R75-input_first-fast-8p,1.0000000000000751e-08,0.06005486968631768,1.0,0.00014098066621613363,8.614279715098497e-05,6.005486968631768e-07,5.423732036828033e-05,0.08779678511887135,0.0001368197066093874
R75-input_first-fast-8p,1.0032375719622565e-08,0.06040293098927585,1.0,0.00014092846113224886,8.592344478059302e-05,6.040293098927585e-07,5.440098704179537e-05,0.0883467585073292,0.0001367372170978134
R75-input_first-fast-8p,1.0186639882852195e-08,0.06204834017810209,1.0,0.00014068166919072196,8.491076590614814e-05,6.204834017810209e-07,5.515041988279005e-05,0.09096239236877623,0.00013634490291640876
R75-input_first-fast-8p,1.0343276109561327e-08,0.06369797425795436,1.0,0.0001404342435654487,8.393150184607803e-05,6.369797425795436e-07,5.586576197678848e-05,0.09361000227681271,0.00013594779270574057
R75-input_first-fast-8p,1.0502320874100384e-08,0.06536002249908647,1.0,0.00014018495596262878,8.296647649394024e-05,6.536002249908648e-07,5.656487924369988e-05,0.096289851032195,0.00013554584704879974
R75-input_first-fast-8p,1.0663811211672504e-08,0.06702309353816151,1.0,0.00013993551495219945,8.20405169606448e-05,6.702309353816151e-07,5.722476705617197e-05,0.0990021995411775,0.00013513902681273012
R75-input_first-fast-8p,1.0827784726957605e-08,0.06869379868551422,1.0,0.00013968492891570827,8.11391880305326e-05,6.869379868551421e-07,5.785880289831753e-05,0.10174730665144127,0.00013472729317343728
R75-input_first-fast-8p,1.0994279602868987e-08,0.07037865627670377,1.0,0.00013943222017982074,8.024898609460051e-05,7.037865627670377e-07,5.847944752244919e-05,0.10452542898330475,0.00013431060764090486
R75-input_first-fast-8p,1.116333460944456e-08,0.07206085214746683,1.0,0.00013917991067055496,7.940552095023333e-05,7.206085214746682e-07,5.9053781198846604e-05,0.10733682075615303,0.00013388893208522807
R75-input_first-fast-8p,1.1334989112874893e-08,0.07375566590490508,1.0,0.00013892570862733975,7.857678217302023e-05,7.375566590490508e-07,5.9611369795272334e-05,0.11018173361002614,0.0001334622287633735
R75-input_first-fast-8p,1.150928308467008e-08,0.07546147720493332,1.0,0.00013866985708264721,7.7766789103673e-05,7.546147720493332e-07,6.0148453206927296e-05,0.11306041642230047,0.00013303046034667462
R75-input_first-fast-8p,1.1686257110967474e-08,0.07716975271509248,1.0,0.00013841363593554412,7.699255239601451e-05,7.716975271509248e-07,6.0649386012378605e-05,0.11597311511940644,0.0001325935899490719
R75-input_first-fast-8p,1.186595240198253e-08,0.0788929970956703,1.0,0.00013815516963470165,7.622908424322853e-05,7.889299709567029e-07,6.113715542051429e-05,0.1189200724835241,0.00013215158115610631
R75-input_first-fast-8p,1.204841080160508e-08,0.08062158769331162,1.0,0.00013789590146445315,7.549602098857139e-05,8.062158769331163e-07,6.159366459894767e-05,0.12190152795420639,0.0001317043980546733
R75-input_first-fast-8p,1.223367479714318e-08,0.08236098616152646,1.0,0.00013763501224128922,7.478193361403116e-05,8.236098616152645e-07,6.202946876564358e-05,0.1249177174248769,0.0001312520052635459
R75-input_first-fast-8p,1.2421787529216572e-08,0.08411496399951648,1.0,0.00013737193628488137,7.408019956715338e-05,8.411496399951649e-07,6.245058707773587e-05,0.12796887303414906,0.00013079436796467427
R75-input_first-fast-8p,1.2612792801802491e-08,0.08587089485593626,1.0,0.0001371085673987796,7.341437296943924e-05,8.587089485593627e-07,6.28354854807804e-05,0.13105522295193062,0.0001303314519352676
R75-input_first-fast-8p,1.2806735092435918e-08,0.0876466343247572,1.0,0.00013684222745481166,7.275133272874636e-05,8.764663432475719e-07,6.321442838281416e-05,0.1341769911602666,0.00012986322358066494
R75-input_first-fast-8p,1.3003659562566584e-08,0.08942634894230057,1.0,0.0001365752912854928,7.2119545600014e-05,8.942634894230057e-07,6.3561482196056e-05,0.13733439722888174,0.0001293896499680013
R75-input_first-fast-8p,1.3203612068075226e-08,0.09122183532720159,1.0,0.00013630598953737812,7.149784857724071e-05,9.12218353272016e-07,6.389592260686772e-05,0.14052765608539164,0.00012891069886067328
R75-input_first-fast-8p,1.340663916995164e-08,0.09302879671693388,1.0,0.00013603496667409008,7.089415063835277e-05,9.302879671693388e-07,6.421052806856996e-05,0.1437569777801515,0.00012842633875360883
R75-input_first-fast-8p,1.3612788145136951e-08,0.09484674699471225,1.0,0.00013576229560740403,7.030808047141692e-05,9.484674699471225e-07,6.450574766604127e-05,0.1470225672457206,0.00012793653890934485
R75-input_first-fast-8p,1.38221069975325e-08,0.09668158463854967,1.0,0.00013548709163529522,6.973072934826928e-05,9.668158463854966e-07,6.478954644064079e-05,0.15032462405091607,0.00012744126939491626
R75-input_first-fast-8p,1.4034644469177848e-08,0.09852298330030312,1.0,0.00013521090358800263,6.917734148547596e-05,9.852298330030313e-07,6.504833226952292e-05,0.15366334214944266,0.00012694050111955847
R75-input_first-fast-8p,1.4250450051601204e-08,0.10038633359767946,1.0,0.00013493142305467568,6.862509509228469e-05,1.0038633359767947e-06,6.530246462641233e-05,0.1570389096230993,0.0001264342058732234
R75-input_first-fast-8p,1.446957399734383e-08,0.10225376165104869,1.0,0.00013465133090611927,6.809869347277764e-05,1.0225376165104869e-06,6.553009981682987e-05,0.1604515084195407,0.0001259223563659121
R75-input_first-fast-8p,1.469206733166183e-08,0.10414611390679752,1.0,0.00013436750042162914,6.75694939242832e-05,1.0414611390679753e-06,6.575654535827755e-05,0.1639013140846085,0.0001254049262678221
R75-input_first-fast-8p,1.4917981864407964e-08,0.10604079287261928,1.0,0.0001340833209581129,6.706692481459433e-05,1.0604079287261927e-06,6.595598821479228e-05,0.1673884954892383,0.0001248818902503078
R75-input_first-fast-8p,1.5147370202096167e-08,0.10796257795603176,1.0,0.0001337950758971557,6.655926120370828e-05,1.0796257795603176e-06,6.615618891388724e-05,0.17091321455095743,0.00012435322402765283
R75-input_first-fast-8p,1.5380285760151445e-08,0.1098870915034758,1.0,0.00013350642159882435,6.607522889758367e-05,1.098870915034758e-06,6.633232178620752e-05,0.17447562594999289,0.00012381890439965032
R75-input_first-fast-8p,1.5616782775348155e-08,0.11183855600279856,1.0,0.00013321372497607592,6.55868499352549e-05,1.1183855600279856e-06,6.650848948079618e-05,0.17807587684002346,0.00012327890929498677
R75-input_first-fast-8p,1.5856916318439645e-08,0.11379443855049212,1.0,0.00013292036569826114,6.511829254023109e-05,1.1379443855049211e-06,6.6664128772527e-05,0.1817141065536121,0.0001227332178154236
R75-input_first-fast-8p,1.610074230698214e-08,0.11577570048242902,1.0,0.00013262319981261001,6.464754551991724e-05,1.1577570048242902e-06,6.681789728786851e-05,0.185390446302367,0.00012218181028076958
R75-input_first-fast-8p,1.6348317518355534e-08,0.11776579528669485,1.0,0.00013232470910045,6.418997550673365e-05,1.1776579528669485e-06,6.695707564084885e-05,0.18910501887187925,0.00012162466827463647
R75-input_first-fast-8p,1.659969960298467e-08,0.119776739543756,1.0,0.00013202309121665992,6.37345726176597e-05,1.19776739543756e-06,6.709075120356215e-05,0.19285793831150888,0.00012106177469096752
R75-input_first-fast-8p,1.68549470977639e-08,0.12180315840187153,1.0,0.0001317191523255092,6.328520651543171e-05,1.2180315840187152e-06,6.721591422605882e-05,0.19664930961909033,0.00012049311378132784
R75-input_first-fast-8p,1.7114119439687956e-08,0.1238434688813396,1.0,0.00013141312985525376,6.28435071381388e-05,1.238434688813396e-06,6.733118802830278e-05,0.20047922842063526,0.0001199186712029453
R75-input_first-fast-8p,1.7377276979692358e-08,0.12590975951684216,1.0,0.00013110321066849007,6.239896429174249e-05,1.2590975951684217e-06,6.744514878158125e-05,0.20434778064513182,0.00011933843406748674
R75-input_first-fast-8p,1.7644480996706845e-08,0.12797883280767436,1.0,0.00013079287411629773,6.196881048971534e-05,1.2797883280767435e-06,6.75442752985071e-05,0.20825504219454272,0.00011875239099055436
R75-input_first-fast-8p,1.7915793711924863e-08,0.1300797214799092,1.0,0.00013047776563272193,6.153204237038298e-05,1.3007972147990921e-06,6.764492604754067e-05,0.2122010786091194,0.00011816053214188467
R75-input_first-fast-8p,1.8191278303292333e-08,0.13218514739068185,1.0,0.0001301619766169627,6.110649330494702e-05,1.3218514739068183e-06,6.773363183810949e-05,0.216185944728154,0.00011756284929623163
R75-input_first-fast-8p,1.8470998920219214e-08,0.13431435676327494,1.0,0.00012984262036287833,6.0679949634012735e-05,1.3431435676327494e-06,6.781952716123344e-05,0.22020968434631139,0.00011695933588491286
R75-input_first-fast-8p,1.8755020698517427e-08,0.13646610989100577,1.0,0.00012951988281182693,6.0252493216053826e-05,1.3646610989100577e-06,6.790272849686372e-05,0.22427232986569567,0.0001163499870479955
R75-input_first-fast-8p,1.9043409775568505e-08,0.13862241743379797,1.0,0.00012919646215231643,5.9834263296020115e-05,1.3862241743379797e-06,6.797597468195948e-05,0.22837390194381313,0.0001157347996870976
R75-input_first-fast-8p,1.9336233305724128e-08,0.14081188172710496,1.0,0.00012886806837190094,5.940960240784239e-05,1.4081188172710496e-06,6.805034714678909e-05,0.2325144091376049,0.00011511377251877912
R75-input_first-fast-8p,1.9633559475943827e-08,0.1430070052865085,1.0,0.0001285388257684224,5.8992032851380694e-05,1.430070052865085e-06,6.81167228641772e-05,0.23669384754375233,0.00011448690612849171
R75-input_first-fast-8p,1.993545752167308e-08,0.14522242314253395,1.0,0.0001282065392601819,5.857458833382651e-05,1.4522242314253395e-06,6.81797266949289e-05,0.24091220043545292,0.00011385420302505819
R75-input_first-fast-8p,2.0241997742965433e-08,0.14747190666668283,1.0,0.0001278691433041319,5.8150724924975473e-05,1.4747190666668283e-06,6.824369931248667e-05,0.24516943789589152,0.0001132156676956474
R75-input_first-fast-8p,2.0553251520852506e-08,0.14971229764858224,1.0,0.00012753311112201145,5.773855390707707e-05,1.4971229764858225e-06,6.82974342384477e-05,0.24946551644864212,0.00011257130666120967
R75-input_first-fast-8p,2.0869291333965857e-08,0.15198618671599598,1.0,0.00012719205462276815,5.732044177948003e-05,1.5198618671599597e-06,6.83517509761295e-05,0.25380037868525596,0.00011192112853233419
R75-input_first-fast-8p,2.1190190775414483e-08,0.1542859003641629,1.0,0.00012684712474147103,5.6899274790504626e-05,1.5428590036416293e-06,6.84049909473279e-05,0.2581739528903063,0.00011126514406548778
R75-input_first-fast-8p,2.1516024569921632e-08,0.1565819325429778,1.0,0.00012650274703708848,5.6486045363437346e-05,1.5658193254297782e-06,6.845088234822438e-05,0.2625861526641686,0.00011060336621959352
R75-input_first-fast-8p,2.1846868591225137e-08,0.15891326996680158,1.0,0.00012615307396300637,5.6066461858974244e-05,1.5891326996680158e-06,6.849747940436707e-05,0.267036876543846,0.0001099358102129024
R75-input_first-fast-8p,2.2182799879745485e-08,0.1612649196053863,1.0,0.00012580035429665313,5.564540970632745e-05,1.6126491960538632e-06,6.854229539427456e-05,0.27152600762216206,0.00010926249358010986
R75-input_first-fast-8p,2.252389666052559e-08,0.16361612919187138,1.0,0.0001254477006329166,5.522962278188923e-05,1.6361612919187137e-06,6.85819165591109e-05,0.2760534131656587,0.00010858343622966669
R75-input_first-fast-8p,2.287023836144604e-08,0.16600349246613114,1.0,0.00012508962434308813,5.480744245435613e-05,1.6600349246613113e-06,6.862214696407242e-05,0.280618944231552,0.00010789866050123105
R75-input_first-fast-8p,2.3221905631720822e-08,0.16840908704415297,1.0,0.00012472881357305707,5.4384128271994595e-05,1.6840908704415297e-06,6.866059443062215e-05,0.28522243528413427,0.00010720819122320365
R75-input_first-fast-8p,2.357898036067741e-08,0.1708137413720204,1.0,0.0001243681438294422,5.396530295170691e-05,1.708137413720204e-06,6.86947034640158e-05,0.2898637038110129,0.00010651205577028741
R75-input_first-fast-8p,2.394154569682544e-08,0.1732553711878603,1.0,0.00012400192819941346,5.354003750802461e-05,1.732553711878603e-06,6.872933697951042e-05,0.2945425499396015,0.00010581028412100926
R75-input_first-fast-8p,2.4309686067218606e-08,0.1757177589787108,1.0,0.00012363259911834175,5.311256653088352e-05,1.7571775897871081e-06,6.876285499767085e-05,0.2992587560543043,0.00010510290891513792
R75-input_first-fast-8p,2.4683487197114443e-08,0.17817382266094686,1.0,0.00012326421857885713,5.26899302231008e-05,1.7817382266094688e-06,6.879255012914641e-05,0.30401208641485256,0.00010438996551092896
R75-input_first-fast-8p,2.506303612993645e-08,0.18066765233394425,1.0,0.00012289017358687828,5.226079519176682e-05,1.8066765233394424e-06,6.882270187177137e-05,0.30880228677627186,0.00010367149204212521
R75-input_first-fast-8p,2.5448421247542933e-08,0.18318871175466853,1.0,0.00012251204445439844,5.182772832059567e-05,1.8318871175466852e-06,6.885242901625524e-05,0.31362908401097833,0.00010294752947463788
R75-input_first-fast-8p,2.583973229080753e-08,0.1856939400992023,1.0,0.00012213628979633874,5.140109931935463e-05,1.856939400992023e-06,6.887825107599115e-05,0.3184921857335281,0.00010221812166282966
R75-input_first-fast-8p,2.6237060380516377e-08,0.18823769042148716,1.0,0.00012175475729666659,5.096791020037836e-05,1.8823769042148716e-06,6.890447019207236e-05,0.323391279928569,0.00010148331540531764
R75-input_first-fast-8p,2.664049803858671e-08,0.19081953152850553,1.0,0.00012136751162924112,5.05282849683226e-05,1.9081953152850552e-06,6.893103134563237e-05,0.3283260345825574,0.00010074316050021134
R75-input_first-fast-8p,2.7050139209611192e-08,0.19337151752799658,1.0,0.000120984743875274,5.009718154176549e-05,1.933715175279966e-06,6.895384715822755e-05,0.333296097319828,9.999770979969805e-05
R75-input_first-fast-8p,2.746607928273404e-08,0.1959627444805561,1.0,0.00012059609044188995,4.965944919587553e-05,1.959627444805561e-06,6.897701380120794e-05,0.3383010950436345,9.924701926388242e-05
R75-input_first-fast-8p,2.7888415113863487e-08,0.19859381577993174,1.0,0.00012020146082715452,4.9214986000190634e-05,1.9859381577993176e-06,6.900053666916375e-05,0.34334063358279554,9.84911480137854e-05
R75-input_first-fast-8p,2.831724504822555e-08,0.20120218473350837,1.0,0.00011981023629611196,4.877693204690211e-05,2.012021847335084e-06,6.902128240187366e-05,0.34841429734459994,9.773015838340439e-05
R75-input_first-fast-8p,2.8752668943264628e-08,0.20383836971940106,1.0,0.00011941483968880565,4.8334719729421164e-05,2.0383836971940107e-06,6.904173626218901e-05,0.353521648974655,9.696411597073193e-05
R75-input_first-fast-8p,2.9194788191896412e-08,0.20651509035530463,1.0,0.00011901336321283495,4.788570767526475e-05,2.065150903553046e-06,6.906250463401533e-05,0.35866222902438594,9.61930896876269e-05
R75-input_first-fast-8p,2.964370574611842e-08,0.2091810223837887,1.0,0.00011861350490053411,4.744001875413099e-05,2.091810223837887e-06,6.908167592256367e-05,0.36383555562691106,9.541715180842938e-05
R75-input_first-fast-8p,3.009952614098334e-08,0.21185959883249947,1.0,0.00011821175007456458,4.6993057913184565e-05,2.1185959883249945e-06,6.910009617305404e-05,0.36904112418204016,9.463637801720718e-05
R75-input_first-fast-8p,3.0562355518940674e-08,0.21457936276920558,1.0,0.00011780381761193297,4.6539224319257826e-05,2.1457936276920557e-06,6.911879966498272e-05,0.3742784070511692,9.385084745351805e-05
R75-input_first-fast-8p,3.103230165455383e-08,0.21730115165627964,1.0,0.00011739558143066639,4.6086048228263463e-05,2.1730115165627963e-06,6.913652168584014e-05,0.3795468532628815,9.306064275656602e-05
R75-input_first-fast-8p,3.1509473979596095e-08,0.2200195606709238,1.0,0.00011698785219033873,4.56345827894407e-05,2.200195606709238e-06,6.915307379418889e-05,0.38484588823004784,9.226585010763301e-05
R75-input_first-fast-8p,3.1993983608532894e-08,0.22277976966432453,1.0,0.00011657385344697003,4.517617533208781e-05,2.2277976966432455e-06,6.916988041823916e-05,0.39017491347928424,9.1466559270657e-05
R75-input_first-fast-8p,3.248594336439604e-08,0.2255549717364319,1.0,0.00011615760591890472,4.471575558076375e-05,2.255549717364319e-06,6.918630062077679e-05,0.39553330639362305,9.066286363082833e-05
R75-input_first-fast-8p,3.298546780505587e-08,0.22831065449414348,1.0,0.00011574428605742213,4.425966723840104e-05,2.283106544941435e-06,6.920151227407937e-05,0.4009204199692795,8.985486023107182e-05
R75-input_first-fast-8p,3.34926732498971e-08,0.2311087103752923,1.0,0.0001153246107279668,4.3796565792815484e-05,2.311087103752923e-06,6.921695783139769e-05,0.4063355825874114,8.904264980628016e-05
R75-input_first-fast-8p,3.400767780690485e-08,0.2339330550328896,1.0,0.00011490099239258677,4.332937899205756e-05,2.3393305503288964e-06,6.923228285019927e-05,0.4117780978017971,8.822633681515963e-05
R75-input_first-fast-8p,3.453060140016741e-08,0.23672347586648995,1.0,0.00011448246223007285,4.2869038799349664e-05,2.3672347586648997e-06,6.924618867205737e-05,0.41724724414337466,8.7406029469547e-05
R75-input_first-fast-8p,3.506156579780201e-08,0.23955680397818566,1.0,0.0001140574964826973,4.240162012427482e-05,2.3955680397818565e-06,6.926030831863984e-05,0.4227422749425974,8.658183976105405e-05
R75-input_first-fast-8p,3.56006946403094e-08,0.24242531280681942,1.0,0.00011362725404336184,4.1928486297319995e-05,2.4242531280681942e-06,6.927451461797292e-05,0.4282624181705743,8.575388348489468e-05
R75-input_first-fast-8p,3.614811346936493e-08,0.2452479317807798,1.0,0.00011320389454014228,4.14638758894678e-05,2.452479317807798e-06,6.928753933286543e-05,0.4338068762999985,8.492228026074389e-05
R75-input_first-fast-8p,3.670394975705244e-08,0.24811395313183374,1.0,0.00011277402519305987,4.099212133771619e-05,2.4811395313183376e-06,6.930076432402351e-05,0.4393748261868615,8.40871535504794e-05
R75-input_first-fast-8p,3.726833293554726e-08,0.2510201273969165,1.0,0.0001123381333831892,4.051379859839806e-05,2.510201273969165e-06,6.931413351081965e-05,0.4449654189739689,8.324863067265303e-05
R75-input_first-fast-8p,3.784139442725569e-08,0.25387240810025974,1.0,0.00011191032497094862,4.0045381586931995e-05,2.5387240810025974e-06,6.932621930301258e-05,0.450577780017292,8.240684281353714e-05
R75-input_first-fast-8p,3.842326767541815e-08,0.25676854727823695,1.0,0.00011147593830560188,3.956976189881794e-05,2.5676854727823694e-06,6.933849093400102e-05,0.4562110088361957,8.156192503458983e-05
R75-input_first-fast-8p,3.901408817518303e-08,0.25970535881693907,1.0,0.00011103545126659858,3.908748791720472e-05,2.5970535881693908e-06,6.935090976122473e-05,0.46186417908859156,8.071401627618175e-05
R75-input_first-fast-8p,3.9613993505157944e-08,0.2625847379828746,1.0,0.00011060357840507634,3.8615314317389196e-05,2.6258473798287467e-06,6.936241670785758e-05,0.4675363385720651,7.986325935742694e-05
R75-input_first-fast-8p,4.022312335944613e-08,0.26550839230656686,1.0,0.00011016506479290172,3.813588027724416e-05,2.655083923065669e-06,6.937410059258998e-05,0.4732265092520431,7.90098009719581e-05
R75-input_first-fast-8p,4.084161958017585e-08,0.26846765044273435,1.0,0.0001097212110294345,3.76506754531387e-05,2.6846765044273436e-06,6.938585907186562e-05,0.47893368731806446,7.815379167948665e-05
R75-input_first-fast-8p,4.1469626190530016e-08,0.2713715426216277,1.0,0.00010928566150553455,3.717528091313754e-05,2.7137154262162774e-06,6.939666516617912e-05,0.4846568432692162,7.729538589298832e-05
R75-input_first-fast-8p,4.210728942828296e-08,0.27432008688589055,1.0,0.00010884341469629281,3.669257640559056e-05,2.7432008688589054e-06,6.940763742184298e-05,0.4903949220297883,7.643474186135625e-05
R75-input_first-fast-8p,4.275475777985366e-08,0.2772932521180055,1.0,0.00010839747503271444,3.62059247216937e-05,2.7729325211800545e-06,6.941861778984129e-05,0.49614684309621654,7.557202164736135e-05
R75-input_first-fast-8p,4.341218201488249e-08,0.28021902427262657,1.0,0.00010795864377091788,3.572740832195198e-05,2.8021902427262655e-06,6.942904520623978e-05,0.5019115007163552,7.470739110076358e-05
R75-input_first-fast-8p,4.407971522133931e-08,0.283189784952982,1.0,0.00010751306476169908,3.5241533950971765e-05,2.83189784952982e-06,6.94396329611972e-05,0.5076877641021182,7.384101982641804e-05
R75-input_first-fast-8p,4.475751284117138e-08,0.2861674705554656,1.0,0.00010706644709596338,3.4754729119796073e-05,2.8616747055546563e-06,6.945004327061213e-05,0.5134744776765157,7.297308114722277e-05
R75-input_first-fast-8p,4.54457327064998e-08,0.2891124478839648,1.0,0.0001066247352849509,3.4273686291310635e-05,2.891124478839648e-06,6.945992451480033e-05,0.5192704613561014,7.210375206175461e-05
R75-input_first-fast-8p,4.614453507637251e-08,0.2921027090491145,1.0,0.00010617623143336719,3.378524664361839e-05,2.921027090491145e-06,6.94699576992576e-05,0.5250745108698175,7.123321319644654e-05
R75-input_first-fast-8p,4.6854082674082064e-08,0.2950753259125151,1.0,0.00010573037401861823,3.329984598015656e-05,2.9507532591251514e-06,6.947977477933677e-05,0.5308853981152033,7.036164875216039e-05
R75-input_first-fast-8p,4.7574540725057264e-08,0.29803677295539655,1.0,0.00010528619194500092,3.2816412513673616e-05,2.980367729553966e-06,6.948941170177399e-05,0.5367018715529119,6.948924644501407e-05
R75-input_first-fast-8p,4.830607699533773e-08,0.30104375708368764,1.0,0.00010483517984649007,3.232554546801997e-05,3.0104375708368763e-06,6.949919680763431e-05,0.5425226566404519,6.861619744132546e-05
R75-input_first-fast-8p,4.904886183064025e-08,0.3040021253314276,1.0,0.00010439145955577497,3.1842988731792035e-05,3.0400212533142764e-06,6.950844957067013e-05,0.5483464563060267,6.774269628654204e-05
R75-input_first-fast-8p,4.980306819602498e-08,0.30697855148204795,1.0,0.00010394503079294119,3.1357598137406736e-05,3.0697855148204797e-06,6.951764714071584e-05,0.5541719514633103,6.686894082803074e-05
R75-input_first-fast-8p,5.0568871716172355e-08,0.3099852742231967,1.0,0.000103494057899414,3.086728838523924e-05,3.099852742231967e-06,6.952691677194488e-05,0.5599978015679642,6.59951321316068e-05
R75-input_first-fast-8p,5.1346450716279356e-08,0.312931351055866,1.0,0.00010305218117576416,3.0387017940149565e-05,3.12931351055866e-06,6.953584972505692e-05,0.5658226452166488,6.512147439168924e-05
R75-input_first-fast-8p,5.213598626358413e-08,0.3159227286318597,1.0,0.00010260350987574172,2.9899362552509152e-05,3.1592272863185973e-06,6.954492003691384e-05,0.5716451007892236,6.424817483497842e-05
R75-input_first-fast-8p,5.293766220952917e-08,0.31888947267329587,1.0,0.00010215853331491329,2.941594966504877e-05,3.1888947267329586e-06,6.955368892313145e-05,0.5774637671347873,6.337544361755809e-05
R75-input_first-fast-8p,5.375166523257316e-08,0.3218504188084801,1.0,0.00010171442637153347,2.8933650493214485e-05,3.2185041880848004e-06,6.956227169023495e-05,0.583277224302152,6.250349371533292e-05
R75-input_first-fast-8p,5.457818488166123e-08,0.3248412977488743,1.0,0.0001012658298609607,2.8446485632354617e-05,3.248412977488743e-06,6.957093125111874e-05,0.5890840343152672,6.163254080772405e-05
R75-input_first-fast-8p,5.5417413620363154e-08,0.3277721814886032,1.0,0.00010082623192177981,2.7969161111610563e-05,3.277721814886032e-06,6.957934899528357e-05,0.5948827419940488,6.076280315455444e-05
R75-input_first-fast-8p,5.626954687169023e-08,0.33074813235303696,1.0,0.00010037987444625959,2.7484496946714326e-05,3.3074813235303695e-06,6.958789617601419e-05,0.6006718758209932,5.9894501466066926e-05
R75-input_first-fast-8p,5.713478306360175e-08,0.33367733721435455,1.0,9.994052831900822e-05,2.700770149451742e-05,3.3367733721435458e-06,6.959605345234668e-05,0.6064499488538856,5.9027858766028906e-05
R75-input_first-fast-8p,5.801332367521131e-08,0.3366231247632618,1.0,9.949869498450547e-05,2.6528287959334746e-05,3.3662312476326176e-06,6.960417577753801e-05,0.6122154596848137,5.816310024789144e-05
R75-input_first-fast-8p,5.890537328370266e-08,0.33955609733055203,1.0,9.905878374586515e-05,2.605096543578793e-05,3.3955609733055205e-06,6.96122573367724e-05,0.6179668934456113,5.730045312398475e-05
R75-input_first-fast-8p,5.981113961196786e-08,0.3424720713957977,1.0,9.862142208173256e-05,2.5576415228945317e-05,3.424720713957977e-06,6.962028613883105e-05,0.623702722859778,5.644014646774253e-05
R75-input_first-fast-8p,6.073083357697796e-08,0.3453995055598733,1.0,9.818234153815071e-05,2.5100083236489218e-05,3.453995055598733e-06,6.96282632460649e-05,0.6294214093408076,5.5582411048965804e-05
R75-input_first-fast-8p,6.1664669338897e-08,0.3482860059220057,1.0,9.774940058131983e-05,2.4630628521707485e-05,3.4828600592200573e-06,6.963591200039296e-05,0.6351214041367499,5.4727479162152094e-05
R75-input_first-fast-8p,6.261286435095103e-08,0.3511993840454575,1.0,9.731242827779115e-05,2.4156796755227232e-05,3.5119938404545743e-06,6.964363768210895e-05,0.6408011495207362,5.387558444793066e-05
R75-input_first-fast-8p,6.357563941006468e-08,0.3540567416320221,1.0,9.688385839303928e-05,2.3692043112450685e-05,3.5405674163202212e-06,6.96512478642694e-05,0.6464590800270797,5.3026961707662084e-05
R75-input_first-fast-8p,6.455321870827613e-08,0.3569482832763687,1.0,9.645016130342765e-05,2.3221752211488152e-05,3.569482832763687e-06,6.965892625917798e-05,0.6520936237324371,5.218184671127916e-05
R75-input_first-fast-8p,6.554582988494257e-08,0.3597768211001116,1.0,9.602591404265858e-05,2.276196092257589e-05,3.597768211001116e-06,6.966618490908176e-05,0.6577032035813979,5.134047599846407e-05
R75-input_first-fast-8p,6.655370407974723e-08,0.36263943532100834,1.0,9.559655572485219e-05,2.2296624087405904e-05,3.6263943532100835e-06,6.967353728423443e-05,0.6632862387557363,5.05030866732769e-05
R75-input_first-fast-8p,6.757707598652435e-08,0.3654394692819085,1.0,9.517658370680069e-05,2.1841388790764414e-05,3.6543946928190854e-06,6.968080022321435e-05,0.6688411460864512,4.966991619236626e-05
R75-input_first-fast-8p,6.861618390790909e-08,0.3682667101231146,1.0,9.475253097809121e-05,2.138176609980237e-05,3.6826671012311463e-06,6.968809777705411e-05,0.674366341507536,4.884120214692094e-05
R75-input_first-fast-8p,6.967126981082857e-08,0.37103854963590155,1.0,9.433678779420292e-05,2.0931375550841086e-05,3.7103854963590153e-06,6.969502674700061e-05,0.6798602415503228,4.801718203853607e-05
R75-input_first-fast-8p,7.074257938284663e-08,0.3738245744411306,1.0,9.391891698401554e-05,2.0478652819648375e-05,3.7382457444113056e-06,6.97020184199544e-05,0.6853212648770828,4.7198093049190976e-05
R75-input_first-fast-8p,7.1830362089375e-08,0.3765685229950406,1.0,9.350735711449004e-05,2.003268520120606e-05,3.765685229950406e-06,6.97089866833309e-05,0.6907478338524176,4.638417180555925e-05
R75-input_first-fast-8p,7.293487123176359e-08,0.37930805333665724,1.0,9.309645992461733e-05,1.9587540790126873e-05,3.7930805333665723e-06,6.971583860112098e-05,0.6961383761508175,4.5575654137893846e-05
R75-input_first-fast-8p,7.405636400628396e-08,0.3820244089282532,1.0,9.268903867349035e-05,1.9146311809613945e-05,3.820244089282532e-06,6.972248277459212e-05,0.7014913263986227,4.47727748337524e-05
R75-input_first-fast-8p,7.51951015640205e-08,0.38471269388660523,1.0,9.228582768575875e-05,1.870955732778984e-05,3.847126938866052e-06,6.972914341910077e-05,0.7068051278484578,4.397576738685174e-05
R75-input_first-fast-8p,7.635134907168234e-08,0.3874017494254439,1.0,9.188250112005683e-05,1.8272626919479834e-05,3.874017494254439e-06,6.973585670631926e-05,0.7120782340840528,4.318486374136497e-05
R75-input_first-fast-8p,7.752537577335005e-08,0.39003453107224084,1.0,9.148761497341209e-05,1.784506344863671e-05,3.900345310722409e-06,6.974220621405065e-05,0.7173091107531964,4.240029403199887e-05
R75-input_first-fast-8p,7.871745505317077e-08,0.39267464888331394,1.0,9.109162848878619e-05,1.741630292679218e-05,3.926746488833139e-06,6.974857907315924e-05,0.7224962373264129,4.162228632021315e-05
R75-input_first-fast-8p,7.992786449902038e-08,0.39527005561022527,1.0,9.070234813862395e-05,1.699467781342223e-05,3.952700556102252e-06,6.97549697690965e-05,0.727638108878804,4.085106632696529e-05
R75-input_first-fast-8p,8.115688596714162e-08,0.3978468252647009,1.0,9.031586312917212e-05,1.6576218223790318e-05,3.978468252647008e-06,6.97611766527334e-05,0.7327332378922947,4.0086857162394844e-05
R75-input_first-fast-8p,8.240480564777698e-08,0.40041618365508236,1.0,8.993048972178705e-05,1.615907551962945e-05,4.004161836550823e-06,6.976725236560937e-05,0.7377801560754034,3.932987905287953e-05
R75-input_first-fast-8p,8.367191413181139e-08,0.4029266469863774,1.0,8.955394987755269e-05,1.575132767737587e-05,4.029266469863774e-06,6.977335573031274e-05,0.7427774161974738,3.8580349065921994e-05
R75-input_first-fast-8p,8.495850647843965e-08,0.40543186238269646,1.0,8.917819716157223e-05,1.534451688257543e-05,4.054318623826964e-06,6.977936165516789e-05,0.7477235939341512,3.7838480833350294e-05
R75-input_first-fast-8p,8.626488228387354e-08,0.40791180082694256,1.0,8.880623568981256e-05,1.4941969749885812e-05,4.079118008269426e-06,6.978514793165648e-05,0.7526172897207218,3.710448427333879e-05
R75-input_first-fast-8p,8.759134575110569e-08,0.4103452431351052,1.0,8.844124808921847e-05,1.4546806765936587e-05,4.103452431351052e-06,6.979098889193205e-05,0.7574571306097954,3.6378565311777746e-05
R75-input_first-fast-8p,8.893820576074655e-08,0.41276642135844477,1.0,8.807809995647534e-05,1.4153691809445472e-05,4.127664213584448e-06,6.979674393344623e-05,0.7622417721296515,3.56609256035433e-05
R75-input_first-fast-8p,9.030577594295103e-08,0.4151600825275323,1.0,8.771907905681812e-05,1.3765214217663983e-05,4.151600825275322e-06,6.980226401387402e-05,0.7669699001394303,3.495176225424085e-05
R75-input_first-fast-8p,9.169437475044943e-08,0.4175053577088888,1.0,8.736731548374928e-05,1.3384405175010292e-05,4.175053577088888e-06,6.980785673164834e-05,0.7716402326771984,3.425126754301692e-05
R75-input_first-fast-8p,9.310432553270287e-08,0.4198326789194723,1.0,8.701824479421071e-05,1.3006601553871445e-05,4.198326789194723e-06,6.981331645114467e-05,0.7762515217968097,3.3559628647051734e-05
R75-input_first-fast-8p,9.4535956611199e-08,0.42213890312545654,1.0,8.667233840614855e-05,1.2632359133196762e-05,4.221389031254565e-06,6.981859024169627e-05,0.780802555389339,3.287702736836575e-05
R75-input_first-fast-8p,9.598960135590458e-08,0.42439153512774697,1.0,8.633447021556947e-05,1.2266598965854314e-05,4.24391535127747e-06,6.982395589843641e-05,0.7852921589847515,3.2203639863590474e-05
R75-input_first-fast-8p,9.746559826289378e-08,0.4266174912289546,1.0,8.600060309503724e-05,1.1905348732947796e-05,4.266174912289547e-06,6.982907944980019e-05,0.7897191975293715,3.153963637736916e-05
R75-input_first-fast-8p,9.896429103317076e-08,0.428818359400037,1.0,8.567049886766652e-05,1.1548181415999406e-05,4.2881835940003704e-06,6.983413385766783e-05,0.7940825771346129,3.0885180980067893e-05
R75-input_first-fast-8p,1.0048602865270441e-07,0.43099180508575763,1.0,8.534450768916526e-05,1.119530468359902e-05,4.309918050857576e-06,6.983928495470703e-05,0.7983812467923489,3.0240431310490424e-05
R75-input_first-fast-8p,1.0203116547369296e-07,0.43311175693379017,1.0,8.502653995440822e-05,1.0851383817291197e-05,4.331117569337902e-06,6.984403856777738e-05,0.8026142000522174,2.9605538324302112e-05
R75-input_first-fast-8p,1.03600061297078e-07,0.43520269162153485,1.0,8.471292445092209e-05,1.0511990615012796e-05,4.352026916215349e-06,6.984890691969182e-05,0.8067804766561094,2.8980646048876025e-05
R75-input_first-fast-8p,1.0519308145632832e-07,0.43726358443019603,1.0,8.440381487442146e-05,1.0177528203471965e-05,4.37263584430196e-06,6.985365082664565e-05,0.8108791641250358,2.8365891345281655e-05
R75-input_first-fast-8p,1.0681059690251214e-07,0.4392927568497743,1.0,8.409946298157843e-05,9.848315170076604e-06,4.392927568497743e-06,6.985822024300388e-05,0.8149093992935335,2.7761403678142113e-05
R75-input_first-fast-8p,1.0845298429067563e-07,0.4412878730425692,1.0,8.380021912045544e-05,9.524416974145545e-06,4.412878730425692e-06,6.986292341588795e-05,0.8188703697867528,2.7167304894088464e-05
R75-input_first-fast-8p,1.1012062606755146e-07,0.44323397607531656,1.0,8.350832665435969e-05,9.208761806561034e-06,4.432339760753166e-06,6.98672250870438e-05,0.8227613154353809,2.6583709009537952e-05
R75-input_first-fast-8p,1.1181391056061598e-07,0.44514683763448054,1.0,8.322142001662842e-05,8.898283732322813e-06,4.451468376344805e-06,6.987166790795808e-05,0.8265815296235619,2.6010722008521895e-05
R75-input_first-fast-8p,1.1353323206851476e-07,0.4470253079322765,1.0,8.293967166184721e-05,8.593512509204327e-06,4.470253079322765e-06,6.987590607332113e-05,0.8303303605650095,2.5448441651283847e-05
R75-input_first-fast-8p,1.1527899095287861e-07,0.4488683992248874,1.0,8.266322973992064e-05,8.29446497921893e-06,4.488683992248874e-06,6.988008076845294e-05,0.8340072125025728,2.4896957294358923e-05
R75-input_first-fast-8p,1.1705159373155235e-07,0.4506752742558296,1.0,8.239221982943095e-05,8.001236908855152e-06,4.506752742558296e-06,6.988423017801312e-05,0.8376115468265828,2.4356349722835013e-05
R75-input_first-fast-8p,1.1885145317325715e-07,0.4524452353840321,1.0,8.212674656829775e-05,7.71414501372124e-06,4.52445235384032e-06,6.988814920073658e-05,0.8411428831074059,2.3826690995481956e-05
R75-input_first-fast-8p,1.2067898839370745e-07,0.4541777143651302,1.0,8.18668951864632e-05,7.432931213820279e-06,4.541777143651302e-06,6.989218682899485e-05,0.8446008000377402,2.330804430341826e-05
R75-input_first-fast-8p,1.225346249532059e-07,0.4558722627154796,1.0,8.161273295117614e-05,7.158144664709979e-06,4.558722627154796e-06,6.989586565931075e-05,0.8479849362803351,2.2800463842963108e-05
R75-input_first-fast-8p,1.2441879495573985e-07,0.4575267294136974,1.0,8.136458249023456e-05,6.8895581007083585e-06,4.575267294136974e-06,6.989975709538613e-05,0.8512949912169723,2.230399470329814e-05
R75-input_first-fast-8p,1.2633193714960206e-07,0.459141666161998,1.0,8.112236105482337e-05,6.6277046330268275e-06,4.59141666161998e-06,6.99032397601749e-05,0.8545307255947256,2.1818672769536028e-05
R75-input_first-fast-8p,1.2827449702955616e-07,0.46071913324054165,1.0,8.088575962725611e-05,6.371638158894097e-06,4.607191332405416e-06,6.9906930135957e-05,0.8576919620657149,2.134452464176386e-05
R75-input_first-fast-8p,1.3024692694057536e-07,0.46225896337403594,1.0,8.065480329685067e-05,6.121958379383918e-06,4.622589633740359e-06,6.991025528372328e-05,0.8607785856168086,2.088156757059271e-05
R75-input_first-fast-8p,1.3224968618317623e-07,0.46376107668646877,1.0,8.042950404406533e-05,5.878133993256771e-06,4.637610766864687e-06,6.991375928394565e-05,0.8637905438859694,2.0429809409709667e-05
R75-input_first-fast-8p,1.3428324112037102e-07,0.4652254736149119,1.0,8.020986180334444e-05,5.640700031369783e-06,4.652254736149119e-06,6.991690703581987e-05,0.8667278473622008,1.998924858588811e-05
R75-input_first-fast-8p,1.363480652862645e-07,0.466652228302961,1.0,7.999586545402454e-05,5.409096339356023e-06,4.6665222830296095e-06,6.992024683163623e-05,0.8695905694663612,1.9559874086866557e-05
R75-input_first-fast-8p,1.384446394963217e-07,0.4680414823595568,1.0,7.978749375643728e-05,5.183880971312391e-06,4.680414823595568e-06,6.992319796152668e-05,0.8723788465104136,1.9141665467460778e-05
R75-input_first-fast-8p,1.4057345195933135e-07,0.46939084749390414,1.0,7.958510492598967e-05,4.964822364767608e-06,4.693908474939041e-06,6.99263740862826e-05,0.8750928775330196,1.873459287422276e-05
R75-input_first-fast-8p,1.4273499839108976e-07,0.47070195534181203,1.0,7.938845423658446e-05,4.752271074284984e-06,4.707019553418121e-06,6.992916360888007e-05,0.8777329240097331,1.8338617088908116e-05
R75-input_first-fast-8p,1.449297821298327e-07,0.47197586964786914,1.0,7.919738213909909e-05,4.545507935134077e-06,4.7197586964786916e-06,6.993211550748642e-05,0.8802993094364383,1.7953689590955626e-05
R75-input_first-fast-8p,1.4715831425344343e-07,0.47321300959234125,1.0,7.901182576144537e-05,4.344893916521993e-06,4.732130095923412e-06,6.993480174899857e-05,0.8827924187850542,1.7579752639124996e-05
R75-input_first-fast-8p,1.4942111369846338e-07,0.4744138314425614,1.0,7.883171666891309e-05,4.150069873321145e-06,4.744138314425614e-06,6.993750848116766e-05,0.8852126978309504,1.7216739372376633e-05
R75-input_first-fast-8p,1.5171870738093e-07,0.47557882463956375,1.0,7.865698145112878e-05,3.961073667214813e-06,4.7557882463956374e-06,6.994011953751502e-05,0.8875606523519289,1.6864573930014828e-05
R75-input_first-fast-8p,1.5405163031907537e-07,0.476708508159598,1.0,7.848754226778553e-05,3.7778943337342738e-06,4.76708508159598e-06,6.994256285245002e-05,0.8898368471990888,1.652317159104719e-05
R75-input_first-fast-8p,1.5642042575791153e-07,0.4778034271182287,1.0,7.832331735798797e-05,3.600155134619742e-06,4.778034271182287e-06,6.994512795218312e-05,0.8920419052403219,1.619243893264772e-05
R75-input_first-fast-8p,1.5882564529572983e-07,0.4788579339811637,1.0,7.816515378516701e-05,3.4292387813308838e-06,4.788579339811638e-06,6.9947335664016e-05,0.8941765061776622,1.5872274007540453e-05
R75-input_first-fast-8p,1.6126784901254566e-07,0.4798778585280018,1.0,7.801217715124857e-05,3.263725592021706e-06,4.7987785852800175e-06,6.994967297394575e-05,0.896241385240184,1.556256654004932e-05
R75-input_first-fast-8p,1.637476056005195e-07,0.48086475505431897,1.0,7.786415433025673e-05,3.103636934754178e-06,4.8086475505431894e-06,6.995186984496565e-05,0.8982373317546194,1.5263198140488635e-05
R75-input_first-fast-8p,1.662654924963833e-07,0.4818192721408543,1.0,7.772098804274213e-05,2.948898984106389e-06,4.818192721408543e-06,6.995389633722504e-05,0.9001651875963519,1.4974042537495715e-05
R75-input_first-fast-8p,1.6882209601590228e-07,0.4827370442730247,1.0,7.758333306432354e-05,2.7999086469552883e-06,4.827370442730247e-06,6.995605397463812e-05,0.9020258455239254,1.4694965827834905e-05
R75-input_first-fast-8p,1.714180114904022e-07,0.48362080292047327,1.0,7.745077970682065e-05,2.6566188118425422e-06,4.836208029204733e-06,6.995795286577376e-05,0.9038202474006951,1.4425826743128918e-05
R75-input_first-fast-8p,1.740538434054024e-07,0.4844742946408288,1.0,7.732276603084626e-05,2.518224691264372e-06,4.844742946408288e-06,6.995979839317338e-05,0.9055493823077342,1.416647693290054e-05
R75-input_first-fast-8p,1.7673020554137404e-07,0.4852950576153636,1.0,7.71996612801287e-05,2.3849826059099124e-06,4.852950576153636e-06,6.99617280980661e-05,0.9072142845525726,1.3916761263238289e-05
R75-input_first-fast-8p,1.7944772111666492e-07,0.48608184294693996,1.0,7.708165277448573e-05,2.2574299055501807e-06,4.860818429469399e-06,6.996340443946547e-05,0.9088160315788254,1.3676518130327462e-05
R75-input_first-fast-8p,1.8220702293262283e-07,0.48684063204809613,1.0,7.696784337269347e-05,2.1344145664624757e-06,4.868406320480961e-06,6.996502248575655e-05,0.9103557417822199,1.3445579788020297e-05
R75-input_first-fast-8p,1.8500875352095058e-07,0.4875665638879307,1.0,7.685896217196506e-05,2.016567030242669e-06,4.875665638879307e-06,6.99667295028444e-05,0.9118345722389689,1.322377268855311e-05
R75-input_first-fast-8p,1.8785356529332546e-07,0.4882632921991597,1.0,7.675446115555368e-05,1.9035653566553574e-06,4.882632921991597e-06,6.99682628769092e-05,0.9132537163528672,1.3010917835454057e-05
R75-input_first-fast-8p,1.907421206933192e-07,0.48893186755101264,1.0,7.665418275048501e-05,1.7952181779147991e-06,4.8893186755101265e-06,6.996964589706278e-05,0.9146144014278873,1.2806831147625095e-05
R75-input_first-fast-8p,1.9367509235065532e-07,0.48956984516876484,1.0,7.655849364408826e-05,1.6916955343752753e-06,4.8956984516876484e-06,6.997109965802537e-05,0.9159178861734378,1.2611323833523736e-05
R75-input_first-fast-8p,1.9665316323783927e-07,0.4901823113867621,1.0,7.646663094629514e-05,1.592268971465145e-06,4.9018231138676215e-06,6.997253886096144e-05,0.9171654581497966,1.2424202774317934e-05
R75-input_first-fast-8p,1.9967702682919317e-07,0.49076498731034635,1.0,7.637923644075885e-05,1.4978133020883422e-06,4.907649873103464e-06,6.997377326556593e-05,0.9183584311615565,1.224527091483838e-05
R75-input_first-fast-8p,2.0274738726233937e-07,0.4913232649098753,1.0,7.62955013956197e-05,1.4073422482033612e-06,4.913232649098754e-06,6.997492649832074e-05,0.9194981426072231,1.2074327661107592e-05
R75-input_first-fast-8p,2.0586495950216728e-07,0.4918541445507621,1.0,7.621587572063182e-05,1.321208561462304e-06,4.918541445507621e-06,6.997612571366295e-05,0.9205859507933537,1.1911169283187296e-05
R75-input_first-fast-8p,2.0903046950731915e-07,0.4923606386207015,1.0,7.613990759322555e-05,1.2389875284185914e-06,4.923606386207015e-06,6.997731367860146e-05,0.9216232322218555,1.175558932205169e-05
R75-input_first-fast-8p,2.1224465439923635e-07,0.4928432190170305,1.0,7.606752623437474e-05,1.16068789806669e-06,4.9284321901703055e-06,6.997840614613696e-05,0.9226113788592435,1.1607378999166458e-05
R75-input_first-fast-8p,2.1550826263380635e-07,0.4933006665677197,1.0,7.599891450548202e-05,1.086555602586255e-06,4.933006665677197e-06,6.99793522372201e-05,0.9235517953968004,1.1466327627432449e-05
R75-input_first-fast-8p,2.1882205417564928e-07,0.49373656393968224,1.0,7.593353504883158e-05,1.0159145143902048e-06,4.937365639396823e-06,6.998025489504617e-05,0.9244458965106823,1.1332223022137468e-05
R75-input_first-fast-8p,2.221868006750826e-07,0.49414973366468196,1.0,7.587156447074969e-05,9.489074116521047e-07,4.9414973366468195e-06,6.998115972244957e-05,0.9252951041310628,1.1204851910552373e-05
R75-input_first-fast-8p,2.2560328564780695e-07,0.49454073303219553,1.0,7.581291918439797e-05,8.854411924910294e-07,4.945407330321955e-06,6.998207066158781e-05,0.9261008447294246,1.1084000338805282e-05
R75-input_first-fast-8p,2.2907230465735653e-07,0.4949116924245829,1.0,7.575727965758809e-05,8.252299028717106e-07,4.949116924245829e-06,6.998293283047265e-05,0.9268645466330617,1.0969454074674558e-05
R75-input_first-fast-8p,2.3259466550035578e-07,0.49526301869964195,1.0,7.570458486645647e-05,7.682075981520208e-07,4.95263018699642e-06,6.998374708130608e-05,0.9275876373757734,1.086099900495342e-05
R75-input_first-fast-8p,2.3617118839462023e-07,0.4955941201028564,1.0,7.565492356719033e-05,7.145210350790032e-07,4.955941201028565e-06,6.998446133108505e-05,0.9282715410935898,1.0758421526060303e-05
R75-input_first-fast-8p,2.398027061701541e-07,0.4959065651547117,1.0,7.560806050024534e-05,6.63876779155446e-07,4.959065651547117e-06,6.998511806954443e-05,0.928917675974192,1.0661508926595719e-05
R75-input_first-fast-8p,2.4349006446308407e-07,0.4962013699183764,1.0,7.556384326814876e-05,6.160889559887272e-07,4.962013699183764e-06,6.998574061297465e-05,0.9295274517684516,1.057004976058194e-05
R75-input_first-fast-8p,2.472341219125737e-07,0.49647911254148974,1.0,7.552218515558418e-05,5.71063711247024e-07,4.964791125414897e-06,6.998633031892326e-05,0.9301022673722363,1.0483834210163639e-05
R75-input_first-fast-8p,2.51035750360765e-07,0.4967404056201813,1.0,7.548299428036862e-05,5.287016018421558e-07,4.967404056201814e-06,6.998688862232639e-05,0.9306435084863004,1.040265443659659e-05
R75-input_first-fast-8p,2.5489583505579704e-07,0.4969858862089857,1.0,7.544617509184724e-05,4.888992200304253e-07,4.969858862089857e-06,6.998741700972701e-05,0.93115254536171,1.0326304918407297e-05
R75-input_first-fast-8p,2.588152748579459e-07,0.49721620724966564,1.0,7.541162965646866e-05,4.5155057975251595e-07,4.972162072496657e-06,6.998791700421465e-05,0.9316307306378336,1.0254582775668859e-05
R75-input_first-fast-8p,2.6279498244893266e-07,0.49743203025319543,1.0,7.537925875540103e-05,4.165483068088897e-07,4.974320302531954e-06,6.998839014606156e-05,0.9320793972794721,1.0187288079407137e-05
R75-input_first-fast-8p,2.6683588454444956e-07,0.4976340190883677,1.0,7.534896281616753e-05,3.837846442216011e-07,4.976340190883677e-06,6.998883798106004e-05,0.9324998566192084,1.0124224145225104e-05
R75-input_first-fast-8p,2.709389221099562e-07,0.4978228347437472,1.0,7.532064269829155e-05,3.531523005590976e-07,4.978228347437473e-06,6.998926205029777e-05,0.9328933965105256,1.0065197810313398e-05
R75-input_first-fast-8p,2.7510505057979466e-07,0.49799913094653264,1.0,7.529420035041558e-05,3.2454516450300465e-07,4.979991309465327e-06,6.998966387644555e-05,0.9332612795966744,1.0010019693099692e-05
R75-input_first-fast-8p,2.793352400796691e-07,0.4981635505325758,1.0,7.526953935475555e-05,2.9785888795396565e-07,4.981635505325758e-06,6.999004496147442e-05,0.9336047416996813,9.958504434878444e-06
R75-input_first-fast-8p,2.836304756525509e-07,0.49831672247362324,1.0,7.524656537297931e-05,2.7299137417681407e-07,4.983167224736232e-06,6.999040677406883e-05,0.9339249903332698,9.910470922855202e-06
R75-input_first-fast-8p,2.8799175748805704e-07,0.49845925947948855,1.0,7.522518650585263e-05,2.4984316151838464e-07,4.984592594794886e-06,6.999075074954279e-05,0.9342232033428253,9.865742494135732e-06
R75-input_first-fast-8p,2.9242010115535375e-07,0.4985917560983347,1.0,7.52053135781743e-05,2.2831773334434018e-07,4.985917560983347e-06,6.999107828384733e-05,0.93450052767488,9.824147120288778e-06
R75-input_first-fast-8p,2.9691653783964076e-07,0.49871431170123437,1.0,7.518693168545728e-05,2.0847419667704634e-07,4.9871431170123435e-06,6.999131437176593e-05,0.9347580782779257,9.785517572211194e-06
R75-input_first-fast-8p,3.014821145822744e-07,0.498827912319705,1.0,7.516989293462168e-05,1.9009743841952754e-07,4.98827912319705e-06,6.999151637300776e-05,0.934996937135686,9.749691565125615e-06
R75-input_first-fast-8p,3.0611789452458336e-07,0.49893315451940584,1.0,7.515410784786568e-05,1.7308223271273826e-07,4.989331545194058e-06,6.999169406995822e-05,0.9352181524333019,9.716511883642847e-06
R75-input_first-fast-8p,3.108249571554309e-07,0.4990302686497578,1.0,7.513954187549722e-05,1.5733149420221828e-07,4.990302686497578e-06,6.999190769479535e-05,0.9354227378562092,9.68582648692191e-06
R75-input_first-fast-8p,3.1560439856258336e-07,0.49911976019790577,1.0,7.512611920041574e-05,1.4275136406423546e-07,4.991197601979057e-06,6.999217023437014e-05,0.935611672020818,9.657488594061461e-06
R75-input_first-fast-8p,3.2045733168794677e-07,0.49920240620622974,1.0,7.511372327544326e-05,1.2927530928589398e-07,4.992024062062298e-06,6.999242390409414e-05,0.9357858980354473,9.631356749954315e-06
R75-input_first-fast-8p,3.2538488658672877e-07,0.49927810014231594,1.0,7.510237007918339e-05,1.1707480381646613e-07,4.99278100142316e-06,6.99925142739455e-05,0.9359463231893342,9.607294871932503e-06
R75-input_first-fast-8p,3.3038821069057977e-07,0.49934785427548056,1.0,7.509190778319641e-05,1.0584629582864105e-07,4.993478542754806e-06,6.999258294461614e-05,0.9360938187669124,9.585172277623227e-06
R75-input_first-fast-8p,3.3546846907478573e-07,0.4994115845702761,1.0,7.508234899180671e-05,9.543289984825848e-08,4.994115845702761e-06,6.999280024625521e-05,0.9362292199839742,9.564863694523833e-06
R75-input_first-fast-8p,3.4062684472956974e-07,0.49947009653231106,1.0,7.507357288868829e-05,8.58716905533771e-08,4.994700965323111e-06,6.999300023281124e-05,0.9363533260417639,9.546249251888434e-06
R75-input_first-fast-8p,3.4586453883556163e-07,0.49952343153616874,1.0,7.506557326814236e-05,7.732588483157549e-08,4.995234315361688e-06,6.999301306795506e-05,0.9364669002945312,9.529214455596884e-06
R75-input_first-fast-8p,3.511827710435042e-07,0.49957214171589603,1.0,7.505826731658414e-05,6.941684511279097e-08,4.9957214171589605e-06,6.999312905431578e-05,0.9365706705255863,9.513650146749759e-06
R75-input_first-fast-8p,3.5658277975826226e-07,0.4996165701803412,1.0,7.505160357173943e-05,6.21120149464313e-08,4.996165701803412e-06,6.999332585498962e-05,0.9366653293264565,9.499452444799379e-06
R75-input_first-fast-8p,3.6206582242719985e-07,0.49965688238940986,1.0,7.504555721657691e-05,5.569896958692374e-08,4.996568823894099e-06,6.999328942309568e-05,0.9367515345733453,9.486522676086557e-06
R75-input_first-fast-8p,3.676331758329888e-07,0.4996934881761851,1.0,7.504006678097542e-05,4.969817209769345e-08,4.996934881761851e-06,6.9993433727115e-05,0.9368299099947466,9.474767288705123e-06
R75-input_first-fast-8p,3.732861363909155e-07,0.4997266824284855,1.0,7.503508803524555e-05,4.4312661383596435e-08,4.997266824284855e-06,6.999350854957565e-05,0.9369010458237682,9.464097754661195e-06
R75-input_first-fast-8p,3.7902602045077335e-07,0.49975671870482796,1.0,7.5030582948605e-05,3.94942361634771e-08,4.99756718704828e-06,6.999352152539454e-05,0.9369654995284662,9.454430460331591e-06
R75-input_first-fast-8p,3.848541646033832e-07,0.4997838420528477,1.0,7.502651476680321e-05,3.500578829719724e-08,4.997838420528477e-06,6.999367055797862e-05,0.9370237966133016,9.445686586254803e-06
R75-input_first-fast-8p,3.9077192599183137e-07,0.4998082871438201,1.0,7.502284829192095e-05,3.11519584393233e-08,4.9980828714382005e-06,6.999361346204357e-05,0.9370764314846858,9.437791977309422e-06
R75-input_first-fast-8p,3.967806826274958e-07,0.49983027700169314,1.0,7.501955007300054e-05,2.746852347301212e-08,4.998302770016931e-06,6.999377877950691e-05,0.9371238683734926,9.430677004348208e-06
R75-input_first-fast-8p,4.0288183371093185e-07,0.49985002219468755,1.0,7.501658852729629e-05,2.437385417893855e-08,4.998500221946876e-06,6.999371445116986e-05,0.937166542307381,9.424276418361199e-06
R75-input_first-fast-8p,4.0907679995768863e-07,0.49986772041374855,1.0,7.501393400350166e-05,2.1420684405491343e-08,4.998677204137485e-06,6.999383611496252e-05,0.9372048601257862,9.418529198238982e-06
R75-input_first-fast-8p,4.15367023929136e-07,0.4998835563387775,1.0,7.501155880181304e-05,1.8894230015033284e-08,4.998835563387776e-06,6.999382900841295e-05,0.9372392015305073,9.413378393197023e-06
R75-input_first-fast-8p,4.217539703683809e-07,0.4998977017428548,1.0,7.500943715829748e-05,1.6615154526231576e-08,4.9989770174285486e-06,6.99938449863448e-05,0.9372699201649314,9.40877096090477e-06
R75-input_first-fast-8p,4.282391265413506e-07,0.49991031576777745,1.0,7.500754520356533e-05,1.4480823291206988e-08,4.999103157677774e-06,6.999396122259095e-05,0.9372973447151,9.404657602338667e-06
R75-input_first-fast-8p,4.3482400258311266e-07,0.499921522373631,1.0,7.500586434506806e-05,1.2782377295919903e-08,4.99921522373631e-06,6.999386674403563e-05,0.9373217800260243,9.400992594348081e-06
R75-input_first-fast-8p,4.41510131849528e-07,0.499931465827361,1.0,7.500437294446803e-05,1.1118574099497926e-08,4.99931465827361e-06,6.999393971209756e-05,0.9373435082269083,9.397733620885154e-06
R75-input_first-fast-8p,4.4829907127431e-07,0.49994028758522396,1.0,7.500304978499775e-05,9.614804331936751e-09,4.999402875852239e-06,6.999403210482057e-05,0.937362789859211,9.39484160380873e-06
R75-input_first-fast-8p,4.551924017315711e-07,0.4999480701096811,1.0,7.500188249826214e-05,8.445700764721527e-09,4.999480701096811e-06,6.999395609640133e-05,0.9373798650018065,9.392280534123684e-06
R75-input_first-fast-8p,4.621917284039436e-07,0.499954944860524,1.0,7.500085136684537e-05,7.367943454505299e-09,4.99954944860524e-06,6.999393397478444e-05,0.9373949543878324,9.39001730446685e-06
R75-input_first-fast-8p,4.692986811563644e-07,0.49996098735140604,1.0,7.499994506459146e-05,6.312819265421017e-09,4.99960987351406e-06,6.99940223718117e-05,0.9374082605081965,9.388021543594024e-06
R75-input_first-fast-8p,4.7651491491560795e-07,0.4999663036944754,1.0,7.499914767593166e-05,5.384677421841533e-09,4.999663036944754e-06,6.999409996155934e-05,0.9374199686970919,9.38626545356555e-06
R75-input_first-fast-8p,4.83842110055651e-07,0.4999709510406063,1.0,7.499845062890994e-05,4.680099606670162e-09,4.999709510406063e-06,6.999406101889584e-05,0.9374302481952804,9.384723650266345e-06
R75-input_first-fast-8p,4.91281972788963e-07,0.4999750180953589,1.0,7.499784061874012e-05,4.06757828071052e-09,4.999750180953589e-06,6.999402285950512e-05,0.9374392531873195,9.38337300783415e-06
R75-input_first-fast-8p,4.988362355638168e-07,0.4999785675598195,1.0,7.499730824099994e-05,3.529373590399164e-09,4.999785675598196e-06,6.999399319181024e-05,0.9374471238093265,9.382192507506739e-06
R75-input_first-fast-8p,5.065066574677103e-07,0.4999816565441144,1.0,7.499684492984508e-05,3.056079120141015e-09,4.999816565441144e-06,6.999397228528454e-05,0.9374539871243054,9.381163091334483e-06
R75-input_first-fast-8p,5.142950246369816e-07,0.4999843353216073,1.0,7.499644314486486e-05,2.609860281189393e-09,4.999843353216072e-06,6.999398993137065e-05,0.9374599580624796,9.380267521141512e-06
R75-input_first-fast-8p,5.22203150672733e-07,0.499986655651278,1.0,7.499609512282372e-05,2.2258069227856074e-09,4.99986655651278e-06,6.999400275938694e-05,0.9374651403244938,9.379490243056118e-06
R75-input_first-fast-8p,5.302328770631473e-07,0.49998866071550674,1.0,7.499579438687472e-05,1.9031047420506037e-09,4.999886607155068e-06,6.999400467497854e-05,0.9374696272457576,9.378817257869405e-06
R75-input_first-fast-8p,5.383860736122968e-07,0.49999038902356,1.0,7.499553516108279e-05,1.635660775361136e-09,4.9999038902356e-06,6.999399561006861e-05,0.9374735026205975,9.378235997422226e-06
R75-input_first-fast-8p,5.466646388755426e-07,0.49999187385003135,1.0,7.499531245465196e-05,1.3856586591039196e-09,4.999918738500313e-06,6.999400805749297e-05,0.9374768414852631,9.377735207163534e-06
R75-input_first-fast-8p,5.55070500601636e-07,0.499993146560721,1.0,7.499512156308272e-05,1.1451469537262954e-09,4.99993146560721e-06,6.999404495052359e-05,0.9374797108591958,9.377304834968811e-06
R75-input_first-fast-8p,5.63605616181616e-07,0.4999942354723189,1.0,7.499495823920606e-05,9.235976736788606e-10,4.999942354723189e-06,6.999409228680733e-05,0.9374821704443063,9.376935926256688e-06
R75-input_first-fast-8p,5.722719731046061e-07,0.49999516502231056,1.0,7.499481881768785e-05,7.168834564746505e-10,4.999951650223106e-06,6.999415028400727e-05,0.937484273282323,9.376620525394468e-06
R75-input_first-fast-8p,5.810715894206192e-07,0.49999595471055697,1.0,7.499470037377928e-05,6.225739273970544e-10,4.999959547105569e-06,6.999411825274288e-05,0.9374860663705663,9.376351583339261e-06
R75-input_first-fast-8p,5.90006514210483e-07,0.4999966251041746,1.0,7.499459982265583e-05,5.923380127935083e-10,4.999966251041745e-06,6.999404123360482e-05,0.9374875912367674,9.376122871421952e-06
R75-input_first-fast-8p,5.990788280629936e-07,0.4999971920918646,1.0,7.49945147812e-05,4.883013258459399e-10,4.999971920918646e-06,6.999405455895641e-05,0.9374888844737879,9.375928901145558e-06
R75-input_first-fast-8p,6.082906435593949e-07,0.49999767072728263,1.0,7.499444299154131e-05,3.0895923701440574e-10,4.999976707272826e-06,6.999415732502694e-05,0.9374899782353079,9.375764849837879e-06
R75-input_first-fast-8p,6.176441057653173e-07,0.49999807285971754,1.0,7.499438267642636e-05,3.2710273268684026e-10,4.999980728597175e-06,6.99940748450964e-05,0.9374909006937335,9.375626491970798e-06
R75-input_first-fast-8p,6.27141392730282e-07,0.499998410446885,1.0,7.499433204233907e-05,2.8543992976675647e-10,4.99998410446885e-06,6.99940624979441e-05,0.9374916764617269,9.375510135935736e-06
R75-input_first-fast-8p,6.367847159948791e-07,0.49999869284866016,1.0,7.499428968540872e-05,1.544419313766393e-10,4.999986928486602e-06,6.999414831499395e-05,0.9374923269788951,9.375412566044908e-06
R75-input_first-fast-8p,6.465763211057448e-07,0.49999892829741627,1.0,7.49942543708766e-05,2.488497203031293e-10,4.9999892829741636e-06,6.999401623818364e-05,0.9374928708652721,9.375330989513142e-06
R75-input_first-fast-8p,6.565184881384627e-07,0.4999991239750508,1.0,7.499422502154292e-05,6.220178082903641e-11,4.999991239750508e-06,6.999417158001192e-05,0.93749332424331,9.375262988163098e-06
R75-input_first-fast-8p,6.666135322285052e-07,0.4999992861002557,1.0,7.499420070467732e-05,1.8768070464903495e-10,4.999992861002556e-06,6.999402016297258e-05,0.9374937010301452,9.375206474588707e-06
R75-input_first-fast-8p,6.768638041103344e-07,0.4999994200261653,1.0,7.499418061737291e-05,4.3163708776336015e-11,4.999994200261653e-06,6.999414325340597e-05,0.9374940132019421,9.375159652506766e-06
R75-input_first-fast-8p,6.872716906647912e-07,0.49999953033434436,1.0,7.49941640724491e-05,9.286457637408541e-11,4.999995303343444e-06,6.99940759045294e-05,0.9374942710321261,9.375120981024851e-06
R75-input_first-fast-8p,6.978396154749085e-07,0.49999962092760764,1.0,7.499415048452977e-05,9.240692523626682e-11,4.9999962092760765e-06,6.999406186833493e-05,0.9374944833053104,9.375089142554743e-06
R75-input_first-fast-8p,7.085700393902709e-07,0.499999695090206,1.0,7.499413936101607e-05,-2.605621270250116e-11,4.99999695090206e-06,6.999416846632605e-05,0.9374946575087011,9.375063014103956e-06
R75-input_first-fast-8p,7.194654611000405e-07,0.4999997554869182,1.0,7.499413030222269e-05,4.0099660085429915e-11,4.999997554869183e-06,6.999409264769501e-05,0.9374948000027256,9.37504164168353e-06
R75-input_first-fast-8p,7.305284177148068e-07,0.499999804653424,1.0,7.499412292782762e-05,1.106606725077503e-10,4.99999804653424e-06,6.999401422061814e-05,0.9374949161725774,9.375024217578037e-06
R75-input_first-fast-8p,7.417614853573811e-07,0.4999998444170384,1.0,7.499411696375518e-05,4.959775632674345e-11,4.9999984441703835e-06,6.999406892182961e-05,0.9374950105623137,9.375010060232603e-06
R75-input_first-fast-8p,7.531672797626713e-07,0.4999998765409177,1.0,7.499411214555274e-05,-5.404806173086914e-12,4.999998765409177e-06,6.999411878494597e-05,0.9374950869930675,9.374998596522384e-06
R75-input_first-fast-8p,7.647484568867785e-07,0.4999999023880837,1.0,7.499410826878317e-05,-4.468337576861042e-11,4.999999023880837e-06,6.999415392827798e-05,0.9374951486668637,9.374989346181494e-06
R75-input_first-fast-8p,7.765077135254671e-07,0.4999999231016036,1.0,7.499410516199987e-05,-6.820268511922683e-11,4.999999231016036e-06,6.999417413367144e-05,0.9374951982574413,9.374981908180648e-06
R75-input_first-fast-8p,7.884477879421443e-07,0.4999999396367922,1.0,7.499410268191692e-05,-7.204861171325908e-11,4.999999396367922e-06,6.999417533416634e-05,0.9374952379894048,9.374975948855466e-06
R75-input_first-fast-8p,8.005714605054918e-07,0.4999999527908798,1.0,7.499410070895915e-05,-6.76587972905974e-11,4.999999527908798e-06,6.99941688398488e-05,0.9374952697069325,9.37497119160098e-06
R75-input_first-fast-8p,8.128815543368908e-07,0.4999999632154708,1.0,7.499409914539364e-05,-4.3372874697027336e-11,4.999999632154708e-06,6.999414288611098e-05,0.9374952949331863,9.374967407960909e-06
R75-input_first-fast-8p,8.253809359678351e-07,0.4999999714485958,1.0,7.499409791052215e-05,-2.8894000922221647e-12,4.999999714485958e-06,6.9994101085436e-05,0.9374953149214765,9.374964409953488e-06
R75-input_first-fast-8p,8.380725160074208e-07,0.49999997792833667,1.0,7.499409693863756e-05,5.395967728057416e-11,4.999999779283367e-06,6.999404319967532e-05,0.937495330699149,9.374962043488991e-06
R75-input_first-fast-8p,8.50959249820109e-07,0.49999998300347753,1.0,7.499409617742638e-05,4.557335784191471e-11,4.999999830034776e-06,6.999405077403303e-05,0.937495343105075,9.374960182746647e-06
R75-input_first-fast-8p,8.640441382139174e-07,0.4999999869645134,1.0,7.49940955833178e-05,-4.587729103561255e-11,4.999999869645134e-06,6.999414159095952e-05,0.937495352821546,9.37495872539078e-06
R75-input_first-fast-8p,8.773302281391909e-07,0.49999999004234996,1.0,7.499409512167868e-05,-1.0144688160176193e-11,4.999999900423499e-06,6.999410536594432e-05,0.937495360401295,9.37495758851796e-06
R75-input_first-fast-8p,8.908206133981138e-07,0.49999999242591514,1.0,7.499409476417205e-05,5.562891498041765e-11,4.999999924259151e-06,6.999403921100187e-05,0.9374953662902925,9.374956705237898e-06
R75-input_first-fast-8p,9.045184353651279e-07,0.499999994263341,1.0,7.499409448857988e-05,-7.874410018646368e-11,4.99999994263341e-06,6.999417329004932e-05,0.9374953708468948,9.374956021801377e-06
R75-input_first-fast-8p,9.184268837184384e-07,0.4999999956728055,1.0,7.499409427717684e-05,8.068653721074393e-11,4.999999956728055e-06,6.999401363391416e-05,0.9374953743578612,9.37495549519789e-06
R75-input_first-fast-8p,9.325491971827663e-07,0.4999999967504452,1.0,7.499409411554361e-05,-7.655250155170079e-11,4.999999967504452e-06,6.999417070053894e-05,0.9374953770516907,9.374955091155288e-06
R75-input_first-fast-8p,9.468886642835174e-07,0.49999999757002506,1.0,7.499409399261634e-05,4.907409259015615e-11,4.999999975700251e-06,6.999404494282151e-05,0.9374953791096801,9.374954782481198e-06
R75-input_first-fast-8p,9.614486241125353e-07,0.4999999981912165,1.0,7.499409389944495e-05,-1.556666196366002e-12,4.999999981912165e-06,6.999409547419949e-05,0.9374953806750499,9.374954547694214e-06
R75-input_first-fast-8p,9.762324671056663e-07,0.49999999865980754,1.0,7.499409382916183e-05,-6.346816799852738e-11,4.999999986598075e-06,6.99941573107294e-05,0.9374953818604433,9.3749543698992e-06
R75-input_first-fast-8p,9.912436358322439e-07,0.4999999990115036,1.0,7.499409377641158e-05,1.9145969388142275e-11,4.999999990115036e-06,6.99940746403272e-05,0.9374953827540576,9.374954235867612e-06
R75-input_first-fast-8p,1.0064856257967218e-06,0.4999999992743887,1.0,7.499409373698192e-05,8.245630201332613e-11,4.999999992743887e-06,6.999401128793244e-05,0.9374953834246361,9.37495413528876e-06
R75-input_first-fast-8p,1.0219619862526522e-06,0.4999999994699149,1.0,7.49940937076553e-05,4.113959301704653e-11,4.999999994699149e-06,6.999405257336459e-05,0.9374953839255125,9.374954060163226e-06
R75-input_first-fast-8p,1.0376763210291521e-06,0.49999999961455227,1.0,7.499409368596141e-05,1.7239776709552114e-11,4.999999996145523e-06,6.99940764500402e-05,0.9374953842978715,9.37495400431377e-06
R75-input_first-fast-8p,1.0536322893700972e-06,0.49999999972085524,1.0,7.499409367001721e-05,1.3541176317061088e-11,4.999999997208552e-06,6.999408013163126e-05,0.9374953845733656,9.374953962992914e-06
R75-input_first-fast-8p,1.0698336067862211e-06,0.4999999997987286,1.0,7.499409365833712e-05,3.034344582891517e-11,4.999999997987286e-06,6.999406331690574e-05,0.9374953847762035,9.374953932569615e-06
R75-input_first-fast-8p,1.0862840459202953e-06,0.4999999998555623,1.0,7.499409364981274e-05,6.795083611295689e-11,4.999999998555624e-06,6.999402570042374e-05,0.937495384924811,9.374953910280251e-06
R75-input_first-fast-8p,1.1029874374256444e-06,0.49999999989699057,1.0,7.4994093643599e-05,4.03767661664732e-11,4.999999998969906e-06,6.999405326786625e-05,0.9374953850331423,9.374953894031828e-06
R75-input_first-fast-8p,1.1199476708581363e-06,0.4999999999271737,1.0,7.499409363907189e-05,-3.98084862777191e-11,4.999999999271737e-06,6.999413344828936e-05,0.937495385111712,9.3749538822473e-06
R75-input_first-fast-8p,1.137168695581922e-06,0.49999999994883143,1.0,7.499409363582348e-05,-2.5207293634748873e-11,4.999999999488314e-06,6.999411884362893e-05,0.9374953851684026,9.37495387374439e-06
R75-input_first-fast-8p,1.154654521689068e-06,0.4999999999640094,1.0,7.499409363354695e-05,6.813353542179954e-11,4.999999999640094e-06,6.9994025500377e-05,0.9374953852090924,9.374953867641402e-06
R75-input_first-fast-8p,1.1724092209333661e-06,0.4999999999748258,1.0,7.499409363192462e-05,-7.831571669136617e-11,4.999999999748258e-06,6.999417194789176e-05,0.9374953852381422,9.374953863284264e-06
R75-input_first-fast-8p,1.1904369276784659e-06,0.49999999998216726,1.0,7.499409363082349e-05,8.062136106541342e-11,4.999999999821673e-06,6.999401300964296e-05,0.93749538525877,9.37495386019035e-06
R75-input_first-fast-8p,1.2087418398606105e-06,0.4999999999876832,1.0,7.499409362999617e-05,-6.080746317999517e-11,4.999999999876832e-06,6.999415443758386e-05,0.9374953852733371,9.374953858005453e-06
R75-input_first-fast-8p,1.2273282199661775e-06,0.49999999999139755,1.0,7.499409362943906e-05,1.1889900185056192e-11,4.999999999913976e-06,6.999408173962674e-05,0.937495385283567,9.374953856471085e-06
R75-input_first-fast-8p,1.2462003960242247e-06,0.4999999999940282,1.0,7.49940936290445e-05,6.085168138367383e-11,4.999999999940282e-06,6.999403277742381e-05,0.9374953852907104,9.37495385539966e-06
R75-input_first-fast-8p,1.2653627626143359e-06,0.4999999999959929,1.0,7.499409362874981e-05,-9.003487597191042e-12,4.99999999995993e-06,6.99941026322774e-05,0.93749538529567,9.37495385465578e-06
R75-input_first-fast-8p,1.2848197818899236e-06,0.4999999999973611,1.0,7.49940936285446e-05,-5.4268581836335226e-11,4.999999999973611e-06,6.99941478971554e-05,0.9374953852990933,9.374953854142331e-06
R75-input_first-fast-8p,1.304575984617308e-06,0.49999999999829653,1.0,7.499409362840429e-05,-7.457959008406209e-11,4.999999999982965e-06,6.999416820800884e-05,0.9374953853014422,9.374953853790024e-06
R75-input_first-fast-8p,1.324635971230731e-06,0.4999999999989219,1.0,7.499409362831049e-05,-6.956691800286417e-11,4.999999999989219e-06,6.999416319523897e-05,0.9374953853030442,9.374953853549735e-06
R75-input_first-fast-8p,1.3450044129036365e-06,0.4999999999993184,1.0,7.499409362825103e-05,-3.885534844884383e-11,4.9999999999931835e-06,6.999413248360824e-05,0.9374953853041302,9.374953853386845e-06
R75-input_first-fast-8p,1.3656860526363783e-06,0.4999999999995468,1.0,7.499409362821677e-05,1.793606805684637e-11,4.999999999995468e-06,6.999407569215569e-05,0.9374953853048619,9.374953853277109e-06
R75-input_first-fast-8p,1.386685706360699e-06,0.499999999999691,1.0,7.499409362819514e-05,6.538520149746793e-11,4.9999999999969104e-06,6.99940282429969e-05,0.9374953853053516,9.374953853203656e-06
R75-input_first-fast-8p,1.4080082640611497e-06,0.49999999999994654,1.0,7.49940936281568e-05,-4.4760653600246266e-11,4.999999999999466e-06,6.999413838881342e-05,0.9374953853056774,9.374953853154782e-06
R75-input_first-fast-8p,1.4296586909137805e-06,0.49999999999996886,1.0,7.499409362815347e-05,1.564742843169841e-11,4.999999999999689e-06,6.999407798072548e-05,0.9374953853058927,9.374953853122493e-06
R75-input_first-fast-8p,1.4516420284423426e-06,0.500000000000065,1.0,7.499409362813904e-05,-1.4257249225511051e-11,5.00000000000065e-06,6.999410788539046e-05,0.937495385306034,9.374953853101295e-06
R75-input_first-fast-8p,1.4739633956922373e-06,0.5000000000000447,1.0,7.499409362814207e-05,4.0999550254044614e-11,5.000000000000448e-06,6.999405262859345e-05,0.9374953853061262,9.374953853087475e-06
R75-input_first-fast-8p,1.4966279904225624e-06,0.5000000000002011,1.0,7.499409362811863e-05,-7.012146088585747e-11,5.000000000002011e-06,6.999416374958112e-05,0.9374953853061859,9.374953853078515e-06
R75-input_first-fast-8p,1.5196410903164392e-06,0.5000000000001482,1.0,7.499409362812657e-05,-1.4170347501319106e-11,5.000000000001482e-06,6.999410779846985e-05,0.9374953853062243,9.374953853072754e-06
R75-input_first-fast-8p,1.5430080542100005e-06,0.5000000000000956,1.0,7.499409362813447e-05,3.84821655578299e-11,5.000000000000956e-06,6.999405514596968e-05,0.9374953853062489,9.374953853069074e-06
R75-input_first-fast-8p,1.5667343233402242e-06,0.5000000000000725,1.0,7.499409362813791e-05,6.123481411353831e-11,5.0000000000007255e-06,6.999403239332428e-05,0.9374953853062644,9.374953853066743e-06
R75-input_first-fast-8p,1.5908254226120073e-06,0.5000000000000847,1.0,7.499409362813608e-05,5.3648000233511173e-11,5.0000000000008474e-06,6.999403998013764e-05,0.9374953853062742,9.374953853065278e-06
R75-input_first-fast-8p,1.6152869618846743e-06,0.500000000000134,1.0,7.49940936281287e-05,1.5275437278350936e-11,5.00000000000134e-06,6.999407835268931e-05,0.9374953853062804,9.374953853064344e-06
R75-input_first-fast-8p,1.6401246372782995e-06,0.5000000000002125,1.0,7.499409362811693e-05,-5.433592167627201e-11,5.000000000002125e-06,6.999414796403497e-05,0.9374953853062842,9.374953853063778e-06
R75-input_first-fast-8p,1.6653442325001172e-06,0.5000000000001636,1.0,7.499409362812425e-05,-1.0510590346862967e-11,5.000000000001636e-06,6.999410413871243e-05,0.9374953853062865,9.37495385306343e-06
R75-input_first-fast-8p,1.6909516201912937e-06,0.5000000000001532,1.0,7.499409362812581e-05,4.311737717882167e-11,5.000000000001533e-06,6.999405051075311e-05,0.937495385306288,9.374953853063213e-06
R75-input_first-fast-8p,1.7169527632944597e-06,0.5000000000002973,1.0,7.49940936281042e-05,-4.30121913204828e-11,5.0000000000029735e-06,6.999413664029457e-05,0.9374953853062888,9.374953853063079e-06
R75-input_first-fast-8p,1.7433537164422138e-06,0.5000000000002645,1.0,7.499409362810913e-05,9.715788338346835e-12,5.000000000002645e-06,6.99940839123202e-05,0.9374953853062893,9.374953853063013e-06
R75-input_first-fast-8p,1.770160627367035e-06,0.5000000000002609,1.0,7.499409362810967e-05,5.725853056379184e-11,5.000000000002608e-06,6.999403636957933e-05,0.9374953853062896,9.374953853062964e-06
R75-input_first-fast-8p,1.797379738332816e-06,0.5000000000003567,1.0,7.499409362809527e-05,-7.551783654292411e-12,5.000000000003567e-06,6.999410117987772e-05,0.9374953853062898,9.37495385306293e-06
R75-input_first-fast-8p,1.8250173875884676e-06,0.500000000000409,1.0,7.499409362808744e-05,-3.760878036951751e-11,5.000000000004091e-06,6.99941312368645e-05,0.93749538530629,9.374953853062913e-06
R75-input_first-fast-8p,1.8530800108438149e-06,0.5000000000004082,1.0,7.499409362808756e-05,-3.240561760268377e-11,5.000000000004082e-06,6.999412603370311e-05,0.93749538530629,9.374953853062913e-06
R75-input_first-fast-8p,1.8815741427682488e-06,0.5000000000003684,1.0,7.499409362809354e-05,8.572732252160584e-12,5.000000000003684e-06,6.999408505535765e-05,0.9374953853062901,9.374953853062896e-06
R75-input_first-fast-8p,1.9105064185123647e-06,0.5000000000002826,1.0,7.499409362810641e-05,7.993370598037576e-11,5.000000000002825e-06,6.99940136943989e-05,0.9374953853062901,9.374953853062896e-06
R75-input_first-fast-8p,1.939883575253035e-06,0.5000000000004277,1.0,7.499409362808464e-05,-3.421055539828945e-11,5.000000000004277e-06,6.999412783863747e-05,0.9374953853062901,9.374953853062896e-06
R75-input_first-fast-8p,1.969712453762244e-06,0.5000000000003835,1.0,7.499409362809128e-05,2.0024428248455287e-11,5.000000000003835e-06,6.999407360365729e-05,0.9374953853062901,9.374953853062896e-06
R75-input_first-fast-8p,2e-06,0.5000000000004925,1.0,7.499409362807492e-05,-4.383464870463635e-11,5.000000000004925e-06,6.999413746272154e-05,0.9374953853062901,9.374953853062896e-06
R75-input_first-slow-8p,0.0,3.513411070207224e-06,0.0,-5.2697015750659e-10,5.169669551761447e-18,3.513411070207224e-11,-5.621042733817539e-10,3.51341107045592e-06,-5.269701575438915e-10
R75-input_first-slow-8p,1e-10,3.616602979133459e-06,9.999999999979573e-05,1.445637100073317e-08,1.4728230081253977e-08,3.6166029791334597e-11,-3.080251105276081e-10,3.6000719460078263e-06,1.4458850460425154e-08
R75-input_first-slow-8p,1.0153766333659037e-10,3.619494993067663e-06,0.00010153766333667158,1.4686568569314136e-08,1.4952514561627362e-08,3.619494993067663e-11,-3.0214094246719884e-10,3.602866253648731e-06,1.4689062683795939e-08
R75-input_first-slow-8p,1.030989707585481e-10,3.6224314764389156e-06,0.00010309897075843686,1.4920305801436752e-08,1.518024778215482e-08,3.622431476438916e-11,-2.961662957137054e-10,3.605748796570203e-06,1.4922808006348835e-08
R75-input_first-slow-8p,1.0468428583230433e-10,3.6254131130390805e-06,0.00010468428583238485,1.5157637125339577e-08,1.541148277297598e-08,3.6254131130390804e-11,-2.9009977900611273e-10,3.608722332925905e-06,1.5160140545192647e-08
R75-input_first-slow-8p,1.0629397771471914e-10,3.628440597171207e-06,0.0001062939777145322,1.539861780592711e-08,1.564627337940495e-08,3.628440597171207e-11,-2.839399796970678e-10,3.6117897066410866e-06,1.540111524281393e-08
R75-input_first-slow-8p,1.0792842123904192e-10,3.6315146338176023e-06,0.00010792842123898093,1.5643303958147818e-08,1.5884674274964724e-08,3.6315146338176023e-11,-2.77685463410919e-10,3.6149538500720925e-06,1.564578788008135e-08
R75-input_first-slow-8p,1.0958799700219594e-10,3.6346359387983417e-06,0.00010958799700219819,1.5891752559611327e-08,1.6126740973680254e-08,3.634635938798342e-11,-2.7133477372120266e-10,3.6182177867479367e-06,1.5894215088475466e-08
R75-input_first-slow-8p,1.1127309145340246e-10,3.637805238940934e-06,0.00011127309145322529,1.6144021464093268e-08,1.637252984323643e-08,3.637805238940934e-11,-2.6488643180544093e-10,3.6215846341969315e-06,1.6146454363195023e-08
R75-input_first-slow-8p,1.129840969841721e-10,3.641023272250781e-06,0.0001129840969843102,1.640016941510352e-08,1.6622098118197747e-08,3.641023272250781e-11,-2.58338936098319e-10,3.6250576068607007e-06,1.640256407631372e-08
R75-input_first-slow-8p,1.1472141201967543e-10,3.6442907880784522e-06,0.00011472141201984606,1.666025605920083e-08,1.687550391298096e-08,3.6442907880784524e-11,-2.516907619513443e-10,3.628640019098192e-06,1.6662603489669344e-08
R75-input_first-slow-8p,1.1648544111152124e-10,3.647608547298906e-06,0.0001164854411116623,1.6924341960258494e-08,1.7132806235754286e-08,3.647608547298906e-11,-2.4494036126819665e-10,3.6323352882828116e-06,1.692663276869181e-08
R75-input_first-slow-8p,1.1827659503195865e-10,3.650977322485933e-06,0.00011827659503177483,1.7192488613349606e-08,1.7394065001966014e-08,3.6509773224859333e-11,-2.380861621498015e-10,3.6361469379952223e-06,1.7194712995835682e-08
R75-input_first-slow-8p,1.2009529086953256e-10,3.6543978980945665e-06,0.00012009529086937128,1.746475845926636e-08,1.7659341048490815e-08,3.654397898094566e-11,-2.3112656852319716e-10,3.6400786013150106e-06,1.746690618463311e-08
R75-input_first-slow-8p,1.2194195212620544e-10,3.657871070640301e-06,0.0001219419521261022,1.7741214898785703e-08,1.7928696147528983e-08,3.657871070640301e-11,-2.2405995977688445e-10,3.6441340242140225e-06,1.7743275293477435e-08
R75-input_first-slow-8p,1.2381700881597267e-10,3.66139764888708e-06,0.00012381700881603094,1.8021922307632456e-08,1.8202193021185186e-08,3.66139764888708e-11,-2.1688469037834886e-10,3.64831706905487e-06,1.802388424008975e-08
R75-input_first-slow-8p,1.2572089756499874e-10,3.664978454034481e-06,0.00012572089756516006,1.8306946051379016e-08,1.8479895355985436e-08,3.664978454034481e-11,-2.0959908949320359e-10,3.6526317181972456e-06,1.8308797915905775e-08
R75-input_first-slow-8p,1.2765406171328808e-10,3.6686143199096845e-06,0.00012765406171349878,1.8596352500725475e-08,1.8761867817764703e-08,3.668614319909685e-11,-2.022014605946085e-10,3.6570820777161733e-06,1.8598082200827083e-08
R75-input_first-slow-8p,1.296169514179223e-10,3.6723060931610328e-06,0.00012961695141797746,1.889020904690655e-08,1.9048176066678105e-08,3.672306093161033e-11,-1.9469008106944777e-10,3.6616723812350543e-06,1.8891803978082137e-08
R75-input_first-slow-8p,1.3161002375788182e-10,3.6760546334563694e-06,0.00013161002375790322,1.918858411747893e-08,1.9338886772582717e-08,3.6760546334563696e-11,-1.8706320181478345e-10,3.666406993877079e-06,1.9190031149450727e-08
R75-input_first-slow-8p,1.3363374284048466e-10,3.6798608136813793e-06,0.00013363374284041556,1.9491547192108612e-08,1.9634067630419373e-08,3.6798608136813795e-11,-1.7931904683430914e-10,3.671290416339058e-06,1.9492832650470055e-08
R75-input_first-slow-8p,1.3568857990945625e-10,3.6837255201442995e-06,0.00013568857990933008,1.9799168818865493e-08,1.993378737608869e-08,3.6837255201442995e-11,-1.714558128218382e-10,3.676327289091035e-06,1.9800278466130077e-08
R75-input_first-slow-8p,1.3777501345466466e-10,3.689833181777627e-06,0.0001377750134548292,2.0111193127088882e-08,2.023461787778362e-08,3.689833181777627e-11,-1.603230829096994e-10,3.6815223967057654e-06,2.0112439646676488e-08
R75-input_first-slow-8p,1.3989352932353948e-10,3.6977517939726525e-06,0.00013989352932357657,2.042775778362728e-08,2.0537323519029657e-08,3.697751793972653e-11,-1.4654325373090377e-10,3.686880672322021e-06,2.0429388323457102e-08
R75-input_first-slow-8p,1.4204462083420985e-10,3.7057921677649874e-06,0.0001420446208343369,2.0749190138858658e-08,2.0844683753970272e-08,3.7057921677649875e-11,-1.32551537169554e-10,3.6924072022458963e-06,2.0751197725573354e-08
R75-input_first-slow-8p,1.442287888903769e-10,3.713956175435807e-06,0.00014422878889020795,2.1075565041510577e-08,2.1156770154499566e-08,3.713956175435807e-11,-1.1834467511499632e-10,3.698107230694154e-06,2.10779421960023e-08
R75-input_first-slow-8p,1.4644654209795256e-10,3.7222457180615015e-06,0.00014644654209805213,2.1406958491465352e-08,2.1473655393269513e-08,3.7222457180615014e-11,-1.0391935934764802e-10,3.7039861646845845e-06,2.1409697208776466e-08
R75-input_first-slow-8p,1.4869839688349716e-10,3.730662725944263e-06,0.000148698396883693,2.1743447656973585e-08,2.1795413260149884e-08,3.730662725944263e-11,-8.927223078970522e-11,3.71004957907669e-06,2.17465393855059e-08
R75-input_first-slow-8p,1.5098487761447233e-10,3.739209159069577e-06,0.00015098487761431147,2.2085110892943533e-08,2.212211867971694e-08,3.7392091590695774e-11,-7.439987870901953e-11,3.7163032217692127e-06,2.208854651295662e-08
R75-input_first-slow-8p,1.5330651672134654e-10,3.7478870075653006e-06,0.00015330651672126568,2.2432027759293765e-08,2.2453847728802604e-08,3.747887007565301e-11,-5.929883992022023e-11,3.722753019057204e-06,2.2435797560668616e-08
R75-input_first-slow-8p,1.5566385482157447e-10,3.7566982921559897e-06,0.00015566385482164015,2.278427903911598e-08,2.2790677653862122e-08,3.75669829215599e-11,-4.396559799410061e-11,3.729405081155306e-06,2.2788372698358377e-08
R75-input_first-slow-8p,1.5805744084548908e-10,3.7656450646378065e-06,0.00015805744084530074,2.3141946757660498e-08,2.3132686889128386e-08,3.765645064637807e-11,-2.839658243119243e-11,3.7362657078914246e-06,2.3146353314121643e-08
R75-input_first-slow-8p,1.604878321641232e-10,3.774729408361343e-06,0.00016048783216406718,2.3505114201638212e-08,2.3479955075068855e-08,3.7747294083613433e-11,-1.2588167821566835e-11,3.743341394576286e-06,2.3509822032927413e-08
R75-input_first-slow-8p,1.6295559471900028e-10,3.7839534387081106e-06,0.00016295559471919154,2.3873865938269373e-08,2.38325630766004e-08,3.783953438708111e-11,3.4633269843458345e-12,3.7506388380541404e-06,2.3878862734830633e-08
R75-input_first-slow-8p,1.6546130315391714e-10,3.7933193035860274e-06,0.00016546130315391885,2.4248287835091813e-08,2.4190593002030325e-08,3.7933193035860276e-11,1.9761639737993315e-11,3.7581649429408583e-06,2.4253560573919136e-08
R75-input_first-slow-8p,1.6800554094875957e-10,3.8028291839344013e-06,0.0001680055409485889,2.4628467080148855e-08,2.455412822236048e-08,3.802829183934401e-11,3.631056567146708e-11,3.765926828054142e-06,2.4634001997612824e-08
R75-input_first-slow-8p,1.7058890055536967e-10,3.812485294227334e-06,0.00017058890055531443,2.501449220211398e-08,2.492325339053085e-08,3.812485294227334e-11,5.3113958373513336e-11,3.7739318330424954e-06,2.502027476586955e-08
R75-input_first-slow-8p,1.732119835355022e-10,3.822289882988203e-06,0.00017321198353562406,2.540645309085843e-08,2.5298054461086756e-08,3.8222898829882033e-11,7.017573068482721e-11,3.7821875252191083e-06,2.5412467970804918e-08
R75-input_first-slow-8p,1.7587540070090857e-10,3.832245233315226e-06,0.00017587540070106966,2.580444101846187e-08,2.5678618710269663e-08,3.832245233315227e-11,8.749985561263029e-11,3.790701706606382e-06,2.5810672056725164e-08
R75-input_first-slow-8p,1.7857977225556783e-10,3.842353663413357e-06,0.00017857977225552797,2.620854866047614e-08,2.6065034756350017e-08,3.8423536634133577e-11,1.0509036725626695e-10,3.799482421198383e-06,2.6214978840381392e-08
R75-input_first-slow-8p,1.8132572794010905e-10,3.85261752713568e-06,0.00018132572794004318,2.6618870117568745e-08,2.6457392580323202e-08,3.8526175271356804e-11,1.2295136174932958e-10,3.808537962447052e-06,2.6625481531571444e-08
R75-input_first-slow-8p,1.841139071784497e-10,3.863039214527971e-06,0.00018411390717851662,2.70355009372929e-08,2.68557835467265e-08,3.8630392145279715e-11,1.4108699820729295e-10,3.817876880979874e-06,2.7042274753834047e-08
R75-input_first-slow-8p,1.8694495922669676e-10,3.873621152385922e-06,0.00018694495922678457,2.7458538136363867e-08,2.7260300424940194e-08,3.873621152385922e-11,1.5950149969718666e-10,3.827507992555654e-06,2.746545456561547e-08
R75-input_first-slow-8p,1.8981954332433025e-10,3.884365804821861e-06,0.0001898195433242371,2.7888080223314986e-08,2.7671037410851722e-08,3.8843658048218617e-11,1.781991542237963e-10,3.837440386265749e-06,2.789511848178046e-08
R75-input_first-slow-8p,1.9273832884771177e-10,3.895275673839398e-06,0.00019273832884755468,2.832422722147017e-08,2.8088090148822434e-08,3.895275673839398e-11,1.9718431572963823e-10,3.847683432988656e-06,2.8331365495402838e-08
R75-input_first-slow-8p,1.9570199546596002e-10,3.9063532999143844e-06,0.0001957019954661385,2.876708069216947e-08,2.85115557538964e-08,3.9063532999143845e-11,2.1646140510595318e-10,3.858246794105188e-06,2.8774296099771023e-08
R75-input_first-slow-8p,1.9871123329921582e-10,3.917601262582223e-06,0.00019871123329923541,2.9216743758247864e-08,2.8941532834251258e-08,3.9176012625822226e-11,2.360349112147192e-10,3.869140430482929e-06,2.9224012310607374e-08
R75-input_first-slow-8p,2.0176674307934526e-10,3.929022181048911e-06,0.00020176674307941487,2.9673321128463254e-08,2.9378121514556805e-08,3.929022181048911e-11,2.5590939195198564e-10,3.880374611737608e-06,2.9680617689198684e-08
R75-input_first-slow-8p,2.0486923631310884e-10,3.94061871479101e-06,0.0002048692363130821,3.0136919121481496e-08,2.982142345890996e-08,3.9406187147910096e-11,2.76089475291924e-10,3.891959925780335e-06,3.014421736503929e-08
R75-input_first-slow-8p,2.080194354478482e-10,3.952393564180938e-06,0.0002080194354477668,3.0607645690874e-08,3.0271541894738e-08,3.952393564180938e-11,2.965798603749548e-10,3.903907288659398e-06,3.061491805944629e-08
R75-input_first-slow-8p,2.1121807403971204e-10,3.964349471113848e-06,0.00021121807403983584,3.1085610450178595e-08,3.072858163676225e-08,3.964349471113848e-11,3.173853185986291e-10,3.916227954705724e-06,3.1092828109192676e-08
R75-input_first-slow-8p,2.1446589692447387e-10,3.976489219642421e-06,0.00021446589692432317,3.1570924698276823e-08,3.1192649111264386e-08,3.976489219642421e-11,3.385106947222836e-10,3.9289335269910095e-06,3.157805749041133e-08
R75-input_first-slow-8p,2.177636603909712e-10,3.988815636635404e-06,0.00021776366039111294,3.206370144572052e-08,3.1663852381260466e-08,3.9888156366354034e-11,3.5996090801301786e-10,3.9420359681084996e-06,3.207071784340333e-08
R75-input_first-slow-8p,2.2111213235722034e-10,4.0013315924219e-06,0.00022111213235731048,3.2564055440488824e-08,3.21423011711303e-08,4.0013315924219e-11,3.8174095336687724e-10,3.955547611286479e-06,3.25709224968247e-08
R75-input_first-slow-8p,2.2451209254923144e-10,4.0140400014720715e-06,0.00022451209254935455,3.3072103195200744e-08,3.262810689263865e-08,4.0140400014720714e-11,4.038559024933969e-10,3.969481171844091e-06,3.307878649328291e-08
R75-input_first-slow-8p,2.279643326825728e-10,4.02694382306834e-06,0.0002279643326825882,3.358796301394799e-08,3.312138267059338e-08,4.0269438230683404e-11,4.26310905083616e-10,3.983849759000617e-06,3.359442661449902e-08
R75-input_first-slow-8p,2.3146965664673562e-10,4.040046061998752e-06,0.000231469656646759,3.411175502001386e-08,3.362224336935077e-08,4.0400460619987525e-11,4.4911119001665884e-10,3.998666888048709e-06,3.411796140730479e-08
R75-input_first-slow-8p,2.350288806923241e-10,4.05334976925351e-06,0.0002350288806923664,3.4643601183718605e-08,3.413080561944189e-08,4.053349769253511e-11,4.722620665718254e-10,4.013946492903012e-06,3.464951120971038e-08
R75-input_first-slow-8p,2.3864283362112965e-10,4.066858042737334e-06,0.00023864283362124396,3.518362535089774e-08,3.4647187844804075e-08,4.0668580427373334e-11,4.957689256682299e-10,4.029702939035278e-06,3.518919817754934e-08
R75-input_first-slow-8p,2.4231235697912217e-10,4.080574027989733e-06,0.00024231235697925953,3.573195327169669e-08,3.5171510290315045e-08,4.0805740279897326e-11,5.19637241118212e-10,4.045951036808779e-06,3.573714631138132e-08
R75-input_first-slow-8p,2.460383052524181e-10,4.094500918917954e-06,0.0002460383052524033,3.6288712629871814e-08,3.570389504981105e-08,4.094500918917954e-11,5.438725709027878e-10,4.062706055222766e-06,3.629348148384153e-08
R75-input_first-slow-8p,2.4982154606625285e-10,4.1086419585425795e-06,0.00024982154606626394,3.68540330725976e-08,3.624446609458921e-08,4.10864195854258e-11,5.684805584691364e-10,4.0799837360813924e-06,3.6858331467434544e-08
R75-input_first-slow-8p,2.536629603870179e-10,4.123000439749468e-06,0.0002536629603871991,3.742804624052708e-08,3.6793349302151845e-08,4.1230004397494675e-11,5.934669340391083e-10,4.097800308598577e-06,3.743182596251702e-08
R75-input_first-slow-8p,2.575634427273988e-10,4.1375797060559345e-06,0.0002575634427273175,3.80108857984218e-08,3.735067248549553e-08,4.137579706055934e-11,6.188375159425238e-10,4.116172504452782e-06,3.801409662578449e-08
R75-input_first-slow-8p,2.61523901354678e-10,4.152383152395934e-06,0.0002615239013545427,3.860268746654119e-08,3.7916565423126175e-08,4.152383152395933e-11,6.445982119835305e-10,4.135117573306174e-06,3.86052770994508e-08
R75-input_first-slow-8p,2.655452585022307e-10,4.167414225903657e-06,0.00026554525850225395,3.920358905196861e-08,3.8491159889013764e-08,4.167414225903656e-11,6.707550208042052e-10,4.154653298801146e-06,3.9205503040292435e-08
R75-input_first-slow-8p,2.696284505842736e-10,4.182676426717706e-06,0.0002696284505844328,3.9813730480760246e-08,3.907458968333364e-08,4.1826764267177056e-11,6.973140332839672e-10,4.174798015049895e-06,3.9814912149444764e-08
R75-input_first-slow-8p,2.7377442841392467e-10,4.198173308796355e-06,0.00027377442841377365,4.0433253830536776e-08,3.966699066363149e-08,4.198173308796354e-11,7.242814339582759e-10,4.195570623631553e-06,4.0433644202566654e-08
R75-input_first-slow-8p,2.7798415742460545e-10,4.22723936793968e-06,0.0002779841574244538,4.1060303888167354e-08,4.0247932403794644e-08,4.2272393679396794e-11,7.700990908342564e-10,4.216990611112761e-06,4.106184108062546e-08
R75-input_first-slow-8p,2.822586178948544e-10,4.2585748449823465e-06,0.0002822586178949029,4.169672251423027e-08,4.083499514800607e-08,4.2585748449823466e-11,8.19141617913039e-10,4.239078067107926e-06,4.1699646800601006e-08
R75-input_first-slow-8p,2.865988051765903e-10,4.2903921561643426e-06,0.00028659880517650186,4.2342927116122576e-08,4.143108494075114e-08,4.290392156164342e-11,8.689382539461338e-10,4.261853702894952e-06,4.234720754699556e-08
R75-input_first-slow-8p,2.9100572992689684e-10,4.32269871047706e-06,0.00029100572992694045,4.299906816929792e-08,4.203634058772965e-08,4.32269871047706e-11,9.195005945974761e-10,4.2853388706047155e-06,4.3004671703956554e-08
R75-input_first-slow-8p,2.954804183433599e-10,4.355502030827929e-06,0.0002954804183431515,4.3665298462826747e-08,4.265090302883135e-08,4.355502030827929e-11,9.708404138187048e-10,4.309555582999904e-06,4.367218988724735e-08
R75-input_first-slow-8p,3.0002391240303083e-10,4.38880975581322e-06,0.0003000239124031385,4.434177313540178e-08,4.3274915371349056e-08,4.3888097558132205e-11,1.0229696666237472e-09,4.334526533864268e-06,4.434991497746035e-08
R75-input_first-slow-8p,3.0463727010505626e-10,4.422629641472225e-06,0.0003046372701052627,4.502864971096506e-08,4.390852292284278e-08,4.422629641472225e-11,1.0759004918342485e-09,4.3602751190175374e-06,4.5038002152755275e-08
R75-input_first-slow-8p,3.093215657170515e-10,4.456969563109739e-06,0.0003093215657168472,4.5726088135722316e-08,4.45518732252835e-08,4.456969563109739e-11,1.1296452149319028e-09,4.386825457978029e-06,4.5736608922897746e-08
R75-input_first-slow-8p,3.1407789002525116e-10,4.491837517137171e-06,0.0003140778900253221,4.643425081553562e-08,4.5205116089545945e-08,4.49183751713717e-11,1.1842163509399393e-09,4.414202416291218e-06,4.644589516357897e-08
R75-input_first-slow-8p,3.189073505885061e-10,4.527241622907446e-06,0.0003189073505885229,4.715330265318996e-08,4.5868403629785054e-08,4.527241622907446e-11,1.2396266072948896e-09,4.442431628544979e-06,4.7166023150505616e-08
R75-input_first-slow-8p,3.238110719961973e-10,4.563190124630633e-06,0.00032381107199599995,4.7883411087299306e-08,4.6541890299324733e-08,4.563190124630633e-11,1.2958888868446951e-09,4.471539522093147e-06,4.789715759503486e-08
R75-input_first-slow-8p,3.2879019613010304e-10,4.599691393286458e-06,0.0003287901961299049,4.8624746131149544e-08,4.72257329264885e-08,4.599691393286457e-11,1.3530162908419526e-09,4.501553341507798e-06,4.863946567963671e-08
R75-input_first-slow-8p,3.3384588243030057e-10,4.636753928567878e-06,0.0003338458824301117,4.937748041217208e-08,4.7920090751011715e-08,4.636753928567878e-11,1.411022121985754e-09,4.532501173784352e-06,4.939311709387855e-08
R75-input_first-slow-8p,3.389793081651479e-10,4.674386360868113e-06,0.00033897930816526744,5.014178921230017e-08,4.8625125461268246e-08,4.674386360868114e-11,1.4699198875315532e-09,4.564411974320601e-06,5.0158284071183063e-08
R75-input_first-slow-8p,3.441916687054311e-10,4.7125974532801e-06,0.00034419166870553673,5.091785050857746e-08,4.9341001231729714e-08,4.7125974532800997e-11,1.5297233024204684e-09,4.597315593694846e-06,5.093514142572019e-08
R75-input_first-slow-8p,3.494841778027131e-10,4.75139610364872e-06,0.0003494841778025462,5.170584501483858e-08,5.00678847614136e-08,4.75139610364872e-11,1.5904462924911936e-09,4.631242805267005e-06,5.1723866590255734e-08
R75-input_first-slow-8p,3.5485806787197116e-10,4.790791346641671e-06,0.0003548580678718698,5.250595622376802e-08,5.0805945312680364e-08,4.790791346641671e-11,1.6521029977210627e-09,4.66622533362772e-06,5.252463965425373e-08
R75-input_first-slow-8p,3.6031459027857147e-10,4.830792355842055e-06,0.00036031459027847934,5.3318370449400365e-08,5.155535475043772e-08,4.830792355842055e-11,1.7147077755011262e-09,4.702295883921323e-06,5.33376434022926e-08
R75-input_first-slow-8p,3.6585501562967086e-10,4.871408445896859e-06,0.0003658550156298173,5.414327687075563e-08,5.231628758239191e-08,4.871408445896859e-11,1.778275203998698e-09,4.739488172070502e-06,5.4163063353489206e-08
R75-input_first-slow-8p,3.714806340700868e-10,4.912649074674755e-06,0.00037148063407014143,5.498086757566374e-08,5.308892099947345e-08,4.9126490746747546e-11,1.842820085534474e-09,4.777836955928473e-06,5.500108780097468e-08
R75-input_first-slow-8p,3.77192755582716e-10,4.954523845482878e-06,0.0003771927555829149,5.583133760578705e-08,5.387343491736811e-08,4.954523845482877e-11,1.9083574500519794e-09,4.817378067388141e-06,5.5851907852433334e-08
R75-input_first-slow-8p,3.829927102935863e-10,4.9970425092867195e-06,0.0003829927102936209,5.669488500170597e-08,5.4670012018106e-08,4.9970425092867195e-11,1.9749025585918715e-09,4.858148445477852e-06,5.6715717470557324e-08
R75-input_first-slow-8p,3.888818487815846e-10,5.040214966995216e-06,0.00038888184878147083,5.757171084932877e-08,5.547883779287215e-08,5.0402149669952165e-11,2.042470906868288e-09,4.900186170472191e-06,5.759271351468295e-08
R75-input_first-slow-8p,3.9486154239295545e-10,5.084051271758258e-06,0.0003948615423928062,5.846201932655361e-08,5.630010058504981e-08,5.084051271758258e-11,2.111078228864631e-09,4.9435304990506635e-06,5.8483095782523886e-08
R75-input_first-slow-8p,4.009331835606272e-10,5.128561631307661e-06,0.0004009331835604304,5.9366017750813326e-08,5.7133991634078046e-08,5.128561631307661e-11,2.1807405004973773e-09,4.988221900535808e-06,5.938706705263184e-08
R75-input_first-slow-8p,4.070981861284635e-10,5.173756410338504e-06,0.0004070981861284455,6.028391662744005e-08,5.798070512006549e-08,5.173756410338504e-11,2.2514739433430617e-09,5.0343020942424145e-06,6.030483312751638e-08
R75-input_first-slow-8p,4.1335798568048703e-10,5.219646132915304e-06,0.0004133579856804779,6.121592969853418e-08,5.884043820886942e-08,5.2196461329153044e-11,2.32329502840413e-09,5.081814087973151e-06,6.123660287710089e-08
R75-input_first-slow-8p,4.197140398751644e-10,5.266241484930969e-06,0.00041971403987510285,6.216227399290537e-08,5.971339109816379e-08,5.2662414849309684e-11,2.3962204799574005e-09,5.130802217696025e-06,6.218258828308127e-08
R75-input_first-slow-8p,4.2616782878484706e-10,5.3135533165905885e-06,0.00042616782878465817,6.312316987651797e-08,6.059976706397234e-08,5.313553316590589e-11,2.4702672794413974e-09,5.181312188437481e-06,6.314300448361039e-08
R75-input_first-slow-8p,4.327208552404149e-10,5.3615926449418045e-06,0.0004327208552404099,6.409884110388232e-08,6.149977250807451e-08,5.361592644941805e-11,2.545452669416572e-09,5.233391116430725e-06,6.411806981874719e-08
R75-input_first-slow-8p,4.3937464518122883e-10,5.410370656430004e-06,0.0004393746451811063,6.508951486995049e-08,6.24136170058764e-08,5.410370656430004e-11,2.621794157564397e-09,5.287087572555671e-06,6.510800587622016e-08
R75-input_first-slow-8p,4.461307480104546e-10,5.459898709518725e-06,0.00044613074801042605,6.609542186333618e-08,6.334151335550348e-08,5.4598987095187254e-11,2.6993095207885043e-09,5.3424516271111215e-06,6.611303753832505e-08
R75-input_first-slow-8p,4.5299073695586775e-10,5.510188337319372e-06,0.00045299073695569613,6.711679631972387e-08,6.428367762706761e-08,5.510188337319372e-11,2.7780168093303993e-09,5.3995348959596026e-06,6.71333930288071e-08
R75-input_first-slow-8p,4.599562094361887e-10,5.561251250292337e-06,0.000459956209436352,6.815387607672823e-08,6.524032921327196e-08,5.561251250292336e-11,2.8579343509969363e-09,5.458390588085273e-06,6.816930396099266e-08
R75-input_first-slow-8p,4.670287874330617e-10,5.613099338954335e-06,0.00046702878743324315,6.920690262887959e-08,6.621169088013235e-08,5.613099338954335e-11,2.9390807553975115e-09,5.519073554610221e-06,6.922100538582872e-08
R75-input_first-slow-8p,4.742101178687425e-10,5.665744676666464e-06,0.0004742101178689513,7.027612118424899e-08,6.719798881921071e-08,5.6657446766664635e-11,3.0214749183075975e-09,5.581640339312138e-06,7.028873584134916e-08
R75-input_first-slow-8p,4.815018729896121e-10,5.719199522434676e-06,0.0004815018729898023,7.136178072132542e-08,6.819945270008145e-08,5.719199522434676e-11,3.1051360260517096e-09,5.646149230688629e-06,7.137273740216297e-08
R75-input_first-slow-8p,4.889057507555713e-10,5.773476323766142e-06,0.0004889057507555012,7.246413404702803e-08,6.921631572384464e-08,5.773476323766142e-11,3.1900835599738404e-09,5.712660315616973e-06,7.247325572984648e-08
R75-input_first-slow-8p,4.964234752354216e-10,5.828587719575285e-06,0.0004964234752355434,7.358343785572727e-08,7.024881467756997e-08,5.828587719575285e-11,3.2763373009856418e-09,5.781235534656091e-06,7.359054012410593e-08
R75-input_first-slow-8p,5.040567970083445e-10,5.884546543108452e-06,0.0005040567970081677,7.471995278864449e-08,7.129718998908964e-08,5.884546543108451e-11,3.3639173341437576e-09,5.851938739042055e-06,7.472484357406681e-08
R75-input_first-slow-8p,5.118074935715336e-10,5.94136582495861e-06,0.0005118074935715903,7.587394349507994e-08,7.236168578347815e-08,5.94136582495861e-11,3.452844053368078e-09,5.92483574942716e-06,7.587642281114411e-08
R75-input_first-slow-8p,5.196773697541073e-10,5.999058796070741e-06,0.000519677369753969,7.704567869345192e-08,7.344254993935746e-08,5.99905879607074e-11,3.543138166145411e-09,5.999994416417579e-06,7.704553836145213e-08
R75-input_first-slow-8p,5.276682581373734e-10,6.057638890849681e-06,0.0005276682581373435,7.823543123441646e-08,7.454003414712184e-08,6.05763889084968e-11,3.6348206983935097e-09,6.077484682961711e-06,7.823245460003293e-08
R75-input_first-slow-8p,5.357820194815768e-10,6.117119750267973e-06,0.0005357820194815746,7.94434781639873e-08,7.565439396716257e-08,6.117119750267973e-11,3.727912999325099e-09,6.157378648648387e-06,7.94374398047983e-08
R75-input_first-slow-8p,5.440205431591885e-10,6.177515225054429e-06,0.0005440205431592961,8.067010078829514e-08,7.678588888960498e-08,6.177515225054428e-11,3.822436746438241e-09,6.239750635969939e-06,8.066076621182876e-08
R75-input_first-slow-8p,5.523857475948695e-10,6.251017733885412e-06,0.0005523857475946781,8.191375812952806e-08,7.791635579768794e-08,6.251017733885412e-11,3.9348921544978985e-09,6.324677258611947e-06,8.190271007094017e-08
R75-input_first-slow-8p,5.608795807121864e-10,6.350733290618806e-06,0.0005608795807123538,8.317277660611005e-08,7.902625362806359e-08,6.350733290618806e-11,4.083015645140018e-09,6.412237491830541e-06,8.316355170246166e-08
R75-input_first-slow-8p,5.695040203872194e-10,6.451982136902434e-06,0.0005695040203871947,8.445115454812486e-08,8.01532179503778e-08,6.451982136902434e-11,4.233416776380914e-09,6.502512744980668e-06,8.444357555381827e-08
R75-input_first-slow-8p,5.782610749091242e-10,6.5547878495791255e-06,0.0005782610749093313,8.574918963912072e-08,8.129751118994881e-08,6.554787849579125e-11,4.386130570682206e-09,6.595586936259271e-06,8.574307025806788e-08
R75-input_first-slow-8p,5.871527834477753e-10,6.659174368003853e-06,0.0005871527834479036,8.706718413976001e-08,8.245939980708643e-08,6.659174368003854e-11,4.541192589002868e-09,6.691546569733383e-06,8.706232869190512e-08
R75-input_first-slow-8p,5.961812165286215e-10,6.765165999652126e-06,0.000596181216528788,8.84054449586314e-08,8.363915435951721e-08,6.765165999652125e-11,4.69863893913028e-09,6.790480814718953e-06,8.84016480354088e-08
R75-input_first-slow-8p,6.053484765148206e-10,6.872787425758215e-06,0.0006053484765148646,8.976428372343863e-08,8.48370495651414e-08,6.872787425758215e-11,4.85850628405559e-09,6.892481587585123e-06,8.976132983180668e-08
R75-input_first-slow-8p,6.146566980967999e-10,6.982063707077684e-06,0.0006146566980968729,9.114401685375878e-08,8.605336436617363e-08,6.982063707077684e-11,5.020831850533716e-09,6.997643636054152e-06,9.114168004845402e-08
R75-input_first-slow-8p,6.241080487893313e-10,7.093020289709576e-06,0.0006241080487893499,9.254496563455385e-08,8.728838199394757e-08,7.093020289709576e-11,5.1856534377319806e-09,7.106064626074718e-06,9.254300913818849e-08
R75-input_first-slow-8p,6.337047294362745e-10,7.205683011032961e-06,0.0006337047294363084,9.396745629112607e-08,8.854239003499342e-08,7.205683011032962e-11,5.35300942604861e-09,7.217845231346137e-06,9.39656321017483e-08
R75-input_first-slow-8p,6.434489747230579e-10,7.320078105718063e-06,0.0006434489747232683,9.541182006501508e-08,8.981568049794571e-08,7.320078105718063e-11,5.522938786042027e-09,7.333089225572609e-06,9.540986855073394e-08
R75-input_first-slow-8p,6.53343053697041e-10,7.4362322118268745e-06,0.0006533430536969118,9.68783932910249e-08,9.110854988144701e-08,7.436232211826874e-11,5.695481087493074e-09,7.451903577531524e-06,9.687604277129104e-08
R75-input_first-slow-8p,6.633892702959004e-10,7.554172377043059e-06,0.0006633892702957496,9.83675174758832e-08,9.242129924349062e-08,7.554172377043058e-11,5.870676508659277e-09,7.574398549040062e-06,9.836448378901026e-08
R75-input_first-slow-8p,6.735899638841148e-10,7.673926064941612e-06,0.0006735899638841742,9.987953937740281e-08,9.375423427120605e-08,7.673926064941611e-11,6.048565845588187e-09,7.700687795907521e-06,9.98755254338874e-08
R75-input_first-slow-8p,6.839475097977161e-10,7.795521161387804e-06,0.000683947509797527,1.0141481108527522e-07,9.510766535208322e-08,7.795521161387805e-11,6.229190521622749e-09,7.830888471964e-06,1.0140950640647379e-07
R75-input_first-slow-8p,6.944643198973984e-10,7.918985981055452e-06,0.0006944643198973268,1.0297369010337105e-07,9.648190764652503e-08,7.918985981055453e-11,6.412592597083931e-09,7.96512133625861e-06,1.0296677034507573e-07
R75-input_first-slow-8p,7.051428431301623e-10,8.044349273989928e-06,0.0007051428431303133,1.0455653943260523e-07,9.787728116089785e-08,8.044349273989928e-11,6.598814779019824e-09,8.10351086352178e-06,1.0454766589303616e-07
R75-input_first-slow-8p,7.159855660995658e-10,8.171640232315363e-06,0.0007159855660997693,1.0616372765562281e-07,9.929411082218704e-08,8.171640232315364e-11,6.7879004311689205e-09,8.246185357991836e-06,1.0615254676735382e-07
R75-input_first-slow-8p,7.269950136447608e-10,8.300888497036326e-06,0.0007269950136448922,1.0779562902267757e-07,1.007327265537038e-07,8.300888497036326e-11,6.979893584063731e-09,8.393277070705073e-06,1.0778177182798982e-07
R75-input_first-slow-8p,7.381737494284164e-10,8.432124164933951e-06,0.000738173749428211,1.0945262353870332e-07,1.0219346335184366e-07,8.432124164933952e-11,7.174838945274718e-09,8.544922320355493e-06,1.094357051478458e-07
R75-input_first-slow-8p,7.495243765337117e-10,8.565377795586383e-06,0.0007495243765335913,1.1113509705195465e-07,1.0367666136422844e-07,8.565377795586385e-11,7.372781909838881e-09,8.701261617832074e-06,1.1111471608377857e-07
R75-input_first-slow-8p,7.610495380704782e-10,8.700680418463793e-06,0.000761049538070594,1.1284344134358928e-07,1.0518266596867826e-07,8.700680418463793e-11,7.57376857079912e-09,8.862439794541845e-06,1.1281917934799964e-07
R75-input_first-slow-8p,7.727519177906815e-10,8.838063540162609e-06,0.0007727519177906911,1.1457805421900829e-07,1.0671182785373326e-07,8.838063540162608e-11,7.777845729950399e-09,9.028606134635694e-06,1.1454947508066818e-07
R75-input_first-slow-8p,7.846342407133477e-10,8.977559151754102e-06,0.0007846342407132234,1.1633933960064004e-07,1.0826450310044804e-07,8.977559151754103e-11,7.985060908755792e-09,9.19991451125291e-06,1.163059889233421e-07
R75-input_first-slow-8p,7.966992737591312e-10,9.119199736222487e-06,0.0007966992737589809,1.181277076218542e-07,1.0984105326518226e-07,9.119199736222488e-11,8.195462359395448e-09,9.376523526904468e-06,1.1808911209295189e-07
R75-input_first-slow-8p,8.089498263946104e-10,9.298973558425344e-06,0.0008089498263947953,1.199381818548795e-07,1.1138791426283044e-07,9.298973558425344e-11,8.457277856550651e-09,9.558596658121482e-06,1.1989924145678624e-07
R75-input_first-slow-8p,8.213887512864918e-10,9.495336414420833e-06,0.0008213887512866018,1.2177442154200358e-07,1.1293782436071722e-07,9.495336414420832e-11,8.741643817226384e-09,9.746302404495777e-06,1.2173677960808926e-07
R75-input_first-slow-8p,8.340189449659016e-10,9.694718670061523e-06,0.0008340189449660546,1.2363889641358602e-07,1.1451156685794416e-07,9.694718670061522e-11,9.030382369023891e-09,9.93981444224395e-06,1.2360213494301222e-07
R75-input_first-slow-8p,8.468433485028601e-10,9.897166753547089e-06,0.0008468433485030707,1.255320406316908e-07,1.1610950821656506e-07,9.897166753547088e-11,9.323560747671309e-09,1.0139311782432641e-05,1.2549572173775516e-07
R75-input_first-slow-8p,8.598649481911463e-10,1.0102727806982798e-05,0.0008598649481910798,1.2745429503429717e-07,1.1773202053355628e-07,1.0102727806982798e-10,9.621247222750407e-09,1.0344978934002316e-05,1.274179602268947e-07
R75-input_first-slow-8p,8.730867762436734e-10,1.031144969737749e-05,0.0008730867762437087,1.294061072381444e-07,1.1937948162762484e-07,1.0311449697377491e-10,9.923511113623463e-09,1.055700607173636e-05,1.2936927668268512e-07
R75-input_first-slow-8p,8.865119114985912e-10,1.0523381027755208e-05,0.0008865119114986656,1.3138793174263984e-07,1.210522751269135e-07,1.0523381027755208e-10,1.0230422805524756e-08,1.077558920931955e-05,1.3135010349467582e-07
R75-input_first-slow-8p,9.001434801362152e-10,1.0738571148494135e-05,0.0009001434801360243,1.33400230035892e-07,1.2275079055850003e-07,1.0738571148494134e-10,1.0542053765981238e-08,1.1000930377644443e-05,1.3336087925070178e-07
R75-input_first-slow-8p,9.139846564069784e-10,1.0957070168832693e-05,0.0009139846564070961,1.3544347070230706e-07,1.2447542343921595e-07,1.0957070168832693e-10,1.0858476561475251e-08,1.1233237808515726e-05,1.3540204881865215e-07
R75-input_first-slow-8p,9.2803866337061e-10,1.1178928968489282e-05,0.000928038663370501,1.375181295312482e-07,1.2622657536736214e-07,1.1178928968489282e-10,1.1179764874271845e-08,1.1472726123920631e-05,1.37474063428484e-07
R75-input_first-slow-8p,9.423087736466432e-10,1.140419920956951e-05,0.0009423087736464509,1.39624689628383e-07,1.2800465411669375e-07,1.140419920956951e-10,1.150599351966242e-08,1.1719616531027114e-05,1.3957738075610834e-07
R75-input_first-slow-8p,9.56798310176486e-10,1.1632933348560335e-05,0.0009567983101765383,1.4176364152784385e-07,1.2981007373109102e-07,1.1632933348560335e-10,1.1837238463334239e-08,1.197413702308161e-05,1.417124650072172e-07
R75-input_first-slow-8p,9.71510646997186e-10,1.1865184648538154e-05,0.0009715106469970769,1.439354833063889e-07,1.316432546209189e-07,1.1865184648538156e-10,1.2173576839049745e-08,1.223652258638723e-05,1.4387978700223144e-07
R75-input_first-slow-8p,9.864492100271336e-10,1.2101007191610886e-05,0.000986449210027266,1.4614072069975126e-07,1.3350462366123358e-07,1.2101007191610886e-10,1.2515086966664778e-08,1.2507015413537584e-05,1.4607982426253333e-07
R75-input_first-slow-8p,1.0016174778638063e-09,1.2340455891460342e-05,0.0010016174778637072,1.4837986721992578e-07,1.3539461429078049e-07,1.2340455891460343e-10,1.2861848370292003e-08,1.2785865123095485e-05,1.483130610966856e-07
R75-input_first-slow-8p,1.0170189825938034e-09,1.2583586506185457e-05,0.0010170189825939803,1.506534442752696e-07,1.3731366661336706e-07,1.258358650618546e-10,1.3213941796900023e-08,1.3073328985911372e-05,1.5057998868851314e-07
R75-input_first-slow-8p,1.0326573106153126e-09,1.2830455651225739e-05,0.0010326573106152997,1.5296198129135257e-07,1.3926222749986895e-07,1.283045565122574e-10,1.3571449235028694e-08,1.3369672158273675e-05,1.5288110518492179e-07
R75-input_first-slow-8p,1.0485361034732646e-09,1.3081120812598956e-05,0.0010485361034730774,1.5530601583474623e-07,1.4124075069271607e-07,1.3081120812598957e-10,1.3934453933959486e-08,1.3675167922100579e-05,1.5521691578564724e-07
R75-input_first-slow-8p,1.0646590587072861e-09,1.3366722017157064e-05,0.0010646590587071094,1.5768143185656323e-07,1.4320310750617864e-07,1.3366722017157066e-10,1.4344657130265042e-08,1.3990097932378048e-05,1.5758793283306e-07
R75-input_first-slow-8p,1.0810299307127208e-09,1.3691762101077747e-05,0.0010810299307125835,1.6008811709949627e-07,1.4514310512019623e-07,1.3691762101077749e-10,1.4808094358336484e-08,1.431475247206227e-05,1.5999467590307417e-07
R75-input_first-slow-8p,1.0976525316148585e-09,1.4021800207204047e-05,0.0010976525316150655,1.6253180905908106e-07,1.471129333662908e-07,1.4021800207204048e-10,1.5278657690760574e-08,1.4649430714667689e-05,1.6243767189699983e-07
R75-input_first-slow-8p,1.1145307321566563e-09,1.4356913188270784e-05,0.0011145307321564952,1.650130767738821e-07,1.4911305093903435e-07,1.4356913188270785e-10,1.575645670300247e-08,1.4994440994767466e-05,1.6491745513386017e-07
R75-input_first-slow-8p,1.1316684626000661e-09,1.4697179078797721e-05,0.001131668462600241,1.675324980327213e-07,1.5114392358646733e-07,1.469717907879772e-10,1.624160265549843e-08,1.535010108664524e-05,1.6743456744434452e-07
R75-input_first-slow-8p,1.1490697136412232e-09,1.5042677113160147e-05,0.0011490697136412372,1.7009065950847744e-07,1.5320602421795263e-07,1.5042677113160148e-10,1.6734208519420515e-08,1.5716738491334497e-05,1.699895582642656e-07
R75-input_first-slow-8p,1.1667385373397482e-09,1.5393487744130335e-05,0.0011667385373398368,1.7268815689537206e-07,1.5529983301484012e-07,1.5393487744130336e-10,1.723438900311277e-08,1.609469073229891e-05,1.7258298473027795e-07
R75-input_first-slow-8p,1.1846790480622924e-09,1.5749692661553546e-05,0.0011846790480624432,1.7532559504725187e-07,1.5742583754193405e-07,1.5749692661553546e-10,1.774226057871916e-08,1.6484305660006742e-05,1.7521541177527897e-07
R75-input_first-slow-8p,1.202895423440619e-09,1.6111374811394028e-05,0.0012028954234407736,1.7800358811861037e-07,1.5958453286116893e-07,1.6111374811394027e-10,1.825794150933907e-08,1.688594176566269e-05,1.7788741222523098e-07
R75-input_first-slow-8p,1.2213919053443888e-09,1.6478618415041666e-05,0.001221391905344254,1.8072275970753972e-07,1.61776421646841e-07,1.6478618415041667e-10,1.8781551876554462e-08,1.7299968504371748e-05,1.8059956689653835e-07
R75-input_first-slow-8p,1.2401728008689521e-09,1.685150898894662e-05,0.0012401728008689286,1.834837430011106e-07,1.640020143027972e-07,1.685150898894662e-10,1.931321360842459e-08,1.7726766628007267e-05,1.833524646944457e-07
R75-input_first-slow-8p,1.259242483338285e-09,1.723013336448936e-05,0.0012592424833382308,1.8628718092249574e-07,1.6626182908102947e-07,1.723013336448936e-10,1.9853050507816444e-08,1.8166728528075586e-05,1.8614670271171645e-07
R75-input_first-slow-8p,1.278605393323348e-09,1.761457970823754e-05,0.0012786053933232337,1.8913372628095709e-07,1.6855639220257747e-07,1.761457970823754e-10,2.0401188281286667e-08,1.86202585888686e-05,1.889828863286893e-07
R75-input_first-slow-8p,1.2982660396761483e-09,1.8004937542463537e-05,0.0012982660396760304,1.9202404192376335e-07,1.708862379799872e-07,1.8004937542463536e-10,2.0957754568335168e-08,1.9087773551211014e-05,1.918616293137155e-07
R75-input_first-slow-8p,1.3182290005796522e-09,1.840129776598992e-05,0.001318229000579631,1.949588008905355e-07,1.7325190894172713e-07,1.840129776598992e-10,2.152287897112627e-08,1.9569702887111076e-05,1.947835539244376e-07
R75-input_first-slow-8p,1.3384989246138727e-09,1.8813078460949568e-05,0.0013384989246139536,1.979372878122823e-07,1.7563998061454332e-07,1.8813078460949567e-10,2.210917641310345e-08,2.006648918563589e-05,1.97749291009799e-07
R75-input_first-slow-8p,1.3590805318383166e-09,1.9304349732161654e-05,0.0013590805318383337,2.00950600883268e-07,1.7795513923236357e-07,1.9304349732161654e-10,2.2802418153569173e-08,2.05785885503457e-05,2.0075948011279697e-07
R75-input_first-slow-8p,1.3799786148911318e-09,1.9803175101591673e-05,0.0013799786148909708,2.0401024856454633e-07,1.8030589719542122e-07,1.980317510159167e-10,2.3506319618108166e-08,2.1106471008620247e-05,2.0381476957399258e-07
R75-input_first-slow-8p,1.4011980401051062e-09,2.030967072584431e-05,0.0014011980401048962,2.0711694332646867e-07,1.8269280190182428e-07,2.0309670725844306e-10,2.422104471739773e-08,2.1650620933233326e-05,2.0691581663566145e-07
R75-input_first-slow-8p,1.4227437486408252e-09,2.082395454761984e-05,0.0014227437486408782,2.102714085947698e-07,1.8511640916681155e-07,2.0823954547619838e-10,2.494675988250682e-08,2.2211537476528437e-05,2.1006328754659502e-07
R75-input_first-slow-8p,1.4446207576373066e-09,2.1346146323160323e-05,0.0014446207576372704,2.134743789189149e-07,1.875772833520954e-07,2.1346146323160323e-10,2.5683634103625868e-08,2.2789735017569644e-05,2.1325785766749677e-07
R75-input_first-slow-8p,1.4668341613802697e-09,2.1876367650181043e-05,0.0014668341613801868,2.1672660014342275e-07,1.9007599749749096e-07,2.1876367650181042e-10,2.643183896948134e-08,2.338574362264515e-05,2.1650021157742462e-07
R75-input_first-slow-8p,1.489389132488403e-09,2.2414741996155747e-05,0.0014893891324885018,2.2002882958135903e-07,1.9261313345421288e-07,2.2414741996155743e-10,2.7191548707249566e-08,2.4000109519515616e-05,2.197910431803953e-07
R75-input_first-slow-8p,1.5122909231178384e-09,2.2961394727056833e-05,0.0015122909231179069,2.2338183619062018e-07,1.951892820203159e-07,2.296139472705683e-10,2.7962940223112513e-08,2.4633395585805625e-05,2.231310558127255e-07
R75-input_first-slow-8p,1.5355448661852056e-09,2.3516453136580735e-05,0.0015355448661852965,2.2678640075319326e-07,1.97805043078422e-07,2.3516453136580734e-10,2.8746193143498264e-08,2.5286181851957797e-05,2.2652096235123845e-07
R75-input_first-slow-8p,1.5591563766094312e-09,2.408004647575748e-05,0.001559156376609249,2.302433160567722e-07,2.004610257352581e-07,2.408004647575748e-10,2.954148985686358e-08,2.595906601916819e-05,2.299614853216369e-07
R75-input_first-slow-8p,1.5831309525726719e-09,2.46523059830859e-05,0.0015831309525725277,2.3375338707959843e-07,2.0315784846367081e-07,2.46523059830859e-10,3.034901555621827e-08,2.665266399274075e-05,2.3345335700786668e-07
R75-input_first-slow-8p,1.6074741768005957e-09,2.5233364915053e-05,0.0016074741768006785,2.3731743117765755e-07,2.058961392464516e-07,2.5233364915053e-10,3.1168958282191606e-08,2.7367610431312862e-05,2.3699731956151384e-07
R75-input_first-slow-8p,1.6321917178624163e-09,2.5897166205735308e-05,0.0016321917178622248,2.409252080026241e-07,2.085659590995322e-07,2.5897166205735306e-10,3.210027724116722e-08,2.8104559312411765e-05,2.4059412511199167e-07
R75-input_first-slow-8p,1.6572893314908513e-09,2.6593405571528944e-05,0.0016572893314908855,2.4458512589487405e-07,2.1124352583273112e-07,2.6593405571528944e-10,3.307566600655106e-08,2.8864184514814652e-05,2.4424453587751084e-07
R75-input_first-slow-8p,1.6827728619224166e-09,2.730035075478375e-05,0.0016827728619226174,2.4830132100269425e-07,2.1396226452789327e-07,2.730035075478375e-10,3.406605296736727e-08,2.96471804182004e-05,2.479493242756791e-07
R75-input_first-slow-8p,1.7086482432582902e-09,2.8018166374926374e-05,0.0017086482432584912,2.520746586801779e-07,2.167228082711698e-07,2.8018166374926376e-10,3.5071668745363475e-08,3.045426252059945e-05,2.517092730353064e-07
R75-input_first-slow-8p,1.7349215008461684e-09,2.874701958267957e-05,0.0017349215008462006,2.559060175876694e-07,2.1952579988345927e-07,2.874701958267957e-10,3.609274750847834e-08,3.128616807414984e-05,2.5552517530825925e-07
R75-input_first-slow-8p,1.7615987526833106e-09,2.9487080098986245e-05,0.0017615987526831748,2.597962898963761e-07,2.2237189207009974e-07,2.948708009898624e-10,3.712952702537174e-08,3.2143656739694596e-05,2.593978347817288e-07
R75-input_first-slow-8p,1.7886862108411552e-09,3.0238520254532682e-05,0.0017886862108412863,2.637463814961301e-07,2.2526174757286564e-07,3.023852025453268e-10,3.8182248720794416e-08,3.3027511260758434e-05,2.6332806579083214e-07
R75-input_first-slow-8p,1.8161901829119072e-09,3.100151502983573e-05,0.0018161901829118897,2.6775721220611393e-07,2.2819603932413322e-07,3.100151502983573e-10,3.925115773174762e-08,3.3938538157475356e-05,2.673166934312695e-07
R75-input_first-slow-8p,1.8441170734772971e-09,3.17762420960584e-05,0.0018441170734771176,2.718297159894163e-07,2.3117545060384745e-07,3.1776242096058403e-10,4.033650296466333e-08,3.48775684410237e-05,2.713645536728448e-07
R75-input_first-slow-8p,1.8724733855999685e-09,3.256288185634243e-05,0.0018724733855998113,2.7596484117030426e-07,2.3420067519847687e-07,3.2562881856342427e-10,4.143853715330859e-08,3.584545834918021e-05,2.7547249347261337e-07
R75-input_first-slow-8p,1.9012657223377517e-09,3.336161748781051e-05,0.001901265722337594,2.801635506550162e-07,2.372724175625441e-07,3.3361617487810517e-10,4.2557516917628115e-08,3.684309010358146e-05,2.7964137088839433e-07
R75-input_first-slow-8p,1.9305007882812993e-09,3.427992322649486e-05,0.001930500788281503,2.8441073018716913e-07,2.4023070370720627e-07,3.427992322649486e-10,4.383722724772398e-08,3.7871372689329346e-05,2.8387205519261604e-07
R75-input_first-slow-8p,1.960185391115297e-09,3.521432212934646e-05,0.0019601853911153802,2.887229211580326e-07,2.432315237326425e-07,3.5214322129346456e-10,4.5139254204114545e-08,3.893124265757627e-05,2.881654269858277e-07
R75-input_first-slow-8p,1.9903264432036775e-09,3.616308894154432e-05,0.0019903264432036345,2.9310141910845697e-07,2.462784862674057e-07,3.616308894154432e-10,4.646130195164552e-08,4.002366495174568e-05,2.9252237831092173e-07
R75-input_first-slow-8p,2.0209309631992837e-09,3.712644459317003e-05,0.002020930963199333,2.9754724361659045e-07,2.493723008279678e-07,3.7126444593170033e-10,4.780367834269217e-08,4.1149633758072065e-05,2.9694381276675764e-07
R75-input_first-slow-8p,2.0520060776782018e-09,3.810461341144494e-05,0.002052006077678128,3.020614299381632e-07,2.5251368784070795e-07,3.8104613411444943e-10,4.91666959633335e-08,4.231017338114775e-05,3.0143064562190983e-07
R75-input_first-slow-8p,2.0835590227992743e-09,3.909782317301544e-05,0.0020835590227992903,3.0664502924778046e-07,2.5570337880982593e-07,3.909782317301544e-10,5.055067220620846e-08,4.350633914519418e-05,3.05983803928623e-07
R75-input_first-slow-8p,2.1155971459890793e-09,4.010630515694469e-05,0.0021155971459891833,3.112991088834763e-07,2.5894211648752544e-07,4.0106305156944684e-10,5.195592934435673e-08,4.473921832178634e-05,3.106042266361659e-07
R75-input_first-slow-8p,2.1481279076529057e-09,4.1130294198584284e-05,0.0021481279076526975,3.1602475259532766e-07,2.6223065504702264e-07,4.113029419858429e-10,5.3382794606285514e-08,4.6009931084793324e-05,3.1529286470429617e-07
R75-input_first-slow-8p,2.1811588829119503e-09,4.217002874429914e-05,0.0021811588829117826,3.208230607980059e-07,2.65569760258295e-07,4.217002874429914e-10,5.48316002522252e-08,4.731963149329288e-05,3.200506812165943e-07
R75-input_first-slow-8p,2.214697763367281e-09,4.3319845434376e-05,0.0022146977633672772,3.256810377591096e-07,2.6881933163812096e-07,4.3319845434376e-10,5.6428507666608015e-08,4.866950850326811e-05,3.248786514929745e-07
R75-input_first-slow-8p,2.248752358890866e-09,4.4514170948723914e-05,0.002248752358890807,3.3060969009053925e-07,2.7207870291866334e-07,4.4514170948723916e-10,5.808584546236201e-08,5.0060787008891736e-05,3.29777763202268e-07
R75-input_first-slow-8p,2.283330599444242e-09,4.5726861168628475e-05,0.0022833305994442114,3.3561412850186963e-07,2.7538819235639815e-07,4.572686116862848e-10,5.97686675337689e-08,5.149472891424351e-05,3.347490164743708e-07
R75-input_first-slow-8p,2.3184405369250454e-09,4.6958198481437395e-05,0.0023184405369252275,3.406955183278799e-07,2.7874857059986294e-07,4.695819848143739e-10,6.147736574319683e-08,5.297263423630967e-05,3.3979342401163715e-07
R75-input_first-slow-8p,2.3540903470420007e-09,4.820846961664064e-05,0.002354090347041976,3.4585504282217424e-07,2.8216062014750873e-07,4.820846961664064e-10,6.321233797850402e-08,5.449584224016043e-05,3.4491201119976766e-07
R75-input_first-slow-8p,2.3902883312186784e-09,4.947796571270943e-05,0.0023902883312187833,3.510939034330074e-07,2.856251355301065e-07,4.947796571270944e-10,6.497398824578957e-08,5.606573260719092e-05,3.501058162184371e-07
R75-input_first-slow-8p,2.427042918526626e-09,5.076698238479669e-05,0.0024270429185265703,3.564133200826662e-07,2.891429234955051e-07,5.07669823847967e-10,6.676272676333991e-08,5.768372663738584e-05,3.5537589015050496e-07
R75-input_first-slow-8p,2.464362667648133e-09,5.2075819793655464e-05,0.00246436266764797,3.6181453145187673e-07,2.9271480319671285e-07,5.207581979365547e-10,6.857897005726528e-08,5.935128848652888e-05,3.6072329709119274e-07
R75-input_first-slow-8p,2.5022562688691785e-09,5.345985611003317e-05,0.0025022562688691223,3.6729053490946005e-07,2.962591839042412e-07,5.345985611003318e-10,7.049675244415864e-08,6.106992643935654e-05,3.661491142558719e-07
R75-input_first-slow-8p,2.5407325461031142e-09,5.4942665330554536e-05,0.0025407325461032407,3.7283911811714325e-07,2.9974209260854074e-07,5.494266533055455e-10,7.254759885532636e-08,6.284119421966294e-05,3.7165443208707446e-07
R75-input_first-slow-8p,2.579800458945361e-09,5.644827516480513e-05,0.002579800458945509,3.784730198544876e-07,3.0327855672301833e-07,5.644827516480513e-10,7.462998037983965e-08,6.466669233837137e-05,3.7724035436050847e-07
R75-input_first-slow-8p,2.6194691047597647e-09,5.797703620946241e-05,0.00261946910475975,3.8419355203324156e-07,3.068693997495802e-07,5.797703620946241e-10,7.674438192157405e-08,6.65480694806471e-05,3.8290799828998323e-07
R75-input_first-slow-8p,2.6597477207969677e-09,5.952930445220961e-05,0.002659747720796855,3.900020467379742e-07,3.1051545785284115e-07,5.952930445220961e-10,7.889129584060701e-08,6.848702393312571e-05,3.8865849463108124e-07
R75-input_first-slow-8p,2.7006456863454604e-09,6.110544135461687e-05,0.0027006456863453987,3.958998565362109e-07,3.142175800548003e-07,6.110544135461688e-10,8.107122206784908e-08,7.048530505238136e-05,3.944929877834722e-07
R75-input_first-slow-8p,2.7421725249156154e-09,6.270581393631158e-05,0.002742172524915715,4.018883547933945e-07,3.1797662843254573e-07,6.270581393631159e-10,8.328466822145865e-08,7.254471477577111e-05,4.004126358918896e-07
R75-input_first-slow-8p,2.7843379064572974e-09,6.433088845924273e-05,0.0027843379064574287,4.079689219539555e-07,3.2179333830534893e-07,6.433088845924274e-10,8.553227476397532e-08,7.466710917582159e-05,4.0641861094559486e-07
R75-input_first-slow-8p,2.827151649611679e-09,6.612359795272056e-05,0.002827151649611717,4.1412159243212e-07,3.254553522241895e-07,6.612359795272055e-10,8.800500422836967e-08,7.68544000593794e-05,4.125120988763363e-07
R75-input_first-slow-8p,2.8706237239975676e-09,6.794387328280861e-05,0.0028706237239974493,4.203688702684397e-07,3.2917367558843566e-07,6.794387328280862e-10,9.051575594714756e-08,7.910855661273804e-05,4.1869429965449296e-07
R75-input_first-slow-8p,2.9147642525329553e-09,6.979213831928253e-05,0.002914764252532908,4.267122102056181e-07,3.329491742478103e-07,6.979213831928253e-10,9.306511457459184e-08,8.143160709401632e-05,4.2496642738346953e-07
R75-input_first-slow-8p,2.959583513792197e-09,7.166882344958518e-05,0.0029595835137922297,4.3315308935532526e-07,3.3678272736584334e-07,7.166882344958517e-10,9.565367375496832e-08,8.3825640574082e-05,4.3132971039201563e-07
R75-input_first-slow-8p,3.0050919443995528e-09,7.357436567907476e-05,0.0030050919443995482,4.396930075422545e-07,3.4067522762465096e-07,7.357436567907476e-10,9.828203626080056e-08,8.629280872735188e-05,4.3778539132472095e-07
R75-input_first-slow-8p,3.051300141459428e-09,7.550920873279796e-05,0.0030513001414595527,4.4633348765341296e-07,3.4462758143283023e-07,7.550920873279796e-10,1.0095081413324803e-07,8.883532767383049e-05,4.4433472723028566e-07
R75-input_first-slow-8p,3.09821886502398e-09,7.749163970863414e-05,0.003098218865024048,4.5307340072080457e-07,3.4861404166553395e-07,7.749163970863414e-10,1.036844426581806e-07,9.145547987377647e-05,4.5097898964729815e-07
R75-input_first-slow-8p,3.14585904059878e-09,7.963945656459056e-05,0.0031458590405987505,4.598967171390425e-07,3.524601067686176e-07,7.963945656459056e-10,1.0664021580475858e-07,9.415561607644504e-05,4.577194646879362e-07
R75-input_first-slow-8p,3.194231761686881e-09,8.182029961288593e-05,0.0031942317616869254,4.6682495319220804e-07,3.563653114047067e-07,8.182029961288594e-10,1.0964143879133501e-07,9.693815732435557e-05,4.6455745311886604e-07
R75-input_first-slow-8p,3.243348292372078e-09,8.403467668515488e-05,0.003243348292371993,4.7385972219100803e-07,3.6033056494068835e-07,8.403467668515488e-10,1.1268881048341344e-07,9.980559701460302e-05,4.7149427043943066e-07
R75-input_first-slow-8p,3.2932200699418137e-09,8.628310342179904e-05,0.003293220069941633,4.810026622535199e-07,3.6435679072649753e-07,8.628310342179904e-10,1.1578304049273207e-07,0.00010276050301873814,4.785312469572774e-07
R75-input_first-slow-8p,3.3438587075505444e-09,8.856610339203032e-05,0.0033438587075504374,4.882554366865518e-07,3.684449263100772e-07,8.856610339203033e-10,1.1892484934246431e-07,0.00010580551986281478,4.856697278607425e-07
R75-input_first-slow-8p,3.395275996923934e-09,9.088420821578533e-05,0.003395275996924059,4.956197343729487e-07,3.7259592365568833e-07,9.088420821578533e-10,1.2211496863499442e-07,0.00010894337096919811,4.929110732881979e-07
R75-input_first-slow-8p,3.4474839111047006e-09,9.337666454055604e-05,0.0034474839111048707,5.030764657753931e-07,3.7660349147879086e-07,9.337666454055605e-10,1.2553920765110735e-07,0.00011217686096181446,5.002566583941063e-07
R75-input_first-slow-8p,3.5004946072406093e-09,9.593013475276625e-05,0.0035004946072403976,5.106444536256128e-07,3.806387809999096e-07,9.593013475276626e-10,1.290463712781114e-07,0.00011550887803651618,5.077078734117268e-07
R75-input_first-slow-8p,3.5543204294154714e-09,9.852286874026446e-05,0.003554320429415372,5.183288116503944e-07,3.8473611968855784e-07,9.852286874026447e-10,1.3260746327439521e-07,0.00011894239639831096,5.152661237123343e-07
R75-input_first-slow-8p,3.608973911523535e-09,0.00010115547024770608,0.0036089739115235976,5.261313292311824e-07,3.888964616520011e-07,1.0115547024770607e-09,1.3622331287669134e-07,0.00012248047876723737,5.229328298601127e-07
R75-input_first-slow-8p,3.6644677801881587e-09,0.0001038285523033129,0.0036644677801880967,5.340538232641018e-07,3.9312077566847207e-07,1.038285523033129e-09,1.3989476207261003e-07,0.00012612627895469832,5.307094276637242e-07
R75-input_first-slow-8p,3.720814957725279e-09,0.00010654273736165522,0.003720814957725301,5.42098138583137e-07,3.974100454128117e-07,1.0654273736165523e-09,1.4362266579674888e-07,0.00012988304451211038,5.38597368223635e-07
R75-input_first-slow-8p,3.778028565152591e-09,0.00010946400302081791,0.0037780285651524436,5.502413485068156e-07,4.015183729953282e-07,1.0946400302081792e-09,1.4762833548133063e-07,0.0001337541194538098,5.465981179747868e-07
R75-input_first-slow-8p,3.8361219252448694e-09,0.00011243464565446011,0.003836121925244923,5.585091049751076e-07,4.0568321645003616e-07,1.1243464565446012e-09,1.5170154206858923e-07,0.00013774294705611902,5.547131587253369e-07
R75-input_first-slow-8p,3.895108565636265e-09,0.00011545096677073614,0.003895108565636443,5.669039917033577e-07,4.099121011755668e-07,1.1545096677073614e-09,1.5583738086015706e-07,0.0001418530727346082,5.62943987690088e-07
R75-input_first-slow-8p,3.955002221970444e-09,0.00011851366875091316,0.003955002221970402,5.754279635269268e-07,4.142060119110436e-07,1.1851366875091315e-09,1.6003681492845892e-07,0.00014608814700158801,5.7129211751957e-07
R75-input_first-slow-8p,4.0158168410990185e-09,0.00012162346477656788,0.004015816841099132,5.840830053401025e-07,4.185659485376331e-07,1.2162346477656787e-09,1.6430082215480004e-07,0.00015045192850590857,5.797590763239548e-07
R75-input_first-slow-8p,4.077566584329236e-09,0.00012487416245559303,0.00407756658432931,5.928571711385436e-07,4.228540349828405e-07,1.2487416245559302e-09,1.6875439453124319e-07,0.00015494828715722844,5.883464076912253e-07
R75-input_first-slow-8p,4.140265830721527e-09,0.00012825876084158975,0.004140265830721572,6.017536676707485e-07,4.270828454659268e-07,1.2825876084158975e-09,1.7338823459649116e-07,0.00015958120733690622,5.970556707004837e-07
R75-input_first-slow-8p,4.203929180437911e-09,0.00013169540295606202,0.004203929180437985,6.107869623683787e-07,4.313766808173895e-07,1.3169540295606201e-09,1.7809332752150307e-07,0.00016435479119780242,6.058884399291005e-07
R75-input_first-slow-8p,4.268571458141747e-09,0.00013518488905632687,0.004268571458141621,6.199591587266305e-07,4.357365409007708e-07,1.3518488905632687e-09,1.8287076893535972e-07,0.00016927326205522054,6.148463054540099e-07
R75-input_first-slow-8p,4.334207716449753e-09,0.00013872803170501572,0.004334207716449902,6.292723925855083e-07,4.401634409542119e-07,1.3872803170501573e-09,1.877216713142983e-07,0.00017434096787135542,6.239308728470448e-07
R75-input_first-slow-8p,4.400853239437272e-09,0.000142390575421848,0.004400853239437086,6.387190954742695e-07,4.445616248264271e-07,1.42390575421848e-09,1.9273356489367436e-07,0.0001795623848356428,6.331437631632578e-07
R75-input_first-slow-8p,4.4685235461972486e-09,0.00014622840285529267,0.0044685235461973125,6.482932133365685e-07,4.488500739787448e-07,1.4622840285529267e-09,1.9798085532933764e-07,0.00018494212104343412,6.42486612923578e-07
R75-input_first-slow-8p,4.53723439445405e-09,0.00015012524315409615,0.004537234394454227,6.58014548899021e-07,4.532044650413784e-07,1.5012524315409614e-09,2.0330883142618514e-07,0.0001904849202754932,6.519610740893331e-07
R75-input_first-slow-8p,4.607001784232738e-09,0.00015408200373745004,0.004607001784232878,6.678853658742198e-07,4.5762581197890295e-07,1.5408200373745002e-09,2.087187338580428e-07,0.00019619566588086073,6.615688140306055e-07
R75-input_first-slow-8p,4.67784196158495e-09,0.00015809960597760553,0.004677841961584957,6.77907962783055e-07,4.621151443472634e-07,1.5809960597760552e-09,2.1421182237613321e-07,0.00020207938476570638,6.713115154866948e-07
R75-input_first-slow-8p,4.749771422371881e-09,0.00016227444598981012,0.004749771422372081,6.880703555313231e-07,4.6653131620446554e-07,1.6227444598981012e-09,2.1991629486707433e-07,0.00020814125149079256,6.811908765189935e-07
R75-input_first-slow-8p,4.822806916105561e-09,0.0001666076965089956,0.004822806916105387,6.983748804514502e-07,4.708750571304768e-07,1.6660769650899558e-09,2.2583374635597583e-07,0.00021438659248028787,6.912086104556089e-07
R75-input_first-slow-8p,4.89696544984906e-09,0.00017100757783273027,0.004896965449849086,7.088378542733628e-07,4.7528559016817697e-07,1.7100757783273028e-09,2.318421883269279e-07,0.00022082089034467986,7.01366445828464e-07
R75-input_first-slow-8p,4.972264292176887e-09,0.00017547511451842387,0.004972264292176952,7.19461713407629e-07,4.797639423553365e-07,1.7547511451842388e-09,2.379430199071544e-07,0.00022744978832063263,7.116661263007983e-07
R75-input_first-slow-8p,5.0487209771960655e-09,0.0001800113468777811,0.0050487209771961535,7.302489317287314e-07,4.843111565221602e-07,1.8001134687778111e-09,2.4413766173781583e-07,0.00023427909483064954,7.22109410586799e-07
R75-input_first-slow-8p,5.126353308629178e-09,0.0001847859409495436,0.005126353308629105,7.411767316831316e-07,4.886773978924567e-07,1.847859409495436e-09,2.5065147438122183e-07,0.00024131478816549136,7.326980723615234e-07
R75-input_first-slow-8p,5.205179363960056e-09,0.00018966045041758024,0.005205179363960117,7.522685899919202e-07,4.930713476421678e-07,1.8966045041758026e-09,2.57300637845646e-07,0.0002485630212923454,7.434339001616787e-07
R75-input_first-slow-8p,5.285217498643438e-09,0.00019460991343053438,0.005285217498643455,7.635310037392444e-07,4.975328615461984e-07,1.9460991343053438e-09,2.640520430588375e-07,0.0002560301267918172,7.543186972762906e-07
R75-input_first-slow-8p,5.366486350379159e-09,0.00019963548252160002,0.005366486350379161,7.749665954935835e-07,5.020629785137911e-07,1.9963548252160004e-09,2.709072621547012e-07,0.00026372262192683293,7.65354281627751e-07
R75-input_first-slow-8p,5.449004843452066e-09,0.000204831787077878,0.005449004843451981,7.865640103838695e-07,5.065238383048821e-07,2.04831787077878e-09,2.779918542083245e-07,0.0002716472138466527,7.76542485642065e-07
R75-input_first-slow-8p,5.532792193138862e-09,0.00021021408375107288,0.005532792193138904,7.983238421571324e-07,5.108956011324632e-07,2.102140837510729e-09,2.8532610018722315e-07,0.0002798108049292305,7.878851561086387e-07
R75-input_first-slow-8p,5.617867910182493e-09,0.00021567914202685697,0.005617867910182334,8.102645005519713e-07,5.153345869541896e-07,2.15679142026857e-09,2.92773122177526e-07,0.00028822049826520313,7.993841540286685e-07
R75-input_first-slow-8p,5.704251805335468e-09,0.00022122823450008376,0.005704251805335281,8.223887660731229e-07,5.198418294334234e-07,2.2122823450008377e-09,3.0033465429465887e-07,0.00029688360328688536,8.11041354452584e-07
R75-input_first-slow-8p,5.791963993972906e-09,0.0002269113791272629,0.00579196399397302,8.34692153686634e-07,5.243460431946408e-07,2.269113791272629e-09,3.080769967006467e-07,0.0003058076415456637,8.228586463052009e-07
R75-input_first-slow-8p,5.881024900776743e-09,0.00023283678331439964,0.005881024900776769,8.471614970207408e-07,5.286896044767368e-07,2.3283678331439964e-09,3.1614352471081416e-07,0.00031500035264131753,8.348379321988893e-07
R75-input_first-slow-8p,5.9714552644917615e-09,0.00023885330026928114,0.005971455264491891,8.598225768756401e-07,5.330999551081806e-07,2.3885330026928116e-09,3.243340887647493e-07,0.00032446970030675527,8.469811282346094e-07
R75-input_first-slow-8p,6.063276142754747e-09,0.00024496233099949815,0.006063276142754712,8.726783415134435e-07,5.375781220842847e-07,2.4496233099949816e-09,3.326505961191753e-07,0.000334223878651795,8.59290163789384e-07
R75-input_first-slow-8p,6.156508916998117e-09,0.0002512067482483683,0.006156508916998115,8.857255674914572e-07,5.420636965454204e-07,2.512067482483683e-09,3.4114980346358297e-07,0.0003442713185696734,8.717669812911785e-07
R75-input_first-slow-8p,6.2511752974287145e-09,0.00025771248423503364,0.0062511752974287035,8.989486227389483e-07,5.463731789444561e-07,2.577124842350336e-09,3.499983189521461e-07,0.00035462069430997577,8.844135359795553e-07
R75-input_first-slow-8p,6.347297328083296e-09,0.00026431825653873544,0.006347297328083166,9.123750040589452e-07,5.507489266743348e-07,2.6431825653873543e-09,3.589828948192014e-07,0.0003652809302217964,8.972317956526739e-07
R75-input_first-slow-8p,6.444897391961613e-09,0.00027102560338127245,0.0064448973919617155,9.260078379219764e-07,5.551919586727725e-07,2.7102560338127244e-09,3.681056232153433e-07,0.00037626120767095977,9.102237403997453e-07
R75-input_first-slow-8p,6.543998216238676e-09,0.0002778977073355557,0.006543998216238618,9.398410564961341e-07,5.59612091924961e-07,2.778977073355557e-09,3.774499874977616e-07,0.00038757097213526097,9.233913623183465e-07
R75-input_first-slow-8p,6.644622877556933e-09,0.00028502334907955506,0.006644622877556992,9.538648049523358e-07,5.63881301793934e-07,2.850233490795551e-09,3.8713326966758695e-07,0.00039921994048163026,9.367366652170903e-07
R75-input_first-slow-8p,6.746794807399822e-09,0.0002922585592041359,0.006746794807399845,9.681041914469386e-07,5.682161577378165e-07,2.922585592041359e-09,3.9696544811709886e-07,0.0004112181084292919,9.502616643018311e-07
R75-input_first-slow-8p,6.850537797548192e-09,0.0002996050225021401,0.006850537797548356,9.825625317670492e-07,5.726176691722495e-07,2.996050225021401e-09,4.0694881236983397e-07,0.0004235757582030187,9.639683858464447e-07
R75-input_first-slow-8p,6.955876005620356e-09,0.0003071783037631922,0.006955876005620194,9.972261159166435e-07,5.769185962114186e-07,3.071783037631922e-09,4.172357366676643e-07,0.00043630346638060306,9.778588668464833e-07
R75-input_first-slow-8p,7.062833960697468e-09,0.0003149656001780399,0.007062833960697639,1.0121005432384594e-06,5.811414679251488e-07,3.149656001780399e-09,4.278094193115973e-07,0.00044941211193876614,9.919351546565357e-07
R75-input_first-slow-8p,7.171436569035396e-09,0.00032287263899472864,0.007171436569035301,1.0272036891756507e-06,5.854292731889496e-07,3.228726389947286e-09,4.385456895968167e-07,0.00046291288450177765,1.0061993066091217e-06
R75-input_first-slow-8p,7.281709119864288e-09,0.0003309012614483459,0.0072817091198644265,1.0425390706506558e-06,5.897830104622549e-07,3.3090126144834593e-09,4.49447047573976e-07,0.00047681729279708544,1.0206533896170254e-06
R75-input_first-slow-8p,7.393677291277598e-09,0.00033924345069225763,0.007393677291277648,1.0580817438688839e-06,5.939232395278131e-07,3.392434506922576e-09,4.607660698342004e-07,0.0004911371733223735,1.0352994797559822e-06
R75-input_first-slow-8p,7.507367156211413e-09,0.0003477367228795745,0.007507367156211585,1.0738599901204885e-06,5.980934849706871e-07,3.4773672287957448e-09,4.722891379210509e-07,0.0005058846992284473,1.0501396618296695e-06
R75-input_first-slow-8p,7.622805188515703e-09,0.0003563605929993778,0.007622805188515832,1.0898808526798334e-06,6.023278547487745e-07,3.5636059299937777e-09,4.839893920011032e-07,0.0005210723894224049,1.0651760289146154e-06
R75-input_first-slow-8p,7.740018269119218e-09,0.00036519521470195995,0.00774001826911936,1.1061363412680174e-06,6.065122838581265e-07,3.651952147019599e-09,4.959721052629022e-07,0.0005367131178957317,1.0804106818859827e-06
R75-input_first-slow-8p,7.85903369228886e-09,0.00037430123352593975,0.00785903369228882,1.1226214535882153e-06,6.105614890642287e-07,3.743012335259398e-09,5.0831695218875e-07,0.0005528201232817749,1.095845728922731e-06
R75-input_first-slow-8p,7.979879171985502e-09,0.0003835472722628201,0.00797987917198552,1.139360051436595e-06,6.146729574142179e-07,3.835472722628202e-09,5.208516212997635e-07,0.0005694070186473327,1.1114832849924668e-06
R75-input_first-slow-8p,8.102582848317336e-09,0.0003929354839474321,0.008102582848317282,1.1563560325671263e-06,6.18847646305615e-07,3.929354839474322e-09,5.335790314220432e-07,0.0005864878015229613,1.1273254713147174e-06
R75-input_first-slow-8p,8.227173294092771e-09,0.00040266711826045725,0.00822717329409278,1.1735834974887954e-06,6.22794107750096e-07,4.0266711826045725e-09,5.467627185561009e-07,0.0006040768641768154,1.1433744148030494e-06
R75-input_first-slow-8p,8.353679521473824e-09,0.0004125633751534977,0.008353679521473712,1.1910736155782847e-06,6.267792430601219e-07,4.1256337515349775e-09,5.60168738766634e-07,0.0006221890041366884,1.1596322474846348e-06
R75-input_first-slow-8p,8.482130988731785e-09,0.0004226118031604772,0.008482130988731584,1.208832672801162e-06,6.308256563347237e-07,4.226118031604772e-09,5.737808984348403e-07,0.0006408394349651063,1.1761011058975512e-06
R75-input_first-slow-8p,8.612557607107085e-09,0.00043294065927671665,0.008612557607106979,1.2268459184559508e-06,6.347497693421536e-07,4.329406592767167e-09,5.877667425210309e-07,0.0006600437972923472,1.1927831304647696e-06
R75-input_first-slow-8p,8.744989747774296e-09,0.00044351616142103954,0.008744989747774294,1.24512297477316e-06,6.386055251070936e-07,4.435161614210395e-09,6.020822880518469e-07,0.0006798181701121889,1.209680464844553e-06
R75-input_first-slow-8p,8.879458248914444e-09,0.00045425427918449135,0.008879458248914451,1.263681070684359e-06,6.425205694147779e-07,4.5425427918449136e-09,6.166179584777168e-07,0.0007001790823453526,1.2267952552568997e-06
R75-input_first-slow-8p,9.01599442289585e-09,0.0004652263754310896,0.009015994422896058,1.2825141990883419e-06,6.463951783002127e-07,4.652263754310896e-09,6.314667570337863e-07,0.0007211435246755257,1.2441296497853695e-06
R75-input_first-slow-8p,9.154630063565752e-09,0.000476511344711809,0.009154630063565811,1.3016152954358553e-06,6.501186911837147e-07,4.76511344711809e-09,6.467314908049727e-07,0.0007427289616630046,1.2616857976536542e-06
R75-input_first-slow-8p,9.295397453653721e-09,0.0004879698388277111,0.009295397453653681,1.321010102338804e-06,6.538994591596622e-07,4.879698388277111e-09,6.62230944790797e-07,0.0007649533441408201,1.2794658484769958e-06
R75-input_first-slow-8p,9.438329372288909e-09,0.0004996335131865507,0.009438329372289068,1.34069878834216e-06,6.576961274587264e-07,4.996335131865507e-09,6.780063257514867e-07,0.0007878351218984142,1.2974719514871192e-06
R75-input_first-slow-8p,9.583459102633236e-09,0.0005116592639833478,0.009583459102633403,1.3606628129510947e-06,6.612849351778275e-07,5.1165926398334776e-09,6.942612851333663e-07,0.0008113932566579001,1.3157062547307463e-06
R75-input_first-slow-8p,9.73082043963156e-09,0.0005238699303410656,0.009730820439631358,1.3809338170468968e-06,6.649289266774367e-07,5.238699303410656e-09,7.107661910659965e-07,0.0008356472353478417,1.3341709042412767e-06
R75-input_first-slow-8p,9.880447697881258e-09,0.000536270677324757,0.009880447697881468,1.4015161727152527e-06,6.686255791700475e-07,5.36270677324757e-09,7.275278867719193e-07,0.0008606170836796292,1.3528680431829913e-06
R75-input_first-slow-8p,1.0032375719622565e-08,0.0005490698021006768,0.010032375719622386,1.422383863766001e-06,6.720774775961532e-07,5.490698021006768e-09,7.448156881488036e-07,0.0008863233800314254,1.3717998109664677e-06
R75-input_first-slow-8p,1.0186639882852195e-08,0.0005620657343257219,0.010186639882852113,1.4435724296512975e-06,6.755824545987849e-07,5.6206573432572185e-09,7.623693177092189e-07,0.0009127872696447753,1.390968342337047e-06
R75-input_first-slow-8p,1.0343276109561327e-08,0.0005752615002358264,0.010343276109561166,1.4650868043457397e-06,6.791413263477382e-07,5.752615002358264e-09,7.801928629956076e-07,0.0009400304791387627,1.4103757664327574e-06
R75-input_first-slow-8p,1.0502320874100384e-08,0.0005888571303330521,0.010502320874100406,1.4869024563586949e-06,6.824699817630857e-07,5.888571303330522e-09,7.985439032922623e-07,0.0009680753313467754,1.4300242058140523e-06
R75-input_first-slow-8p,1.0663811211672504e-08,0.0006026726575239536,0.010663811211672551,1.509051933471195e-06,6.858341354057742e-07,6.026726575239536e-09,8.171910714901855e-07,0.0009969447604808081,1.4499157754629681e-06
R75-input_first-slow-8p,1.0827784726957605e-08,0.0006167006210112117,0.01082778472695751,1.5315419949724774e-06,6.892500184056095e-07,6.167006210112117e-09,8.361249703567807e-07,0.00102666232762824,1.4700525817524913e-06
R75-input_first-slow-8p,1.0994279602868987e-08,0.0006311359618675759,0.010994279602869007,1.5543491289904322e-06,6.924422985372862e-07,6.3113596186757595e-09,8.55595470834465e-07,0.0010572522365859625,1.490436721385015e-06
R75-input_first-slow-8p,1.116333460944456e-08,0.0006458068143104884,0.011163334609444624,1.5775049284098935e-06,6.956641526832955e-07,6.458068143104884e-09,8.753827075834531e-07,0.0010887393500366809,1.5110702802994867e-06
R75-input_first-slow-8p,1.1334989112874893e-08,0.0006607032550725559,0.011334989112874738,1.6010167860672827e-06,6.989355480992609e-07,6.607032550725559e-09,8.954742054172211e-07,0.0011211492060722384,1.5319553325473386e-06
R75-input_first-slow-8p,1.150928308467008e-08,0.0006760251763538496,0.011509283084669962,1.624860715748284e-06,7.019755983420927e-07,6.760251763538496e-09,9.161248656425881e-07,0.0011545080350686574,1.553093939136439e-06
R75-input_first-slow-8p,1.1686257110967474e-08,0.0006915884589705766,0.011686257110967505,1.64907042059666e-06,7.050541326187974e-07,6.915884589705766e-09,9.371004033881045e-07,0.0011888427769175653,1.5744881468424248e-06
R75-input_first-slow-8p,1.186595240198253e-08,0.0007074005772805767,0.011865952401982346,1.6736509605924703e-06,7.081664194965849e-07,7.074005772805767e-09,9.584105353230395e-07,0.0012241810986185725,1.5961399869876197e-06
R75-input_first-slow-8p,1.204841080160508e-08,0.000723645134254358,0.012048410801604988,1.6985810735482761e-06,7.110565687533698e-07,7.23645134254358e-09,9.80288053452337e-07,0.0012605514122371712,1.6180514741871083e-06
R75-input_first-slow-8p,1.223367479714318e-08,0.0007401394778249174,0.012233674797143166,1.7238945277107755e-06,7.139911587756492e-07,7.401394778249175e-09,1.0025019741568655e-06,0.001297982893232529,1.6402246050609262e-06
R75-input_first-slow-8p,1.2421787529216572e-08,0.0007569193744896838,0.012421787529216468,1.7495924291111831e-06,7.169256085719333e-07,7.569193744896838e-09,1.0250976267943547e-06,0.0013365054991594304,1.6626613569130655e-06
R75-input_first-slow-8p,1.2612792801802491e-08,0.000774120446104462,0.012612792801802572,1.7756610061524016e-06,7.196738558533741e-07,7.74120446104462e-09,1.0482459458379903e-06,0.0013761499887486655,1.68536368637646e-06
R75-input_first-slow-8p,1.2806735092435918e-08,0.0007915860122909393,0.012806735092435944,1.8021304301451204e-06,7.224643619256572e-07,7.915860122909392e-09,1.0717502080965675e-06,0.0014169479413698675,1.708333528023471e-06
R75-input_first-slow-8p,1.3003659562566584e-08,0.0008093793307958007,0.013003659562566626,1.8289979868586103e-06,7.252144249032785e-07,8.093793307958007e-09,1.0956897686473886e-06,0.0014589317768807395,1.7315727929424364e-06
R75-input_first-slow-8p,1.3203612068075226e-08,0.0008275781199235479,0.013203612068075308,1.856258897305682e-06,7.278210777641673e-07,8.275781199235479e-09,1.1201620383422843e-06,0.0015021347758664583,1.755083367279135e-06
R75-input_first-slow-8p,1.340663916995164e-08,0.0008460567451593839,0.013406639169951438,1.883938988777871e-06,7.304678121704057e-07,8.460567451593839e-09,1.145010609155867e-06,0.0015465911002729138,1.7788671107436335e-06
R75-input_first-slow-8p,1.3612788145136951e-08,0.0008649103035459391,0.013612788145136952,1.9120310888249595e-06,7.330283656975569e-07,8.64910303545939e-09,1.1703536200919282e-06,0.0015923358144372436,1.8029258550823867e-06
R75-input_first-slow-8p,1.38221069975325e-08,0.0008841496961942843,0.013822106997532611,1.9405407624271157e-06,7.354942360918988e-07,8.841496961942842e-09,1.1962050293732472e-06,0.001639404906518897,1.8272614025146532e-06
R75-input_first-slow-8p,1.4034644469177848e-08,0.0009036849259295528,0.01403464446917799,1.9694888188276145e-06,7.379980232712207e-07,9.036849259295527e-09,1.2224539462970595e-06,0.0016878353103343025,1.8518755241344173e-06
R75-input_first-slow-8p,1.4250450051601204e-08,0.0009236453386141987,0.014250450051601301,1.9988632808196185e-06,7.403674472924083e-07,9.236453386141986e-09,1.2492593801410148e-06,0.0017376649275981943,1.8767699582767928e-06
R75-input_first-slow-8p,1.446957399734383e-08,0.0009439700448485571,0.01446957399734369,2.0286808183813586e-06,7.426938393109698e-07,9.439700448485571e-09,1.2765472786218329e-06,0.0017889326505739632,1.9019464088492475e-06
R75-input_first-slow-8p,1.469206733166183e-08,0.0009646072766389883,0.01469206733166185,2.0589568492861143e-06,7.450560034066706e-07,9.646072766389884e-09,1.304254773112967e-06,0.0018416783851356662,1.927406543627826e-06
R75-input_first-slow-8p,1.4917981864407964e-08,0.000985722431735333,0.01491798186440809,2.08967433669104e-06,7.47234265493688e-07,9.857224317353332e-09,1.3325828468799181e-06,0.0018959430742437832,1.953151992517935e-06
R75-input_first-slow-8p,1.5147370202096167e-08,0.0010071790473074218,0.015147370202096304,2.1208616387643175e-06,7.49423010419871e-07,1.0071790473074217e-08,1.3613668378713005e-06,0.0019517687218366696,1.9791843457806598e-06
R75-input_first-slow-8p,1.5380285760151445e-08,0.0010289894062068315,0.015380285760151343,2.1525249249060503e-06,7.516131333678532e-07,1.0289894062068315e-08,1.3906218974760679e-06,0.002009198417139228,2.005505152224012e-06
R75-input_first-slow-8p,1.5616782775348155e-08,0.0010512837470939662,0.015616782775348127,2.1846527957312054e-06,7.536354941199163e-07,1.0512837470939662e-08,1.420504464140312e-06,0.0020682763593901934,2.032115917359848e-06
R75-input_first-slow-8p,1.5856916318439645e-08,0.0010739208998870472,0.015856916318439617,2.2172746850468523e-06,7.556889519717967e-07,1.0739208998870472e-08,1.4508465240761715e-06,0.002129047882989055,2.059018101526176e-06
R75-input_first-slow-8p,1.610074230698214e-08,0.001096970066887917,0.01610074230698219,2.250388600298099e-06,7.576884782816317e-07,1.0969700668879171e-08,1.481730421347586e-06,0.002191559483063265,2.0862131179760298e-06
R75-input_first-slow-8p,1.6348317518355534e-08,0.001120477048814725,0.016348317518355356,2.2839961878544863e-06,7.595804594533747e-07,1.1204770488147251e-08,1.5132109579129525e-06,0.002255858841455991,2.1137023309324176e-06
R75-input_first-slow-8p,1.659969960298467e-08,0.001144345488984209,0.0165996996029848,2.31812054696311e-06,7.615015329259347e-07,1.1443454889842091e-08,1.5451755591473113e-06,0.0023219948531345183,2.1414870536106736e-06
R75-input_first-slow-8p,1.68549470977639e-08,0.0011686834841118398,0.016854947097764056,2.352754244236116e-06,7.633171249385436e-07,1.1686834841118398e-08,1.5777502844564369e-06,0.002390017653018803,2.1695685462075836e-06
R75-input_first-slow-8p,1.7114119439687956e-08,0.0011934553349063736,0.017114119439687905,2.3879115489925875e-06,7.65082129113713e-07,1.1934553349063736e-08,1.6108948665298072e-06,0.0024599786432293125,2.1979480138593816e-06
R75-input_first-slow-8p,1.7377276979692358e-08,0.0012186080933684058,0.017377276979692474,2.4236094547344836e-06,7.668742731109758e-07,1.2186080933684057e-08,1.6445491006898341e-06,0.0025319305207529776,2.2266266045680317e-06
R75-input_first-slow-8p,1.7644480996706845e-08,0.0012442867466623325,0.017644480996706676,2.4598354062153057e-06,7.685140567879349e-07,1.2442867466623325e-08,1.678878481960742e-06,0.0026059273055255533,2.2556054070967594e-06
R75-input_first-slow-8p,1.7915793711924863e-08,0.0012703780595081653,0.01791579371192471,2.4966157198335595e-06,7.701560258170915e-07,1.2703780595081652e-08,1.7137559134213608e-06,0.002682024368928296,2.2848854488365917e-06
R75-input_first-slow-8p,1.8191278303292333e-08,0.0012968914107527475,0.018191278303292438,2.5339584648185827e-06,7.71796864281322e-07,1.2968914107527474e-08,1.7491926864296925e-06,0.002760278462696203,2.3144676936432466e-06
R75-input_first-slow-8p,1.8470998920219214e-08,0.0013239445324993815,0.01847099892021908,2.5718556043992212e-06,7.732957604357244e-07,1.3239445324993815e-08,1.7853203986384792e-06,0.002840747748234815,2.344353039646541e-06
R75-input_first-slow-8p,1.8755020698517427e-08,0.0013514136401805669,0.01875502069851761,2.610335474400878e-06,7.748177045667493e-07,1.3514136401805669e-08,1.8220036334323163e-06,0.002923491826341914,2.3745423170333697e-06
R75-input_first-slow-8p,1.9043409775568505e-08,0.0013793551236029504,0.019043409775568322,2.6493995368444563e-06,7.763013707706249e-07,1.3793551236029504e-08,1.8593046148378066e-06,0.0030085717673299698,2.405036285804052e-06
R75-input_first-slow-8p,1.9336233305724128e-08,0.0014078265313309793,0.019336233305724263,2.689049232484774e-06,7.776841303011772e-07,1.4078265313309793e-08,1.8972868368702939e-06,0.0030960501415444575,2.4358356335055724e-06
R75-input_first-slow-8p,1.9633559475943827e-08,0.001436735733456987,0.019633559475943644,2.7293086069579307e-06,7.790881520180607e-07,1.436735733456987e-08,1.9358530976053088e-06,0.0031859910502729295,2.4669409729402667e-06
R75-input_first-slow-8p,1.993545752167308e-08,0.0014661581260074284,0.019935457521672965,2.7701767362497066e-06,7.804316335827219e-07,1.4661581260074283e-08,1.975083521406921e-06,0.0032784601570387934,2.498352839854406e-06
R75-input_first-slow-8p,2.0241997742965433e-08,0.0014961120446234694,0.020241997742965225,2.8116614144080337e-06,7.817011514242744e-07,1.4961120446234697e-08,2.0149991425375384e-06,0.003373524719273265,2.530071690605314e-06
R75-input_first-slow-8p,2.0553251520852506e-08,0.0015265265536639832,0.02055325152085262,2.8537839872527616e-06,7.829901901762298e-07,1.5265265536639835e-08,2.055528531539909e-06,0.003471253620358318,2.562097899811022e-06
R75-input_first-slow-8p,2.0869291333965857e-08,0.001557484436806393,0.020869291333965787,2.8965429091486024e-06,7.842118565754892e-07,1.5574844368063932e-08,2.096756208205065e-06,0.003571717402032812,2.594431757982415e-06
R75-input_first-slow-8p,2.1190190775414483e-08,0.0015889878865627718,0.02119019077541429,2.9399488893417424e-06,7.853722129704562e-07,1.588987886562772e-08,2.13868679750567e-06,0.0036749882971532782,2.6270734691413804e-06
R75-input_first-slow-8p,2.1516024569921632e-08,0.0016209757533158572,0.021516024569921695,2.984022307378258e-06,7.865504117402837e-07,1.6209757533158572e-08,2.1812621381048227e-06,0.0037811402627999954,2.660023148425343e-06
R75-input_first-slow-8p,2.1846868591225137e-08,0.0016535266988220295,0.02184686859122531,3.028762745088222e-06,7.8766844059021e-07,1.6535266988220294e-08,2.224559037509797e-06,0.0038902490137184796,2.6932808196811937e-06
R75-input_first-slow-8p,2.2182799879745485e-08,0.0016866497631613233,0.022182799879745297,3.0741804017193826e-06,7.887249545582563e-07,1.6866497631613232e-08,2.26858894952952e-06,0.004002392056085724,2.72684641305091e-06
R75-input_first-slow-8p,2.252389666052559e-08,0.0017202821487169852,0.022523896660525677,3.120296429004992e-06,7.897977141542374e-07,1.7202821487169853e-08,2.313295893363593e-06,0.004117648721589647,2.760719762550979e-06
R75-input_first-slow-8p,2.287023836144604e-08,0.001754485604925887,0.022870238361445958,3.1671134785026146e-06,7.908310232174017e-07,1.754485604925887e-08,2.3587375992359606e-06,0.004236100201809341,2.794900603647298e-06
R75-input_first-slow-8p,2.3221905631720822e-08,0.0017893018355339258,0.023221905631720764,3.214637391572506e-06,7.917901141125189e-07,1.7893018355339257e-08,2.4049542591046493e-06,0.004357829582883307,2.829388570830071e-06
R75-input_first-slow-8p,2.357898036067741e-08,0.0018246534225551977,0.023578980360677276,3.2628920624297734e-06,7.927639525966946e-07,1.8246534225551975e-08,2.451881575607523e-06,0.004482921880451643,2.8641831951892917e-06
R75-input_first-slow-8p,2.394154569682544e-08,0.0018605715911439267,0.023941545696825342,3.3118852789644027e-06,7.937305766109194e-07,1.8605715911439264e-08,2.4995489864420364e-06,0.004611464074857358,2.8992839019952504e-06
R75-input_first-slow-8p,2.4309686067218606e-08,0.0018971583831889115,0.02430968606721853,3.361614399159188e-06,7.945998103127997e-07,1.8971583831889115e-08,2.548043005014496e-06,0.004743545146591323,2.9346900082861402e-06
R75-input_first-slow-8p,2.4683487197114443e-08,0.0019343077569212227,0.024683487197114596,3.412108185802839e-06,7.954824099026235e-07,1.9343077569212227e-08,2.5972826983310046e-06,0.004879256111964377,2.970400720466501e-06
R75-input_first-slow-8p,2.506303612993645e-08,0.0019720283629531318,0.025063036129936267,3.4633783968908886e-06,7.963785809027474e-07,1.9720283629531316e-08,2.6472795323586155e-06,0.005018690058989243,3.0064151319192354e-06
R75-input_first-slow-8p,2.5448421247542933e-08,0.002010443498404432,0.02544842124754283,3.515419795546706e-06,7.971876780953278e-07,2.010443498404432e-08,2.6981276824673414e-06,0.005161942183453831,3.042732220635541e-06
R75-input_first-slow-8p,2.583973229080753e-08,0.002049473665613247,0.025839732290807535,3.5682577655513894e-06,7.979877830985261e-07,2.0494736656132468e-08,2.74977524579674e-06,0.005309109825166852,3.079350846864865e-06
R75-input_first-slow-8p,2.6237060380516377e-08,0.0020891039853934315,0.026237060380516448,3.62190820564862e-06,7.988001910230125e-07,2.0891039853934314e-08,2.802216974771684e-06,0.005460292504355679,3.11626975079023e-06
R75-input_first-slow-8p,2.664049803858671e-08,0.0021293920627106734,0.02664049803858662,3.6763763529686366e-06,7.995871675740095e-07,2.129392062710673e-08,2.855495264767532e-06,0.005615591958195332,3.153487550231798e-06
R75-input_first-slow-8p,2.7050139209611192e-08,0.0021703910615914227,0.02705013920961121,3.7316683241147154e-06,8.003145739508827e-07,2.1703910615914225e-08,2.9096498395479305e-06,0.005775112177446413,3.191002738383127e-06
R75-input_first-slow-8p,2.746607928273404e-08,0.0022120204870463207,0.027466079282734125,3.787810499629172e-06,8.010531653889208e-07,2.2120204870463203e-08,2.9646371293698e-06,0.00593895944317932,3.228813681583905e-06
R75-input_first-slow-8p,2.7888415113863487e-08,0.0022542900329136526,0.027888415113863446,3.844815952792853e-06,8.018031138767085e-07,2.2542900329136522e-08,3.0204699385870202e-06,0.006107242363560721,3.2669186171341714e-06
R75-input_first-slow-8p,2.831724504822555e-08,0.002297310206499486,0.028317245048225383,3.902682859437446e-06,8.024965872929999e-07,2.297310206499486e-08,3.0772131700794602e-06,0.006280071910677157,3.3053156511540347e-06
R75-input_first-slow-8p,2.8752668943264628e-08,0.002341034087445971,0.028752668943264652,3.9614332344994885e-06,8.031722132648111e-07,2.341034087445971e-08,3.134850680360221e-06,0.006457561457370206,3.344002756493619e-06
R75-input_first-slow-8p,2.9194788191896412e-08,0.0023854302944790735,0.029194788191896383,4.021086992538928e-06,8.038582280894829e-07,2.3854302944790734e-08,3.193374461504652e-06,0.00663982681405627,3.382977770698043e-06
R75-input_first-slow-8p,2.964370574611842e-08,0.0024305091657105702,0.029643705746118427,4.08165802454465e-06,8.045547915125973e-07,2.43050916571057e-08,3.252798141374939e-06,0.006826986265503289,3.4222383940329163e-06
R75-input_first-slow-8p,3.009952614098334e-08,0.002476411269599347,0.03009952614098324,4.143140925931346e-06,8.05189499631708e-07,2.4764112695993472e-08,3.3131873136036333e-06,0.007019160607535434,3.4617821875745665e-06
R75-input_first-slow-8p,3.0562355518940674e-08,0.002523038111350716,0.03056235551894076,4.20556638986838e-06,8.058234131547993e-07,2.523038111350716e-08,3.3745125956000607e-06,0.007216473183636078,3.5016065713711693e-06
R75-input_first-slow-8p,3.103230165455383e-08,0.0025703819169526935,0.031032301654553986,4.268951747277055e-06,8.064670741337207e-07,2.5703819169526933e-08,3.436780853973792e-06,0.007419049921419041,3.5417088226795376e-06
R75-input_first-slow-8p,3.1509473979596095e-08,0.002618453710895546,0.03150947397959613,4.333311758087352e-06,8.071206324515266e-07,2.6184537108955463e-08,3.5000065885268525e-06,0.007627019368935581,3.582086074283782e-06
R75-input_first-slow-8p,3.1993983608532894e-08,0.0026673939552528413,0.03199398360853277,4.3986420205047496e-06,8.077278913712456e-07,2.6673939552528414e-08,3.564240189580962e-06,0.00784051273078536,3.622735312901109e-06
R75-input_first-slow-8p,3.248594336439604e-08,0.0027171171106264128,0.032485943364396155,4.4649722865506045e-06,8.083312472745817e-07,2.7171171106264125e-08,3.629469868169751e-06,0.008059663903997908,3.6636533776808683e-06
R75-input_first-slow-8p,3.298546780505587e-08,0.00276760484072993,0.03298546780505595,4.532322488778471e-06,8.089438807604322e-07,2.7676048407299298e-08,3.695702559610737e-06,0.008284609513650431,3.704836958802602e-06
R75-input_first-slow-8p,3.34926732498971e-08,0.0028188689021487103,0.03349267324989692,4.600708310373094e-06,8.095659344867821e-07,2.8188689021487104e-08,3.762953686864828e-06,0.008515488948186755,3.746282596179962e-06
R75-input_first-slow-8p,3.400767780690485e-08,0.0028710039541692345,0.03400767780690499,4.670133268362395e-06,8.101713747674035e-07,2.8710039541692346e-08,3.831251854053302e-06,0.008752444394401737,3.787986678276041e-06
R75-input_first-slow-8p,3.453060140016741e-08,0.002924035039148852,0.03453060140016736,4.74061159388504e-06,8.107562595067555e-07,2.924035039148852e-08,3.900614983986794e-06,0.00899562087205471,3.829945441036473e-06
R75-input_first-slow-8p,3.506156579780201e-08,0.0029778815636792074,0.03506156579780181,4.812173638779504e-06,8.113501378043061e-07,2.9778815636792073e-08,3.971044685338397e-06,0.009245166268074626,3.872154966948114e-06
R75-input_first-slow-8p,3.56006946403094e-08,0.0030325560664753275,0.03560069464030937,4.884836067001269e-06,8.119531479507025e-07,3.032556066475328e-08,4.042557358385799e-06,0.009501231370318577,3.91461118422824e-06
R75-input_first-slow-8p,3.614811346936493e-08,0.0030880712790553907,0.03614811346936499,4.958615798741254e-06,8.125654303630356e-07,3.0880712790553907e-08,4.115169655587644e-06,0.009763969900845784,3.957309866152098e-06
R75-input_first-slow-8p,3.670394975705244e-08,0.0031445993917788347,0.036703949757052455,5.033506126786359e-06,8.131539847331257e-07,3.1445993917788346e-08,4.188906148135426e-06,0.010033538548667578,4.000246630525689e-06
R75-input_first-slow-8p,3.726833293554726e-08,0.0032020425921802406,0.037268332935547405,5.109541135148357e-06,8.13742042303963e-07,3.20204259218024e-08,4.2637786669225765e-06,0.010310097001933638,4.043416939310312e-06
R75-input_first-slow-8p,3.784139442725569e-08,0.0032603690756135453,0.037841394427255585,5.186745305956861e-06,8.143391422204649e-07,3.260369075613545e-08,4.339802472980249e-06,0.010593807979514607,4.0868160984059305e-06
R75-input_first-slow-8p,3.842326767541815e-08,0.003319592423998167,0.03842326767541828,5.26513661699426e-06,8.149454235234659e-07,3.319592423998167e-08,4.4169952692308045e-06,0.010884837261940814,4.130439257601179e-06
R75-input_first-slow-8p,3.901408817518303e-08,0.003379726428097576,0.03901408817518317,5.344733322480522e-06,8.155610273917796e-07,3.379726428097576e-08,4.495375030807763e-06,0.011183353721656266,4.174281410695886e-06
R75-input_first-slow-8p,3.9613993505157944e-08,0.003440944952193043,0.039613993505158,5.425529979993252e-06,8.161671850945767e-07,3.440944952193043e-08,4.574953345376743e-06,0.011489529352546875,4.218337395804866e-06
R75-input_first-slow-8p,4.022312335944613e-08,0.0035031955324454998,0.04022312335944623,5.507555410953919e-06,8.167719308591744e-07,3.503195532445499e-08,4.655751524770286e-06,0.01180353929870204,4.26260189584899e-06
R75-input_first-slow-8p,4.084161958017585e-08,0.003566403317047309,0.04084161958017604,5.590842116893142e-06,8.17385975577674e-07,3.566403317047309e-08,4.73779210814499e-06,0.012125561882368827,4.307069439241355e-06
R75-input_first-slow-8p,4.1469626190530016e-08,0.003630583024578788,0.041469626190529976,5.675409491973815e-06,8.180094622366799e-07,3.630583024578788e-08,4.821094199491343e-06,0.012455778631057606,4.351734400775815e-06
R75-input_first-slow-8p,4.210728942828296e-08,0.0036957495999425188,0.04210728942828278,5.7612772285758335e-06,8.186425360214501e-07,3.6957495999425186e-08,4.9056771965549524e-06,0.012794374303758103,4.396591002725166e-06
R75-input_first-slow-8p,4.275475777985366e-08,0.003761918217843371,0.04275475777985384,5.848465321881595e-06,8.192853443497026e-07,3.761918217843371e-08,4.991560795353453e-06,0.013141536916226137,4.441633316155891e-06
R75-input_first-slow-8p,4.341218201488249e-08,0.003829398938500156,0.04341218201488259,5.936949880185856e-06,8.199227575410824e-07,3.829398938500156e-08,5.0787331332597655e-06,0.013497457765300726,4.486855262466791e-06
R75-input_first-slow-8p,4.407971522133931e-08,0.0038979498666372346,0.04407971522133937,6.026790146309675e-06,8.205682824848683e-07,3.897949866637235e-08,5.167242365158427e-06,0.013862331452212016,4.532250615159281e-06
R75-input_first-slow-8p,4.475751284117138e-08,0.003967554877263178,0.044757512841171486,6.118011853267187e-06,8.212237334290434e-07,3.967554877263178e-08,5.257112571065504e-06,0.0142363559048414,4.5778130018451225e-06
R75-input_first-slow-8p,4.54457327064998e-08,0.004038230178617932,0.0454457327064999,6.210636242967577e-06,8.218892630020763e-07,4.0382301786179325e-08,5.348364678179313e-06,0.01461973239889635,4.623535906499529e-06
R75-input_first-slow-8p,4.614453507637251e-08,0.004109992228169627,0.04614453507637245,6.30468488394911e-06,8.225650261793477e-07,4.109992228169628e-08,5.441019935488057e-06,0.015012665577962714,4.669412671966099e-06
R75-input_first-slow-8p,4.6854082674082064e-08,0.004182857736446884,0.04685408267408195,6.400179676401603e-06,8.232511803192385e-07,4.182857736446885e-08,5.535099918717886e-06,0.015415363472398708,4.715436502720226e-06
R75-input_first-slow-8p,4.7574540725057264e-08,0.004256984148391813,0.04757454072505739,6.497121787306182e-06,8.239466176425752e-07,4.256984148391813e-08,5.630605328179678e-06,0.01582803751703629,4.761600467897321e-06
R75-input_first-slow-8p,4.830607699533773e-08,0.004332579268488013,0.048306076995337864,6.595505211369132e-06,8.246497807766507e-07,4.332579268488013e-08,5.727529637907594e-06,0.016250902567657228,4.807897504592245e-06
R75-input_first-slow-8p,4.904886183064025e-08,0.00440933678703018,0.049048861830640285,6.695401441273178e-06,8.253637561924354e-07,4.409336787030181e-08,5.825944317210435e-06,0.01668417691621239,4.854320421436282e-06
R75-input_first-slow-8p,4.980306819602498e-08,0.0044872745777930646,0.04980306819602506,6.796833738879116e-06,8.26088710146421e-07,4.4872745777930645e-08,5.9258722829547615e-06,0.017128082304754412,4.9008619024567846e-06
R75-input_first-slow-8p,5.0568871716172355e-08,0.004566410789389851,0.05056887171617253,6.899825723736794e-06,8.268248114515641e-07,4.5664107893898515e-08,6.02733680439133e-06,0.01758284393805699,4.947514511225429e-06
R75-input_first-slow-8p,5.1346450716279356e-08,0.004646763849498306,0.051346450716279406,7.004401378585226e-06,8.275722315165964e-07,4.646763849498306e-08,6.130361508573647e-06,0.018048690494895443,4.994270695300235e-06
R75-input_first-slow-8p,5.213598626358413e-08,0.004728352469151895,0.052135986263584136,7.1105850549372855e-06,8.283311443859391e-07,4.728352469151896e-08,6.23497038585983e-06,0.01852585413796523,5.041122790966232e-06
R75-input_first-slow-8p,5.293766220952917e-08,0.0048111956470967415,0.052937662209529245,7.218401478750072e-06,8.291017267802306e-07,4.811195647096742e-08,6.341187795498879e-06,0.01901457052241866,5.088063028278895e-06
R75-input_first-slow-8p,5.375166523257316e-08,0.004895538375262284,0.05375166523257334,7.327841903691802e-06,8.298872445925079e-07,4.8955383752622844e-08,6.448999275346677e-06,0.019515078803002565,5.135083536414878e-06
R75-input_first-slow-8p,5.457818488166123e-08,0.004981758395356985,0.05457818488166127,7.438878103071005e-06,8.306927777678101e-07,4.981758395356985e-08,6.5583677413496285e-06,0.02002762163978269,5.182176349333437e-06
R75-input_first-slow-8p,5.5417413620363154e-08,0.00506930418908949,0.05541741362036299,7.551621665378414e-06,8.315106973314129e-07,5.06930418908949e-08,6.6694179261561065e-06,0.020552445202442995,5.229333411751886e-06
R75-input_first-slow-8p,5.626954687169023e-08,0.005158196142394973,0.056269546871690126,7.666098844107825e-06,8.323411937442684e-07,5.1581961423949733e-08,6.782175688939604e-06,0.02108979917315312,5.276546585437472e-06
R75-input_first-slow-8p,5.713478306360175e-08,0.005248454954675625,0.05713478306360192,7.782336296443334e-06,8.331844603959761e-07,5.248454954675625e-08,6.896667286500598e-06,0.021639936747999976,5.3238076558180095e-06
R75-input_first-slow-8p,5.801332367521131e-08,0.0053401016436207226,0.05801332367521131,7.900361089466749e-06,8.340406936498166e-07,5.340101643620723e-08,7.012919379380718e-06,0.02220311463698374,5.371108338912838e-06
R75-input_first-slow-8p,5.890537328370266e-08,0.005433157550100936,0.058905373283702545,8.02020070646058e-06,8.34910092888477e-07,5.433157550100936e-08,7.1309590380710845e-06,0.02277959306258146,5.418440288585361e-06
R75-input_first-slow-8p,5.981113961196786e-08,0.005527644343137638,0.05981113961196785,8.14188305330765e-06,8.357928605604791e-07,5.527644343137638e-08,7.250813749315782e-06,0.023369635756888524,5.465795104116729e-06
R75-input_first-slow-8p,6.073083357697796e-08,0.0056235840249487905,0.06073083357697812,8.265436464989296e-06,8.366892022273209e-07,5.6235840249487907e-08,7.372511422512473e-06,0.023973509957350272,5.513164338101072e-06
R75-input_first-slow-8p,6.1664669338897e-08,0.005720998936072358,0.061664669338896846,8.390889712183431e-06,8.375993266113438e-07,5.720998936072358e-08,7.496080396211346e-06,0.024591486401101953,5.560539504660957e-06
R75-input_first-slow-8p,6.261286435095103e-08,0.005819911760568675,0.06261286435095084,8.518272007964273e-06,8.385234456443377e-07,5.819911760568675e-08,7.621549444714227e-06,0.025223839317940207,5.607912087981597e-06
R75-input_first-slow-8p,6.357563941006468e-08,0.00592041282840126,0.06357563941006468,8.647602920834798e-06,8.394634036064559e-07,5.9204128284012595e-08,7.748935388944308e-06,0.025870846421955286,5.655273551160488e-06
R75-input_first-slow-8p,6.455321870827613e-08,0.006023600174316258,0.06455321870827592,8.778751384711207e-06,8.404454334526493e-07,6.023600174316258e-08,7.878069949515376e-06,0.026532788901857403,5.702615345370019e-06
R75-input_first-slow-8p,6.554582988494257e-08,0.00612837419421746,0.06554582988494248,8.91191647043323e-06,8.414425636117427e-07,6.12837419421746e-08,8.009190164879299e-06,0.027209951410037313,5.749928919328745e-06
R75-input_first-slow-8p,6.655370407974723e-08,0.0062347592858089385,0.06655370407974741,9.04712918685552e-06,8.424550262757103e-07,6.234759285808939e-08,8.14232656772171e-06,0.027902622050405827,5.797205729075404e-06
R75-input_first-slow-8p,6.757707598652435e-08,0.006342780221949373,0.06757707598652439,9.184421019644587e-06,8.43483057206858e-07,6.342780221949374e-08,8.27751016021823e-06,0.02861109236506733,5.844437248040927e-06
R75-input_first-slow-8p,6.861618390790909e-08,0.00645246215642072,0.0686161839079092,9.323823938610634e-06,8.445268957927233e-07,6.45246215642072e-08,8.414772421253703e-06,0.02933565731988151,5.891614977411074e-06
R75-input_first-slow-8p,6.967126981082857e-08,0.00656383062978526,0.06967126981082843,9.465370405151714e-06,8.455867851018161e-07,6.56383062978526e-08,8.554145313752049e-06,0.03007661528898087,5.938730456771282e-06
R75-input_first-slow-8p,7.074257938284663e-08,0.00667691157533327,0.07074257938284659,9.609093379813063e-06,8.466629719402235e-07,6.676911575333271e-08,8.695661292119517e-06,0.030834268038315044,5.985775275026223e-06
R75-input_first-slow-8p,7.1830362089375e-08,0.006791731325121613,0.0718303620893748,9.755026329962003e-06,8.477557069090781e-07,6.791731325121614e-08,8.839353309801721e-06,0.03160892070830045,6.032741081582776e-06
R75-input_first-slow-8p,7.293487123176359e-08,0.0069083166161056754,0.0729348712317636,9.903203237581461e-06,8.488652444629154e-07,6.908316616105675e-08,8.985254826957507e-06,0.03240088179566008,6.079619597787084e-06
R75-input_first-slow-8p,7.405636400628396e-08,0.007027377511637271,0.07405636400628408,1.0053556177958928e-05,8.500093766506916e-07,7.027377511637272e-08,9.13327302619188e-06,0.03321046313454677,6.126402628602305e-06
R75-input_first-slow-8p,7.51951015640205e-08,0.007149028968388987,0.07519510156402065,1.020610707852922e-05,8.511906095586298e-07,7.149028968388987e-08,9.283426179286713e-06,0.034037979877050276,6.173082074515539e-06
R75-input_first-slow-8p,7.635134907168234e-08,0.007272551014989602,0.07635134907168252,1.0361003698367223e-05,8.523900058519131e-07,7.272551014989603e-08,9.435888182365419e-06,0.03488375047319502,6.2196499436589266e-06
R75-input_first-slow-8p,7.752537577335005e-08,0.007397972414813395,0.07752537577334989,1.0518282106738084e-05,8.536078448222587e-07,7.397972414813395e-08,9.590694537767691e-06,0.035748096650543265,6.266098364130133e-06
R75-input_first-slow-8p,7.871745505317077e-08,0.007525322373518548,0.07871745505317088,1.0677978927530876e-05,8.548444100559501e-07,7.525322373518548e-08,9.747881293739732e-06,0.036631343393525445,6.312419596496349e-06
R75-input_first-slow-8p,7.992786449902038e-08,0.007654630545847821,0.07992786449902027,1.0840131347786634e-05,8.560999894998727e-07,7.65463054584782e-08,9.907485052828268e-06,0.03753381892263068,6.358606046463538e-06
R75-input_first-slow-8p,8.115688596714162e-08,0.007785927042534281,0.08115688596714173,1.100477712635814e-05,8.573748755285667e-07,7.78592704253428e-08,1.0069542980404208e-05,0.03845585467359039,6.404650277694202e-06
R75-input_first-slow-8p,8.240480564777698e-08,0.007919242437312497,0.08240480564777712,1.1171954602701958e-05,8.586693650123073e-07,7.919242437312496e-08,1.0234092813316498e-05,0.039397785276703026,6.450545024752066e-06
R75-input_first-slow-8p,8.367191413181139e-08,0.008054806422836316,0.08367191413181156,1.1341672910833402e-05,8.599889928564677e-07,8.054806422836315e-08,1.0401135853748536e-05,0.04035994853645202,6.4962832061551055e-06
R75-input_first-slow-8p,8.495850647843965e-08,0.008193949408503301,0.08495850647843942,1.151377676045232e-05,8.613682847829791e-07,8.193949408503302e-08,1.0570468981584277e-05,0.041342685411576645,6.541857937513783e-06
R75-input_first-slow-8p,8.626488228387354e-08,0.008335231944846415,0.08626488228387355,1.1688526987867797e-05,8.627687855757499e-07,8.335231944846414e-08,1.0742405882843555e-05,0.04234633999576225,6.587262544732863e-06
R75-input_first-slow-8p,8.759134575110569e-08,0.008478686930951851,0.08759134575110566,1.1865964285460813e-05,8.641908213557395e-07,8.478686930951851e-08,1.091698659479553e-05,0.04337125949912498,6.63249057725171e-06
R75-input_first-slow-8p,8.893820576074655e-08,0.008624347771783138,0.08893820576074664,1.2046129971324349e-05,8.656347232585511e-07,8.624347771783138e-08,1.1094251770347943e-05,0.0444177942306727,6.677535821300161e-06
R75-input_first-slow-8p,9.030577594295103e-08,0.008772248385959655,0.09030577594295104,1.2229065998884522e-05,8.671008275115386e-07,8.772248385959654e-08,1.1274242687513368e-05,0.04548629758192983,6.7223923131424275e-06
R75-input_first-slow-8p,9.169437475044943e-08,0.008922423213654985,0.0916943747504496,1.2414814966669939e-05,8.685894755121007e-07,8.922423213654984e-08,1.1457001259021274e-05,0.04657712601191943,6.76705435228362e-06
R75-input_first-slow-8p,9.310432553270287e-08,0.0090749072246165,0.09310432553270273,1.2603420128230997e-05,8.701010139071777e-07,9.0749072246165e-08,1.1642570042077643e-05,0.04769063903370568,6.811516514610364e-06
R75-input_first-slow-8p,9.4535956611199e-08,0.009231118873453067,0.09453595661119915,1.2794717976477138e-05,8.716728442699299e-07,9.231118873453067e-08,1.1830733943472673e-05,0.048827199202702114,6.855773665438334e-06
R75-input_first-slow-8p,9.598960135590458e-08,0.009390309467226571,0.09598960135590447,1.2988870808061791e-05,8.732843003832694e-07,9.39030946722657e-08,1.2021683413006259e-05,0.04998717210695749,6.899820972435641e-06
R75-input_first-slow-8p,9.746559826289378e-08,0.009551947876395881,0.09746559826289386,1.3186009056554737e-05,8.749205352664495e-07,9.551947876395881e-08,1.2215569042524338e-05,0.05117092635963688,6.943653918394567e-06
R75-input_first-slow-8p,9.896429103317076e-08,0.009716071740120766,0.09896429103317061,1.338617862761707e-05,8.76581929933528e-07,9.716071740120766e-08,1.2412435980282352e-05,0.05237883359392083,6.987268313818479e-06
R75-input_first-slow-8p,1.0048602865270441e-07,0.00988271927632478,0.10048602865270437,1.3589426132784683e-05,8.782688712572786e-07,9.882719276324781e-08,1.2612330068764181e-05,0.05361126846054774,7.030660309295232e-06
R75-input_first-slow-8p,1.0203116547369296e-07,0.010051929290594347,0.1020311654736929,1.3795798900321808e-05,8.799817520592744e-07,1.0051929290594347e-07,1.281529785535662e-05,0.05486860862822886,7.073826407623241e-06
R75-input_first-slow-8p,1.03600061297078e-07,0.010223852320970329,0.10360006129707801,1.4005328317191614e-05,8.817240203597248e-07,1.0223852320970328e-07,1.3021365773622223e-05,0.05615123478716887,7.116763475659829e-06
R75-input_first-slow-8p,1.0519308145632832e-07,0.010400552070383151,0.10519308145632845,1.4217759648037255e-05,8.835516039313698e-07,1.040055207038315e-07,1.3230202523402097e-05,0.057459530655928015,7.159468755858455e-06
R75-input_first-slow-8p,1.0681059690251214e-07,0.01057996886705854,0.1068105969025122,1.4433457457572742e-05,8.854072895855416e-07,1.057996886705854e-07,1.344225047931666e-05,0.058793882991862,7.2019398774626716e-06
R75-input_first-slow-8p,1.0845298429067563e-07,0.010762144490036077,0.10845298429067546,1.4652471973243267e-05,8.872915094376597e-07,1.0762144490036077e-07,1.3657559018905295e-05,0.060154681605375904,7.244174867324051e-06
R75-input_first-slow-8p,1.1012062606755146e-07,0.010947121360776354,0.11012062606755137,1.487485419482308e-05,8.892047022476247e-07,1.0947121360776354e-07,1.3876178278967742e-05,0.061542319378233054,7.286172160311329e-06
R75-input_first-slow-8p,1.1181391056061598e-07,0.011134942553039196,0.11181391056061614,1.5100655906291243e-05,8.91147313521987e-07,1.1134942553039196e-07,1.409815916723892e-05,0.06295719228615514,7.327930609278034e-06
R75-input_first-slow-8p,1.1353323206851476e-07,0.011325669313266918,0.1135332320685149,1.532992706154392e-05,8.931202847421585e-07,1.1325669313266917e-07,1.432355008366915e-05,0.06439969942594882,7.369449494556611e-06
R75-input_first-slow-8p,1.1527899095287861e-07,0.011521859028640762,0.11527899095287837,1.5562344132228923e-05,8.95194271367597e-07,1.1521859028640762e-07,1.4551931270574972e-05,0.06587024304739406,7.4107285329469835e-06
R75-input_first-slow-8p,1.1705159373155235e-07,0.011721065481338125,0.11705159373155244,1.5798334994997887e-05,8.973001489249813e-07,1.1721065481338125e-07,1.4783824191259573e-05,0.06736922859012559,7.451767886168082e-06
R75-input_first-slow-8p,1.1885145317325715e-07,0.011923335058622671,0.11885145317325697,1.6037954602741275e-05,8.994384077894783e-07,1.192333505862267e-07,1.5019282844365616e-05,0.06889706472573412,7.492568168740888e-06
R75-input_first-slow-8p,1.2067898839370745e-07,0.01212871486103825,0.12067898839370722,1.6281258753340276e-05,9.016095458765766e-07,1.2128714861038248e-07,1.5258362058853357e-05,0.07045416340530845,7.533130455274729e-06
R75-input_first-slow-8p,1.225346249532059e-07,0.012337252713376365,0.12253462495320587,1.652830410265948e-05,9.038140687580272e-07,1.2337252713376364e-07,1.5501117506767723e-05,0.07204093991263563,7.5734562871255615e-06
R75-input_first-slow-8p,1.2441879495573985e-07,0.012550354344740642,0.12441879495573967,1.6778944618432527e-05,9.060913315196388e-07,1.2550354344740642e-07,1.574734974346552e-05,0.07365781292326905,7.613547678399761e-06
R75-input_first-slow-8p,1.2633193714960206e-07,0.01276824751893212,0.12633193714960217,1.7033211945841e-05,9.08446962780956e-07,1.276824751893212e-07,1.5997082507870764e-05,0.07530520456966597,7.653407121276493e-06
R75-input_first-slow-8p,1.2827449702955616e-07,0.012989491156576029,0.12827449702955615,1.729138904871991e-05,9.108388157205231e-07,1.2989491156576029e-07,1.6250655321433676e-05,0.07698354051258442,7.693037590622173e-06
R75-input_first-slow-8p,1.3024692694057536e-07,0.013214136776520495,0.13024692694057524,1.7553536046253222e-05,9.132674473058068e-07,1.3214136776520496e-07,1.6508127231182267e-05,0.07869325001892653,7.732442547874914e-06
R75-input_first-slow-8p,1.3224968618317623e-07,0.013442236689800125,0.13224968618317615,1.78197139820556e-05,9.157334230685586e-07,1.3442236689800124e-07,1.6769558192089106e-05,0.08043476604619786,7.771625944175206e-06
R75-input_first-slow-8p,1.3428324112037102e-07,0.01367503860807189,0.1342832411203708,1.8089805663060147e-05,9.182721711580131e-07,1.367503860807189e-07,1.7034783105821478e-05,0.08220852533374237,7.810592222723301e-06
R75-input_first-slow-8p,1.363480652862645e-07,0.013913444293249502,0.13634806528626456,1.8363746860154163e-05,9.20909011183644e-07,1.3913444293249502e-07,1.7303703406038067e-05,0.08401496850090087,7.849346320345074e-06
R75-input_first-slow-8p,1.384446394963217e-07,0.014155515855240344,0.13844463949632155,1.8641900350599607e-05,9.235863969315924e-07,1.4155515855240343e-07,1.7576758795115634e-05,0.08585454015222727,7.887893668249307e-06
R75-input_first-slow-8p,1.4057345195933135e-07,0.014401309662888257,0.14057345195933119,1.892433090528711e-05,9.263049518585665e-07,1.4401309662888256e-07,1.7854012856799662e-05,0.08772768898988066,7.926240191963863e-06
R75-input_first-slow-8p,1.4273499839108976e-07,0.014650882951800004,0.14273499839108952,1.9211104291065394e-05,9.29065309007938e-07,1.4650882951800003e-07,1.8135530152539438e-05,0.08963486793329507,7.964392310437505e-06
R75-input_first-slow-8p,1.449297821298327e-07,0.014906585112739665,0.14492978212983268,1.950194362186222e-05,9.319366402932478e-07,1.4906585112739665e-07,1.8420941130441546e-05,0.091576534246214,8.002356934299863e-06
R75-input_first-slow-8p,1.4715831425344343e-07,0.015167517744238558,0.14715831425344347,1.9797060302930496e-05,9.348909634312087e-07,1.5167517744238558e-07,1.8710494162056868e-05,0.09355314967116023,8.040141463272151e-06
R75-input_first-slow-8p,1.4942111369846338e-07,0.015432462641145232,0.14942111369846336,2.009671488500375e-05,9.378907141129066e-07,1.543246264114523e-07,1.9004499544479346e-05,0.0955651805713911,8.077753782725956e-06
R75-input_first-slow-8p,1.5171870738093e-07,0.01570148149859383,0.15171870738093013,2.040097714572198e-05,9.409365908610263e-07,1.570148149859383e-07,1.9303025739874965e-05,0.09761309808036829,8.115202259388746e-06
R75-input_first-slow-8p,1.5405163031907537e-07,0.01597553297635025,0.15405163031907518,2.0709783543859398e-05,9.440566579374052e-07,1.597553297635025e-07,1.9605971556158434e-05,0.09969737825875985,8.152495736198574e-06
R75-input_first-slow-8p,1.5642042575791153e-07,0.016256890340228414,0.15642042575791168,2.1022874596732177e-05,9.473190954831517e-07,1.6256890340228413e-07,1.9912986597846685e-05,0.1018185022589646,8.18964352631411e-06
R75-input_first-slow-8p,1.5882564529572983e-07,0.016542574033135717,0.1588256452957299,2.134077993593511e-05,9.506316983349182e-07,1.6542574033135717e-07,2.022472249726878e-05,0.10397695649712953,8.226655406286865e-06
R75-input_first-slow-8p,1.6126784901254566e-07,0.016832650579447463,0.16126784901254557,2.166357358898402e-05,9.539952378662228e-07,1.6832650579447463e-07,2.054125184532327e-05,0.1061732328326128,8.263541608409599e-06
R75-input_first-slow-8p,1.637476056005195e-07,0.0171275850190847,0.16374760560051965,2.1991271102490473e-05,9.574229446517206e-07,1.7127585019084697e-07,2.0862572307647854e-05,0.10840782875482355,8.30031281225399e-06
R75-input_first-slow-8p,1.662654924963833e-07,0.017431072202199017,0.16626549249638306,2.2323404901266574e-05,9.610291691419403e-07,1.7431072202199017e-07,2.118806501010259e-05,0.11068124757734542,8.336980135416526e-06
R75-input_first-slow-8p,1.6882209601590228e-07,0.017739225996459492,0.16882209601590226,2.266064579969505e-05,9.646908452239832e-07,1.7739225996459492e-07,2.151856269450642e-05,0.11299399863923039,8.373555123495077e-06
R75-input_first-slow-8p,1.714180114904022e-07,0.01805211815863454,0.17141801149040237,2.3003072327774558e-05,9.684088255566432e-07,1.8052118158634538e-07,2.1854142320631515e-05,0.11534659751332729,8.410049739318918e-06
R75-input_first-slow-8p,1.740538434054024e-07,0.018370794542669596,0.17405384340540236,2.335061828545489e-05,9.722151168824728e-07,1.8370794542669595e-07,2.219469522314567e-05,0.1177395662214966,8.446476351462705e-06
R75-input_first-slow-8p,1.7673020554137404e-07,0.01869827244304877,0.17673020554137403,2.37029231740263e-05,9.762047999745203e-07,1.869827244304877e-07,2.2539735649621256e-05,0.1201734334565236,8.48284772207429e-06
R75-input_first-slow-8p,1.7944772111666492e-07,0.019030785851037513,0.17944772111666493,2.4060645325702292e-05,9.802558309607205e-07,1.9030785851037512e-07,2.2890081636231178e-05,0.12264873481053955,8.519176994051017e-06
R75-input_first-slow-8p,1.8220702293262283e-07,0.019368412195790073,0.18220702293262261,2.4423868039751393e-05,9.843691531651484e-07,1.9368412195790076e-07,2.324581476462834e-05,0.12516601300973268,8.555477677602744e-06
R75-input_first-slow-8p,1.8500875352095058e-07,0.01971406002551996,0.18500875352095045,2.4792251440464945e-05,9.886386884344386e-07,1.971406002551996e-07,2.360647215177529e-05,0.12772581815511047,8.591763636241998e-06
R75-input_first-slow-8p,1.8785356529332546e-07,0.020067561421450268,0.1878535652933253,2.5165918567720667e-05,9.930572707467168e-07,2.0067561421450267e-07,2.397218568275939e-05,0.13032870796905707,8.628049072244147e-06
R75-input_first-slow-8p,1.907421206933192e-07,0.020426498478740177,0.19074212069331936,2.554533143739314e-05,9.975437959792085e-07,2.0426498478740175e-07,2.434352265662643e-05,0.13297524804741231,8.664348511625e-06
R75-input_first-slow-8p,1.9367509235065532e-07,0.020791259906222215,0.1936750923506553,2.5930532634262007e-05,1.0021095664076516e-06,2.0791259906222216e-07,2.4720510468792e-05,0.1356660121167844,8.700676788683421e-06
R75-input_first-slow-8p,1.9665316323783927e-07,0.021167226360478197,0.1966531632378394,2.6320817561208473e-05,1.0069336731006774e-06,2.1167226360478197e-07,2.5102211624502903e-05,0.1384015822967892,8.737049030161615e-06
R75-input_first-slow-8p,1.9967702682919317e-07,0.0215489739130591,0.19967702682919297,2.6717103756384776e-05,1.0118319583136394e-06,2.15489739130591e-07,2.548978205894046e-05,0.14118254936689234,8.773480639074826e-06
R75-input_first-slow-8p,2.0274738726233937e-07,0.021936591457794388,0.20274738726233946,2.7119483499092294e-05,1.0168055626624429e-06,2.1936591457794388e-07,2.5883312021851847e-05,0.14400951303752835,8.809987278267824e-06
R75-input_first-slow-8p,2.0586495950216728e-07,0.022335019613699193,0.20586495950216732,2.75273229911286e-05,1.0220231292234668e-06,2.2335019613699193e-07,2.6281949665768087e-05,0.14688308222514895,8.846584853753395e-06
R75-input_first-slow-8p,2.0903046950731915e-07,0.022741200362999654,0.20903046950731924,2.7941189784257028e-05,1.0273770746483247e-06,2.2741200362999654e-07,2.668640070597865e-05,0.1498038753308459,8.883289497893627e-06
R75-input_first-slow-8p,2.1224465439923635e-07,0.023153626804762396,0.21224465439923648,2.8361420455325716e-05,1.0328133457290416e-06,2.3153626804762393e-07,2.709707084154899e-05,0.15277252052218881,8.920117552482225e-06
R75-input_first-slow-8p,2.1550826263380635e-07,0.02357669089180677,0.21550826263380632,2.8787468522834543e-05,1.0384852038123026e-06,2.357669089180677e-07,2.7513216410104127e-05,0.15578965601791253,8.95708555178985e-06
R75-input_first-slow-8p,2.1882205417564928e-07,0.02400906266078942,0.21882205417564926,2.9219647451290314e-05,1.0443434281032026e-06,2.400906266078942e-07,2.7935213396579195e-05,0.15885593037508122,8.994210205633923e-06
R75-input_first-slow-8p,2.221868006750826e-07,0.024448082851941513,0.2221868006750824,2.9658471836677446e-05,1.0502917321611997e-06,2.444808285194151e-07,2.8363699275996834e-05,0.16197200277835497,9.031508382534468e-06
R75-input_first-slow-8p,2.2560328564780695e-07,0.02489856161020788,0.2256032856478069,3.0103337732174936e-05,1.0565027355419495e-06,2.489856161020788e-07,2.8797849380530908e-05,0.16513854333098785,9.068997093018838e-06
R75-input_first-slow-8p,2.2907230465735653e-07,0.025359031023459665,0.22907230465735637,3.0554584632394294e-05,1.062920678883471e-06,2.535903102345967e-07,2.9238073643276197e-05,0.1683562333471883,9.106693473136207e-06
R75-input_first-slow-8p,2.3259466550035578e-07,0.025826580906055316,0.2325946655003556,3.101277019075589e-05,1.0694373085867195e-06,2.5826580906055315e-07,2.9685067073108567e-05,0.17162576564547552,9.144614768244208e-06
R75-input_first-slow-8p,2.3617118839462023e-07,0.026307594731879515,0.2361711883946204,3.147705998456673e-05,1.0762882798049004e-06,2.6307594731879516e-07,3.0137695757442927e-05,0.17494784484266807,9.182778317126866e-06
R75-input_first-slow-8p,2.398027061701541e-07,0.02679823261142473,0.23980270617015415,3.19481548665558e-05,1.0833277221429013e-06,2.679823261142473e-07,3.059684481829848e-05,0.17832318764816263,9.22120153650348e-06
R75-input_first-slow-8p,2.4349006446308407e-07,0.027296414849759143,0.24349006446308413,3.242649360182578e-05,1.0904754074048343e-06,2.7296414849759145e-07,3.1063054045923116e-05,0.18175252315815918,9.259901905986492e-06
R75-input_first-slow-8p,2.472341219125737e-07,0.027811475097660028,0.2472341219125737,3.291080503874772e-05,1.098086888398628e-06,2.7811475097660026e-07,3.15346033993724e-05,0.185236593149506,9.298896953542698e-06
R75-input_first-slow-8p,2.51035750360765e-07,0.02833453381196576,0.2510357503607649,3.3402551769926566e-05,1.1058184249901053e-06,2.8334533811965763e-07,3.201338800681685e-05,0.18877615237285608,9.338204241512279e-06
R75-input_first-slow-8p,2.5489583505579704e-07,0.028869218200164207,0.2548958350557971,3.390132253385009e-05,1.1138101455005318e-06,2.8869218200164203e-07,3.2498820206348084e-05,0.1923719688448434,9.377841353236223e-06
R75-input_first-slow-8p,2.588152748579459e-07,0.029418702075603737,0.25881527485794575,3.440677611443081e-05,1.1221841700949255e-06,2.941870207560373e-07,3.2990404923580087e-05,0.19602482413900435,9.417825880339909e-06
R75-input_first-slow-8p,2.6279498244893266e-07,0.029976635163136485,0.26279498244893257,3.4920001869403705e-05,1.130686958995306e-06,2.9976635163136485e-07,3.3489548558777345e-05,0.19973551367519077,9.458175410718636e-06
R75-input_first-slow-8p,2.6683588454444956e-07,0.03055223027420031,0.26683588454444934,3.543975698228839e-05,1.1396893804453025e-06,3.055223027420031e-07,3.3994545299101196e-05,0.20350484700724658,9.49890751726558e-06
R75-input_first-slow-8p,2.709389221099562e-07,0.03113869679738874,0.27093892210995607,3.59672010982837e-05,1.148912296476583e-06,3.113869679738874e-07,3.450690183383308e-05,0.20733364810874633,9.540039747381564e-06
R75-input_first-slow-8p,2.7510505057979466e-07,0.03173875067674156,0.27510505057979445,3.650207016173138e-05,1.1584679052023222e-06,3.173875067674157e-07,3.5026214749761356e-05,0.21122275565661663,9.581589613299625e-06
R75-input_first-slow-8p,2.793352400796691e-07,0.03235559616908898,0.27933524007966887,3.704402907935376e-05,1.1684864426547839e-06,3.2355596169088976e-07,3.555198667500788e-05,0.21517302331248395,9.623574583255689e-06
R75-input_first-slow-8p,2.836304756525509e-07,0.0329822590113634,0.283630475652551,3.7594271653035495e-05,1.1786733410288686e-06,3.29822590113634e-07,3.608577572189286e-05,0.21918532000163682,9.666012073530562e-06
R75-input_first-slow-8p,2.8799175748805704e-07,0.03363148868143449,0.28799175748805705,3.81510356283299e-05,1.1895736380951268e-06,3.3631488681434495e-07,3.662514710342036e-05,0.2232605301895051,9.708919441385174e-06
R75-input_first-slow-8p,2.9242010115535375e-07,0.03429070131811264,0.2924201011553538,3.871636075914384e-05,1.2006415450329536e-06,3.429070131811264e-07,3.717281220092976e-05,0.22739955415559263,9.752313978907073e-06
R75-input_first-slow-8p,2.9691653783964076e-07,0.03497096024472683,0.29691653783964067,3.9288742343264964e-05,1.2123633615984868e-06,3.497096024472683e-07,3.772666937921932e-05,0.23160330826483508,9.796212907779496e-06
R75-input_first-slow-8p,3.014821145822744e-07,0.035665271841675165,0.30148211458227425,3.986938638485478e-05,1.2244247089378443e-06,3.566527184167516e-07,3.8288308957500415e-05,0.23587272523638447,9.840633374982654e-06
R75-input_first-slow-8p,3.0611789452458336e-07,0.03637908680675755,0.3061178945245834,4.0457634802271705e-05,1.2370753098432398e-06,3.637908680675755e-07,3.885676862436113e-05,0.24020875440985245,9.885592449429817e-06
R75-input_first-slow-8p,3.108249571554309e-07,0.0371109163023393,0.3108249571554308,4.105387281415137e-05,1.2502424013098678e-06,3.71109163023393e-07,3.943252124981826e-05,0.2446123620090704,9.931107119537723e-06
R75-input_first-slow-8p,3.1560439856258336e-07,0.03786150414401265,0.3156043985625832,4.165815325715865e-05,1.263965904041823e-06,3.786150414401266e-07,4.0015572311676785e-05,0.24908453140346518,9.977194291725837e-06
R75-input_first-slow-8p,3.2045733168794677e-07,0.03863349708583756,0.3204573316879466,4.227024607758898e-05,1.278365590937257e-06,3.8633497085837564e-07,4.0605545515793374e-05,0.2536262633671763,1.0023870789834112e-05
R75-input_first-slow-8p,3.2538488658672877e-07,0.03942443210009568,0.32538488658672854,4.2890690195437056e-05,1.2933316940606367e-06,3.9424432100095674e-07,4.120311418037544e-05,0.25823857633606756,1.0071153355445593e-05
R75-input_first-slow-8p,3.3038821069057977e-07,0.040239333436543144,0.3303882106905796,4.3518904133782923e-05,1.3091038338795752e-06,4.0239333436543147e-07,4.1807406965537836e-05,0.2629225066628105,1.0119058649094988e-05
R75-input_first-slow-8p,3.3546846907478573e-07,0.0410751053144599,0.3354684690747856,4.415552697069507e-05,1.325537708940251e-06,4.1075105314459906e-07,4.241923820861007e-05,0.26767910887026036,1.0167603252340941e-05
R75-input_first-slow-8p,3.4062684472956974e-07,0.04193573526492911,0.34062684472956944,4.480013805817376e-05,1.3428277957138167e-06,4.193573526492911e-07,4.3037952909810434e-05,0.27250945590335607,1.0216803670676126e-05
R75-input_first-slow-8p,3.4586453883556163e-07,0.04282125251736274,0.3458645388355614,4.5452913175057785e-05,1.3609884823275221e-06,4.282125251736274e-07,4.3663712167556466e-05,0.2774146393798031,1.0266676337245018e-05
R75-input_first-slow-8p,3.511827710435042e-07,0.04373060985483434,0.351182771043504,4.611419232471958e-05,1.3799589550485915e-06,4.3730609854834337e-07,4.4296927271122636e-05,0.2823957698398261,1.0317237617336404e-05
R75-input_first-slow-8p,3.5658277975826226e-07,0.04467141115119941,0.35658277975826214,4.678302076200419e-05,1.4001548652843157e-06,4.467141115119941e-07,4.4936151785207787e-05,0.28745397699529823,1.0368503813615093e-05
R75-input_first-slow-8p,3.6206582242719985e-07,0.045633505362485415,0.3620658224271999,4.746110962584653e-05,1.421027722104094e-06,4.5633505362485416e-07,4.558374685011733e-05,0.29259040997857005,1.0420491172053606e-05
R75-input_first-slow-8p,3.676331758329888e-07,0.04663482986545096,0.36763317583298893,4.814596002394088e-05,1.4435701715392097e-06,4.6634829865450957e-07,4.623604155374699e-05,0.29780623759133457,1.0473215888523183e-05
R75-input_first-slow-8p,3.732861363909155e-07,0.04766218137071308,0.37328613639091535,4.883974674070632e-05,1.4670635280821516e-06,4.7662181370713085e-07,4.6896061398916915e-05,0.3031026485538836,1.0526694116000805e-05
R75-input_first-slow-8p,3.7902602045077335e-07,0.04872174494051162,0.37902602045077316,4.954173952678882e-05,1.4918512631370129e-06,4.872174494051162e-07,4.7562670814246534e-05,0.3084808517551383,1.0580941972347987e-05
R75-input_first-slow-8p,3.848541646033832e-07,0.04982154233972909,0.3848541646033831,5.0250935685049354e-05,1.5184231472736005e-06,4.982154233972908e-07,4.823429711437831e-05,0.3139420765038057,1.0635975548614493e-05
R75-input_first-slow-8p,3.9077192599183137e-07,0.050953397786478324,0.3907719259918313,5.096876504162393e-05,1.546308387820987e-06,5.095339778647832e-07,4.8912922675938076e-05,0.3194875727810631,1.069181091782076e-05
R75-input_first-slow-8p,3.967806826274958e-07,0.05212355429658594,0.39678068262749566,5.169449790331428e-05,1.575882414527221e-06,5.212355429658593e-07,4.9597379945821326e-05,0.3251186114951581,1.0748464144171168e-05
R75-input_first-slow-8p,4.0288183371093185e-07,0.053341206142891055,0.40288183371093167,5.242696510135905e-05,1.6077421144927626e-06,5.334120614289106e-07,5.028581092543744e-05,0.33083648473831334,1.0805951292650385e-05
R75-input_first-slow-8p,4.0907679995768863e-07,0.0545993602057641,0.40907679995768864,5.3167428611644604e-05,1.641473982476107e-06,5.45993602057641e-07,5.0979961027110844e-05,0.33664250604632767,1.0864288438954905e-05
R75-input_first-slow-8p,4.15367023929136e-07,0.05590137688898785,0.415367023929136,5.391560078046391e-05,1.6772999634519963e-06,5.590137688898786e-07,5.167928704812199e-05,0.34253801066126516,1.0923491679712793e-05
R75-input_first-slow-8p,4.217539703683809e-07,0.0572541204094136,0.4217539703683809,5.467067175053796e-05,1.7156876135819226e-06,5.72541204094136e-07,5.238244293286193e-05,0.3485243557976229,1.098357714294535e-05
R75-input_first-slow-8p,4.282391265413506e-07,0.05866491518140162,0.4282391265413504,5.54317660185545e-05,1.7571660086555768e-06,5.866491518140163e-07,5.308795085808484e-05,0.3546029209123559,1.1044560998724859e-05
R75-input_first-slow-8p,4.3482400258311266e-07,0.06013082547174124,0.43482400258311277,5.6199550412237464e-05,1.8015752909365025e-06,6.013082547174125e-07,5.37966668665834e-05,0.36077510797912143,1.1106459469985296e-05
R75-input_first-slow-8p,4.41510131849528e-07,0.061656505765933386,0.44151013184952775,5.697355679900979e-05,1.8492645745238747e-06,6.165650576593339e-07,5.450772716682639e-05,0.3670423417671225,1.1169288843442456e-05
R75-input_first-slow-8p,4.4829907127431e-07,0.06324698406227723,0.44829907127430996,5.77532645601866e-05,1.9006217870439e-06,6.324698406227722e-07,5.522017293251985e-05,0.37340607012488986,1.1233065480585334e-05
R75-input_first-slow-8p,4.551924017315711e-07,0.06490776160410454,0.455192401731571,5.8538085686695153e-05,1.9560804226794095e-06,6.490776160410454e-07,5.593292764797478e-05,0.37986776426933994,1.129780582869784e-05
R75-input_first-slow-8p,4.621917284039436e-07,0.06664478284617567,0.4621917284039437,5.932736933897505e-05,2.0161161509274337e-06,6.664478284617568e-07,5.6644805359585826e-05,0.38642891908043425,1.1363526431877702e-05
R75-input_first-slow-8p,4.692986811563644e-07,0.0684645275270522,0.4692986811563644,6.012038809327283e-05,2.081253292434328e-06,6.846452752705221e-07,5.735448952556813e-05,0.39309105340175154,1.1430243942017098e-05
R75-input_first-slow-8p,4.7651491491560795e-07,0.07037399583216566,0.47651491491560793,6.091634022393214e-05,2.152058984691714e-06,7.037399583216567e-07,5.8060541280918744e-05,0.3998557103472609,1.1497975129716056e-05
R75-input_first-slow-8p,4.83842110055651e-07,0.07238079484051425,0.48384211005565086,6.17143367952104e-05,2.229146967447511e-06,7.238079484051424e-07,5.876138187935775e-05,0.40672445761456744,1.1566736895099296e-05
R75-input_first-slow-8p,4.91281972788963e-07,0.07449313777990489,0.49128197278896296,6.251340183167272e-05,2.313169080391061e-06,7.449313777990489e-07,5.945530137348277e-05,0.4136988878048892,1.1636546278512502e-05
R75-input_first-slow-8p,4.988362355638168e-07,0.07671992709543779,0.4988362355638169,6.331245991849232e-05,2.404813658193209e-06,7.67199270954378e-07,6.0140446989344955e-05,0.42078061875001016,1.1707420471075057e-05
R75-input_first-slow-8p,5.065066574677103e-07,0.07907076736904786,0.50650665746771,6.411033432418037e-05,2.504793593721195e-06,7.907076736904786e-07,6.081483305676836e-05,0.4279712938464264,1.17793768250705e-05
R75-input_first-slow-8p,5.142950246369816e-07,0.08155604795224812,0.5142950246369814,6.490573466808837e-05,2.6138363395212006e-06,8.155604795224812e-07,6.147633784904487e-05,0.4352725823968809,1.1852432864158157e-05
R75-input_first-slow-8p,5.22203150672733e-07,0.08420610866843978,0.522203150672733,6.569438235384438e-05,2.7340807514661006e-06,8.420610866843978e-07,6.21182405156937e-05,0.4426861799594881,1.1926606293391711e-05
R75-input_first-slow-8p,5.302328770631473e-07,0.08701809737505976,0.5302328770631473,6.647698137061555e-05,2.865040228961713e-06,8.701809737505977e-07,6.274176016790291e-05,0.45021380870460886,1.2001915009034935e-05
R75-input_first-slow-8p,5.383860736122968e-07,0.09000542575790786,0.5383860736122967,6.725180057248412e-05,3.007330881631803e-06,9.000542575790787e-07,6.334441543327338e-05,0.45785721777962657,1.2078377108165926e-05
R75-input_first-slow-8p,5.466646388755426e-07,0.09319700249695102,0.5466646388755427,6.801478875982287e-05,3.1623697691897704e-06,9.319700249695102e-07,6.392044896566345e-05,0.46561818368176044,1.215601089806415e-05
R75-input_first-slow-8p,5.55070500601636e-07,0.09661399932689776,0.5550705006016361,6.876305956206248e-05,3.3306574050610127e-06,9.661399932689777e-07,6.446626216373247e-05,0.4734985106390477,1.2234834905377539e-05
R75-input_first-slow-8p,5.63605616181616e-07,0.10025844628567653,0.5636056161816161,6.949660208302772e-05,3.5112415775445574e-06,1.0025844628567653e-06,6.498277604262664e-05,0.4815000309995941,1.2314867885069007e-05
R75-input_first-slow-8p,5.722719731046061e-07,0.10416446057665515,0.5722719731046059,7.021059724512194e-05,3.7045086918607567e-06,1.0416446057665515e-06,6.546444394749465e-05,0.48962460562918636,1.239612882914326e-05
R75-input_first-slow-8p,5.810715894206192e-07,0.10836253818082811,0.5810715894206191,7.090077369510054e-05,3.909832572470543e-06,1.0836253818082811e-06,6.590731574082193e-05,0.4978741243173525,1.2478636975158034e-05
R75-input_first-slow-8p,5.90006514210483e-07,0.11285229422637746,0.5900065142104829,7.156749649710862e-05,4.124889949477076e-06,1.1285229422637746e-06,6.631408360536807e-05,0.5062505061919482,1.256241181452394e-05
R75-input_first-slow-8p,5.990788280629936e-07,0.1176576131546042,0.5990788280629935,7.220749533083379e-05,4.347789416191592e-06,1.176576131546042e-06,6.668312978309615e-05,0.5147557001423311,1.2647473100601053e-05
R75-input_first-slow-8p,6.082906435593949e-07,0.12280557789099039,0.6082906435593947,7.281702493960856e-05,4.575858476707169e-06,1.228055778909904e-06,6.701311068399154e-05,0.523391685251165,1.2733840856599357e-05
R75-input_first-slow-8p,6.176441057653173e-07,0.12829324657021396,0.617644105765317,7.339684830298523e-05,4.805921118068276e-06,1.2829324657021394e-06,6.73079947192148e-05,0.5321604712349262,1.2821535383293174e-05
R75-input_first-slow-8p,6.27141392730282e-07,0.13413567432310544,0.6271413927302818,7.394503401088108e-05,5.03479668687623e-06,1.3413567432310546e-06,6.756888058077364e-05,0.5410640988931424,1.2910577266560208e-05
R75-input_first-slow-8p,6.367847159948791e-07,0.14032762601498106,0.6367847159948787,7.446269897662148e-05,5.259701761879163e-06,1.4032762601498105e-06,6.779972095459211e-05,0.550104640566404,1.3000987384756076e-05
R75-input_first-slow-8p,6.465763211057448e-07,0.1468827877453918,0.6465763211057446,7.494812725241358e-05,5.4773670628047165e-06,1.4688278774539178e-06,6.80019323121549e-05,0.5592842006031821,1.3092786915937642e-05
R75-input_first-slow-8p,6.565184881384627e-07,0.15382843004362914,0.6565184881384628,7.539757056540702e-05,5.683391242353623e-06,1.5382843004362916e-06,6.817589502261717e-05,0.5686049158355027,1.3185997344946445e-05
R75-input_first-slow-8p,6.666135322285052e-07,0.16112493039762368,0.6666135322285053,7.581731906733434e-05,5.877448175657449e-06,1.6112493039762368e-06,6.832862158770103e-05,0.578068956063498,1.3280640470366624e-05
R75-input_first-slow-8p,6.768638041103344e-07,0.16876226437139344,0.6768638041103342,7.620922888757739e-05,6.058350998405928e-06,1.6876226437139342e-06,6.846325524545692e-05,0.5876785245488696,1.3376738411370203e-05
R75-input_first-slow-8p,6.872716906647912e-07,0.17676090812793732,0.6872716906647913,7.657058684749667e-05,6.222808152068991e-06,1.7676090812793733e-06,6.858016961414848e-05,0.597435858517302,1.3474313614462953e-05
R75-input_first-slow-8p,6.978396154749085e-07,0.1850800327549421,0.6978396154749085,7.690788031046335e-05,6.37283709374542e-06,1.8508003275494207e-06,6.868424288916845e-05,0.60734322966987,1.3573388860144265e-05
R75-input_first-slow-8p,7.085700393902709e-07,0.19371395876554104,0.708570039390271,7.722233023078544e-05,6.508038171990624e-06,1.93713958765541e-06,6.877715247113981e-05,0.617402944703478,1.3673987269495315e-05
R75-input_first-slow-8p,7.194654611000405e-07,0.20266793868988264,0.7194654611000404,7.75135235648454e-05,6.627152762449028e-06,2.0266793868988265e-06,6.885969141549731e-05,0.6276173458403602,1.3776132310706914e-05
R75-input_first-slow-8p,7.305284177148068e-07,0.21190449466795708,0.7305284177148064,7.778746208554651e-05,6.7333995661870334e-06,2.119044946679571e-06,6.893501757267997e-05,0.6379888113667166,1.3879847805561354e-05
R75-input_first-slow-8p,7.417614853573811e-07,0.22141948129124864,0.7417614853573811,7.804515394318825e-05,6.8269831232231245e-06,2.2141948129124863e-06,6.900397600705234e-05,0.6485197561805229,1.3985157935879585e-05
R75-input_first-slow-8p,7.531672797626713e-07,0.23121752665059495,0.7531672797626712,7.828629730815237e-05,6.907237856648823e-06,2.3121752665059492e-06,6.90668841849976e-05,0.6592126323485691,1.4092087249945761e-05
R75-input_first-slow-8p,7.647484568867785e-07,0.241270423169348,0.7647484568867783,7.85155213457684e-05,6.977210069704147e-06,2.41270423169348e-06,6.912560704437064e-05,0.6700699296727964,1.4200660668921177e-05
R75-input_first-slow-8p,7.765077135254671e-07,0.25157092992046115,0.776507713525467,7.873431659706619e-05,7.037807630972201e-06,2.5157092992046113e-06,6.918079966688947e-05,0.6810941762660058,1.4310903493257797e-05
R75-input_first-slow-8p,7.884477879421443e-07,0.2621119811194179,0.7884477879421442,7.894415355342153e-05,7.089994127081565e-06,2.621119811194179e-06,6.923303961514552e-05,0.6922879391370116,1.4422841409121497e-05
R75-input_first-slow-8p,8.005714605054918e-07,0.2728877039412947,0.8005714605054916,7.914633009165733e-05,7.134657306122358e-06,2.728877039412947e-06,6.928279574612225e-05,0.703653824785314,1.4536500494835625e-05
R75-input_first-slow-8p,8.128815543368908e-07,0.2838983802530872,0.8128815543368908,7.93412273699122e-05,7.172018225103695e-06,2.838983802530872e-06,6.933022534227816e-05,0.715194479805373,1.4651907227353194e-05
R75-input_first-slow-8p,8.253809359678351e-07,0.29513033683810885,0.8253809359678351,7.953132615503337e-05,7.203946856795026e-06,2.951303368381088e-06,6.937607592985726e-05,0.7269125915006189,1.4769088488766438e-05
R75-input_first-slow-8p,8.380725160074208e-07,0.3065799245087778,0.8380725160074206,7.971761033903331e-05,7.231180512328132e-06,3.065799245087778e-06,6.942063058161765e-05,0.7388108885072389,1.4888071572862119e-05
R75-input_first-slow-8p,8.50959249820109e-07,0.3182456578142413,0.8509592498201088,7.990074599175096e-05,7.25422264508832e-06,3.182456578142413e-06,6.946406676852006e-05,0.7508921414278822,1.500888419172952e-05
R75-input_first-slow-8p,8.640441382139174e-07,0.3301281794402546,0.8640441382139171,8.008108680366976e-05,7.273348293145991e-06,3.301281794402546e-06,6.950645671612134e-05,0.7631591634753957,1.5131554482428205e-05
R75-input_first-slow-8p,8.773302281391909e-07,0.3422210554836265,0.8773302281391906,8.026005479082523e-05,7.2896443828490505e-06,3.4222105548362655e-06,6.954819985314058e-05,0.7756148111266982,1.5256111013722113e-05
R75-input_first-slow-8p,8.908206133981138e-07,0.35452432350153323,0.8908206133981135,8.043810835386595e-05,7.303461586117012e-06,3.5452432350153328e-06,6.958940353273311e-05,0.788261984786914,1.5382582792885666e-05
R75-input_first-slow-8p,9.045184353651279e-07,0.3670404655552889,0.9045184353651278,8.061534638197277e-05,7.314888818703782e-06,3.670404655552889e-06,6.963005290771586e-05,0.801103629463898,1.5510999272587317e-05
R75-input_first-slow-8p,9.184268837184384e-07,0.37976606432870463,0.9184268837184381,8.079275984625804e-05,7.324660609379154e-06,3.797660643287046e-06,6.967043859359151e-05,0.8141427354532939,1.5641390357855952e-05
R75-input_first-slow-8p,9.325491971827663e-07,0.3927036060793556,0.9325491971827663,8.097046160790504e-05,7.332868461911825e-06,3.927036060793556e-06,6.971055708519954e-05,0.8273823390342597,1.577378641313469e-05
R75-input_first-slow-8p,9.468886642835174e-07,0.40585376796793105,0.9468886642835173,8.114884334077368e-05,7.339796975872752e-06,4.0585376796793104e-06,6.975050868522177e-05,0.8408255231759981,1.5908218269425694e-05
R75-input_first-slow-8p,9.614486241125353e-07,0.4192173047905722,0.9614486241125354,8.132829265869191e-05,7.345718074820127e-06,4.192173047905722e-06,6.979040153596597e-05,0.8544754182552338,1.6044717231531427e-05
R75-input_first-slow-8p,9.762324671056663e-07,0.43279702906934814,0.9762324671056661,8.150889624189936e-05,7.3506971370692634e-06,4.3279702906934815e-06,6.983022881413718e-05,0.8683352027848381,1.618331508539459e-05
R75-input_first-slow-8p,9.912436358322439e-07,0.4465936577400413,0.991243635832244,8.169106290323168e-05,7.354999913015219e-06,4.465936577400413e-06,6.987012641281666e-05,0.8824081041536908,1.6324044105541547e-05
R75-input_first-slow-8p,9.999999999999997e-07,0.4546451109825084,0.9999999999999996,8.179679121509286e-05,7.3571883499512405e-06,4.546451109825085e-06,6.989315175531722e-05,0.8906171551345025,1.640613461831273e-05
R75-input_first-slow-8p,1e-06,0.4546451109825088,0.9999999999999996,8.179679121509281e-05,7.357188349951178e-06,4.546451109825089e-06,6.989315175531722e-05,0.8906171551345027,1.6406134618312694e-05
R75-input_first-slow-8p,1.0064856257967218e-06,0.46022023195828504,1.0,8.096058892620161e-05,6.452647953968414e-06,4.60220231958285e-06,6.990573865264896e-05,0.896319595690722,1.555083589634864e-05
R75-input_first-slow-8p,1.0219619862526522e-06,0.4709238710698968,1.0,7.935516949880536e-05,4.716210676474987e-06,4.709238710698968e-06,6.99297201116304e-05,0.907280155481194,1.3906881402061472e-05
R75-input_first-slow-8p,1.0376763210291521e-06,0.4788645114066905,1.0,7.816416724903543e-05,3.4281188526418486e-06,4.788645114066906e-06,6.994740328232736e-05,0.9154284002157578,1.268474094500358e-05
R75-input_first-slow-8p,1.0536322893700972e-06,0.484717113343355,1.0,7.728634609382244e-05,2.4787880823490683e-06,4.84717113343355e-06,6.996038687804117e-05,0.9214569700526827,1.1780526683415221e-05
R75-input_first-slow-8p,1.0698336067862211e-06,0.4889878985362133,1.0,7.664577876458458e-05,1.7860695538840946e-06,4.8898789853621336e-06,6.996983022533791e-05,0.9258956257228068,1.1114780765598415e-05
R75-input_first-slow-8p,1.0862840459202953e-06,0.4921098990474986,1.0,7.617751556728366e-05,1.2796941100823488e-06,4.9210989904749866e-06,6.99767224667274e-05,0.9291475698698314,1.0627027557927472e-05
R75-input_first-slow-8p,1.1029874374256444e-06,0.49437772629547716,1.0,7.583736826934892e-05,9.118676548709467e-07,4.943777262954771e-06,6.998172335152379e-05,0.9315181585081997,1.0271467265328227e-05
R75-input_first-slow-8p,1.1199476708581363e-06,0.49601901383332736,1.0,7.559119452678041e-05,6.456655925084605e-07,4.9601901383332736e-06,6.998533879593892e-05,0.9332374810144073,1.0013589199313204e-05
R75-input_first-slow-8p,1.137168695581922e-06,0.4971923504021103,1.0,7.541520790178714e-05,4.553632938187747e-07,4.9719235040211025e-06,6.998792110394688e-05,0.9344780260725486,9.82752209483283e-06
R75-input_first-slow-8p,1.154654521689068e-06,0.4980280320631852,1.0,7.528986552431918e-05,3.1982644476461917e-07,4.980280320631852e-06,6.998975875892277e-05,0.9353684304321864,9.693971959005647e-06
R75-input_first-slow-8p,1.1724092209333661e-06,0.4986260027463224,1.0,7.520017698552302e-05,2.2284400193672882e-07,4.986260027463224e-06,6.999107295612419e-05,0.9360041220976445,9.598625718449654e-06
R75-input_first-slow-8p,1.1904369276784659e-06,0.49904949867819154,1.0,7.513665759839156e-05,1.5415928068891115e-07,4.990494986781915e-06,6.999200333091956e-05,0.9364555149619208,9.530922120996423e-06
R75-input_first-slow-8p,1.2087418398606105e-06,0.49934674366585796,1.0,7.509207436152046e-05,1.0595080880151411e-07,4.993467436658579e-06,6.999265611605934e-05,0.9367742836644684,9.483110581147274e-06
R75-input_first-slow-8p,1.2273282199661775e-06,0.4995516090572872,1.0,7.506134697282843e-05,7.272411896676026e-08,4.995516090572872e-06,6.999310676328875e-05,0.936998141757857,9.449534511517259e-06
R75-input_first-slow-8p,1.2462003960242247e-06,0.49969409055858793,1.0,7.503997643073078e-05,4.961518572497431e-08,4.996940905585879e-06,6.999342033942073e-05,0.9371544597005429,9.426088666658169e-06
R75-input_first-slow-8p,1.2653627626143359e-06,0.4997926864396143,1.0,7.50251882132647e-05,3.3624008028436e-08,4.997926864396143e-06,6.999363734083971e-05,0.9372629887395673,9.409810592830237e-06
R75-input_first-slow-8p,1.2848197818899236e-06,0.4998604049777117,1.0,7.501503123249181e-05,2.2640813505085605e-08,4.998604049777118e-06,6.999378636920969e-05,0.9373378997738825,9.3985748225878e-06
R75-input_first-slow-8p,1.304575984617308e-06,0.4999065945748277,1.0,7.500810333855029e-05,1.5149428504189522e-08,4.999065945748277e-06,6.999388796429833e-05,0.9373893005127234,9.390865318945419e-06
R75-input_first-slow-8p,1.324635971230731e-06,0.4999378939179591,1.0,7.50034088068117e-05,1.0073145809096072e-08,4.999378939179591e-06,6.999395672182338e-05,0.9374243577014668,9.385607154755492e-06
R75-input_first-slow-8p,1.3450044129036365e-06,0.49995896982912436,1.0,7.500024766910124e-05,6.655074311506163e-09,4.999589698291244e-06,6.999400289649891e-05,0.9374481222072327,9.382042759614621e-06
R75-input_first-slow-8p,1.3656860526363783e-06,0.49997307405689667,1.0,7.499813220154503e-05,4.367828985423939e-09,4.999730740568966e-06,6.999403363199073e-05,0.9374641319244892,9.379641491144839e-06
R75-input_first-slow-8p,1.386685706360699e-06,0.4999824545391558,1.0,7.499672524001538e-05,2.8468282459621166e-09,4.999824545391558e-06,6.999405386637818e-05,0.9374748495921935,9.378033967594251e-06
R75-input_first-slow-8p,1.4080082640611497e-06,0.4999886541502436,1.0,7.499579537158664e-05,1.841842565762307e-09,4.999886541502437e-06,6.999406698751868e-05,0.9374819787233282,9.376964682138651e-06
R75-input_first-slow-8p,1.4296586909137805e-06,0.49999268889535115,1.0,7.499519020748192e-05,1.1872130493909254e-09,4.999926888953511e-06,6.999407610547862e-05,0.9374866901225093,9.376258027916035e-06
R75-input_first-slow-8p,1.4516420284423426e-06,0.49999531429429805,1.0,7.499479642865304e-05,7.606596740492009e-10,4.999953142942981e-06,6.999408262603649e-05,0.9374897832428919,9.375794096396882e-06
R75-input_first-slow-8p,1.4739633956922373e-06,0.499997022029353,1.0,7.499454028856784e-05,4.828089126200232e-10,4.9999702202935295e-06,6.999408725936132e-05,0.9374918003703379,9.375491551107798e-06
R75-input_first-slow-8p,1.4966279904225624e-06,0.49999812556650547,1.0,7.499437477103077e-05,3.0281911347742383e-10,4.9999812556650546e-06,6.999409069625265e-05,0.9374931068863814,9.375295589134801e-06
R75-input_first-slow-8p,1.5196410903164392e-06,0.4999988278406212,1.0,7.499426943820919e-05,1.8864174556057994e-10,4.999988278406212e-06,6.999409251805696e-05,0.9374939473049901,9.375169536271145e-06
R75-input_first-slow-8p,1.5430080542100005e-06,0.4999992690515263,1.0,7.499420326178534e-05,1.1836247710798499e-10,4.999992690515264e-06,6.999409220879306e-05,0.9374944841266035,9.375089019370472e-06
R75-input_first-slow-8p,1.5667343233402242e-06,0.49999954977870403,1.0,7.499416115602485e-05,7.424855554769778e-11,4.99999549778704e-06,6.999409140968267e-05,0.937494824590413,9.375037953820863e-06
R75-input_first-slow-8p,1.5908254226120073e-06,0.4999997240933044,1.0,7.499413501089392e-05,4.5765903560304314e-11,4.999997240933044e-06,6.999409200405697e-05,0.9374950389638812,9.375005800332971e-06
R75-input_first-slow-8p,1.6152869618846743e-06,0.49999983207846943,1.0,7.499411881439476e-05,2.655537756067172e-11,4.999998320784694e-06,6.99940939382327e-05,0.9374951729568456,9.374985702971137e-06
R75-input_first-slow-8p,1.6401246372782995e-06,0.49999989888234697,1.0,7.499410879460227e-05,1.5114782263623923e-11,4.99999898882347e-06,6.999409469099598e-05,0.9374952560862861,9.374973234537042e-06
R75-input_first-slow-8p,1.6653442325001172e-06,0.4999999393499979,1.0,7.499410272493267e-05,1.0538970201144973e-11,4.999999393499979e-06,6.999409279246224e-05,0.9374953072709546,9.374965557441397e-06
R75-input_first-slow-8p,1.6909516201912937e-06,0.4999999640087018,1.0,7.499409902641838e-05,6.8088270800051335e-12,4.999999640087018e-06,6.999409257750424e-05,0.9374953385451835,9.3749608666765e-06
R75-input_first-slow-8p,1.7169527632944597e-06,0.49999997881184716,1.0,7.499409680612144e-05,2.1209628827687478e-12,4.999999788118471e-06,6.999409489704032e-05,0.9374953575054196,9.374958022865066e-06
R75-input_first-slow-8p,1.7433537164422138e-06,0.49999998758804026,1.0,7.499409548979613e-05,1.957136085648641e-12,4.999999875880403e-06,6.99940936567794e-05,0.9374953689094727,9.374956312391808e-06
R75-input_first-slow-8p,1.770160627367035e-06,0.4999999928234913,1.0,7.499409470454033e-05,2.438159148135133e-12,4.999999928234913e-06,6.999409233814636e-05,0.9374953757137222,9.37495529183476e-06
R75-input_first-slow-8p,1.797379738332816e-06,0.4999999958771087,1.0,7.499409424653379e-05,-8.117838428638957e-13,4.999999958771087e-06,6.99940950995463e-05,0.9374953797404575,9.374954687872034e-06
R75-input_first-slow-8p,1.8250173875884676e-06,0.4999999976446999,1.0,7.499409398141599e-05,9.612226347100928e-13,4.999999976446999e-06,6.999409304374691e-05,0.9374953821037816,9.374954333401338e-06
R75-input_first-slow-8p,1.8530800108438149e-06,0.49999999866919653,1.0,7.499409382775358e-05,3.767742259247187e-13,4.999999986691966e-06,6.999409346428774e-05,0.9374953834792021,9.374954127104502e-06
R75-input_first-slow-8p,1.8815741427682488e-06,0.4999999992557258,1.0,7.499409373978114e-05,-6.157468623295472e-13,4.999999992557258e-06,6.999409436297118e-05,0.9374953842728606,9.374954008065107e-06
R75-input_first-slow-8p,1.9105064185123647e-06,0.4999999995876688,1.0,7.499409368999361e-05,1.2121494122620098e-12,4.999999995876688e-06,6.999409248196724e-05,0.9374953847268656,9.374953939969728e-06
R75-input_first-slow-8p,1.939883575253035e-06,0.49999999977381626,1.0,7.499409366207368e-05,-1.3472101719943508e-12,4.999999997738162e-06,6.999409501154592e-05,0.9374953849842952,9.374953901358324e-06
R75-input_first-slow-8p,1.969712453762244e-06,0.49999999987718163,1.0,7.499409364657009e-05,1.4702346623872215e-12,4.999999998771816e-06,6.999409217756336e-05,0.9374953851289619,9.374953879660025e-06
R75-input_first-slow-8p,2e-06,0.4999999999341147,1.0,7.499409363803081e-05,-1.3298331668073233e-12,4.999999999341148e-06,6.999409496852245e-05,0.937495385209524,9.37495386757666e-06
