candidate,frequency_hz,output_psd_v2_per_hz,input_psd_v2_per_hz
R37,1000.0,2.1342994950580538e-13,5.928609676223276e-15
R37,1014.4952080687361,2.104064849978672e-13,5.844624552390381e-15
R37,1029.2005271944283,2.0742622004995472e-13,5.7618394163030884e-15
R37,1044.1190029805646,2.044885374224665e-13,5.680237122470963e-15
R37,1059.2537251772892,2.0159282869498073e-13,5.599800770272474e-15
R37,1074.6078283213178,1.9873849414024718e-13,5.520513700672976e-15
R37,1090.1844923851281,1.9592494259997799e-13,5.442359492553045e-15
R37,1105.98694343556,1.9315159136241296e-13,5.3653219595333476e-15
R37,1122.018454301964,1.9041786604163573e-13,5.289385146390794e-15
R37,1138.2823452540329,1.8772320045861176e-13,5.214533325988341e-15
R37,1154.781984689459,1.8506703652393033e-13,5.140750995783722e-15
R37,1171.520789831561,1.8244882412221523e-13,5.0680228748560646e-15
R37,1188.5022274370194,1.7986802099819455e-13,4.996333900496776e-15
R37,1205.7298145138755,1.773240926443931e-13,4.925669225338984e-15
R37,1223.2071190499328,1.7481651219043067e-13,4.856014214030996e-15
R37,1240.9377607517208,1.7234476029390426e-13,4.787354440457642e-15
R37,1258.9254117941684,1.6990832503282552e-13,4.719675684500669e-15
R37,1277.1737975811443,1.6750670179959811e-13,4.6529639293501244e-15
R37,1295.686697517021,1.65139393196509e-13,4.5872053583346956e-15
R37,1314.4679457894238,1.6280590893271384e-13,4.52238635233188e-15
R37,1333.5214321633257,1.6050576572269086e-13,4.458493486675816e-15
R37,1352.851102786652,1.5823848718615031e-13,4.395513528651775e-15
R37,1372.4609610075638,1.5600360374937053e-13,4.333433434473677e-15
R37,1392.3550682035861,1.5380065254794652e-13,4.272240346868651e-15
R37,1412.5375446227565,1.51629177330925e-13,4.2119215921269155e-15
R37,1433.012570236965,1.4948872836631114e-13,4.1524646777687554e-15
R37,1453.7843856076643,1.4737886234792567e-13,4.093857289657378e-15
R37,1474.8572927641271,1.4529914230359229e-13,4.03608728975193e-15
R37,1496.235656094436,1.4324913750463492e-13,3.9791427132912954e-15
R37,1517.923903249387,1.4122842337667213e-13,3.923011766624024e-15
R37,1539.926526059495,1.3923658141168348e-13,3.867682824445301e-15
R37,1562.2480814652934,1.3727319908133223e-13,3.813144427714467e-15
R37,1584.8931924611168,1.3533786975152664e-13,3.7593852809596996e-15
R37,1607.866549052564,1.3343019259820353e-13,3.706394250263539e-15
R37,1631.1729092278417,1.3154977252431346e-13,3.654160360622981e-15
R37,1654.817099943185,1.296962200779929e-13,3.602672794016632e-15
R37,1678.804018122564,1.2786915137190359e-13,3.5519208868207097e-15
R37,1703.1386316718808,1.260681880037291e-13,3.5018941279486242e-15
R37,1727.8259805078674,1.24292956977802e-13,3.4525821563200224e-15
R37,1752.871177601897,1.2254309062785347e-13,3.4039747590740768e-15
R37,1778.2794100389272,1.208182265408665e-13,3.356061869090705e-15
R37,1804.0559400917907,1.1911800748201733e-13,3.308833563274875e-15
R37,1830.2061063110607,1.1744208132068867e-13,3.2622800601252323e-15
R37,1856.735324630711,1.1579010095753955e-13,3.2163917180903286e-15
R37,1883.6490894898054,1.1416172425261952e-13,3.1711590331849117e-15
R37,1910.9529749704457,1.125566139545064e-13,3.126572637414032e-15
R37,1938.6526359522127,1.1097443763046019e-13,3.082623296433929e-15
R37,1966.7538092833438,1.094148675975727e-13,3.039301908043617e-15
R37,1995.2623149688852,1.0787758085490082e-13,2.9965994998917773e-15
R37,2024.1840573760674,1.0636225901657066e-13,2.95450722803241e-15
R37,2053.525026457152,1.048685882458383e-13,2.913016374671186e-15
R37,2083.291298990005,1.0339625919008828e-13,2.872118346788733e-15
R37,2113.489039836653,1.0194496691676696e-13,2.8318046739265302e-15
R37,2144.1245032200786,1.0051441085022614e-13,2.792067006873378e-15
R37,2175.2040340195294,9.910429470947331e-14,2.752897115488325e-15
R37,2206.7340690845967,9.77143264468064e-14,2.714286887450562e-15
R37,2238.7211385683468,9.634421818733045e-14,2.676228326118818e-15
R37,2271.171867279773,9.49936861693351e-14,2.638713549342422e-15
R37,2304.0929760558533,9.3662450685525e-14,2.6017347873541192e-15
R37,2337.4912831534966,9.23502360250903e-14,2.565284381642873e-15
R37,2371.3737056616637,9.10567704166043e-14,2.529354782878677e-15
R37,2405.7472609339593,8.978178597173694e-14,2.493938549844654e-15
R37,2440.619068041989,8.852501862977297e-14,2.4590283473941427e-15
R37,2475.9963492497827,8.728620810292219e-14,2.4246169454411954e-15
R37,2511.8864315095893,8.606509782241192e-14,2.390697216943773e-15
R37,2548.296747979356,8.486143488535014e-14,2.357262136955025e-15
R37,2585.2348395622007,8.36749700023445e-14,2.324304780634863e-15
R37,2622.7083564682007,8.250545744587543e-14,2.2918183223563032e-15
R37,2660.7250597988204,8.135265499940145e-14,2.259796033743327e-15
R37,2699.2928231543046,8.021632390719448e-14,2.2282312828346495e-15
R37,2738.4196342643727,7.909622882489203e-14,2.1971175321432212e-15
R37,2778.1135966425472,7.799213777075491e-14,2.1664483378768635e-15
R37,2818.382931264466,7.690382207762168e-14,2.13621734802358e-15
R37,2859.235978270519,7.58310563455484e-14,2.106418301625535e-15
R37,2900.6811986931666,7.477361839512953e-14,2.0770450268793603e-15
R37,2942.727176209295,7.373128922147937e-14,2.0480914404698805e-15
R37,2985.382618917973,7.270385294887557e-14,2.019551545693902e-15
R37,3028.6563611439774,7.169109678604856e-14,1.9914194318428746e-15
R37,3072.5573652674607,7.069281098211241e-14,1.9636892723416763e-15
R37,3117.0947235801405,6.970878878312078e-14,1.936355324189477e-15
R37,3162.277660168394,6.873882638924936e-14,1.909411926114086e-15
R37,3208.115532823651,6.778272291258419e-14,1.882853498064485e-15
R37,3254.617834980474,6.684028033551806e-14,1.8566745393811175e-15
R37,3301.7941976827356,6.591130346973792e-14,1.830869628341275e-15
R37,3349.6543915782927,6.499559991580101e-14,1.805433420339376e-15
R37,3398.208328942576,6.409298002328625e-14,1.780360647487038e-15
R37,3447.4660657315108,6.320325685151589e-14,1.7556461168070265e-15
R37,3497.437803664196,6.232624613083834e-14,1.7312847098834939e-15
R37,3548.133892335772,6.146176622446539e-14,1.7072713810626583e-15
R37,3599.564831360914,6.060963809085248e-14,1.6836011571584348e-15
R37,3651.7412725483955,5.976968524661773e-14,1.6602691356626191e-15
R37,3704.674022107176,5.894173372999108e-14,1.637270484499852e-15
R37,3758.3740428844612,5.812561206478495e-14,1.614600440244714e-15
R37,3812.8524566362084,5.732115122487962e-14,1.5922543079296462e-15
R37,3868.1205463305423,5.6528184599217303e-14,1.570227459265245e-15
R37,3924.189758484557,5.574654795729465e-14,1.5485153325012127e-15
R37,3981.071705534994,5.4976079415150353e-14,1.5271134306506326e-15
R37,4038.7781682432824,5.4216619401835153e-14,1.5060173214016698e-15
R37,4097.321098135438,5.346801062636635e-14,1.4852226353436714e-15
R37,4156.712619977334,5.273009804514876e-14,1.4647250659307416e-15
R37,4216.965034285847,5.2002728829865126e-14,1.4445203677089953e-15
R37,4278.0908198764055,5.128575233582348e-14,1.4246043563315616e-15
R37,4340.102636447464,5.057902007075924e-14,1.404972906783107e-15
R37,4403.01332720244,4.98823856640769e-14,1.3856219534483402e-15
R37,4466.835921509658,4.9195704836539575e-14,1.3665474883337307e-15
R37,4531.583637600846,4.851883537038545e-14,1.347745561187378e-15
R37,4597.26988530875,4.7851637079873026e-14,1.3292122777169884e-15
R37,4663.908268844436,4.719397178224859e-14,1.3109437997617885e-15
R37,4731.512589614835,4.654570326912679e-14,1.2929363435039487e-15
R37,4800.0968490811465,4.590669727827968e-14,1.2751861796935437e-15
R37,4869.675251658663,4.5276821465831296e-14,1.2576896318527992e-15
R37,4940.26220765863,4.4655945378846916e-14,1.2404430765536447e-15
R37,5011.872336272756,4.4043940428316344e-14,1.223442941611889e-15
R37,5084.520468600972,4.3440679862520376e-14,1.2066857064184404e-15
R37,5158.2216507230905,4.2846038740780756e-14,1.1901679001241588e-15
R37,5232.991146814981,4.225989390758271e-14,1.173886102023413e-15
R37,5308.844442309919,4.168212396706926e-14,1.157836939725326e-15
R37,5385.797247105755,4.111260925789888e-14,1.1420170895926128e-15
R37,5463.865498818579,4.0551231828462146e-14,1.12642327489989e-15
R37,5543.065366083543,3.9997875412452684e-14,1.1110522663257931e-15
R37,5623.413251903529,3.945242540478837e-14,1.0959008800945367e-15
R37,5704.92579704636,3.8914768837875365e-14,1.0809659785243331e-15
R37,5787.619883491247,3.8384794358209334e-14,1.0662444681522489e-15
R37,5871.512637925207,3.7862392203317325e-14,1.0517333003373158e-15
R37,5956.621435290147,3.7347454179021094e-14,1.0374294693658717e-15
R37,6042.963902381372,3.683987363703107e-14,1.0233300131115534e-15
R37,6130.557921498252,3.63395454528583e-14,1.0094320111202426e-15
R37,6219.421634147808,3.5846366004041276e-14,9.957325853266234e-16
R37,6309.573444801979,3.5360233148686046e-14,9.822288981160639e-16
R37,6401.032024709357,3.48810462043115e-14,9.689181530990802e-16
R37,6493.816315762163,3.440870592699621e-14,9.557975931504812e-16
R37,6587.945534419289,3.394311449082428e-14,9.428645012411427e-16
R37,6683.439175686198,3.348417546762677e-14,9.3011619844977e-16
R37,6780.317017152512,3.3031793807007014e-14,9.175500448559129e-16
R37,6878.59912308813,3.2585875816657796e-14,9.051634375234115e-16
R37,6978.3058485987185,3.214632914295599e-14,8.929538114531663e-16
R37,7079.4578438414355,3.1713062751833935e-14,8.809186375379294e-16
R37,7182.076058301764,3.128598690992783e-14,8.690554235755193e-16
R37,7286.181745132336,3.086501316599093e-14,8.573617121916554e-16
R37,7391.796465554657,3.045005433257601e-14,8.458350819159851e-16
R37,7498.94209332462,3.0041024467977674e-14,8.344731450716726e-16
R37,7607.640819262764,2.9637838858431613e-14,8.232735489148357e-16
R37,7717.915155850188,2.924041400057238e-14,8.122339734871107e-16
R37,7829.787941891089,2.884866758413709e-14,8.013521328207256e-16
R37,7943.282347242882,2.84625184749185e-14,7.906257727549795e-16
R37,8058.421877614886,2.8081886697961432e-14,7.800526722056089e-16
R37,8175.23037943657,2.7706693420999775e-14,7.696306409407292e-16
R37,8293.732044796356,2.7336860938129157e-14,7.593575209187611e-16
R37,8413.951416452024,2.6972312653713423e-14,7.492311840228097e-16
R37,8535.913392913733,2.661297306652057e-14,7.392495334665611e-16
R37,8659.64323360073,2.6258767754086832e-14,7.294105014845134e-16
R37,8785.166564072795,2.5909623357301564e-14,7.19712050808227e-16
R37,8912.509381337535,2.5565467565216214e-14,7.101521723107619e-16
R37,9041.698059234586,2.5226229100064656e-14,7.007288865541066e-16
R37,9172.75935389788,2.4891837702504393e-14,6.914402413849283e-16
R37,9305.720409297075,2.4562224117062713e-14,6.822843135558259e-16
R37,9440.608762859321,2.423732007779535e-14,6.732592062696943e-16
R37,9577.452351172502,2.3917058294145747e-14,6.643630508761441e-16
R37,9716.279515771153,2.3601372437010395e-14,6.555940043630479e-16
R37,9857.119009006256,2.3290197125000353e-14,6.469502511290011e-16
R37,10000.000000000096,2.2983467910900995e-14,6.384300004198645e-16
R37,10144.952080687459,2.2681121268322752e-14,6.300314881798079e-16
R37,10292.005271944381,2.2383094578547252e-14,6.217529744282649e-16
R37,10441.190029805744,2.2089326117555022e-14,6.135927451927172e-16
R37,10592.537251772992,2.1799755043244726e-14,6.05549109825441e-16
R37,10746.07828321328,2.1514321382829647e-14,5.976204030178285e-16
R37,10901.844923851384,2.1232966020418854e-14,5.898049820537152e-16
R37,11059.869434355705,2.0955630684772382e-14,5.821012289088506e-16
R37,11220.184543019746,2.0682257937234235e-14,5.745075474375824e-16
R37,11382.823452540435,2.041279115983419e-14,5.670223655593745e-16
R37,11547.819846894698,2.0147174543563514e-14,5.596441323768239e-16
R37,11715.207898315717,1.9885353076815013e-14,5.523713204514332e-16
R37,11885.022274370305,1.9627272533991448e-14,5.452024228484111e-16
R37,12057.298145138866,1.9372879464272956e-14,5.38135955505317e-16
R37,12232.07119049944,1.9122121180547976e-14,5.311704542020353e-16
R37,12409.377607517323,1.887494574850142e-14,5.243044770229004e-16
R37,12589.254117941802,1.8631301975856973e-14,5.1753660124916395e-16
R37,12771.737975811562,1.8391139401776784e-14,5.108654259180453e-16
R37,12956.86697517033,1.815440828640994e-14,5.042895686327721e-16
R37,13144.679457894359,1.7921059600589878e-14,4.978076682223732e-16
R37,13335.21432163338,1.769104501568064e-14,4.914183814671263e-16
R37,13528.511027866647,1.746431689356832e-14,4.851203858607621e-16
R37,13724.609610075766,1.724082827679314e-14,4.789123762472164e-16
R37,13923.55068203599,1.7020532878826328e-14,4.727930676889536e-16
R37,14125.375446227694,1.6803385074480827e-14,4.667611920125703e-16
R37,14330.125702369782,1.6589339890464594e-14,4.608155007855764e-16
R37,14537.843856076775,1.6378352996064182e-14,4.549547617656849e-16
R37,14748.572927641406,1.617038069396517e-14,4.491777619909075e-16
R37,14962.356560944498,1.5965379911201354e-14,4.4348330412947164e-16
R37,15179.239032494008,1.5763308190232464e-14,4.3787020968532483e-16
R37,15399.26526059509,1.5564123680153308e-14,4.3233731524482775e-16
R37,15622.480814653076,1.5367785128024287e-14,4.268834758017425e-16
R37,15848.931924611312,1.517425187032775e-14,4.2150756089648566e-16
R37,16078.665490525787,1.498348382454682e-14,4.162084580643969e-16
R37,16311.729092278567,1.479544148086414e-14,4.109850688630308e-16
R37,16548.170999432,1.4610085893977022e-14,4.058363124477082e-16
R37,16788.040181225795,1.442737867503422e-14,4.0076112148297407e-16
R37,17031.386316718967,1.424728198368281e-14,3.9575844584929966e-16
R37,17278.259805078833,1.4069758520232229e-14,3.908272484333171e-16
R37,17528.711776019132,1.3894771517930533e-14,3.859665089705433e-16
R37,17782.794100389434,1.3722284735345722e-14,3.8117521971061445e-16
R37,18040.55940091807,1.3552262448864156e-14,3.7645238939947663e-16
R37,18302.061063110774,1.3384669445289095e-14,3.7179703881420247e-16
R37,18567.35324630728,1.3219471014547826e-14,3.672082048902397e-16
R37,18836.49089489823,1.3056632942504877e-14,3.6268493612047955e-16
R37,19109.529749704634,1.2896121503873282e-14,3.5822629683218875e-16
R37,19386.526359522308,1.27379034552313e-14,3.5383136244556985e-16
R37,19667.538092833624,1.2581946028137148e-14,3.494992239050726e-16
R37,19952.62314968904,1.2428216922342139e-14,3.452289827916889e-16
R37,20241.840573760863,1.2276684299100575e-14,3.410197559142922e-16
R37,20535.250264571714,1.2127316774576647e-14,3.3687067026993446e-16
R37,20832.91298990025,1.1980083413343218e-14,3.3278086780060767e-16
R37,21134.890398366733,1.1834953721975725e-14,3.287495001957443e-16
R37,21441.245032200994,1.1691897642735979e-14,3.247757338201322e-16
R37,21752.0403401955,1.1550885547347975e-14,3.2085874435222034e-16
R37,22067.340690846177,1.1411888230859836e-14,3.169977218893439e-16
R37,22387.21138568368,1.1274876905596536e-14,3.131918654155918e-16
R37,22711.718672797946,1.1139823195197163e-14,3.094403880904185e-16
R37,23040.929760558753,1.1006699128738266e-14,3.0574251153939407e-16
R37,23374.912831535188,1.0875477134939323e-14,3.020974713327865e-16
R37,23713.73705661686,1.0746130036454642e-14,2.985045110921524e-16
R37,24057.47260933982,1.061863104424233e-14,2.949628881658487e-16
R37,24406.19068042012,1.0492953752018002e-14,2.914718675441825e-16
R37,24759.96349249806,1.0369072130784226e-14,2.8803072773884375e-16
R37,25118.864315096132,1.0246960523440169e-14,2.8463875449941737e-16
R37,25482.967479793802,1.0126593639467863e-14,2.8129524690401517e-16
R37,25852.34839562225,1.0007946549693424e-14,2.779995108689068e-16
R37,26227.083564682252,9.890994681125525e-15,2.7475086545848474e-16
R37,26607.25059798845,9.775713811864229e-15,2.7154863618011865e-16
R37,26992.928231543297,9.662080066085033e-15,2.6839216152117844e-16
R37,27384.19634264398,9.550069909094488e-15,2.65280786020442e-16
R37,27781.13596642573,9.439660142454618e-15,2.622138670408988e-16
R37,28183.82931264492,9.33082789917948e-15,2.591907676089921e-16
R37,28592.359782705455,9.223550638997756e-15,2.5621086343187115e-16
R37,29006.811986931934,9.117806143685691e-15,2.532735354949444e-16
R37,29427.271762093224,9.013572512464654e-15,2.50378177332982e-16
R37,29853.82618918001,8.91082815746526e-15,2.4752418737683876e-16
R37,30286.56361144006,8.809551799255603e-15,2.4471097648767083e-16
R37,30725.573652674895,8.709722462435499e-15,2.4193796004212874e-16
R37,31170.947235801697,8.611319471291111e-15,2.3920456574039264e-16
R37,31622.77660168424,8.514322445511799e-15,2.3651022541981075e-16
R37,32081.155328236815,8.41871129597163e-15,2.338543831466745e-16
R37,32546.17834980505,8.32446622056562e-15,2.3123648674708865e-16
R37,33017.94197682767,8.231567700111075e-15,2.28655996193809e-16
R37,33496.543915783244,8.139996494302453e-15,2.2611237484325265e-16
R37,33982.08328942608,8.0497336377277e-15,2.236050981286138e-16
R37,34474.660657315435,7.960760435940953e-15,2.211336444906176e-16
R37,34974.378036642294,7.873058461588082e-15,2.1869750438937602e-16
R37,35481.33892335806,7.786609550592867e-15,2.16296170916688e-16
R37,35995.64831360948,7.701395798392706e-15,2.1392914913882585e-16
R37,36517.412725484304,7.617399556231712e-15,2.1159594637729966e-16
R37,37046.74022107211,7.534603427504571e-15,2.0929608189586242e-16
R37,37583.74042884497,7.45299026415284e-15,2.0702907683614545e-16
R37,38128.524566362445,7.372543163115014e-15,2.0479446426257069e-16
R37,38681.205463305785,7.29324546282397e-15,2.025917787386965e-16
R37,39241.89758484594,7.215080739755616e-15,2.0042056674442837e-16
R37,39810.71705535032,7.138032805029469e-15,1.982803758778864e-16
R37,40387.781682433204,7.0620857010530476e-15,1.9617076566023548e-16
R37,40973.210981354765,6.9872236982188295e-15,1.940912963478265e-16
R37,41567.12619977373,6.913431291643948e-15,1.9204154014001133e-16
R37,42169.65034285886,6.840693197961387e-15,1.9002106958513256e-16
R37,42780.90819876445,6.7689943521523135e-15,1.8802946920806416e-16
R37,43401.026364475045,6.698319904426479e-15,1.860663234931964e-16
R37,44030.13327202482,6.62865521714659e-15,1.8413122894883724e-16
R37,44668.359215097,6.5599858617963336e-15,1.822237816490082e-16
R37,45315.836376008876,6.492297615991928e-15,1.803435897530877e-16
R37,45972.698853087924,6.425576460535861e-15,1.7849026058809841e-16
R37,46639.08268844478,6.35980857651352e-15,1.766634136421763e-16
R37,47315.12589614878,6.294980342430184e-15,1.7486266716762468e-16
R37,48000.9684908119,6.231078331391311e-15,1.7308765166830937e-16
R37,48696.75251658707,6.1680893083189916e-15,1.7133799600329362e-16
R37,49402.62207658675,6.106000227212123e-15,1.6961334138863673e-16
R37,50118.72336272801,6.044798228443708e-15,1.6791332697999159e-16
R37,50845.20468601018,5.9844706360969165e-15,1.662376044109733e-16
R37,51582.21650723137,5.925004955340234e-15,1.6458582283220098e-16
R37,52329.91146815029,5.866388869838733e-15,1.6295764400891006e-16
R37,53088.444423099674,5.8086102392013054e-15,1.6135272679322688e-16
R37,53857.97247105804,5.751657096470151e-15,1.597707428048227e-16
R37,54638.654988186296,5.6955176456366844e-15,1.5821136031163813e-16
R37,55430.653660835946,5.6401802592020964e-15,1.5667426051881682e-16
R37,56234.13251903581,5.585633475766876e-15,1.5515912083206295e-16
R37,57049.25797046412,5.531865997656756e-15,1.5366563178115224e-16
R37,57876.198834913,5.478866688582677e-15,1.5219347963889377e-16
R37,58715.12637925261,5.426624571334315e-15,1.5074236400681054e-16
R37,59566.21435290201,5.3751288255052785e-15,1.4931197976133143e-16
R37,60429.63902381426,5.324368785252073e-15,1.479020353305758e-16
R37,61305.57921498307,5.274333937084562e-15,1.4651223393795053e-16
R37,62194.216341478634,5.22501391768842e-15,1.4514229260042974e-16
R37,63095.73444802036,5.17639851177718e-15,1.437919226386076e-16
R37,64010.32024709414,5.128477649976582e-15,1.4246084942823218e-16
R37,64938.163157622206,5.081241406739021e-15,1.4114879214341262e-16
R37,65879.45534419348,5.034679998287591e-15,1.3985548429525294e-16
R37,66834.39175686258,4.988783780587059e-15,1.3858065267451665e-16
R37,67803.17017152572,4.943543247347442e-15,1.373240387118611e-16
R37,68785.99123088192,4.898949028055742e-15,1.3608537658323127e-16
R37,69783.05848598781,4.8549918860320755e-15,1.3486441542928142e-16
R37,70794.57843841499,4.811662716517006e-15,1.3366089658607158e-16
R37,71820.76058301827,4.768952544786152e-15,1.324745767017883e-16
R37,72861.81745132401,4.72685252428925e-15,1.3130520405284277e-16
R37,73917.96465554723,4.685353934817463e-15,1.3015254259887362e-16
R37,74989.42093324687,4.6444481806984775e-15,1.2901634734237893e-16
R37,76076.40819262833,4.604126789012287e-15,1.2789638936471957e-16
R37,77179.15155850258,4.56438140783756e-15,1.2679243018546388e-16
R37,78297.8794189116,4.525203804521864e-15,1.2570424782428805e-16
R37,79432.82347242955,4.486585863973607e-15,1.2463161011391104e-16
R37,80584.2187761496,4.448519586981693e-15,1.235743018349642e-16
R37,81752.30379436645,4.4109970885580126e-15,1.2253209693418237e-16
R37,82937.32044796432,4.37401059630255e-15,1.2150478678182624e-16
R37,84139.51416452101,4.337552448794155e-15,1.2049215124419127e-16
R37,85359.13392913812,4.301615094001347e-15,1.1949398811568325e-16
R37,86596.43233600809,4.266191087717627e-15,1.1851008299219227e-16
R37,87851.66564072875,4.23127309201971e-15,1.175402399326282e-16
R37,89125.09381337615,4.196853873744748e-15,1.1658425007676143e-16
R37,90416.98059234666,4.162926302993541e-15,1.1564192359389433e-16
R37,91727.5935389796,4.1294833516505e-15,1.1471305698617975e-16
R37,93057.20409297157,4.096518091928207e-15,1.1379746638483103e-16
R37,94406.08762859405,4.0640236949314285e-15,1.128949534767335e-16
R37,95774.52351172586,4.031993429240459e-15,1.1200534021197271e-16
R37,97162.79515771239,4.000420659517092e-15,1.111284332882903e-16
R37,98571.19009006342,3.96929884512877e-15,1.1026406033693917e-16
R37,100000.00000000183,3.93862153879063e-15,1.09412032896283e-16
R37,101449.52080687547,3.908382385232426e-15,1.0857218414643662e-16
R37,102920.0527194447,3.878575119878078e-15,1.0774433029949425e-16
R37,104411.90029805835,3.849193567547543e-15,1.0692830995717261e-16
R37,105925.37251773084,3.820231641176251e-15,1.0612394384169429e-16
R37,107460.78283213373,3.79168334055326e-15,1.0533107585441225e-16
R37,109018.44923851478,3.763542751077612e-15,1.0454953106712224e-16
R37,110598.694343558,3.735804042528969e-15,1.0377915856386636e-16
R37,112201.84543019843,3.708461467861565e-15,1.0301978760827394e-16
R37,113828.23452540534,3.681509362010919e-15,1.0227127235515942e-16
R37,115478.19846894799,3.654942140718588e-15,1.0153344610511289e-16
R37,117152.0789831582,3.628754299373928e-15,1.0080616797674135e-16
R37,118850.22274370409,3.6029404118721405e-15,1.0008927515519782e-16
R37,120572.98145138971,3.5774951294879704e-15,9.938263162097926e-17
R37,122320.71190499548,3.5524131797678216e-15,9.86860782936792e-17
R37,124093.77607517432,3.527689365433156e-15,9.799948391850187e-17
R37,125892.54117941913,3.5033185633035773e-15,9.732269300170187e-17
R37,127717.37975811675,3.479295723233316e-15,9.665557896102634e-17
R37,129568.66975170444,3.4556158670628952e-15,9.599798974354627e-17
R37,131446.79457894477,3.43227408758608e-15,9.534980335205638e-17
R37,133352.14321633498,3.4092655475302054e-15,9.471087103056641e-17
R37,135285.11027866765,3.3865854785528312e-15,9.408107528444879e-17
R37,137246.09610075885,3.364229180251899e-15,9.346027051228325e-17
R37,139235.5068203611,3.342192019187905e-15,9.284834364428013e-17
R37,141253.75446227816,3.3204694279238595e-15,9.22451520927552e-17
R37,143301.25702369906,3.2990569040748458e-15,9.165058713986958e-17
R37,145378.43856076902,3.277950009373768e-15,9.106450907217758e-17
R37,147485.72927641534,3.257144368748546e-15,9.048681345573107e-17
R37,149623.56560944626,3.236635669412881e-15,8.991736331290364e-17
R37,151792.39032494137,3.216419659971535e-15,8.935605843034297e-17
R37,153992.6526059522,3.19649214953439e-15,8.880276442889697e-17
R37,156224.80814653207,3.176849006845737e-15,8.825738525757921e-17
R37,158489.31924611444,3.157486159426752e-15,8.77197889988078e-17
R37,160786.6549052592,3.1383995927273733e-15,8.718988371044016e-17
R37,163117.290922787,3.119585349291315e-15,8.666753980039786e-17
R37,165481.70999432137,3.1010395279323507e-15,8.61526693869729e-17
R37,167880.4018122593,3.082758282924819e-15,8.564514506765297e-17
R37,170313.86316719104,3.0647378232000957e-15,8.514488297754276e-17
R37,172782.59805078973,3.04697441155966e-15,8.465175776808369e-17
R37,175287.11776019275,3.0294643638952667e-15,8.416568955295995e-17
R37,177827.9410038958,3.0122040484234082e-15,8.368655490156917e-17
R37,180405.5940091822,2.995189884928665e-15,8.321427787273714e-17
R37,183020.61063110924,2.9784183440156013e-15,8.274873681788415e-17
R37,185673.5324630743,2.961885946375431e-15,8.22898597130131e-17
R37,188364.90894898382,2.945589262059629e-15,8.183752655479599e-17
R37,191095.2974970479,2.9295249097657176e-15,8.139166921353239e-17
R37,193865.26359522465,2.9136895561297024e-15,8.09521691938656e-17
R37,196675.3809283378,2.8980799150327827e-15,8.051896224308728e-17
R37,199526.231496892,2.8826927469154365e-15,8.009193123539514e-17
R37,202418.40573761027,2.86752485809837e-15,7.967101578314674e-17
R37,205352.50264571878,2.852573100118485e-15,7.925609999047769e-17
R37,208329.12989900415,2.837834369069541e-15,7.884712732865767e-17
R37,211348.90398366898,2.8233056049532313e-15,7.844398299064914e-17
R37,214412.4503220116,2.808983791039414e-15,7.804661430622338e-17
R37,217520.40340195672,2.7948659532364655e-15,7.765490741428466e-17
R37,220673.4069084635,2.780949159465772e-15,7.726881350859968e-17
R37,223872.11385683858,2.76723051905006e-15,7.688821952906042e-17
R37,227117.18672798126,2.753707182108735e-15,7.651308054502626e-17
R37,230409.29760558935,2.7403763389571464e-15,7.614328415025206e-17
R37,233749.12831535374,2.7272352195202895e-15,7.577878930759829e-17
R37,237137.3705661705,2.7142810927508505e-15,7.54194841147835e-17
R37,240574.72609340012,2.701511266054903e-15,7.506533145251363e-17
R37,244061.90680420317,2.688923084727823e-15,7.471621976970488e-17
R37,247599.6349249826,2.676513931395231e-15,7.437211589598007e-17
R37,251188.64315096333,2.664281225462798e-15,7.403290847543436e-17
R37,254829.67479794007,2.652222422573139e-15,7.369856832459122e-17
R37,258523.48395622458,2.6403350140705123e-15,7.33689841231138e-17
R37,262270.8356468246,2.628616526470654e-15,7.304413071953632e-17
R37,266072.5059798866,2.617064520940966e-15,7.27238966655417e-17
R37,269929.2823154351,2.6056765927832074e-15,7.240826089425444e-17
R37,273841.963426442,2.5944503709302935e-15,7.209711166153799e-17
R37,277811.35966425954,2.583383517438627e-15,7.179043204524225e-17
R37,281838.2931264515,2.5724737269972214e-15,7.148810983290043e-17
R37,285923.5978270569,2.561718726439933e-15,7.119013231551989e-17
R37,290068.1198693217,2.551116274259952e-15,7.089638663459146e-17
R37,294272.71762093465,2.5406641601384993e-15,7.060686437083779e-17
R37,298538.26189180254,2.5303602044719305e-15,7.032145183658782e-17
R37,302865.6361144031,2.5202022579096636e-15,7.00401449875112e-17
R37,307255.7365267515,2.5101882008961557e-15,6.976282911766765e-17
R37,311709.4723580195,2.500315943219894e-15,6.948950465195634e-17
R37,316227.76601684495,2.4905834235653197e-15,6.922005567069877e-17
R37,320811.55328237073,2.4809886090741798e-15,6.895448717185501e-17
R37,325461.78349805315,2.4715294949098922e-15,6.869268181949515e-17
R37,330179.4197682794,2.4622041038277003e-15,6.843464929824349e-17
R37,334965.4391578352,2.4530104857505403e-15,6.818027064606189e-17
R37,339820.8328942636,2.4439467173500987e-15,6.792956035817351e-17
R37,344746.6065731572,2.4350109016337916e-15,6.768239762865758e-17
R37,349743.7803664258,2.4262011675335598e-15,6.743880189800794e-17
R37,354813.3892335835,2.4175156695019604e-15,6.719865029002984e-17
R37,359956.4831360978,2.4089525871166784e-15,6.69619673365799e-17
R37,365174.12725484604,2.400510124681757e-15,6.67286278557969e-17
R37,370467.4022107242,2.392186510837898e-15,6.649866162871371e-17
R37,375837.4042884528,2.3839799981811886e-15,6.627194092251385e-17
R37,381285.24566362763,2.375888862877466e-15,6.604850093762764e-17
R37,386812.0546330611,2.3679114042877146e-15,6.582821113472312e-17
R37,392418.97584846267,2.360045944596983e-15,6.561111231689299e-17
R37,398107.17055350647,2.3522908284442315e-15,6.539707087168144e-17
R37,403877.8168243354,2.3446444225574695e-15,6.518613340178907e-17
R37,409732.109813551,2.337105115396826e-15,6.497816294299785e-17
R37,415671.2619977407,2.329671316795829e-15,6.477321210883254e-17
R37,421696.5034285921,2.3223414576099052e-15,6.457114029233292e-17
R37,427809.0819876481,2.315113989366355e-15,6.437200634418707e-17
R37,434010.2636447541,2.307987383921758e-15,6.417566571017278e-17
R37,440301.3327202518,2.300960133118168e-15,6.398218372020781e-17
R37,446683.5921509737,2.294030748444562e-15,6.379141155416514e-17
R37,453158.3637600925,2.2871977607038148e-15,6.360342128008472e-17
R37,459726.9885308831,2.2804597196815432e-15,6.341805947806529e-17
R37,466390.82688445173,2.273815193813798e-15,6.323540523043329e-17
R37,473151.25896149175,2.267262769867497e-15,6.305530016765745e-17
R37,480009.68490812305,2.2608010526133855e-15,6.287783068105456e-17
R37,486967.5251658748,2.2544286645078684e-15,6.27028330845172e-17
R37,494026.2207658717,2.2481442453780718e-15,6.253040139253031e-17
R37,501187.2336272844,2.2419464521060428e-15,6.236036621731065e-17
R37,508452.0468601062,2.235833958318924e-15,6.219282953087452e-17
R37,515822.1650723182,2.229805454078636e-15,6.202761583957389e-17
R37,523299.11468150746,2.2238596455785236e-15,6.186483542887627e-17
R37,530884.4442310013,2.2179952548355235e-15,6.1704306274712e-17
R37,538579.7247105851,2.2122110193921554e-15,6.154614735454125e-17
R37,546386.5498818677,2.2065056920170286e-15,6.139016966773776e-17
R37,554306.5366083643,2.2008780404034916e-15,6.123650128604649e-17
R37,562341.3251903631,2.195326846881179e-15,6.108494576324905e-17
R37,570492.5797046463,2.189850908115871e-15,6.093564069283058e-17
R37,578761.9883491352,2.184449034825364e-15,6.078838168980646e-17
R37,587151.2637925313,2.179120051482974e-15,6.064331632318023e-17
R37,595662.1435290255,2.173862796033291e-15,6.050023175037248e-17
R37,604296.390238148,2.1686761196057087e-15,6.035928599771758e-17
R37,613055.7921498362,2.1635588862301e-15,6.022025721907432e-17
R37,621942.1634147919,2.1585099725515695e-15,6.008331440892132e-17
R37,630957.3444802093,2.1535282675492644e-15,5.994822614301834e-17
R37,640103.2024709472,2.148612672257806e-15,5.981517292588118e-17
R37,649381.631576228,2.1437620994826804e-15,5.968391315027626e-17
R37,658794.5534419408,2.138975473526254e-15,5.955463940516943e-17
R37,668343.9175686318,2.1342517299097117e-15,5.942709926334583e-17
R37,678031.7017152634,2.129589815091008e-15,5.930149800684774e-17
R37,687859.9123088254,2.1249886861987914e-15,5.917757171757035e-17
R37,697830.5848598845,2.120447310747363e-15,5.905553901538745e-17
R37,707945.7843841563,2.115964666366504e-15,5.893512378463394e-17
R37,718207.6058301893,2.111539740527865e-15,5.881655866608639e-17
R37,728618.1745132467,2.1071715302700768e-15,5.869955460187835e-17
R37,739179.646555479,2.1028590419269527e-15,5.85843589763991e-17
R37,749894.2093324756,2.098601290850161e-15,5.847066900525496e-17
R37,760764.0819262902,2.094397301142318e-15,5.83587475817642e-17
R37,771791.5155850328,2.090246105378023e-15,5.824827736822056e-17
R37,782978.7941891231,2.0861467443376613e-15,5.813953757630057e-17
R37,794328.2347243025,2.082098266728539e-15,5.803219544408235e-17
R37,805842.1877615032,2.078099728912935e-15,5.79265473580373e-17
R37,817523.0379436717,2.0741501946369153e-15,5.782224421380342e-17
R37,829373.2044796505,2.07024873475384e-15,5.771960047836397e-17
R37,841395.1416452174,2.066394426952015e-15,5.76182497373998e-17
R37,853591.3392913886,2.0625863554763376e-15,5.751852549598268e-17
R37,865964.3233600885,2.058823610857047e-15,5.742004301001962e-17
R37,878516.6564072954,2.0551052896294046e-15,5.732315583480098e-17
R37,891250.9381337696,2.0514304940578924e-15,5.722745982173878e-17
R37,904169.8059234748,2.0477983318569657e-15,5.713332964602868e-17
R37,917275.9353898044,2.0442079159144504e-15,5.704034062183032e-17
R37,930572.0409297242,2.040658364006921e-15,5.694888967412233e-17
R37,944060.876285949,2.037148798520718e-15,5.68585303861887e-17
R37,957745.2351172672,2.0336783461682054e-15,5.676968312636836e-17
R37,971627.9515771327,2.0302461377020814e-15,5.668187848914809e-17
R37,985711.9009006431,2.026851307631345e-15,5.659556154649494e-17
R37,1000000.0000000274,2.023492993931594e-15,5.651023857866316e-17
A37,1000.0,3.5027610423860005e-12,9.729888593319225e-14
A37,1014.4952080687361,3.453238573149819e-12,9.592326316983493e-14
A37,1029.2005271944283,3.404423685372739e-12,9.456729541424277e-14
A37,1044.1190029805646,3.3563062690534383e-12,9.323070188731465e-14
A37,1059.2537251772892,3.3088763586431814e-12,9.191320571376843e-14
A37,1074.6078283213178,3.2621241309818735e-12,9.061453408390665e-14
A37,1090.1844923851281,3.2160399032635785e-12,8.933441797479473e-14
A37,1105.98694343556,3.170614131031139e-12,8.807259232012301e-14
A37,1122.018454301964,3.125837406199429e-12,8.682879572642349e-14
A37,1138.2823452540329,3.081700455106847e-12,8.560277065117412e-14
A37,1154.781984689459,3.0381941365946694e-12,8.439426311381255e-14
A37,1171.520789831561,2.9953094401138255e-12,8.320302288223775e-14
A37,1188.5022274370194,2.9530374838587322e-12,8.202880317837372e-14
A37,1205.7298145138755,2.9113695129277974e-12,8.087136087323024e-14
A37,1223.2071190499328,2.8702968975102003e-12,7.973045618676558e-14
A37,1240.9377607517208,2.829811131098575e-12,7.860585289167488e-14
A37,1258.9254117941684,2.789903828727239e-12,7.749731800729593e-14
A37,1277.1737975811443,2.7505667252355924e-12,7.640462201230211e-14
A37,1295.686697517021,2.7117916735563278e-12,7.532753853238916e-14
A37,1314.4679457894238,2.673570643028094e-12,7.426584456205722e-14
A37,1333.5214321633257,2.6358957177322914e-12,7.321932014581148e-14
A37,1352.851102786652,2.598759094853592e-12,7.21877486092258e-14
A37,1372.4609610075638,2.562153083063914e-12,7.117091623338377e-14
A37,1392.3550682035861,2.526070100929488e-12,7.016861249542549e-14
A37,1412.5375446227565,2.4905026753406577e-12,6.918062973594905e-14
A37,1433.012570236965,2.4554434399641454e-12,6.820676340924935e-14
A37,1453.7843856076643,2.420885133717409e-12,6.724681174339498e-14
A37,1474.8572927641271,2.386820599264813e-12,6.630057600037659e-14
A37,1496.235656094436,2.3532427815352706e-12,6.536786012856668e-14
A37,1517.923903249387,2.320144726261085e-12,6.444847103300445e-14
A37,1539.926526059495,2.2875195785376512e-12,6.354221821993872e-14
A37,1562.2480814652934,2.2553605814037436e-12,6.264891407748479e-14
A37,1584.8931924611168,2.2236610744420962e-12,6.176837351194496e-14
A37,1607.866549052564,2.192414492399958e-12,6.090041423908189e-14
A37,1631.1729092278417,2.1616143638293784e-12,6.004485641190131e-14
A37,1654.817099943185,2.13125430974691e-12,5.920152292279772e-14
A37,1678.804018122564,2.1013280423124548e-12,5.837023902247757e-14
A37,1703.1386316718808,2.071829363527014e-12,5.755083263324135e-14
A37,1727.8259805078674,2.042752163949013e-12,5.67431339587165e-14
A37,1752.871177601897,2.014090421428978e-12,5.5946975808549926e-14
A37,1778.2794100389272,1.985838199862305e-12,5.5162193198613496e-14
A37,1804.0559400917907,1.957989647959834e-12,5.438862368739151e-14
A37,1830.2061063110607,1.9305389980359887e-12,5.3626106966309955e-14
A37,1856.735324630711,1.9034805648142444e-12,5.2874485208115164e-14
A37,1883.6490894898054,1.876808744249653e-12,5.2133602646970914e-14
A37,1910.9529749704457,1.8505180123681953e-12,5.140330593913369e-14
A37,1938.6526359522127,1.8246029241227126e-12,5.0683443732451535e-14
A37,1966.7538092833438,1.7990581122651848e-12,4.997386703965383e-14
A37,1995.2623149688852,1.7738782862351408e-12,4.927442879687588e-14
A37,2024.1840573760674,1.7490582310639139e-12,4.85849842498922e-14
A37,2053.525026457152,1.72459280629459e-12,4.790539050128085e-14
A37,2083.291298990005,1.7004769449173654e-12,4.723550690994134e-14
A37,2113.489039836653,1.676705652320123e-12,4.657519462650126e-14
A37,2144.1245032200786,1.653274005254005e-12,4.5924317006472516e-14
A37,2175.2040340195294,1.6301771508137626e-12,4.5282739133492806e-14
A37,2206.7340690845967,1.6074103054326713e-12,4.465032824648541e-14
A37,2238.7211385683468,1.5849687538918159e-12,4.402695325031643e-14
A37,2271.171867279773,1.5628478483435205e-12,4.341248515733721e-14
A37,2304.0929760558533,1.5410430073487436e-12,4.2806796585026213e-14
A37,2337.4912831534966,1.5195497149282107e-12,4.2209762212306226e-14
A37,2371.3737056616637,1.4983635196271226e-12,4.162125826372717e-14
A37,2405.7472609339593,1.477480033593211e-12,4.104116298096462e-14
A37,2440.619068041989,1.4568949316679793e-12,4.046935609308728e-14
A37,2475.9963492497827,1.4366039504909186e-12,3.9905719303656775e-14
A37,2511.8864315095893,1.4166028876165288e-12,3.9350135746610965e-14
A37,2548.296747979356,1.396887600643953e-12,3.8802490489399905e-14
A37,2585.2348395622007,1.3774540063590473e-12,3.82626699740009e-14
A37,2622.7083564682007,1.3582980798887098e-12,3.77305625365415e-14
A37,2660.7250597988204,1.3394158538672921e-12,3.720605783294952e-14
A37,2699.2928231543046,1.320803417614922e-12,3.668904737552806e-14
A37,2738.4196342643727,1.3024569163275625e-12,3.6179423942728256e-14
A37,2778.1135966425472,1.2843725502786486e-12,3.567708213315857e-14
A37,2818.382931264466,1.2665465740321298e-12,3.518191775895288e-14
A37,2859.235978270519,1.248975295666751e-12,3.469382841771236e-14
A37,2900.6811986931666,1.2316550760114238e-12,3.421271286892562e-14
A37,2942.727176209295,1.214582327891522e-12,3.373847162435933e-14
A37,2985.382618917973,1.1977535153859387e-12,3.327100630697004e-14
A37,3028.6563611439774,1.1811651530947706e-12,3.281022026027714e-14
A37,3072.5573652674607,1.164813805417452e-12,3.2356017889190316e-14
A37,3117.0947235801405,1.1486960858412138e-12,3.190830528891608e-14
A37,3162.277660168394,1.132808656239705e-12,3.146698956710616e-14
A37,3208.115532823651,1.117148226181632e-12,3.103197949286887e-14
A37,3254.617834980474,1.101711552249283e-12,3.060318479962548e-14
A37,3301.7941976827356,1.0864954373667795e-12,3.0180516854816826e-14
A37,3349.6543915782927,1.0714967301379368e-12,2.976388794283569e-14
A37,3398.208328942576,1.0567123241935786e-12,2.9353211956039645e-14
A37,3447.4660657315108,1.0421391575481757e-12,2.89484036571078e-14
A37,3497.437803664196,1.0277742119656827e-12,2.854937939199143e-14
A37,3548.133892335772,1.0136145123344273e-12,2.8156056331022795e-14
A37,3599.564831360914,9.996571260509412e-13,2.776835320445719e-14
A37,3651.7412725483955,9.858991624125872e-13,2.7386189521641098e-14
A37,3704.674022107176,9.723377720188643e-13,2.7009486329820776e-14
A37,3758.3740428844612,9.58970146181273e-13,2.6638165410654323e-14
A37,3812.8524566362084,9.457935163416057e-13,2.627215006298642e-14
A37,3868.1205463305423,9.328051534985509e-13,2.591136427596594e-14
A37,3924.189758484557,9.200023676424917e-13,2.5555733536509832e-14
A37,3981.071705534994,9.073825071983752e-13,2.520518397826466e-14
A37,4038.7781682432824,8.949429584765501e-13,2.4859643214507526e-14
A37,4097.321098135438,8.826811451314389e-13,2.4519039462165062e-14
A37,4156.712619977334,8.70594527627952e-13,2.418330240092501e-14
A37,4216.965034285847,8.586806027155315e-13,2.3852362271501256e-14
A37,4278.0908198764055,8.46936902909693e-13,2.3526150761756226e-14
A37,4340.102636447464,8.353609959809892e-13,2.3204600078373366e-14
A37,4403.01332720244,8.239504844512697e-13,2.2887643860818783e-14
A37,4466.835921509658,8.127030050971374e-13,2.257521622555538e-14
A37,4531.583637600846,8.016162284605012e-13,2.226725270870016e-14
A37,4597.26988530875,7.906878583661215e-13,2.1963689281886088e-14
A37,4663.908268844436,7.799156314460455e-13,2.1664463324501178e-14
A37,4731.512589614835,7.692973166708426e-13,2.1369512610274415e-14
A37,4800.0968490811465,7.58830714887533e-13,2.107877631001372e-14
A37,4869.675251658663,7.485136583641197e-13,2.0792193947961432e-14
A37,4940.26220765863,7.383440103406271e-13,2.050970643598003e-14
A37,5011.872336272756,7.283196645865538e-13,2.023125499869099e-14
A37,5084.520468600972,7.184385449646554e-13,1.9956782240090327e-14
A37,5158.2216507230905,7.086986050009431e-13,1.968623103645147e-14
A37,5232.991146814981,6.990978274608444e-13,1.941954563638658e-14
A37,5308.844442309919,6.896342239314077e-13,1.9156670520460178e-14
A37,5385.797247105755,6.803058344094795e-13,1.8897551535747865e-14
A37,5463.865498818579,6.711107268957651e-13,1.864213472107137e-14
A37,5543.065366083543,6.620469969946898e-13,1.8390367477143482e-14
A37,5623.413251903529,6.531127675199772e-13,1.8142197356298098e-14
A37,5704.92579704636,6.443061881058575e-13,1.7897573269348225e-14
A37,5787.619883491247,6.356254348238417e-13,1.765644423864651e-14
A37,5871.512637925207,6.270687098049549e-13,1.741876064282284e-14
A37,5956.621435290147,6.186342408673857e-13,1.718447293197047e-14
A37,6042.963902381372,6.103202811494364e-13,1.6953532911471364e-14
A37,6130.557921498252,6.021251087477302e-13,1.6725892418061548e-14
A37,6219.421634147808,5.940470263605859e-13,1.650150464399509e-14
A37,6309.573444801979,5.860843609364781e-13,1.6280322772699007e-14
A37,6401.032024709357,5.782354633275321e-13,1.606230134457107e-14
A37,6493.816315762163,5.704987079479614e-13,1.584739485089037e-14
A37,6587.945534419289,5.628724924373865e-13,1.5635559142590113e-14
A37,6683.439175686198,5.553552373289664e-13,1.5426749981042813e-14
A37,6780.317017152512,5.479453857222685e-13,1.5220924491197815e-14
A37,6878.59912308813,5.406414029608092e-13,1.5018039667811356e-14
A37,6978.3058485987185,5.334417763142114e-13,1.481805387438843e-14
A37,7079.4578438414355,5.263450146648899e-13,1.4620925303377788e-14
A37,7182.076058301764,5.193496481992235e-13,1.4426613522409205e-14
A37,7286.181745132336,5.1245422810313e-13,1.423507788692123e-14
A37,7391.796465554657,5.056573262620003e-13,1.404627913523914e-14
A37,7498.94209332462,4.9895753496491e-13,1.3860177752048156e-14
A37,7607.640819262764,4.923534666130611e-13,1.36767356139135e-14
A37,7717.915155850188,4.858437534323868e-13,1.3495914301955349e-14
A37,7829.787941891089,4.794270471902672e-13,1.331767679947079e-14
A37,7943.282347242882,4.731020189162821e-13,1.3141985752107228e-14
A37,8058.421877614886,4.668673586269635e-13,1.2968805219306695e-14
A37,8175.23037943657,4.60721775054471e-13,1.2798098880213499e-14
A37,8293.732044796356,4.5466399537915144e-13,1.2629831840724275e-14
A37,8413.951416452024,4.486927649659113e-13,1.2463968783301056e-14
A37,8535.913392913733,4.428068471043601e-13,1.2300475831476596e-14
A37,8659.64323360073,4.37005022752665e-13,1.2139318641677633e-14
A37,8785.166564072795,4.3128609028506107e-13,1.1980464327103126e-14
A37,8912.509381337535,4.2564886524297197e-13,1.1823879489592731e-14
A37,9041.698059234586,4.2009218008968676e-13,1.1669532204867303e-14
A37,9172.75935389788,4.146148839685335e-13,1.1517389992405162e-14
A37,9305.720409297075,4.0921584246451717e-13,1.136742186410807e-14
A37,9440.608762859321,4.038939373693542e-13,1.1219596230072812e-14
A37,9577.452351172502,3.986480664498679e-13,1.1073883012823101e-14
A37,9716.279515771153,3.9347714321968925e-13,1.093025148678524e-14
A37,9857.119009006256,3.883800967142222e-13,1.0788672460307207e-14
A37,10000.000000000096,3.8335587126881836e-13,1.0649116046565045e-14
A37,10144.952080687459,3.7840342630012137e-13,1.051155391567413e-14
A37,10292.005271944381,3.735217360905402e-13,1.0375956994668034e-14
A37,10441.190029805744,3.6870978957578877e-13,1.0242297792094398e-14
A37,10592.537251772992,3.639665901354737e-13,1.0110548024618454e-14
A37,10746.07828321328,3.59291155386662e-13,9.980681016587594e-15
A37,10901.844923851384,3.546825169804021e-13,9.852669250718871e-15
A37,11059.869434355705,3.5013972040115014e-13,9.726486845211153e-15
A37,11220.184543019746,3.4566182476906036e-13,9.60210702587944e-15
A37,11382.823452540435,3.412479026451e-13,9.479504683492584e-15
A37,11547.819846894698,3.3689703983894296e-13,9.358653764615963e-15
A37,11715.207898315717,3.326083352196152e-13,9.239529911956436e-15
A37,11885.022274370305,3.283809005288343e-13,9.12210777106962e-15
A37,12057.298145138866,3.242138601970222e-13,9.006363716601432e-15
A37,12232.07119049944,3.201063511619408e-13,8.892273071906257e-15
A37,12409.377607517323,3.1605752268991927e-13,8.779812924187249e-15
A37,12589.254117941802,3.120665361996328e-13,8.668959253956643e-15
A37,12771.737975811562,3.0813256508839787e-13,8.559689842194655e-15
A37,12956.86697517033,3.042547945609485e-13,8.451981306463233e-15
A37,13144.679457894359,3.004324214606556e-13,8.345812103326221e-15
A37,13335.21432163338,2.966646541031562e-13,8.241159467802626e-15
A37,13528.511027866647,2.9295071211236005e-13,8.138002514418882e-15
A37,13724.609610075766,2.892898262587935e-13,8.036319076556914e-15
A37,13923.55068203599,2.8568123830025504e-13,7.936088909643226e-15
A37,14125.375446227694,2.8212420082474225e-13,7.837290426810416e-15
A37,14330.125702369782,2.78617977095623e-13,7.73990400786773e-15
A37,14537.843856076775,2.7516184089901485e-13,7.643908627551874e-15
A37,14748.572927641406,2.7175507639334483e-13,7.549285274069881e-15
A37,14962.356560944498,2.683969779610552e-13,7.456013466065785e-15
A37,15179.239032494008,2.650868500624253e-13,7.364074784679448e-15
A37,15399.26526059509,2.6182400709147904e-13,7.273449275199598e-15
A37,15622.480814653076,2.5860777323395225e-13,7.18411909674209e-15
A37,15848.931924611312,2.5543748232728055e-13,7.096064804396725e-15
A37,16078.665490525787,2.523124777225919e-13,7.0092691207952126e-15
A37,16311.729092278567,2.4923211214866175e-13,6.92371309438872e-15
A37,16548.170999432,2.4619574757781486e-13,6.839379997350476e-15
A37,16788.040181225795,2.4320275509373544e-13,6.7562513554425745e-15
A37,17031.386316718967,2.402525147611671e-13,6.674310976880819e-15
A37,17278.259805078833,2.373444154974684e-13,6.5935408490625635e-15
A37,17528.711776019132,2.3447785494600197e-13,6.513925303212507e-15
A37,17782.794100389434,2.3165223935132725e-13,6.43544677304821e-15
A37,18040.55940091807,2.288669834361793e-13,6.358090100225475e-15
A37,18302.061063110774,2.261215102801914e-13,6.281838149813651e-15
A37,18567.35324630728,2.2341525120035825e-13,6.206676261768413e-15
A37,18836.49089489823,2.2074764563319546e-13,6.132587717875387e-15
A37,19109.529749704634,2.181181410185822e-13,6.059558344697033e-15
A37,19386.526359522308,2.1552619268525956e-13,5.9875718264189344e-15
A37,19667.538092833624,2.129712637379607e-13,5.916614464947071e-15
A37,19952.62314968904,2.1045282494614937e-13,5.846670332856656e-15
A37,20241.840573760863,2.0797035463434398e-13,5.777726196556008e-15
A37,20535.250264571714,2.0552333857400517e-13,5.709766503292275e-15
A37,20832.91298990025,2.0311126987696213e-13,5.642778473549683e-15
A37,21134.890398366733,2.0073364889036029e-13,5.576746915809261e-15
A37,21441.245032200994,1.9838998309310041e-13,5.511659494612584e-15
A37,21752.0403401955,1.9607978699375775e-13,5.447501366503163e-15
A37,22067.340690846177,1.93802582029951e-13,5.38426063046285e-15
A37,22387.21138568368,1.915578964691465e-13,5.321922778180063e-15
A37,22711.718672797946,1.8934526531087333e-13,5.260476333855284e-15
A37,23040.929760558753,1.8716423019032943e-13,5.1999071116453795e-15
A37,23374.912831535188,1.8501433928336216e-13,5.140204052137689e-15
A37,23713.73705661686,1.828951472127992e-13,5.081353279509582e-15
A37,24057.47260933982,1.8080621495610954e-13,5.023344142288265e-15
A37,24406.19068042012,1.7874710975438463e-13,4.966163062439457e-15
A37,24759.96349249806,1.7671740502260654e-13,4.9097997883634405e-15
A37,25118.864315096132,1.7471668026119559e-13,4.854241027785478e-15
A37,25482.967479793802,1.7274452096881608e-13,4.799476921287988e-15
A37,25852.34839562225,1.7080051855641907e-13,4.7454944505178624e-15
A37,26227.083564682252,1.6888427026250755e-13,4.692284140920847e-15
A37,26607.25059798845,1.669953790696052e-13,4.639833236405838e-15
A37,26992.928231543297,1.6513345362191234e-13,4.588132640332041e-15
A37,27384.19634264398,1.6329810814412828e-13,4.537169847376553e-15
A37,27781.13596642573,1.6148896236142895e-13,4.486936132228137e-15
A37,28183.82931264492,1.5970564142057926e-13,4.437419228991581e-15
A37,28592.359782705455,1.5794777581216424e-13,4.388610777465016e-15
A37,29006.811986931934,1.5621500129392144e-13,4.340498739981127e-15
A37,29427.271762093224,1.5450695881516415e-13,4.293075115589011e-15
A37,29853.82618918001,1.5282329444227177e-13,4.246328083777507e-15
A37,30286.56361144006,1.5116365928523934e-13,4.200249997348693e-15
A37,30725.573652674895,1.4952770942526358e-13,4.154829241991145e-15
A37,31170.947235801697,1.4791510584335764e-13,4.110058519121466e-15
A37,31622.77660168424,1.463255143499741e-13,4.065926409774007e-15
A37,32081.155328236815,1.447586055156236e-13,4.022425959200587e-15
A37,32546.17834980505,1.432140546024756e-13,3.979545933016862e-15
A37,33017.94197682767,1.4169154149692499e-13,3.93727971588986e-15
A37,33496.543915783244,1.401907506431107e-13,3.895616247328418e-15
A37,33982.08328942608,1.387113709773754e-13,3.854549247354752e-15
A37,34474.660657315435,1.372530958636476e-13,3.814067818745789e-15
A37,34974.378036642294,1.3581562302973678e-13,3.774166013180053e-15
A37,35481.33892335806,1.34398654504526e-13,3.734833086127009e-15
A37,35995.64831360948,1.3300189655604988e-13,3.696063417585648e-15
A37,36517.412725484304,1.3162505963044433e-13,3.657846405178143e-15
A37,37046.74022107211,1.3026785829175522e-13,3.620176754253425e-15
A37,37583.74042884497,1.2893001116259402e-13,3.583043994068321e-15
A37,38128.524566362445,1.276112408656276e-13,3.5464431527195032e-15
A37,38681.205463305785,1.2631127396588855e-13,3.510363880587866e-15
A37,39241.89758484594,1.250298409138973e-13,3.474801526287491e-15
A37,39810.71705535032,1.2376667598957942e-13,3.4397458508056292e-15
A37,40387.781682433204,1.2252151724697126e-13,3.4051925214195335e-15
A37,40973.210981354765,1.2129410645969713e-13,3.371131399183029e-15
A37,41567.12619977373,1.2008418906721199e-13,3.3375584685632705e-15
A37,42169.65034285886,1.188915141217924e-13,3.3044636801034715e-15
A37,42780.90819876445,1.1771583423627077e-13,3.271843334373911e-15
A37,43401.026364475045,1.1655690553249664e-13,3.2396874607769393e-15
A37,44030.13327202482,1.1541448759051617e-13,3.2079926752919194e-15
A37,44668.359215097,1.1428834339846045e-13,3.1767490754807996e-15
A37,45315.836376008876,1.1317823930312912e-13,3.1459535924377434e-15
A37,45972.698853087924,1.1208394496126166e-13,3.115596381098898e-15
A37,46639.08268844478,1.1100523329148307e-13,3.0856746877863757e-15
A37,47315.12589614878,1.0994188042691728e-13,3.0561787139221037e-15
A37,48000.9684908119,1.0889366566845424e-13,3.0271060215852668e-15
A37,48696.75251658707,1.0786037143866471e-13,2.9984468476744852e-15
A37,49402.62207658675,1.0684178323634908e-13,2.9701990709804364e-15
A37,50118.72336272801,1.0583768959171395e-13,2.942352952730396e-15
A37,50845.20468601018,1.0484788202216479e-13,2.9149066898164377e-15
A37,51582.21650723137,1.0387215498870481e-13,2.8878505564886413e-15
A37,52329.91146815029,1.0291030585293393e-13,2.8611830695769042e-15
A37,53088.444423099674,1.0196213483463415e-13,2.834894504870914e-15
A37,53857.97247105804,1.0102744496993545e-13,2.808983701433325e-15
A37,54638.654988186296,1.001060420700524e-13,2.7834409249125954e-15
A37,55430.653660835946,9.919773468058171e-14,2.7582653393705543e-15
A37,56234.13251903581,9.830233404135366e-14,2.7334471884149607e-15
A37,57049.25797046412,9.741965404682634e-14,2.708985964358576e-15
A37,57876.198834913,9.654951120701654e-14,2.684871876628563e-15
A37,58715.12637925261,9.569172460895792e-14,2.6611047495407667e-15
A37,59566.21435290201,9.484611587867748e-14,2.637674745938754e-15
A37,60429.63902381426,9.401250914368202e-14,2.6145820264099398e-15
A37,61305.57921498307,9.319073099594845e-14,2.5918166945246334e-15
A37,62194.216341478634,9.238061045540729e-14,2.5693792519439486e-15
A37,63095.73444802036,9.158197893391266e-14,2.5472597299640804e-15
A37,64010.32024709414,9.079467019969146e-14,2.5254589766738473e-15
A37,64938.163157622206,9.001852034226147e-14,2.503966937757799e-15
A37,65879.45534419348,8.925336773781464e-14,2.482784813657977e-15
A37,66834.39175686258,8.84990530150536e-14,2.4619024507464494e-15
A37,67803.17017152572,8.775541902147752e-14,2.441321408336359e-15
A37,68785.99123088192,8.702231079010768e-14,2.4210314193954627e-15
A37,69783.05848598781,8.629957550664549e-14,2.4010344092404325e-15
A37,70794.57843841499,8.558706247705681e-14,2.3813199829229476e-15
A37,71820.76058301827,8.488462309557519e-14,2.3618904395337967e-15
A37,72861.81745132401,8.419211081311475e-14,2.3427352412467753e-15
A37,73917.96465554723,8.350938110608935e-14,2.3238570693604653e-15
A37,74989.42093324687,8.283629144562772e-14,2.3052452277274994e-15
A37,76076.40819262833,8.217270126717903e-14,2.286902788977657e-15
A37,77179.15155850258,8.151847194050261e-14,2.2688188826847333e-15
A37,78297.8794189116,8.087346674003435e-14,2.250996982650889e-15
A37,79432.82347242955,8.023755081561154e-14,2.2334260276645323e-15
A37,80584.2187761496,7.961059116361531e-14,2.2161099032894987e-15
A37,81752.30379436645,7.899245659836378e-14,2.199037340438404e-15
A37,82937.32044796432,7.8383017723961e-14,2.1822126478032262e-15
A37,84139.51416452101,7.778214690643705e-14,2.165624330708624e-15
A37,85359.13392913812,7.718971824623649e-14,2.1492771331551516e-15
A37,86596.43233600809,7.660560755103805e-14,2.1331593165058852e-15
A37,87851.66564072875,7.602969230889902e-14,2.117276073096987e-15
A37,89125.09381337615,7.546185166171873e-14,2.1016154012550407e-15
A37,90416.98059234666,7.49019663790145e-14,2.0861829555629995e-15
A37,91727.5935389796,7.434991883200431e-14,2.070966451491863e-15
A37,93057.20409297157,7.380559296799005e-14,2.055972020705644e-15
A37,94406.08762859405,7.326887428503551e-14,2.041187075212032e-15
A37,95774.52351172586,7.273964980693272e-14,2.0266182395544085e-15
A37,97162.79515771239,7.221780805845184e-14,2.012252600834387e-15
A37,98571.19009006342,7.170323904086714e-14,1.998097293280181e-15
A37,100000.00000000183,7.119583420775589e-14,1.9841390567610678e-15
A37,101449.52080687547,7.069548644106099e-14,1.9703855530479614e-15
A37,102920.0527194447,7.020209002741553e-14,1.9568231515175246e-15
A37,104411.90029805835,6.971554063472053e-14,1.9434600604412176e-15
A37,105925.37251773084,6.923573528897225e-14,1.9302822544560515e-15
A37,107460.78283213373,6.87625723513331e-14,1.9172985084416866e-15
A37,109018.44923851478,6.829595149544028e-14,1.9044943770067548e-15
A37,110598.694343558,6.783577368494721e-14,1.891879222948858e-15
A37,112201.84543019843,6.738194115129307e-14,1.879438154460508e-15
A37,113828.23452540534,6.693435737169362e-14,1.8671811448237912e-15
A37,115478.19846894799,6.649292704734965e-14,1.8550928282687247e-15
A37,117152.0789831582,6.605755608186731e-14,1.8431838124424366e-15
A37,118850.22274370409,6.562815155988513e-14,1.8314382288453478e-15
A37,120572.98145138971,6.520462172588572e-14,1.8198673447435313e-15
A37,122320.71190499548,6.478687596328942e-14,1.808454758856324e-15
A37,124093.77607517432,6.437482477357039e-14,1.7972124247597944e-15
A37,125892.54117941913,6.396837975572929e-14,1.7861233769854814e-15
A37,127717.37975811675,6.356745358586362e-14,1.775200283611759e-15
A37,129568.66975170444,6.31719599969324e-14,1.764425582156393e-15
A37,131446.79457894477,6.278181375869464e-14,1.7538126849603977e-15
A37,133352.14321633498,6.239693065781551e-14,1.743343398206507e-15
A37,135285.11027866765,6.201722747813695e-14,1.73303190989857e-15
A37,137246.09610075885,6.16426219811082e-14,1.7228593589938074e-15
A37,139235.5068203611,6.127303288637098e-14,1.7128407422715996e-15
A37,141253.75446227816,6.090837985249602e-14,1.7029564939264909e-15
A37,143301.25702369906,6.054858345786691e-14,1.6932224544143505e-15
A37,145378.43856076902,6.019356518170597e-14,1.6836183139031814e-15
A37,147485.72927641534,5.984324738523972e-14,1.674160793292991e-15
A37,149623.56560944626,5.949755329299902e-14,1.6648287976520732e-15
A37,151792.39032494137,5.915640697425045e-14,1.6556399670406595e-15
A37,153992.6526059522,5.881973332455483e-14,1.6465723784590764e-15
A37,156224.80814653207,5.848745804745251e-14,1.637644631872186e-15
A37,158489.31924611444,5.815950763626386e-14,1.628833931265328e-15
A37,160786.6549052592,5.78358093560123e-14,1.6201598793738214e-15
A37,163117.290922787,5.751629122545908e-14,1.61159876014513e-15
A37,165481.70999432137,5.720088199924995e-14,1.6031712241533374e-15
A37,167880.4018122593,5.688951115016921e-14,1.5948525861248646e-15
A37,170313.86316719104,5.658210885150071e-14,1.5866645918370628e-15
A37,172782.59805078973,5.627860595949098e-14,1.5785815353546025e-15
A37,175287.11776019275,5.5978933995913014e-14,1.5706263074102141e-15
A37,177827.9410038958,5.568302513072199e-14,1.5627721276137348e-15
A37,180405.5940091822,5.539081216484283e-14,1.5550430838870434e-15
A37,183020.61063110924,5.5102228512981305e-14,1.5474112651436877e-15
A37,185673.5324630743,5.481720818659948e-14,1.5399020113035493e-15
A37,188364.90894898382,5.453568577694738e-14,1.5324862217958354e-15
A37,191095.2974970479,5.4257596438193544e-14,1.5251905460196932e-15
A37,193865.26359522465,5.3982875870643056e-14,1.5179846324876187e-15
A37,196675.3809283378,5.371146030404801e-14,1.510896500327867e-15
A37,199526.231496892,5.344328648100487e-14,1.5038944829601582e-15
A37,202418.40573761027,5.3178291640441824e-14,1.4970080323550095e-15
A37,205352.50264571878,5.2916413501195745e-14,1.4902040998233369e-15
A37,208329.12989900415,5.2657590245678654e-14,1.483513636250428e-15
A37,211348.90398366898,5.2401760503629516e-14,1.4769021408848047e-15
A37,214412.4503220116,5.214886333599098e-14,1.4704021326522764e-15
A37,217520.40340195672,5.1898838218821255e-14,1.4639775857541264e-15
A37,220673.4069084635,5.165162502733578e-14,1.457662659425227e-15
A37,223872.11385683858,5.1407164020080793e-14,1.4514197267107923e-15
A37,227117.18672798126,5.116539582314965e-14,1.4452846626578799e-15
A37,230409.29760558935,5.092626141453826e-14,1.4392181598349114e-15
A37,233749.12831535374,5.068970210860338e-14,1.4332578879189292e-15
A37,237137.3705661705,5.0455659540635566e-14,1.4273627763868905e-15
A37,240574.72609340012,5.0224075651545457e-14,1.421572371758139e-15
A37,244061.90680420317,4.999489267270631e-14,1.4158437544325523e-15
A37,247599.6349249826,4.9768053110865435e-14,1.410218433450011e-15
A37,251188.64315096333,4.9543499733257095e-14,1.4046515507065894e-15
A37,254829.67479794007,4.932117555282958e-14,1.399186666969245e-15
A37,258523.48395622458,4.910102381363316e-14,1.3937768927050724e-15
A37,262270.8356468246,4.888298797637142e-14,1.388467933195109e-15
A37,266072.5059798866,4.866701170412503e-14,1.3832107710041315e-15
A37,269929.2823154351,4.845303884824749e-14,1.3780533523351746e-15
A37,273841.963426442,4.824101343451607e-14,1.3729444317952805e-15
A37,277811.35966425954,4.803087964936855e-14,1.367934296565166e-15
A37,281838.2931264515,4.782258182648139e-14,1.3629693696344666e-15
A37,285923.5978270569,4.761606443351496e-14,1.358102382873339e-15
A37,290068.1198693217,4.7411272059150206e-14,1.3532773203932472e-15
A37,294272.71762093465,4.720814940032982e-14,1.3485494661112286e-15
A37,298538.26189180254,4.7006641249841316e-14,1.3438602544141852e-15
A37,302865.6361144031,4.680669248416962e-14,1.3392676322372718e-15
A37,307255.7365267515,4.660824805166862e-14,1.334710369856922e-15
A37,311709.4723580195,4.641125296110033e-14,1.3302491917529263e-15
A37,316227.76601684495,4.62156522704765e-14,1.3258200862358546e-15
A37,320811.55328237073,4.602139107630599e-14,1.3214866733228802e-15
A37,325461.78349805315,4.5828414503391746e-14,1.3171820381377215e-15
A37,330179.4197682794,4.5636667694714726e-14,1.3129728175782862e-15
A37,334965.4391578352,4.544609580214775e-14,1.3087890691239387e-15
A37,339820.8328942636,4.5256643977425716e-14,1.3047005710875424e-15
A37,344746.6065731572,4.5068257363708526e-14,1.3006342257967553e-15
A37,349743.7803664258,4.4880881087717615e-14,1.2966630805019038e-15
A37,354813.3892335835,4.4694460252337584e-14,1.2927107520393255e-15
A37,359956.4831360978,4.450893992994208e-14,1.2888536868662824e-15
A37,365174.12725484604,4.432426515629857e-14,1.2850120834211355e-15
A37,370467.4022107242,4.414038092519031e-14,1.2812659200864747e-15
A37,375837.4042884528,4.3957232183704156e-14,1.277531841757993e-15
A37,381285.24566362763,4.377476382829477e-14,1.273893493553554e-15
A37,386812.0546330611,4.359292070169598e-14,1.2702638298266235e-15
A37,392418.97584846267,4.3411647590564455e-14,1.2667302989172998e-15
A37,398107.17055350647,4.323088922407675e-14,1.263202026232451e-15
A37,403877.8168243354,4.30505902734423e-14,1.2597704010073818e-15
A37,409732.109813551,4.2870695352334833e-14,1.2563405804204565e-15
A37,415671.2619977407,4.269114901839215e-14,1.2530080328955433e-15
A37,421696.5034285921,4.251189577574737e-14,1.2496738078262736e-15
A37,427809.0819876481,4.233288007866928e-14,1.246437591094142e-15
A37,434010.2636447541,4.215404633641089e-14,1.2431961851679438e-15
A37,440301.3327202518,4.1975338919167665e-14,1.2400536308928831e-15
A37,446683.5921509737,4.1796702165396815e-14,1.2369023458719984e-15
A37,453158.3637600925,4.1618080390426096e-14,1.2338508618201133e-15
A37,459726.9885308831,4.143941789638502e-14,1.230787075624587e-15
A37,466390.82688445173,4.126065898362689e-14,1.227824143232983e-15
A37,473151.25896149175,4.108174796359546e-14,1.2248453080514499e-15
A37,480009.68490812305,4.0902629173209565e-14,1.221968480030816e-15
A37,486967.5251658748,4.072324699082819e-14,1.219072120523386e-15
A37,494026.2207658717,4.0543545853931734e-14,1.2162790184844506e-15
A37,501187.2336272844,4.0363470278377816e-14,1.2134627300740724e-15
A37,508452.0468601062,4.018296487958144e-14,1.210751042184316e-15
A37,515822.1650723182,4.000197439522124e-14,1.208012489442255e-15
A37,523299.11468150746,3.9820443710050536e-14,1.205379968099991e-15
A37,530884.4442310013,3.963831788256181e-14,1.2027168832141289e-15
A37,538579.7247105851,3.9455542173456633e-14,1.2001613427483465e-15
A37,546386.5498818677,3.927206207625241e-14,1.1975715240920434e-15
A37,554306.5366083643,3.90878233498924e-14,1.1950908384690163e-15
A37,562341.3251903631,3.8902772053427993e-14,1.1925721492524133e-15
A37,570492.5797046463,3.871685458277508e-14,1.1901642498040008e-15
A37,578761.9883491352,3.853001770968265e-14,1.1877146168158183e-15
A37,587151.2637925313,3.8342208622857633e-14,1.1853774899761565e-15
A37,595662.1435290255,3.8153374971275976e-14,1.1829949024177636e-15
A37,604296.390238148,3.796346490969836e-14,1.1807265874699611e-15
A37,613055.7921498362,3.777242714653476e-14,1.1784090958705278e-15
A37,621942.1634147919,3.758021099373628e-14,1.1762076827063166e-15
A37,630957.3444802093,3.7386766419193416e-14,1.1739533979287343e-15
A37,640103.2024709472,3.719204410111374e-14,1.1718170248127417e-15
A37,649381.631576228,3.699599548483228e-14,1.169624117137848e-15
A37,658794.5534419408,3.679857284173202e-14,1.167550968481904e-15
A37,668343.9175686318,3.659972933032932e-14,1.1654176667762794e-15
A37,678031.7017152634,3.639941905943516e-14,1.1634059709299446e-15
A37,687859.9123088254,3.6197597153615146e-14,1.1613305618854109e-15
A37,697830.5848598845,3.5994219820371844e-14,1.1593785889346477e-15
A37,707945.7843841563,3.57892444194547e-14,1.1573594163826506e-15
A37,718207.6058301893,3.558262953407599e-14,1.1554654759629367e-15
A37,728618.1745132467,3.537433504368142e-14,1.153500940252341e-15
A37,739179.646555479,3.516432219864532e-14,1.1516633793898069e-15
A37,749894.2093324756,3.4952553696281836e-14,1.1497519368257429e-15
A37,760764.0819262902,3.47389937583848e-14,1.1479691377985114e-15
A37,771791.5155850328,3.452360820997007e-14,1.1461093001278624e-15
A37,782978.7941891231,3.43063645592059e-14,1.1443796783607846e-15
A37,794328.2347243025,3.4087232078027806e-14,1.1425700123052272e-15
A37,805842.1877615032,3.386618188386714e-14,1.1408920143064283e-15
A37,817523.0379436717,3.3643187021525385e-14,1.1391311411288263e-15
A37,829373.2044796505,3.34182225455045e-14,1.137503242478438e-15
A37,841395.1416452174,3.3191265602493994e-14,1.1357898375611512e-15
A37,853591.3392913886,3.2962295513559426e-14,1.1342105409530635e-15
A37,865964.3233600885,3.273129385590069e-14,1.132543333395662e-15
A37,878516.6564072954,3.249824454407715e-14,1.1310111667562383e-15
A37,891250.9381337696,3.2263133909944255e-14,1.12938893896765e-15
A37,904169.8059234748,3.2025950781453376e-14,1.1279024536586191e-15
A37,917275.9353898044,3.178668655999292e-14,1.1263240409204218e-15
A37,930572.0409297242,3.154533529546456e-14,1.1248818100370018e-15
A37,944060.876285949,3.1301893759382703e-14,1.1233461000447613e-15
A37,957745.2351172672,3.105636151524414e-14,1.1219467168234177e-15
A37,971627.9515771327,3.080874098602528e-14,1.120452649171169e-15
A37,985711.9009006431,3.055903751830745e-14,1.1190947255299514e-15
A37,1000000.0000000274,3.0307259442780116e-14,1.117641291129441e-15
R75,1000.0,7.669874277047798e-14,2.1305206290087226e-15
R75,1014.4952080687361,7.562130768193284e-14,2.1005918766964487e-15
R75,1029.2005271944283,7.45592670926539e-14,2.0710907493603338e-15
R75,1044.1190029805646,7.351240104450917e-14,2.042011137057987e-15
R75,1059.2537251772892,7.248049272215034e-14,2.0133470171351014e-15
R75,1074.6078283213178,7.146332840810835e-14,1.9850924530012012e-15
R75,1090.1844923851281,7.046069743853028e-14,1.9572415928766822e-15
R75,1105.98694343556,6.947239215954937e-14,1.9297886686046415e-15
R75,1122.018454301964,6.849820788427795e-14,1.9027279944321097e-15
R75,1138.2823452540329,6.75379428504147e-14,1.8760539658569596e-15
R75,1154.781984689459,6.659139817845806e-14,1.849761058442319e-15
R75,1171.520789831561,6.565837783051656e-14,1.823843826697629e-15
R75,1188.5022274370194,6.473868856970751e-14,1.798296902925243e-15
R75,1205.7298145138755,6.38321399201359e-14,1.7731149961346958e-15
R75,1223.2071190499328,6.293854412744528e-14,1.7482928909205442e-15
R75,1240.9377607517208,6.205771611993186e-14,1.723825446408939e-15
R75,1258.9254117941684,6.118947347021481e-14,1.6997075951657835e-15
R75,1277.1737975811443,6.033363635745375e-14,1.6759343421747483e-15
R75,1295.686697517021,5.949002753010623e-14,1.6525007637748195e-15
R75,1314.4679457894238,5.865847226921749e-14,1.6294020066689217e-15
R75,1333.5214321633257,5.783879835223437e-14,1.6066332868899759e-15
R75,1352.851102786652,5.703083601733667e-14,1.5841898888393034e-15
R75,1372.4609610075638,5.6234417928277837e-14,1.5620671642803467e-15
R75,1392.3550682035861,5.5449379139728204e-14,1.540260531406052e-15
R75,1412.5375446227565,5.467555706311339e-14,1.5187654738594206e-15
R75,1433.012570236965,5.391279143294049e-14,1.4975775398290917e-15
R75,1453.7843856076643,5.316092427360598e-14,1.4766923410959145e-15
R75,1474.8572927641271,5.241979986667728e-14,1.4561055521559942e-15
R75,1496.235656094436,5.1689264718642173e-14,1.4358129092924788e-15
R75,1517.923903249387,5.0969167529119056e-14,1.4158102097253551e-15
R75,1539.926526059495,5.025935915952113e-14,1.3960933107076749e-15
R75,1562.2480814652934,4.955969260216837e-14,1.3766581287013842e-15
R75,1584.8931924611168,4.8870022949841125e-14,1.357500638497259e-15
R75,1607.866549052564,4.819020736576846e-14,1.3386168724160889e-15
R75,1631.1729092278417,4.7520105054045267e-14,1.3200029194515703e-15
R75,1654.817099943185,4.685957723047235e-14,1.3016549244961946e-15
R75,1678.804018122564,4.620848709381278e-14,1.2835690875063953e-15
R75,1703.1386316718808,4.5566699797459315e-14,1.2657416627524937e-15
R75,1727.8259805078674,4.493408242150649e-14,1.248168958005407e-15
R75,1752.871177601897,4.431050394522125e-14,1.2308473338100202e-15
R75,1778.2794100389272,4.369583521990807e-14,1.2137732026927976e-15
R75,1804.0559400917907,4.308994894216072e-14,1.1969430284579942e-15
R75,1830.2061063110607,4.249271962749636e-14,1.180353325415465e-15
R75,1856.735324630711,4.1904023584367236e-14,1.164000657699167e-15
R75,1883.6490894898054,4.132373888854234e-14,1.1478816385145356e-15
R75,1910.9529749704457,4.0751745357856303e-14,1.1319929294786816e-15
R75,1938.6526359522127,4.018792452731841e-14,1.116331239886736e-15
R75,1966.7538092833438,3.963215962457736e-14,1.1008933260731847e-15
R75,1995.2623149688852,3.9084335545736844e-14,1.0856759906965698e-15
R75,2024.1840573760674,3.8544338831516344e-14,1.0706760821214495e-15
R75,2053.525026457152,3.8012057643752797e-14,1.0558904937208467e-15
R75,2083.291298990005,3.748738174223785e-14,1.0413161632783292e-15
R75,2113.489039836653,3.6970202461886094e-14,1.026950072307623e-15
R75,2144.1245032200786,3.646041269022971e-14,1.0127892454743276e-15
R75,2175.2040340195294,3.5957906845234285e-14,9.988307499321197e-16
R75,2206.7340690845967,3.546258085343202e-14,9.850716947636266e-16
R75,2238.7211385683468,3.497433212836707e-14,9.71509230332677e-16
R75,2271.171867279773,3.449305954934908e-14,9.581405477438642e-16
R75,2304.0929760558533,3.401866344050996e-14,9.449628782103012e-16
R75,2337.4912831534966,3.3551045550160425e-14,9.319734925314399e-16
R75,2371.3737056616637,3.3090109030440906e-14,9.191697004757973e-16
R75,2405.7472609339593,3.263575841726373e-14,9.065488502765984e-16
R75,2440.619068041989,3.2187899610541383e-14,8.941083280289624e-16
R75,2475.9963492497827,3.1746439854697824e-14,8.818455572029564e-16
R75,2511.8864315095893,3.131128771945778e-14,8.697579980547379e-16
R75,2548.296747979356,3.0882353080910796e-14,8.578431471566157e-16
R75,2585.2348395622007,3.045954710284575e-14,8.460985368216605e-16
R75,2622.7083564682007,3.004278221835198e-14,8.34521734650388e-16
R75,2660.7250597988204,2.963197211168362e-14,8.231103429683529e-16
R75,2699.2928231543046,2.922703170038262e-14,8.11861998389091e-16
R75,2738.4196342643727,2.882787711765744e-14,8.007743712642134e-16
R75,2778.1135966425472,2.843442569501358e-14,7.898451652622605e-16
R75,2818.382931264466,2.8046595945132145e-14,7.790721168308397e-16
R75,2859.235978270519,2.7664307544993082e-14,7.684529947910362e-16
R75,2900.6811986931666,2.7287481319239527e-14,7.579855998111427e-16
R75,2942.727176209295,2.691603922377995e-14,7.47667764016306e-16
R75,2985.382618917973,2.654990432962444e-14,7.374973504734042e-16
R75,3028.6563611439774,2.618900080695216e-14,7.274722528156104e-16
R75,3072.5573652674607,2.5833253909406153e-14,7.175903947379835e-16
R75,3117.0947235801405,2.5482589958612734e-14,7.078497296366409e-16
R75,3162.277660168394,2.5136936328922156e-14,6.982482401146459e-16
R75,3208.115532823651,2.4796221432367052e-14,6.887839376354986e-16
R75,3254.617834980474,2.4460374703835974e-14,6.79454862038891e-16
R75,3301.7941976827356,2.412932658645878e-14,6.702590812082493e-16
R75,3349.6543915782927,2.3803008517200602e-14,6.611946905959393e-16
R75,3398.208328942576,2.348135291266212e-14,6.522598129045955e-16
R75,3447.4660657315108,2.3164293155082146e-14,6.434525976213838e-16
R75,3497.437803664196,2.2851763578540623e-14,6.347712207128466e-16
R75,3548.133892335772,2.254369945535861e-14,6.26213884167833e-16
R75,3599.564831360914,2.224003698269268e-14,6.177788157056271e-16
R75,3651.7412725483955,2.194071326932055e-14,6.094642683271434e-16
R75,3704.674022107176,2.1645666322615975e-14,6.012685200361103e-16
R75,3758.3740428844612,2.1354835035709422e-14,5.931898733981566e-16
R75,3812.8524566362084,2.1068159174832335e-14,5.852266552748227e-16
R75,3868.1205463305423,2.0785579366842084e-14,5.773772163901575e-16
R75,3924.189758484557,2.0507037086925318e-14,5.696399310773547e-16
R75,3981.071705534994,2.0232474646476992e-14,5.620131968524914e-16
R75,4038.7781682432824,1.996183518115248e-14,5.544954341735907e-16
R75,4097.321098135438,1.9695062639090446e-14,5.470850860211278e-16
R75,4156.712619977334,1.9432101769304058e-14,5.397806176693394e-16
R75,4216.965034285847,1.9172898110238008e-14,5.325805162731419e-16
R75,4278.0908198764055,1.891739797848891e-14,5.254832906515013e-16
R75,4340.102636447464,1.8665548457687222e-14,5.184874708804086e-16
R75,4403.01332720244,1.841729738753753e-14,5.115916080881525e-16
R75,4466.835921509658,1.8172593353015892e-14,5.047942740539929e-16
R75,4531.583637600846,1.793138567372119e-14,4.980940610151874e-16
R75,4597.26988530875,1.7693624393378827e-14,4.914895812710095e-16
R75,4663.908268844436,1.7459260269494344e-14,4.849794670013892e-16
R75,4731.512589614835,1.7228244763154797e-14,4.785623698759279e-16
R75,4800.0968490811465,1.700053002897594e-14,4.722369608840199e-16
R75,4869.675251658663,1.6776068905193068e-14,4.660019299485293e-16
R75,4940.26220765863,1.6554814903893307e-14,4.598559857672648e-16
R75,5011.872336272756,1.6336722201387647e-14,4.537978554309751e-16
R75,5084.520468600972,1.6121745628720305e-14,4.478262842760705e-16
R75,5158.2216507230905,1.5909840662313952e-14,4.4194003550659965e-16
R75,5232.991146814981,1.5700963414748486e-14,4.3613789005812205e-16
R75,5308.844442309919,1.5495070625671425e-14,4.304186462233207e-16
R75,5385.797247105755,1.5292119652838415e-14,4.247811195269378e-16
R75,5463.865498818579,1.5092068463281622e-14,4.1922414235469787e-16
R75,5543.065366083543,1.489487562460427e-14,4.137465638392194e-16
R75,5623.413251903529,1.4700500296399694e-14,4.0834724949191754e-16
R75,5704.92579704636,1.4508902221792843e-14,4.030250810998259e-16
R75,5787.619883491247,1.4320041719102808e-14,3.9777895636014255e-16
R75,5871.512637925207,1.4133879673624326e-14,3.926077887879085e-16
R75,5956.621435290147,1.3950377529526775e-14,3.8751050735286227e-16
R75,6042.963902381372,1.3769497281868957e-14,3.8248605639793045e-16
R75,6130.557921498252,1.3591201468727875e-14,3.7753339527805836e-16
R75,6219.421634147808,1.3415453163440094e-14,3.7265149828947516e-16
R75,6309.573444801979,1.3242215966953857e-14,3.678393543101743e-16
R75,6401.032024709357,1.3071454000290504e-14,3.630959667399229e-16
R75,6493.816315762163,1.2903131897113662e-14,3.58420353142059e-16
R75,6587.945534419289,1.2737214796404483e-14,3.538115451942339e-16
R75,6683.439175686198,1.2573668335241745e-14,3.4926858833119494e-16
R75,6780.317017152512,1.241245864168478e-14,3.4479054170625287e-16
R75,6878.59912308813,1.2253552327758489e-14,3.4037647783471473e-16
R75,6978.3058485987185,1.2096916482538245e-14,3.3602548256609154e-16
R75,7079.4578438414355,1.1942518665333847e-14,3.3173665472783786e-16
R75,7182.076058301764,1.1790326898970722e-14,3.275091061083214e-16
R75,7286.181745132336,1.1640309663167115e-14,3.233419611005308e-16
R75,7391.796465554657,1.1492435888006056e-14,3.192343566958368e-16
R75,7498.94209332462,1.1346674947500396e-14,3.1518544212732957e-16
R75,7607.640819262764,1.1202996653249972e-14,3.111943788744098e-16
R75,7717.915155850188,1.1061371248189272e-14,3.072603403054151e-16
R75,7829.787941891089,1.0921769400424466e-14,3.0338251169309243e-16
R75,7943.282347242882,1.078416219715856e-14,2.995600898561659e-16
R75,8058.421877614886,1.0648521138703238e-14,2.9579228318575876e-16
R75,8175.23037943657,1.0514818132576364e-14,2.920783112855492e-16
R75,8293.732044796356,1.0383025487683734e-14,2.884174050092202e-16
R75,8413.951416452024,1.0253115908584035e-14,2.848088060988465e-16
R75,8535.913392913733,1.0125062489835681e-14,2.812517672334649e-16
R75,8659.64323360073,9.99883871042449e-15,2.777455516653309e-16
R75,8785.166564072795,9.874418428270902e-15,2.742894332797115e-16
R75,8912.509381337535,9.751775874815748e-15,2.7088269622864616e-16
R75,9041.698059234586,9.630885649683364e-15,2.6752463500207945e-16
R75,9172.75935389788,9.51172271542085e-15,2.642145540587515e-16
R75,9305.720409297075,9.3942623923127e-15,2.6095176790880183e-16
R75,9440.608762859321,9.278480353269349e-15,2.5773560074141297e-16
R75,9577.452351172502,9.164352618788814e-15,2.5456538651902435e-16
R75,9716.279515771153,9.051855551990372e-15,2.5144046860134593e-16
R75,9857.119009006256,8.940965853719057e-15,2.4836019985133963e-16
R75,10000.000000000096,8.831660557720267e-15,2.4532394225520817e-16
R75,10144.952080687459,8.723917025883204e-15,2.4233106704031975e-16
R75,10292.005271944381,8.617712943552372e-15,2.393809542907671e-16
R75,10441.190029805744,8.513026314905906e-15,2.364729930774209e-16
R75,10592.537251772992,8.409835458400175e-15,2.3360658106865403e-16
R75,10746.07828321328,8.308119002279186e-15,2.3078112467272327e-16
R75,10901.844923851384,8.207855880148415e-15,2.2799603864323594e-16
R75,11059.869434355705,8.109025326611715e-15,2.252507462340835e-16
R75,11220.184543019746,8.011606872970602e-15,2.22544678799217e-16
R75,11382.823452540435,7.915580342985054e-15,2.198772759603676e-16
R75,11547.819846894698,7.820925848694737e-15,2.1724798520069087e-16
R75,11715.207898315717,7.727623786300139e-15,2.1465626204552444e-16
R75,11885.022274370305,7.635654832102325e-15,2.1210156964945102e-16
R75,12057.298145138866,7.544999938500955e-15,2.095833789903598e-16
R75,12232.07119049944,7.455640330049214e-15,2.0710116844946445e-16
R75,12409.377607517323,7.367557499565329e-15,2.046544240189534e-16
R75,12589.254117941802,7.280733204299545e-15,2.0224263887448802e-16
R75,12771.737975811562,7.195149462155841e-15,1.9986531359674616e-16
R75,12956.86697517033,7.110788547967786e-15,1.9752195573590834e-16
R75,13144.679457894359,7.027632989827324e-15,1.9521208004741968e-16
R75,13335.21432163338,6.945665565466351e-15,1.9293520804795759e-16
R75,13528.511027866647,6.864869298689704e-15,1.9069086826575987e-16
R75,13724.609610075766,6.785227455859268e-15,1.8847859578754668e-16
R75,13923.55068203599,6.7067235424283075e-15,1.862979325237846e-16
R75,14125.375446227694,6.629341299525267e-15,1.8414842674602485e-16
R75,14330.125702369782,6.553064700586414e-15,1.8202963336748787e-16
R75,14537.843856076775,6.477877948036606e-15,1.7994111347026444e-16
R75,14748.572927641406,6.403765470017409e-15,1.7788243460162948e-16
R75,14962.356560944498,6.330711917162099e-15,1.758531702905314e-16
R75,15179.239032494008,6.258702159416627e-15,1.7385290036007125e-16
R75,15399.26526059509,6.1877212829059885e-15,1.718812104326824e-16
R75,15622.480814653076,6.117754586845526e-15,1.6993769225923541e-16
R75,15848.931924611312,6.048787580496168e-15,1.68021943212294e-16
R75,16078.665490525787,5.980805980163306e-15,1.66133566632326e-16
R75,16311.729092278567,5.9137957062384816e-15,1.642721713084007e-16
R75,16548.170999432,5.847742880283376e-15,1.6243737184201771e-16
R75,16788.040181225795,5.782633822155482e-15,1.6062878811458268e-16
R75,17031.386316718967,5.718455047174755e-15,1.5884604566939286e-16
R75,17278.259805078833,5.655193263330863e-15,1.570887751652073e-16
R75,17528.711776019132,5.592835368530235e-15,1.5535661277695673e-16
R75,17782.794100389434,5.531368447882545e-15,1.5364919963469541e-16
R75,18040.55940091807,5.470779771025859e-15,1.5196618224363495e-16
R75,18302.061063110774,5.4110567894900825e-15,1.5030721190773746e-16
R75,18567.35324630728,5.35218713409804e-15,1.4867194516970484e-16
R75,18836.49089489823,5.294158612403754e-15,1.4706004321844697e-16
R75,19109.529749704634,5.236959206167151e-15,1.454711723496851e-16
R75,19386.526359522308,5.180577068865075e-15,1.4390500335649828e-16
R75,19667.538092833624,5.125000523237688e-15,1.423612120112428e-16
R75,19952.62314968904,5.070218058870034e-15,1.4083947843834217e-16
R75,20241.840573760863,5.016218329808104e-15,1.3933948761825827e-16
R75,20535.250264571714,4.962990152208995e-15,1.3786092874166116e-16
R75,20832.91298990025,4.910522502024544e-15,1.364034957362215e-16
R75,21134.890398366733,4.858804512718267e-15,1.3496688660126233e-16
R75,21441.245032200994,4.807825473014661e-15,1.3355080395818648e-16
R75,21752.0403401955,4.757574824680861e-15,1.3215495436466825e-16
R75,22067.340690846177,4.708042160339951e-15,1.3077904888957462e-16
R75,22387.21138568368,4.6592172213153756e-15,1.2942280240571523e-16
R75,22711.718672797946,4.611089895506375e-15,1.2808593419015458e-16
R75,23040.929760558753,4.563650215293585e-15,1.2676816719450474e-16
R75,23374.912831535188,4.5168883554747225e-15,1.2546922867157033e-16
R75,23713.73705661686,4.470794631229583e-15,1.241888494221189e-16
R75,24057.47260933982,4.425359496114285e-15,1.229267644488515e-16
R75,24406.19068042012,4.380573540084039e-15,1.2168271217853893e-16
R75,24759.96349249806,4.336427487544344e-15,1.204564351443638e-16
R75,25118.864315096132,4.292912195429734e-15,1.192476791822606e-16
R75,25482.967479793802,4.2500186513102875e-15,1.1805619414272317e-16
R75,25852.34839562225,4.207737971525004e-15,1.1688173306013938e-16
R75,26227.083564682252,4.166061399341905e-15,1.157240528952159e-16
R75,26607.25059798845,4.124980303144418e-15,1.1458291367603926e-16
R75,26992.928231543297,4.084486174643635e-15,1.1345807927232928e-16
R75,27384.19634264398,4.044570627116243e-15,1.1234931650690162e-16
R75,27781.13596642573,4.0052253936674245e-15,1.1125639596302326e-16
R75,28183.82931264492,3.966442325518755e-15,1.1017909106488845e-16
R75,28592.359782705455,3.928213390320479e-15,1.0911717891941757e-16
R75,29006.811986931934,3.890530670487898e-15,1.0807043936429275e-16
R75,29427.271762093224,3.853386361561594e-15,1.0703865584560753e-16
R75,29853.82618918001,3.81677277059095e-15,1.0602161443194496e-16
R75,30286.56361144006,3.780682314540938e-15,1.0501910472935396e-16
R75,30725.573652674895,3.745107518721498e-15,1.0403091885988293e-16
R75,31170.947235801697,3.710041015239465e-15,1.0305685241543325e-16
R75,31622.77660168424,3.675475541472633e-15,1.0209670339908601e-16
R75,32081.155328236815,3.6414039385654585e-15,1.0115027321946373e-16
R75,32546.17834980505,3.6078191499464976e-15,1.0021736559310613e-16
R75,33017.94197682767,3.57471421986678e-15,9.929778758105914e-17
R75,33496.543915783244,3.5420822919592963e-15,9.83913484504681e-17
R75,33982.08328942608,3.509916607818828e-15,9.74978607551988e-17
R75,34474.660657315435,3.4782105056022887e-15,9.661713915473376e-17
R75,34974.378036642294,3.446957418648887e-15,9.574900154072193e-17
R75,35481.33892335806,3.4161508741201455e-15,9.489326781116695e-17
R75,35995.64831360948,3.3857844916592344e-15,9.40497610449006e-17
R75,36517.412725484304,3.3558519820695008e-15,9.321830622895609e-17
R75,37046.74022107211,3.326347146011926e-15,9.239873148306166e-17
R75,37583.74042884497,3.2972638727210968e-15,9.159086673798871e-17
R75,38128.524566362445,3.2685961387396056e-15,9.07945450122682e-17
R75,38681.205463305785,3.240338006670485e-15,9.000960103919628e-17
R75,39241.89758484594,3.2124836239474685e-15,8.923587259809034e-17
R75,39810.71705535032,3.1850272216228254e-15,8.847319908751689e-17
R75,40387.781682433204,3.1579631131725504e-15,8.772142291352735e-17
R75,40973.210981354765,3.1312856933185343e-15,8.698038800655089e-17
R75,41567.12619977373,3.104989436867641e-15,8.62499412691726e-17
R75,42169.65034285886,3.079068897567343e-15,8.552993103400961e-17
R75,42780.90819876445,3.0535187069776946e-15,8.48202085737288e-17
R75,43401.026364475045,3.0283335733594077e-15,8.412062649708453e-17
R75,44030.13327202482,3.0035082805778896e-15,8.343104032401656e-17
R75,44668.359215097,2.9790376870227995e-15,8.275130681688644e-17
R75,45315.836376008876,2.9549167245432007e-15,8.208128562363967e-17
R75,45972.698853087924,2.931140397397749e-15,8.14208375411309e-17
R75,46639.08268844478,2.9077037812200637e-15,8.076982622949103e-17
R75,47315.12589614878,2.8846020219987053e-15,8.01281164042695e-17
R75,48000.9684908119,2.8618303350718685e-15,7.949557562531264e-17
R75,48696.75251658707,2.8393840041363015e-15,7.887207241428526e-17
R75,49402.62207658675,2.8172583802705156e-15,7.825747812153943e-17
R75,50118.72336272801,2.7954488809718217e-15,7.765166496539923e-17
R75,50845.20468601018,2.7739509892072384e-15,7.705450798068315e-17
R75,51582.21650723137,2.752760252477843e-15,7.64658829759503e-17
R75,52329.91146815029,2.7318722818965778e-15,7.58856685675306e-17
R75,53088.444423099674,2.7112827512792062e-15,7.531374405073553e-17
R75,53857.97247105804,2.690987396247897e-15,7.474999152346245e-17
R75,54638.654988186296,2.670982013349132e-15,7.419429366714243e-17
R75,55430.653660835946,2.651262459181348e-15,7.364653596416687e-17
R75,56234.13251903581,2.631824649537813e-15,7.310660438424439e-17
R75,57049.25797046412,2.6126645585604264e-15,7.257438770012711e-17
R75,57876.198834913,2.593778217905775e-15,7.204977507459016e-17
R75,58715.12637925261,2.5751617159232042e-15,7.153265847929785e-17
R75,59566.21435290201,2.556811196844548e-15,7.102293017753537e-17
R75,60429.63902381426,2.538722859985477e-15,7.052048525114921e-17
R75,61305.57921498307,2.5208929589582387e-15,7.002521897388534e-17
R75,62194.216341478634,2.5033178008956453e-15,6.953702945166451e-17
R75,63095.73444802036,2.485993745686119e-15,6.905581488109223e-17
R75,64010.32024709414,2.4689172052196776e-15,6.858147630860855e-17
R75,64938.163157622206,2.4520846426447013e-15,6.811391476844853e-17
R75,65879.45534419348,2.4354925716352925e-15,6.765303416650491e-17
R75,66834.39175686258,2.4191375556690974e-15,6.719873829171099e-17
R75,67803.17017152572,2.4030162073154354e-15,6.675093383076773e-17
R75,68785.99123088192,2.3871251875336235e-15,6.630952724660175e-17
R75,69783.05848598781,2.3714612049812668e-15,6.587442793043951e-17
R75,70794.57843841499,2.35602101533246e-15,6.544554494065198e-17
R75,71820.76058301827,2.340801420605729e-15,6.502279029900986e-17
R75,72861.81745132401,2.3257992685015313e-15,6.4606075582868e-17
R75,73917.96465554723,2.3110114517492346e-15,6.419531537280299e-17
R75,74989.42093324687,2.2964349074634478e-15,6.379042369071375e-17
R75,76076.40819262833,2.2820666165094564e-15,6.339131760643312e-17
R75,77179.15155850258,2.2679036028777947e-15,6.299791351391821e-17
R75,78297.8794189116,2.2539429330677266e-15,6.261013090484339e-17
R75,79432.82347242955,2.240181715479493e-15,6.222788847463056e-17
R75,80584.2187761496,2.226617099815247e-15,6.185110807146247e-17
R75,81752.30379436645,2.2132462764885802e-15,6.147971062345961e-17
R75,82937.32044796432,2.2000664760424053e-15,6.111362027201444e-17
R75,84139.51416452101,2.1870749685751868e-15,6.075276011094602e-17
R75,85359.13392913812,2.174269063175359e-15,6.039705651354332e-17
R75,86596.43233600809,2.1616461073638006e-15,6.004643467403057e-17
R75,87851.66564072875,2.1492034865442525e-15,5.970082313821929e-17
R75,89125.09381337615,2.1369386234616083e-15,5.936014913709165e-17
R75,90416.98059234666,2.1248489776678964e-15,5.902434333150467e-17
R75,91727.5935389796,2.1129320449959175e-15,5.869333492713997e-17
R75,93057.20409297157,2.101185357037674e-15,5.836705664433268e-17
R75,94406.08762859405,2.089606480643541e-15,5.804543960295194e-17
R75,95774.52351172586,2.0781930174021542e-15,5.772841852868896e-17
R75,97162.79515771239,2.0669426031540067e-15,5.741592639664454e-17
R75,98571.19009006342,2.0558529074988987e-15,5.710789988629215e-17
R75,100000.00000000183,2.0449216333130247e-15,5.680427377008788e-17
R75,101449.52080687547,2.0341465162729103e-15,5.650498663079235e-17
R75,102920.0527194447,2.0235253243861448e-15,5.620997498207693e-17
R75,104411.90029805835,2.013055857528838e-15,5.591917926140168e-17
R75,105925.37251773084,2.0027359469896147e-15,5.563253766869432e-17
R75,107460.78283213373,1.992563455020167e-15,5.534999244919853e-17
R75,109018.44923851478,1.982536274392114e-15,5.5071483435396877e-17
R75,110598.694343558,1.972652327960307e-15,5.479695463504293e-17
R75,112201.84543019843,1.962909568232211e-15,5.452634746067679e-17
R75,113828.23452540534,1.953305976943545e-15,5.425960763890018e-17
R75,115478.19846894799,1.943839564639865e-15,5.39966781109658e-17
R75,117152.0789831582,1.9345083702641835e-15,5.373750628024823e-17
R75,118850.22274370409,1.9253104607503736e-15,5.348203656646737e-17
R75,120572.98145138971,1.91624393062246e-15,5.323021800925534e-17
R75,122320.71190499548,1.9073069015995184e-15,5.298199645760344e-17
R75,124093.77607517432,1.898497522206255e-15,5.273732254842254e-17
R75,125892.54117941913,1.8898139673890884e-15,5.249614351177632e-17
R75,127717.37975811675,1.8812544381377277e-15,5.2258411544391495e-17
R75,129568.66975170444,1.8728171611121117e-15,5.2024075210152673e-17
R75,131446.79457894477,1.8645003882746205e-15,5.1793088229634404e-17
R75,133352.14321633498,1.856302396527576e-15,5.1565400454185497e-17
R75,135285.11027866765,1.8482214873558424e-15,5.134096709373924e-17
R75,137246.09610075885,1.840255986474523e-15,5.1119739241597196e-17
R75,139235.5068203611,1.832404243481667e-15,5.090167356403495e-17
R75,141253.75446227816,1.8246646315156123e-15,5.0686722351570905e-17
R75,143301.25702369906,1.8170355469185717e-15,5.0474843695224235e-17
R75,145378.43856076902,1.8095154089022656e-15,5.0265991038798216e-17
R75,147485.72927641534,1.802102659221022e-15,5.006012386791638e-17
R75,149623.56560944626,1.7947957618481235e-15,4.9857196736357977e-17
R75,151792.39032494137,1.7875932026570817e-15,4.965717049563796e-17
R75,153992.6526059522,1.7804934891073345e-15,4.946000076687481e-17
R75,156224.80814653207,1.7734951499344695e-15,4.9265649740176216e-17
R75,158489.31924611444,1.7665967348448139e-15,4.90740740619474e-17
R75,160786.6549052592,1.7597968142125986e-15,4.888523723502715e-17
R75,163117.290922787,1.7530939787900356e-15,4.86990968896155e-17
R75,165481.70999432137,1.7464868394043393e-15,4.8515617816643896e-17
R75,167880.4018122593,1.7399740266761103e-15,4.833475858909623e-17
R75,170313.86316719104,1.7335541907332018e-15,4.815648526318817e-17
R75,172782.59805078973,1.7272260009303185e-15,4.798075731396871e-17
R75,175287.11776019275,1.7209881455725356e-15,4.7807542041204795e-17
R75,177827.9410038958,1.714839331641729e-15,4.7636799781781265e-17
R75,180405.5940091822,1.7087782845320888e-15,4.7468499058704695e-17
R75,183020.61063110924,1.7028037477788376e-15,4.730260103094616e-17
R75,185673.5324630743,1.6969144828012926e-15,4.713907542593499e-17
R75,188364.90894898382,1.6911092686442803e-15,4.6977884184987536e-17
R75,191095.2974970479,1.6853869017242497e-15,4.6818998222584816e-17
R75,193865.26359522465,1.6797461955786737e-15,4.666238022294649e-17
R75,196675.3809283378,1.6741859806201863e-15,4.6508002271630585e-17
R75,199526.231496892,1.6687051038921537e-15,4.635582775651169e-17
R75,202418.40573761027,1.6633024288290166e-15,4.620582991970627e-17
R75,205352.50264571878,1.6579768350199964e-15,4.6057972813518874e-17
R75,208329.12989900415,1.652727217975138e-15,4.5912230823613866e-17
R75,211348.90398366898,1.6475524888974676e-15,4.576856862755254e-17
R75,214412.4503220116,1.6424515744529962e-15,4.56269617429404e-17
R75,217520.40340195672,1.6374234165492361e-15,4.5487375433388076e-17
R75,220673.4069084635,1.6324669721125885e-15,4.534978633849244e-17
R75,223872.11385683858,1.6275812128772365e-15,4.521416026859107e-17
R75,227117.18672798126,1.6227651251607164e-15,4.50804749765992e-17
R75,230409.29760558935,1.6180177096609253e-15,4.4948696780127565e-17
R75,233749.12831535374,1.613337981242631e-15,4.4818804538649934e-17
R75,237137.3705661705,1.6087249687350274e-15,4.469076503723358e-17
R75,240574.72609340012,1.6041777147268703e-15,4.4564558236542974e-17
R75,244061.90680420317,1.5996952753667852e-15,4.444015134903853e-17
R75,247599.6349249826,1.5952767201689858e-15,4.4317525432820313e-17
R75,251188.64315096333,1.5909211318140338e-15,4.4196648087429244e-17
R75,254829.67479794007,1.586627605958765e-15,4.40775014663761e-17
R75,258523.48395622458,1.582395251051624e-15,4.3960053515324906e-17
R75,262270.8356468246,1.578223188139468e-15,4.384428748273568e-17
R75,266072.5059798866,1.5741105506862088e-15,4.3730171619039625e-17
R75,269929.2823154351,1.5700564843918357e-15,4.36176902692851e-17
R75,273841.963426442,1.5660601470133821e-15,4.350681194648279e-17
R75,277811.35966425954,1.562120708186638e-15,4.33975220954336e-17
R75,281838.2931264515,1.5582373492561534e-15,4.3289789449024246e-17
R75,285923.5978270569,1.5544092630977642e-15,4.318360055687697e-17
R75,290068.1198693217,1.5506356539525953e-15,4.3078924328152803e-17
R75,294272.71762093465,1.5469157372594951e-15,4.2975748424530627e-17
R75,298538.26189180254,1.5432487394872517e-15,4.287404188680787e-17
R75,302865.6361144031,1.5396338979803021e-15,4.277379349762042e-17
R75,307255.7365267515,1.5360704607857043e-15,4.267497238418745e-17
R75,311709.4723580195,1.5325576865042321e-15,4.2577568461247487e-17
R75,316227.76601684495,1.5290948441282052e-15,4.248155089566096e-17
R75,320811.55328237073,1.5256812128946322e-15,4.238691074753665e-17
R75,325461.78349805315,1.522316082122666e-15,4.229361717568971e-17
R75,330179.4197682794,1.5189987510739608e-15,4.2201662401038986e-17
R75,334965.4391578352,1.5157285287955407e-15,4.211101552527146e-17
R75,339820.8328942636,1.5125047339788095e-15,4.202166994793917e-17
R75,344746.6065731572,1.5093266948142945e-15,4.1933594663003075e-17
R75,349743.7803664258,1.5061937488452984e-15,4.184678426885273e-17
R75,354813.3892335835,1.5031052428372431e-15,4.1761207599654953e-17
R75,359956.4831360978,1.5000605326251418e-15,4.167686047526784e-17
R75,365174.12725484604,1.4970589829857428e-15,4.1593711516199866e-17
R75,370467.4022107242,1.4940999674996253e-15,4.1511757789450476e-17
R75,375837.4042884528,1.4911828684150348e-15,4.1430967646010974e-17
R75,381285.24566362763,1.4883070765253005e-15,4.13513394278656e-17
R75,386812.0546330611,1.4854719910248515e-15,4.127284115923397e-17
R75,392418.97584846267,1.4826770193879252e-15,4.1195472488023e-17
R75,398107.17055350647,1.4799215772451704e-15,4.111920105178195e-17
R75,403877.8168243354,1.477205088248663e-15,4.104402783819607e-17
R75,409732.109813551,1.474526983957301e-15,4.096992003618372e-17
R75,415671.2619977407,1.4718867037071198e-15,4.089688001041674e-17
R75,421696.5034285921,1.4692836944910283e-15,4.082487443650409e-17
R75,427809.0819876481,1.4667174108478221e-15,4.075390709644038e-17
R75,434010.2636447541,1.4641873147319217e-15,4.0683944085674664e-17
R75,440301.3327202518,1.4616928754028024e-15,4.0614990647169355e-17
R75,446683.5921509737,1.4592335693098003e-15,4.0547012226191855e-17
R75,453158.3637600925,1.4568088799754874e-15,4.048001557410559e-17
R75,459726.9885308831,1.454418297887871e-15,4.041396541315427e-17
R75,466390.82688445173,1.452061320379052e-15,4.034887005421024e-17
R75,473151.25896149175,1.4497374515292215e-15,4.02846934203579e-17
R75,480009.68490812305,1.447446202042634e-15,4.022144543716785e-17
R75,486967.5251658748,1.4451870891488288e-15,4.0159089148898376e-17
R75,494026.2207658717,1.4429596364943072e-15,4.0097636155277004e-17
R75,501187.2336272844,1.4407633740370966e-15,4.003704853861612e-17
R75,508452.0468601062,1.43859783793826e-15,3.997733963631987e-17
R75,515822.1650723182,1.4364625704664434e-15,3.991847048171765e-17
R75,523299.11468150746,1.4343571198842678e-15,3.986045621832615e-17
R75,530884.4442310013,1.432281040360768e-15,3.9803256739156685e-17
R75,538579.7247105851,1.4302338918570224e-15,3.974688906709493e-17
R75,546386.5498818677,1.4282152400388575e-15,3.9691311859136644e-17
R75,554306.5366083643,1.4262246561701948e-15,3.963654409583956e-17
R75,562341.3251903631,1.424261717021022e-15,3.958254309795085e-17
R75,570492.5797046463,1.4223260047638654e-15,3.952932988749115e-17
R75,578761.9883491352,1.420417106886414e-15,3.9476860343445264e-17
R75,587151.2637925313,1.4185346160903783e-15,3.9425157618745054e-17
R75,595662.1435290255,1.4166781302025581e-15,3.937417604007076e-17
R75,604296.390238148,1.4148472520738644e-15,3.9323940986627825e-17
R75,613055.7921498362,1.413041589497464e-15,3.927440511647989e-17
R75,621942.1634147919,1.411260755105316e-15,3.922559613693778e-17
R75,630957.3444802093,1.4095043662856415e-15,3.917746491503321e-17
R75,640103.2024709472,1.4077720450914116e-15,3.9130041594654395e-17
R75,649381.631576228,1.4060634181432695e-15,3.9083275123209923e-17
R75,658794.5534419408,1.4043781165514406e-15,3.903719819666568e-17
R75,668343.9175686318,1.4027157758161691e-15,3.899175770735348e-17
R75,678031.7017152634,1.4010760357497344e-15,3.894698902610375e-17
R75,687859.9123088254,1.399458540382073e-15,3.890283684774746e-17
R75,697830.5848598845,1.3978629378769793e-15,3.885933934861016e-17
R75,707945.7843841563,1.3962888804416081e-15,3.881643887580892e-17
R75,718207.6058301893,1.3947360242457336e-15,3.877417655033594e-17
R75,728618.1745132467,1.3932040293343748e-15,3.8732492213339975e-17
R75,739179.646555479,1.3916925595400709e-15,3.869143007801966e-17
R75,749894.2093324756,1.3902012824014278e-15,3.865092731285695e-17
R75,760764.0819262902,1.3887298690747683e-15,3.861103138029789e-17
R75,771791.5155850328,1.3872779942551943e-15,3.857167660027047e-17
R75,782978.7941891231,1.385845336086673e-15,3.853291385109825e-17
R75,794328.2347243025,1.384431576083268e-15,3.8494674418741025e-17
R75,805842.1877615032,1.383036399042727e-15,3.8457012774335355e-17
R75,817523.0379436717,1.3816594929646684e-15,3.841985697432573e-17
R75,829373.2044796505,1.3803005489673062e-15,3.838326527039105e-17
R75,841395.1416452174,1.3789592612016915e-15,3.8347162283109223e-17
R75,853591.3392913886,1.377635326774883e-15,3.831161024394498e-17
R75,865964.3233600885,1.3763284456598477e-15,3.8276530119912656e-17
R75,878516.6564072954,1.3750383206171541e-15,3.824198833351186e-17
R75,891250.9381337696,1.3737646571144253e-15,3.820790196844324e-17
R75,904169.8059234748,1.3725071632370308e-15,3.8174341862170386e-17
R75,917275.9353898044,1.3712655496087801e-15,3.814122097251516e-17
R75,930572.0409297242,1.3700395293066762e-15,3.810861478967769e-17
R75,944060.876285949,1.368828817787616e-15,3.80764318894866e-17
R75,957745.2351172672,1.3676331327878943e-15,3.8044752666429466e-17
R75,971627.9515771327,1.3664521942548494e-15,3.8013481043919495e-17
R75,985711.9009006431,1.365285724256787e-15,3.798270258779622e-17
R75,1000000.0000000274,1.3641334468959957e-15,3.795231628345038e-17
A75,1000.0,2.987224247142791e-12,8.297837429025457e-14
A75,1014.4952080687361,2.9450021114129616e-12,8.180553906884827e-14
A75,1029.2005271944283,2.903383249325544e-12,8.064946141063583e-14
A75,1044.1190029805646,2.8623590412407185e-12,7.950990192758457e-14
A75,1059.2537251772892,2.8219209906768266e-12,7.838662456001057e-14
A75,1074.6078283213178,2.782060722550684e-12,7.727939671447395e-14
A75,1090.1844923851281,2.7427699814430233e-12,7.618798902608405e-14
A75,1105.98694343556,2.704040629888734e-12,7.511217550329732e-14
A75,1122.018454301964,2.6658646466914997e-12,7.405173328599048e-14
A75,1138.2823452540329,2.6282341252625543e-12,7.300644279728815e-14
A75,1154.781984689459,2.5911412719831513e-12,7.19760874971986e-14
A75,1171.520789831561,2.554578404590426e-12,7.096045404160112e-14
A75,1188.5022274370194,2.5185379505863437e-12,6.995933203123506e-14
A75,1205.7298145138755,2.4830124456693554e-12,6.89725141779852e-14
A75,1223.2071190499328,2.447994532188483e-12,6.79997960490089e-14
A75,1240.9377607517208,2.4134769576194807e-12,6.704097624046435e-14
A75,1258.9254117941684,2.3794525730627686e-12,6.609585611655692e-14
A75,1277.1737975811443,2.345914331762833e-12,6.516423999086106e-14
A75,1295.686697517021,2.3128552876487806e-12,6.424593486006276e-14
A75,1314.4679457894238,2.280268593895748e-12,6.334075059303266e-14
A75,1333.5214321633257,2.248147501506855e-12,6.244849965903636e-14
A75,1352.851102786652,2.216485357915434e-12,6.156899732472302e-14
A75,1372.4609610075638,2.1852756056072147e-12,6.070206137657049e-14
A75,1392.3550682035861,2.154511780762217e-12,5.984751232596095e-14
A75,1412.5375446227565,2.124187511916022e-12,5.900517312562239e-14
A75,1433.012570236965,2.094296518640193e-12,5.81748693829695e-14
A75,1453.7843856076643,2.0648326102415377e-12,5.73564290702983e-14
A75,1474.8572927641271,2.0357896844799615e-12,5.654968274657804e-14
A75,1496.235656094436,2.007161726304641e-12,5.5754463261148856e-14
A75,1517.923903249387,1.9789428066082466e-12,5.497060598415868e-14
A75,1539.926526059495,1.9511270809989783e-12,5.419794850350847e-14
A75,1562.2480814652934,1.923708788590129e-12,5.343633086413512e-14
A75,1584.8931924611168,1.896682250806968e-12,5.268559525794278e-14
A75,1607.866549052564,1.8700418702106415e-12,5.1945586272140826e-14
A75,1631.1729092278417,1.8437821293388984e-12,5.121615057189276e-14
A75,1654.817099943185,1.8178975895633802e-12,5.0497137157927395e-14
A75,1678.804018122564,1.7923828899632248e-12,4.97883970416301e-14
A75,1703.1386316718808,1.7672327462147677e-12,4.9089783512152314e-14
A75,1727.8259805078674,1.7424419494971226e-12,4.840115180366405e-14
A75,1752.871177601897,1.7180053654133748e-12,4.7722359372196e-14
A75,1778.2794100389272,1.693917932927212e-12,4.705326555476396e-14
A75,1804.0559400917907,1.6701746633147285e-12,4.639373185618681e-14
A75,1830.2061063110607,1.6467706391312244e-12,4.5743621599786207e-14
A75,1856.735324630711,1.6237010131927494e-12,4.510280022443264e-14
A75,1883.6490894898054,1.60096100757221e-12,4.447113492651586e-14
A75,1910.9529749704457,1.5785459126098228e-12,4.3848494967480973e-14
A75,1938.6526359522127,1.5564510859376932e-12,4.323475130675697e-14
A75,1966.7538092833438,1.5346719515183436e-12,4.262977692005354e-14
A75,1995.2623149688852,1.5132039986969718e-12,4.2033446422927115e-14
A75,2024.1840573760674,1.492042781267258e-12,4.144563640011968e-14
A75,2053.525026457152,1.471183916550506e-12,4.086622501943205e-14
A75,2083.291298990005,1.4506230844879633e-12,4.0295092372396106e-14
A75,2113.489039836653,1.4303560267460837e-12,3.9732120078117066e-14
A75,2144.1245032200786,1.4103785458345984e-12,3.917719163558018e-14
A75,2175.2040340195294,1.3906865042371717e-12,3.8630192017113705e-14
A75,2206.7340690845967,1.3712758235544886e-12,3.809100803264298e-14
A75,2238.7211385683468,1.3521424836595704e-12,3.7559527912415787e-14
A75,2271.171867279773,1.3332825218651806e-12,3.703564168352746e-14
A75,2304.0929760558533,1.3146920321031145e-12,3.6519240741540904e-14
A75,2337.4912831534966,1.2963671641152113e-12,3.601021823961729e-14
A75,2371.3737056616637,1.278304122655933e-12,3.550846864865176e-14
A75,2405.7472609339593,1.2604991667063375e-12,3.5013888159357395e-14
A75,2440.619068041989,1.2429486086992752e-12,3.452637423052663e-14
A75,2475.9963492497827,1.2256488137556566e-12,3.4045826004427067e-14
A75,2511.8864315095893,1.208596198931645e-12,3.3572143842788353e-14
A75,2548.296747979356,1.1917872324765874e-12,3.3105229755881443e-14
A75,2585.2348395622007,1.1752184331015602e-12,3.264498692581759e-14
A75,2622.7083564682007,1.15888636925836e-12,3.219132014969611e-14
A75,2660.7250597988204,1.1427876584288015e-12,3.1744135349790707e-14
A75,2699.2928231543046,1.1269189664241614e-12,3.130334003116342e-14
A75,2738.4196342643727,1.1112770066946409e-12,3.086884277830072e-14
A75,2778.1135966425472,1.0958585396486902e-12,3.044055372760568e-14
A75,2818.382931264466,1.0806603719820574e-12,3.001838405003317e-14
A75,2859.235978270519,1.0656793560164265e-12,2.960224643888617e-14
A75,2900.6811986931666,1.050912389047503e-12,2.9192054577985715e-14
A75,2942.727176209295,1.0363564127024171e-12,2.878772364521235e-14
A75,2985.382618917973,1.0220084123063007e-12,2.8389169765732463e-14
A75,3028.6563611439774,1.007865416257926e-12,2.7996310531740827e-14
A75,3072.5573652674607,9.939244954142553e-13,2.7609064440250473e-14
A75,3117.0947235801405,9.801827624837873e-13,2.7227351429507754e-14
A75,3162.277660168394,9.66637371428575e-13,2.685109230083794e-14
A75,3208.115532823651,9.53285516874781e-13,2.6480209272220886e-14
A75,3254.617834980474,9.40124433531659e-13,2.6114625383668038e-14
A75,3301.7941976827356,9.271513956188362e-13,2.5754265068463792e-14
A75,3349.6543915782927,9.143637163017777e-13,2.5399053541533925e-14
A75,3398.208328942576,9.017587471353175e-13,2.5048917388874534e-14
A75,3447.4660657315108,8.893338775151376e-13,2.4703783938354867e-14
A75,3497.437803664196,8.770865341370917e-13,2.4363581867874165e-14
A75,3548.133892335772,8.650141804642447e-13,2.402824055802416e-14
A75,3599.564831360914,8.531143162015327e-13,2.3697690719532397e-14
A75,3651.7412725483955,8.413844767779293e-13,2.3371863727191942e-14
A75,3704.674022107176,8.298222328360036e-13,2.3050692267168908e-14
A75,3758.3740428844612,8.184251897287829e-13,2.2734109651587716e-14
A75,3812.8524566362084,8.071909870237927e-13,2.2422050486300904e-14
A75,3868.1205463305423,7.961172980141932e-13,2.2114449965498465e-14
A75,3924.189758484557,7.852018292368867e-13,2.1811244560558325e-14
A75,3981.071705534994,7.744423199975289e-13,2.151237129402859e-14
A75,4038.7781682432824,7.638365419023082e-13,2.1217768450198392e-14
A75,4097.321098135438,7.533822983964254e-13,2.0927374827780044e-14
A75,4156.712619977334,7.430774243091683e-13,2.064113047286251e-14
A75,4216.965034285847,7.329197854054777e-13,2.0358975909599092e-14
A75,4278.0908198764055,7.229072779439286e-13,2.008085289622791e-14
A75,4340.102636447464,7.130378282410239e-13,1.9806703633048283e-14
A75,4403.01332720244,7.033093922417105e-13,1.9536471542216515e-14
A75,4466.835921509658,6.937199550960378e-13,1.9270100452270366e-14
A75,4531.583637600846,6.84267530741859e-13,1.9007535402433202e-14
A75,4597.26988530875,6.749501614934968e-13,1.874872180292133e-14
A75,4663.908268844436,6.657659176362868e-13,1.8493606264515016e-14
A75,4731.512589614835,6.567128970269124e-13,1.8242135733858267e-14
A75,4800.0968490811465,6.477892246994509e-13,1.7994258349081488e-14
A75,4869.675251658663,6.389930524770475e-13,1.7749922549276984e-14
A75,4940.26220765863,6.303225585891396e-13,1.7509077956985473e-14
A75,5011.872336272756,6.217759472941417e-13,1.7271674461003005e-14
A75,5084.520468600972,6.133514485075394e-13,1.7037663126572117e-14
A75,5158.2216507230905,6.050473174352719e-13,1.680699525064769e-14
A75,5232.991146814981,5.968618342123743e-13,1.657962330066232e-14
A75,5308.844442309919,5.887933035467709e-13,1.635549994134964e-14
A75,5385.797247105755,5.808400543681616e-13,1.6134579002984257e-14
A75,5463.865498818579,5.730004394819223e-13,1.5916814478829677e-14
A75,5543.065366083543,5.65272835227956e-13,1.5702161523785375e-14
A75,5623.413251903529,5.576556411444065e-13,1.549057542149472e-14
A75,5704.92579704636,5.501472796361906e-13,1.5282012614364213e-14
A75,5787.619883491247,5.427461956482564e-13,1.507642963933416e-14
A75,5871.512637925207,5.354508563435106e-13,1.4873784190269048e-14
A75,5956.621435290147,5.282597507853516e-13,1.467403402135917e-14
A75,6042.963902381372,5.211713896247366e-13,1.4477138042917116e-14
A75,6130.557921498252,5.14184304791714e-13,1.4283055191342506e-14
A75,6219.421634147808,5.072970491913724e-13,1.409174555939613e-14
A75,6309.573444801979,5.005081964041254e-13,1.3903169231623343e-14
A75,6401.032024709357,4.938163403902838e-13,1.3717287450215446e-14
A75,6493.816315762163,4.872200951988423e-13,1.3534061414748483e-14
A75,6587.945534419289,4.807180946804338e-13,1.3353453484781465e-14
A75,6683.439175686198,4.743089922043807e-13,1.3175425942727233e-14
A75,6780.317017152512,4.679914603797868e-13,1.2999942234378215e-14
A75,6878.59912308813,4.617641907806178e-13,1.2826965693684297e-14
A75,6978.3058485987185,4.556258936747076e-13,1.2656460822439975e-14
A75,7079.4578438414355,4.495752977566341e-13,1.24883919757006e-14
A75,7182.076058301764,4.436111498844161e-13,1.2322724681909364e-14
A75,7286.181745132336,4.377322148199644e-13,1.2159424287638228e-14
A75,7391.796465554657,4.319372749732486e-13,1.1998457319479531e-14
A75,7498.94209332462,4.2622513015011414e-13,1.1839790086751083e-14
A75,7607.640819262764,4.2059459730370236e-13,1.1683390086525348e-14
A75,7717.915155850188,4.1504451028942115e-13,1.1529224562889083e-14
A75,7829.787941891089,4.0957371962342166e-13,1.1377261956533626e-14
A75,7943.282347242882,4.041810922445148e-13,1.1227470419108533e-14
A75,8058.421877614886,3.9886551127949837e-13,1.1079819308848367e-14
A75,8175.23037943657,3.9362587581183223e-13,1.0934277658507089e-14
A75,8293.732044796356,3.88461100653618e-13,1.0790815718551289e-14
A75,8413.951416452024,3.8337011612083765e-13,1.0649403377106615e-14
A75,8535.913392913733,3.783518678118008e-13,1.051001175230408e-14
A75,8659.64323360073,3.7340531638875876e-13,1.0372611562612408e-14
A75,8785.166564072795,3.685294373626364e-13,1.0237174769982982e-14
A75,8912.509381337535,3.6372322088083935e-13,1.0103672898882044e-14
A75,9041.698059234586,3.5898567151809534e-13,9.972078731941348e-15
A75,9172.75935389788,3.5431580807027587e-13,9.842364575941786e-15
A75,9305.720409297075,3.4971266335117274e-13,9.7145040117406e-15
A75,9440.608762859321,3.4517528399216755e-13,9.588470105393225e-15
A75,9577.452351172502,3.40702730244771e-13,9.464237214194425e-15
A75,9716.279515771153,3.3629407578597567e-13,9.34177914105731e-15
A75,9857.119009006256,3.3194840752639527e-13,9.221070998575382e-15
A75,10000.000000000096,3.2766482542113823e-13,9.102087304706975e-15
A75,10144.952080687459,3.234424422833876e-13,8.984803906837504e-15
A75,10292.005271944381,3.1928038360064075e-13,8.86919601674408e-15
A75,10441.190029805744,3.1517778735357294e-13,8.755240196712618e-15
A75,10592.537251772992,3.1113380383749087e-13,8.64291233168047e-15
A75,10746.07828321328,3.0714759548633514e-13,8.532189679541974e-15
A75,10901.844923851384,3.0321833669919207e-13,8.423048778286733e-15
A75,11059.869434355705,2.993452136692906e-13,8.315467562709041e-15
A75,11220.184543019746,2.955274242154355e-13,8.209423204276216e-15
A75,11382.823452540435,2.917641776158498e-13,8.104894296542769e-15
A75,11547.819846894698,2.8805469444439066e-13,8.00185862539584e-15
A75,11715.207898315717,2.843982064091015e-13,7.900295425564481e-15
A75,11885.022274370305,2.8079395619307435e-13,7.800183078798263e-15
A75,12057.298145138866,2.7724119729757905e-13,7.701501443955162e-15
A75,12232.07119049944,2.7373919388743703e-13,7.604229480574366e-15
A75,12409.377607517323,2.702872206385992e-13,7.508347655123576e-15
A75,12589.254117941802,2.668845625879039e-13,7.413835487327846e-15
A75,12771.737975811562,2.635305149849758e-13,7.32067403525864e-15
A75,12956.86697517033,2.602243831462436e-13,7.228843361677064e-15
A75,13144.679457894359,2.5696548231103885e-13,7.138325100753023e-15
A75,13335.21432163338,2.537531374997501e-13,7.049099841572996e-15
A75,13528.511027866647,2.5058668337400215e-13,6.961149779388383e-15
A75,13724.609610075766,2.4746546409883204e-13,6.874456013324944e-15
A75,13923.55068203599,2.443888332068314e-13,6.789001285175195e-15
A75,14125.375446227694,2.4135615346422755e-13,6.704767188228609e-15
A75,14330.125702369782,2.3836679673887875e-13,6.621736996743693e-15
A75,14537.843856076775,2.3542014387014945e-13,6.539892782694627e-15
A75,14748.572927641406,2.3251558454064815e-13,6.4592183391850944e-15
A75,14962.356560944498,2.2965251714979056e-13,6.379696201778037e-15
A75,15179.239032494008,2.2683034868917097e-13,6.301310669245299e-15
A75,15399.26526059509,2.2404849461970893e-13,6.224044726012301e-15
A75,15622.480814653076,2.2130637875055304e-13,6.147883163775733e-15
A75,15848.931924611312,2.1860343311970865e-13,6.072809401453957e-15
A75,16078.665490525787,2.1593909787637157e-13,5.998808711349251e-15
A75,16311.729092278567,2.1331282116493844e-13,5.9258649328471484e-15
A75,16548.170999432,2.1072405901067473e-13,5.8539638069509345e-15
A75,16788.040181225795,2.0817227520701047e-13,5.783089579818974e-15
A75,17031.386316718967,2.0565694120444586e-13,5.713228449656899e-15
A75,17278.259805078833,2.0317753600104181e-13,5.644365056020398e-15
A75,17528.711776019132,2.0073354603446956e-13,5.576486043216094e-15
A75,17782.794100389434,1.9832446507560345e-13,5.5095764311283414e-15
A75,18040.55940091807,1.9594979412362933e-13,5.443623299452725e-15
A75,18302.061063110774,1.936090413026475e-13,5.37861203562845e-15
A75,18567.35324630728,1.9130172175975253e-13,5.314530144409489e-15
A75,18836.49089489823,1.8902735756456437e-13,5.2513633682992044e-15
A75,19109.529749704634,1.8678547761019177e-13,5.1890996271536336e-15
A75,19386.526359522308,1.8457561751560858e-13,5.127725006321025e-15
A75,19667.538092833624,1.8239731952941967e-13,5.067227831170407e-15
A75,19952.62314968904,1.8025013243500026e-13,5.007594517935666e-15
A75,20241.840573760863,1.7813361145698486e-13,4.948813788270434e-15
A75,20535.250264571714,1.7604731816909104e-13,4.890872377583676e-15
A75,20832.91298990025,1.739908204032537e-13,4.8337593949397476e-15
A75,21134.890398366733,1.7196369216005637e-13,4.777461883449615e-15
A75,21441.245032200994,1.6996551352043527e-13,4.721969331063136e-15
A75,21752.0403401955,1.6799587055864422e-13,4.667269077346612e-15
A75,22067.340690846177,1.6605435525645544e-13,4.613350980953464e-15
A75,22387.21138568368,1.6414056541858412e-13,4.5602026668740445e-15
A75,22711.718672797946,1.622541045893166e-13,4.507814356621561e-15
A75,23040.929760558753,1.6039458197032306e-13,4.456173949783667e-15
A75,23374.912831535188,1.5856161233964354e-13,4.40527202322312e-15
A75,23713.73705661686,1.5675481597182278e-13,4.355096740491756e-15
A75,24057.47260933982,1.5497381855918278e-13,4.305639026620839e-15
A75,24406.19068042012,1.5321825113421639e-13,4.256887298676117e-15
A75,24759.96349249806,1.5148774999308108e-13,4.208832823001701e-15
A75,25118.864315096132,1.4978195662018409e-13,4.161464259899045e-15
A75,25482.967479793802,1.481005176138365e-13,4.114773210491229e-15
A75,25852.34839562225,1.464430846129651e-13,4.068748568198584e-15
A75,26227.083564682252,1.4480931422486593e-13,4.02338226270798e-15
A75,26607.25059798845,1.431988679539824e-13,3.9786634105923935e-15
A75,26992.928231543297,1.4161141213169672e-13,3.934584264203208e-15
A75,27384.19634264398,1.4004661784711607e-13,3.891134153439727e-15
A75,27781.13596642573,1.385041608788424e-13,3.848305647732269e-15
A75,28183.82931264492,1.369837216277099e-13,3.8060882806091645e-15
A75,28592.359782705455,1.354849850504765e-13,3.76447493330577e-15
A75,29006.811986931934,1.3400764059445513e-13,3.7234553334004536e-15
A75,29427.271762093224,1.3255138213307252e-13,3.68302266896993e-15
A75,29853.82618918001,1.3111590790234034e-13,3.643166852170994e-15
A75,30286.56361144006,1.297009204382264e-13,3.603881373267175e-15
A75,30725.573652674895,1.28306126514913e-13,3.5651563196184875e-15
A75,31170.947235801697,1.2693123708392874e-13,3.5269854793292195e-15
A75,31622.77660168424,1.2557596721414149e-13,3.4893591056727486e-15
A75,32081.155328236815,1.2424003603259763e-13,3.4522712805562713e-15
A75,32546.17834980505,1.229231666662121e-13,3.415712413950999e-15
A75,33017.94197682767,1.2162508618425264e-13,3.3796768778378655e-15
A75,33496.543915783244,1.2034552554166545e-13,3.3441552297327177e-15
A75,33982.08328942608,1.1908421952318753e-13,3.30914212827029e-15
A75,34474.660657315435,1.1784090668824924e-13,3.2746282694097286e-15
A75,34974.378036642294,1.1661532931665398e-13,3.2406085953298877e-15
A75,35481.33892335806,1.1540723335502426e-13,3.2070739313713613e-15
A75,35995.64831360948,1.1421636836400096e-13,3.1740195004596017e-15
A75,36517.412725484304,1.1304248746618643e-13,3.1414362482826178e-15
A75,37046.74022107211,1.1188534729482019e-13,3.1093196760291943e-15
A75,37583.74042884497,1.1074470794317569e-13,3.0776608407164386e-15
A75,38128.524566362445,1.0962033291466769e-13,3.046455519630124e-15
A75,38681.205463305785,1.0851198907366157e-13,3.0156948721014913e-15
A75,39241.89758484594,1.0741944659697055e-13,2.985374949667156e-15
A75,39810.71705535032,1.0634247892603432e-13,2.9554870049482306e-15
A75,40387.781682433204,1.0528086271976724e-13,2.9260273622099256e-15
A75,40973.210981354765,1.0423437780806557e-13,2.8969873583168204e-15
A75,41567.12619977373,1.0320280714596582e-13,2.868363589068754e-15
A75,42169.65034285886,1.021859367684423e-13,2.8401474664918857e-15
A75,42780.90819876445,1.0118355574583663e-13,2.812335857059915e-15
A75,43401.026364475045,1.0019545613990795e-13,2.7849202388296628e-15
A75,44030.13327202482,9.922143296049501e-14,2.757897748426661e-15
A75,44668.359215097,9.826128412278167e-14,2.7312599207444083e-15
A75,45315.836376008876,9.731481040515604e-14,2.705004162383177e-15
A75,45972.698853087924,9.638181540765416e-14,2.679122055801707e-15
A75,46639.08268844478,9.546210551098036e-14,2.653611277749653e-15
A75,47315.12589614878,9.455548983609421e-14,2.628463448887254e-15
A75,48000.9684908119,9.366178020435727e-14,2.6036765166474472e-15
A75,48696.75251658707,9.278079109822876e-14,2.5792421304206077e-15
A75,49402.62207658675,9.191233962250393e-14,2.5551585092243523e-15
A75,50118.72336272801,9.105624546608584e-14,2.531417321584308e-15
A75,50845.20468601018,9.021233086428292e-14,2.50801705938063e-15
A75,51582.21650723137,8.938042056162236e-14,2.484949400539466e-15
A75,52329.91146815029,8.856034177517532e-14,2.4622131114675322e-15
A75,53088.444423099674,8.775192415838143e-14,2.4397998695999295e-15
A75,53857.97247105804,8.695499976536795e-14,2.4177087179306595e-15
A75,54638.654988186296,8.616940301575504e-14,2.395931323337751e-15
A75,55430.653660835946,8.539497065993873e-14,2.3744670078713226e-15
A75,56234.13251903581,8.46315417448466e-14,2.3533074175936015e-15
A75,57049.25797046412,8.387895758015424e-14,2.3324521564999506e-15
A75,57876.198834913,8.313706170496058e-14,2.3118928393663945e-15
A75,58715.12637925261,8.240569985491089e-14,2.2916293554561263e-15
A75,59566.21435290201,8.168471992976194e-14,2.271653277557224e-15
A75,60429.63902381426,8.097397196138157e-14,2.2519647839707932e-15
A75,61305.57921498307,8.027330808217695e-14,2.232555394543341e-15
A75,62194.216341478634,7.958258249394297e-14,2.2134255808465816e-15
A75,63095.73444802036,7.890165143712514e-14,2.194566798558633e-15
A75,64010.32024709414,7.823037316049004e-14,2.1759798172331894e-15
A75,64938.163157622206,7.756860789119578e-14,2.1576560168577504e-15
A75,65879.45534419348,7.691621780525748e-14,2.1395964701751884e-15
A75,66834.39175686258,7.627306699839974e-14,2.121792469641592e-15
A75,67803.17017152572,7.563902145729068e-14,2.104245396910332e-15
A75,68785.99123088192,7.501394903115069e-14,2.0869464447225923e-15
A75,69783.05848598781,7.439771940372944e-14,2.0698973098971204e-15
A75,70794.57843841499,7.379020406564366e-14,2.0530890729087634e-15
A75,71820.76058301827,7.319127628708035e-14,2.036523752550833e-15
A75,72861.81745132401,7.260081109083096e-14,2.0201923040863797e-15
A75,73917.96465554723,7.201868522568902e-14,2.0040970756682643e-15
A75,74989.42093324687,7.144477714017528e-14,1.9882288839807367e-15
A75,76076.40819262833,7.087896695659802e-14,1.9725904145208588e-15
A75,77179.15155850258,7.032113644543895e-14,1.957172331576787e-15
A75,78297.8794189116,6.977116900005956e-14,1.9419776665982843e-15
A75,79432.82347242955,6.922894961172262e-14,1.9269969171801135e-15
A75,80584.2187761496,6.869436484492207e-14,1.912233469983239e-15
A75,81752.30379436645,6.816730281301745e-14,1.897677641100443e-15
A75,82937.32044796432,6.764765315416496e-14,1.8833331823398865e-15
A75,84139.51416452101,6.71353070075383e-14,1.8691902129398194e-15
A75,85359.13392913812,6.663015698985279e-14,1.855252860498355e-15
A75,86596.43233600809,6.613209717213844e-14,1.8415110314689048e-15
A75,87851.66564072875,6.564102305682108e-14,1.827969240618975e-15
A75,89125.09381337615,6.515683155505919e-14,1.8146171650733128e-15
A75,90416.98059234666,6.467942096434867e-14,1.8014597189183853e-15
A75,91727.5935389796,6.420869094638831e-14,1.7884863327556066e-15
A75,93057.20409297157,6.374454250520104e-14,1.7757023329434296e-15
A75,94406.08762859405,6.328687796550453e-14,1.763096885675891e-15
A75,95774.52351172586,6.283560095132426e-14,1.7506757433758524e-15
A75,97162.79515771239,6.239061636486235e-14,1.7384277892161138e-15
A75,98571.19009006342,6.195183036556991e-14,1.726359216353748e-15
A75,100000.00000000183,6.151915034948166e-14,1.714458605553663e-15
A75,101449.52080687547,6.10924849287591e-14,1.702732606293793e-15
A75,102920.0527194447,6.067174391145864e-14,1.6911694767285782e-15
A75,104411.90029805835,6.025683828151454e-14,1.679776339201707e-15
A75,105925.37251773084,5.984768017893331e-14,1.6685411081919634e-15
A75,107460.78283213373,5.944418288019449e-14,1.6574713964558426e-15
A75,109018.44923851478,5.904626077885294e-14,1.6465547528207974e-15
A75,110598.694343558,5.865382936633865e-14,1.6357992990509885e-15
A75,112201.84543019843,5.826680521294845e-14,1.6251921953863421e-15
A75,113828.23452540534,5.788510594902663e-14,1.6147420922892145e-15
A75,115478.19846894799,5.750865024632871e-14,1.604435737463185e-15
A75,117152.0789831582,5.713735779956436e-14,1.5942823309051208e-15
A75,118850.22274370409,5.6771149308115825e-14,1.5842681827665091e-15
A75,120572.98145138971,5.6409946457912406e-14,1.5744030646127542e-15
A75,122320.71190499548,5.6053671903540064e-14,1.5646728229049285e-15
A75,124093.77607517432,5.570224925037693e-14,1.5550878240644739e-15
A75,125892.54117941913,5.5355603037022605e-14,1.5456334235394584e-15
A75,127717.37975811675,5.501365871781371e-14,1.5363206072045051e-15
A75,129568.66975170444,5.467634264550268e-14,1.527134210931451e-15
A75,131446.79457894477,5.4343582054080994e-14,1.5180858660133687e-15
A75,133352.14321633498,5.4015305041751517e-14,1.5091598588758498e-15
A75,135285.11027866765,5.36914405540253e-14,1.5003684936267208e-15
A75,137246.09610075885,5.3371918366966095e-14,1.491695476003529e-15
A75,139235.5068203611,5.3056669070556594e-14,1.4831538118196482e-15
A75,141253.75446227816,5.274562405220511e-14,1.4747265934438265e-15
A75,143301.25702369906,5.243871548035122e-14,1.4664275588467598e-15
A75,145378.43856076902,5.21358762882144e-14,1.4582391528377782e-15
A75,147485.72927641534,5.183704015765387e-14,1.450175877626365e-15
A75,149623.56560944626,5.1542141503130885e-14,1.4422194946907378e-15
A75,151792.39032494137,5.125111545579383e-14,1.434385304261455e-15
A75,153992.6526059522,5.0963897847663377e-14,1.4266543470571171e-15
A75,156224.80814653207,5.068042519592548e-14,1.419042756883087e-15
A75,158489.31924611444,5.0400634687318444e-14,1.4115308145398526e-15
A75,160786.6549052592,5.0124464162629794e-14,1.4041355248139519e-15
A75,163117.290922787,4.985185210127327e-14,1.3968363676145212e-15
A75,165481.70999432137,4.9582737605969457e-14,1.3896512580390917e-15
A75,167880.4018122593,4.9317060387522193e-14,1.3825588322435549e-15
A75,170313.86316719104,4.9054760749660265e-14,1.3755779569724104e-15
A75,172782.59805078973,4.8795779573987205e-14,1.3686863797919172e-15
A75,175287.11776019275,4.854005830501336e-14,1.3619039625155088e-15
A75,177827.9410038958,4.8287538935250325e-14,1.3552075172271729e-15
A75,180405.5940091822,4.80381639904083e-14,1.348617946398696e-15
A75,183020.61063110924,4.779187651466048e-14,1.3421110775975973e-15
A75,185673.5324630743,4.754862005598752e-14,1.3357089017950727e-15
A75,188364.90894898382,4.7308338651595907e-14,1.3293862107807551e-15
A75,191095.2974970479,4.707097681342338e-14,1.3231661342014307e-15
A75,193865.26359522465,4.683647951369566e-14,1.3170223744945687e-15
A75,196675.3809283378,4.6604792170581294e-14,1.3109792525777894e-15
A75,199526.231496892,4.6375860633906e-14,1.3050093255628383e-15
A75,202418.40573761027,4.614963117095496e-14,1.299138160737563e-15
A75,205352.50264571878,4.592605045232744e-14,1.2933371114294717e-15
A75,208329.12989900415,4.5705065537886594e-14,1.2876330489827024e-15
A75,211348.90398366898,4.548662386278458e-14,1.2819960619125186e-15
A75,214412.4503220116,4.52706732235462e-14,1.2764543859753897e-15
A75,217520.40340195672,4.505716176425257e-14,1.270976781193112e-15
A75,220673.4069084635,4.4846037962794946e-14,1.2655929108401913e-15
A75,223872.11385683858,4.463725061721191e-14,1.2602701400307534e-15
A75,227117.18672798126,4.4430748832121656e-14,1.2550396254902499e-15
A75,230409.29760558935,4.422648200522669e-14,1.2498672682003423e-15
A75,233749.12831535374,4.40243998139266e-14,1.2447857871710951e-15
A75,237137.3705661705,4.3824452202017234e-14,1.2397595471432068e-15
A75,240574.72609340012,4.362658936649617e-14,1.234822901214938e-15
A75,244061.90680420317,4.343076174447911e-14,1.2299386028266035e-15
A75,247599.6349249826,4.3236920000212904e-14,1.2251427140010044e-15
A75,251188.64315096333,4.304501501222125e-14,1.2203962988065104e-15
A75,254829.67479794007,4.285499786056506e-14,1.2157372061147252e-15
A75,258523.48395622458,4.266681981424013e-14,1.2111247294862567e-15
A75,262270.8356468246,4.2480432318713245e-14,1.2065985857008153e-15
A75,266072.5059798866,4.229578698360742e-14,1.202116213567918e-15
A75,269929.2823154351,4.21128355705336e-14,1.1977192820034631e-15
A75,273841.963426442,4.193152998110929e-14,1.193363287685338e-15
A75,277811.35966425954,4.17518222451375e-14,1.1890919390903659e-15
A75,281838.2931264515,4.157366450898489e-14,1.184858700225783e-15
A75,285923.5978270569,4.139700902415055e-14,1.1807094097548689e-15
A75,290068.1198693217,4.122180813607011e-14,1.1765954053186393e-15
A75,294272.71762093465,4.10480142731194e-14,1.1725647495877853e-15
A75,298538.26189180254,4.08755799358913e-14,1.1685665569990643e-15
A75,302865.6361144031,4.0704457686706585e-14,1.1646512112186573e-15
A75,307255.7365267515,4.053460013941448e-14,1.1607655035362662e-15
A75,311709.4723580195,4.036595994948548e-14,1.1569622387188398e-15
A75,316227.76601684495,4.0198489804407923e-14,1.1531857819226255e-15
A75,320811.55328237073,4.003214241441927e-14,1.1494914621625206e-15
A75,325461.78349805315,3.9866870503611964e-14,1.1458211125192468e-15
A75,330179.4197682794,3.970262680136331e-14,1.1422326923409326e-15
A75,334965.4391578352,3.953936403421033e-14,1.1386653938531754e-15
A75,339820.8328942636,3.9377034918124463e-14,1.1351799156249209e-15
A75,344746.6065731572,3.921559215123246e-14,1.1317126975630352e-15
A75,349743.7803664258,3.905498840701347e-14,1.1283272889729132e-15
A75,354813.3892335835,3.889517632800219e-14,1.1249572634868651e-15
A75,359956.4831360978,3.873610851999102e-14,1.1216691350779285e-15
A75,365174.12725484604,3.8577737546869614e-14,1.118393494890031e-15
A75,370467.4022107242,3.842001592593046e-14,1.1151999376526228e-15
A75,375837.4042884528,3.8262896123914765e-14,1.1120159538299933e-15
A75,381285.24566362763,3.810633055362243e-14,1.1089143368437595e-15
A75,386812.0546330611,3.7950271571311256e-14,1.105819356647669e-15
A75,392418.97584846267,3.7794671474737503e-14,1.1028071247764043e-15
A75,398107.17055350647,3.763948250199073e-14,1.0997985695934458e-15
A75,403877.8168243354,3.748465683114769e-14,1.096873241224679e-15
A75,409732.109813551,3.73301465807405e-14,1.0939486045727547e-15
A75,415671.2619977407,3.7175903811141895e-14,1.0911077693994332e-15
A75,421696.5034285921,3.7021880526836873e-14,1.0882646150120382e-15
A75,427809.0819876481,3.686802867969954e-14,1.0855059318563233e-15
A75,434010.2636447541,3.671430017325785e-14,1.082741891846164e-15
A75,440301.3327202518,3.6560646868025326e-14,1.0800630865173955e-15
A75,446683.5921509737,3.640702058792903e-14,1.0773758596153943e-15
A75,453158.3637600925,3.6253373127894537e-14,1.0747747228023959e-15
A75,459726.9885308831,3.609965626261585e-14,1.072162072675608e-15
A75,466390.82688445173,3.5945821756566576e-14,1.069636457867019e-15
A75,473151.25896149175,3.5791821375345937e-14,1.0670962115123326e-15
A75,480009.68490812305,3.563760689825595e-14,1.0646440329487062e-15
A75,486967.5251658748,3.548313013238009e-14,1.0621740791673728e-15
A75,494026.2207658717,3.532834292803051e-14,1.0597933098103697e-15
A75,501187.2336272844,3.5173197195688864e-14,1.057391597757479e-15
A75,508452.0468601062,3.501764492448706e-14,1.0550802672840995e-15
A75,515822.1650723182,3.486163820222785e-14,1.0527448050968423e-15
A75,523299.11468150746,3.4705129237050447e-14,1.0505009979102126e-15
A75,530884.4442310013,3.454807038079004e-14,1.0482298514141526e-15
A75,538579.7247105851,3.43904141539322e-14,1.0460517046720987e-15
A75,546386.5498818677,3.423211327242694e-14,1.0438429961659887e-15
A75,554306.5366083643,3.407312067622198e-14,1.0417286978177953e-15
A75,562341.3251903631,3.391338955963971e-14,1.039580604934679e-15
A75,570492.5797046463,3.375287340358038e-14,1.0375283917723096e-15
A75,578761.9883491352,3.359152600960626e-14,1.0354391464170067e-15
A75,587151.2637925313,3.3429301535964496e-14,1.0334473021356044e-15
A75,595662.1435290255,3.32661545354963e-14,1.031415189501682e-15
A75,604296.390238148,3.3102039995497647e-14,1.0294820427659423e-15
A75,613055.7921498362,3.293691337956495e-14,1.0275054004231644e-15
A75,621942.1634147919,3.2770730671356997e-14,1.0256293229435688e-15
A75,630957.3444802093,3.2603448420353853e-14,1.0237065400032153e-15
A75,640103.2024709472,3.2435023789565666e-14,1.0218859446164699e-15
A75,649381.631576228,3.226541460518888e-14,1.0200154609651208e-15
A75,658794.5534419408,3.2094579408184774e-14,1.0182487997229234e-15
A75,668343.9175686318,3.192247750776528e-14,1.0164291053253406e-15
A75,678031.7017152634,3.174906903675317e-14,1.0147148675928428e-15
A75,687859.9123088254,3.1574315008730504e-14,1.0129445018625353e-15
A75,697830.5848598845,3.139817737698941e-14,1.0112812124257803e-15
A75,707945.7843841563,3.122061909518103e-14,1.0095587636537807e-15
A75,718207.6058301893,3.1041604179605605e-14,1.0079449808414752e-15
A75,728618.1745132467,3.086109777301569e-14,1.0062690856852788e-15
A75,739179.646555479,3.067906620993371e-14,1.0047033995062844e-15
A75,749894.2093324756,3.049547708326341e-14,1.0030727425260407e-15
A75,760764.0819262902,3.0310299312186486e-14,1.0015537728297285e-15
A75,771791.5155850328,3.012350321111617e-14,9.999670860708401e-16
A75,782978.7941891231,2.993506055965503e-14,9.984934807347274e-16
A75,794328.2347243025,2.974494467332513e-14,9.969495433457508e-16
A75,805842.1877615032,2.955313047498872e-14,9.955199764978882e-16
A75,817523.0379436717,2.9359594566711626e-14,9.940176143785992e-16
A75,829373.2044796505,2.9164315301848776e-14,9.926307846622817e-16
A75,841395.1416452174,2.896727285730954e-14,9.911688701249144e-16
A75,853591.3392913886,2.876844930558402e-14,9.89823499013927e-16
A75,865964.3233600885,2.856782868643805e-14,9.88400950456669e-16
A75,878516.6564072954,2.836539707800616e-14,9.870957806336998e-16
A75,891250.9381337696,2.8161142666986063e-14,9.857115622081734e-16
A75,904169.8059234748,2.7955055817717875e-14,9.844453560146762e-16
A75,917275.9353898044,2.774712913991287e-14,9.830984772741815e-16
A75,930572.0409297242,2.7537357554624084e-14,9.818700152451633e-16
A75,944060.876285949,2.7325738358323824e-14,9.805595307656353e-16
A75,957745.2351172672,2.711227128468178e-14,9.793676102593643e-16
A75,971627.9515771327,2.6896958563786983e-14,9.78092619214016e-16
A75,985711.9009006431,2.667980497849275e-14,9.769360531547553e-16
A75,1000000.0000000274,2.6460817917583842e-14,9.756956988315243e-16
